{
    "user_info": {
        "isLoggedIn": false,
        "hasHousingConnectorPermission": false,
        "savedHomesCount": 0,
        "personalizedSearchTraceID": "7fb8dad0f749fdf00ecbac427c355d0b",
        "guid": "8d7b6ce9-0adf-4f2c-ae0b-0c877ef1cdf8",
        "zuid": "",
        "isBot": false,
        "email": "",
        "displayName": ""
    },
    "map_state": {
        "customRegionPolygonWkt": null,
        "schoolPolygonWkt": null,
        "isCurrentLocationSearch": false,
        "userPosition": {
            "lat": null,
            "lon": null
        }
    },
    "region_state": {
        "regionInfo": [
            {
                "regionId": 72426,
                "regionType": 7,
                "regionName": "33122",
                "displayName": "Miami FL 33122",
                "isPointRegion": false
            }
        ],
        "regionBounds": {
            "north": 25.809362,
            "south": 25.783562,
            "east": -80.264739,
            "west": -80.337263
        }
    },
    "search_page_seo": {
        "baseUrl": "/miami-fl-33122/",
        "windowTitle": "33122 Real Estate - 33122 Homes For Sale | Zillow",
        "metaDescription": "Zillow has 0 homes for sale in 33122. View listing photos, review sales history, and use our detailed real estate filters to find the perfect place."
    },
    "request_id": 4
}