{
    "user_info": {
        "isLoggedIn": false,
        "hasHousingConnectorPermission": false,
        "savedHomesCount": 0,
        "personalizedSearchTraceID": "ebff983a02e72a8747f5989fca562e71",
        "guid": "5acc2ed1-0af4-48e5-a58a-b4e798be8219",
        "zuid": "",
        "isBot": false,
        "email": "",
        "displayName": ""
    },
    "map_state": {
        "customRegionPolygonWkt": null,
        "schoolPolygonWkt": null,
        "isCurrentLocationSearch": false,
        "userPosition": {
            "lat": null,
            "lon": null
        }
    },
    "region_state": {
        "regionInfo": [
            {
                "regionId": 72552,
                "regionType": 7,
                "regionName": "33334",
                "displayName": "Fort Lauderdale FL 33334",
                "isPointRegion": false
            }
        ],
        "regionBounds": {
            "north": 26.209003,
            "south": 26.159197,
            "east": -80.119809,
            "west": -80.148253
        }
    },
    "search_page_seo": {
        "baseUrl": "/fort-lauderdale-fl-33334/",
        "windowTitle": "33334 Real Estate - 33334 Homes For Sale | Zillow",
        "metaDescription": "Zillow has 18 homes for sale in 33334. View listing photos, review sales history, and use our detailed real estate filters to find the perfect place."
    },
    "request_id": 4
}