{
    "user_info": {
        "isLoggedIn": false,
        "hasHousingConnectorPermission": false,
        "savedHomesCount": 0,
        "personalizedSearchTraceID": "b34d4c585e3042fdb65296c5e093f832",
        "guid": "56032831-15da-4af6-85f7-c3851498b6a5",
        "zuid": "",
        "isBot": false,
        "email": "",
        "displayName": ""
    },
    "map_state": {
        "customRegionPolygonWkt": null,
        "schoolPolygonWkt": null,
        "isCurrentLocationSearch": false,
        "userPosition": {
            "lat": null,
            "lon": null
        }
    },
    "region_state": {
        "regionInfo": [
            {
                "regionId": 72479,
                "regionType": 7,
                "regionName": "33177",
                "displayName": "Miami FL 33177",
                "isPointRegion": false
            }
        ],
        "regionBounds": {
            "north": 25.631644,
            "south": 25.565869,
            "east": -80.376231,
            "west": -80.430709
        }
    },
    "search_page_seo": {
        "baseUrl": "/miami-fl-33177/",
        "windowTitle": "33177 Real Estate - 33177 Homes For Sale | Zillow",
        "metaDescription": "Zillow has 21 homes for sale in 33177. View listing photos, review sales history, and use our detailed real estate filters to find the perfect place."
    },
    "request_id": 4
}