[
    {
        "zpid": "42996954",
        "id": "42996954",
        "rawHomeStatusCd": "ForSale",
        "marketingStatusSimplifiedCd": "For Sale by Agent",
        "imgSrc": "https://photos.zillowstatic.com/fp/be68fe2a7ad8fd5c8709789f542bb766-p_e.jpg",
        "hasImage": true,
        "detailUrl": "https://www.zillow.com/homedetails/7861-NW-41st-Ct-Sunrise-FL-33351/42996954_zpid/",
        "statusType": "FOR_SALE",
        "statusText": "Townhouse for sale",
        "countryCurrency": "$",
        "price": "$345,000",
        "unformattedPrice": 345000,
        "address": "7861 NW 41st Ct, Sunrise, FL 33351",
        "addressStreet": "7861 NW 41st Ct",
        "addressCity": "Sunrise",
        "addressState": "FL",
        "addressZipcode": "33351",
        "isUndisclosedAddress": false,
        "beds": 2,
        "baths": 2.0,
        "latLong": {
            "latitude": 26.176048,
            "longitude": -80.255554
        },
        "isZillowOwned": false,
        "variableData": {
            "type": "PRICE_REDUCTION",
            "text": "$24,000 (Dec 5)"
        },
        "hdpData": {
            "homeInfo": {
                "zpid": 42996954,
                "streetAddress": "7861 NW 41st Ct",
                "zipcode": "33351",
                "city": "Sunrise",
                "state": "FL",
                "latitude": 26.176048,
                "longitude": -80.255554,
                "price": 345000.0,
                "datePriceChanged": 1701763200000,
                "bathrooms": 2.0,
                "bedrooms": 2.0,
                "homeType": "TOWNHOUSE",
                "homeStatus": "FOR_SALE",
                "daysOnZillow": 135,
                "isFeatured": false,
                "shouldHighlight": false,
                "zestimate": 338400,
                "rentZestimate": 2098,
                "listing_sub_type": {
                    "is_FSBA": true
                },
                "priceReduction": "$24,000 (Dec 5)",
                "isUnmappable": false,
                "isPreforeclosureAuction": false,
                "homeStatusForHDP": "FOR_SALE",
                "priceForHDP": 345000.0,
                "priceChange": -24000,
                "timeOnZillow": 11672562000,
                "isNonOwnerOccupied": true,
                "isPremierBuilder": false,
                "isZillowOwned": false,
                "currency": "USD",
                "country": "USA",
                "taxAssessedValue": 190440.0,
                "lotAreaValue": 0.0,
                "lotAreaUnit": "sqft",
                "isShowcaseListing": false
            }
        },
        "isSaved": false,
        "isUserClaimingOwner": false,
        "isUserConfirmedClaim": false,
        "pgapt": "ForSale",
        "sgapt": "For Sale (Broker)",
        "zestimate": 338400,
        "shouldShowZestimateAsPrice": false,
        "has3DModel": false,
        "hasVideo": false,
        "isHomeRec": false,
        "hasAdditionalAttributions": true,
        "isFeaturedListing": false,
        "isShowcaseListing": false,
        "list": true,
        "relaxed": false,
        "info3String": "https://photos.zillowstatic.com/fp/a8b02d5ac61ac8b9a11bda64382b4f89-zillow_web_48_23.jpg",
        "brokerName": "Canvas Real Estate",
        "carouselPhotos": [
            {
                "url": "https://photos.zillowstatic.com/fp/be68fe2a7ad8fd5c8709789f542bb766-p_e.jpg"
            },
            {
                "url": "https://photos.zillowstatic.com/fp/97f01f7245db5dfa602b67fc82ad7d31-p_e.jpg"
            },
            {
                "url": "https://photos.zillowstatic.com/fp/bd47d8e55caace23496f8bdedafe14ff-p_e.jpg"
            },
            {
                "url": "https://photos.zillowstatic.com/fp/fb3ad468208d152d58a85fdc20499c9a-p_e.jpg"
            },
            {
                "url": "https://photos.zillowstatic.com/fp/f3a87771477ff34d164872c5b4905314-p_e.jpg"
            },
            {
                "url": "https://photos.zillowstatic.com/fp/8f45fef7ffd9ad96b06c40602e40cdbf-p_e.jpg"
            },
            {
                "url": "https://photos.zillowstatic.com/fp/0826455279d503a0577e277f53571730-p_e.jpg"
            },
            {
                "url": "https://photos.zillowstatic.com/fp/34dc8c30574a804db90d3bb6e64c5575-p_e.jpg"
            },
            {
                "url": "https://photos.zillowstatic.com/fp/65d0a77905edc18834d77ab7f0376e57-p_e.jpg"
            },
            {
                "url": "https://photos.zillowstatic.com/fp/152acd7c80158f57a69105397a62a309-p_e.jpg"
            },
            {
                "url": "https://photos.zillowstatic.com/fp/8985804025e0ce1ff8df2efc529d6ba5-p_e.jpg"
            },
            {
                "url": "https://photos.zillowstatic.com/fp/74971f74fb1d86c776c8522c0e23abe0-p_e.jpg"
            },
            {
                "url": "https://photos.zillowstatic.com/fp/2e4d387790d42e8c678b0c80131f44d1-p_e.jpg"
            },
            {
                "url": "https://photos.zillowstatic.com/fp/3015ad790739ee6fe8a02941696e3546-p_e.jpg"
            },
            {
                "url": "https://photos.zillowstatic.com/fp/4bd891f1e2f4da7ab773349549ad677c-p_e.jpg"
            },
            {
                "url": "https://photos.zillowstatic.com/fp/ad90b9940096ab3573637e49995ea2e4-p_e.jpg"
            },
            {
                "url": "https://photos.zillowstatic.com/fp/5dbf67359ba40acb00c8bb83079663b3-p_e.jpg"
            },
            {
                "url": "https://photos.zillowstatic.com/fp/5d455aa19fab1772c63b5a51d0c20f61-p_e.jpg"
            },
            {
                "url": "https://photos.zillowstatic.com/fp/8f2545149e070576db6ee3017a432fc4-p_e.jpg"
            },
            {
                "url": "https://photos.zillowstatic.com/fp/537cd6acd865abb162efdbbed7a3be6a-p_e.jpg"
            },
            {
                "url": "https://photos.zillowstatic.com/fp/da0946037a7dfc84d04f778fb477676e-p_e.jpg"
            }
        ],
        "rooms": []
    },
    {
        "zpid": "42997591",
        "id": "42997591",
        "rawHomeStatusCd": "ForSale",
        "marketingStatusSimplifiedCd": "For Sale by Agent",
        "imgSrc": "https://photos.zillowstatic.com/fp/26e445379ad6f1f41286c1a55f75761b-p_e.jpg",
        "hasImage": true,
        "detailUrl": "https://www.zillow.com/homedetails/3100-N-Pine-Island-Rd-101-Fort-Lauderdale-FL-33351/42997591_zpid/",
        "statusType": "FOR_SALE",
        "statusText": "Condo for sale",
        "countryCurrency": "$",
        "price": "$220,000",
        "unformattedPrice": 220000,
        "address": "3100 N Pine Island Rd #101, Fort Lauderdale, FL 33351",
        "addressStreet": "3100 N Pine Island Rd #101",
        "addressCity": "Fort Lauderdale",
        "addressState": "FL",
        "addressZipcode": "33351",
        "isUndisclosedAddress": false,
        "beds": 1,
        "baths": 2.0,
        "area": 835,
        "latLong": {
            "latitude": 26.165276,
            "longitude": -80.26644
        },
        "isZillowOwned": false,
        "variableData": {
            "type": "PRICE_REDUCTION",
            "text": "$9,000 (Jan 14)"
        },
        "hdpData": {
            "homeInfo": {
                "zpid": 42997591,
                "streetAddress": "3100 N Pine Island Rd #101",
                "zipcode": "33351",
                "city": "Fort Lauderdale",
                "state": "FL",
                "latitude": 26.165276,
                "longitude": -80.26644,
                "price": 220000.0,
                "datePriceChanged": 1705219200000,
                "bathrooms": 2.0,
                "bedrooms": 1.0,
                "livingArea": 835.0,
                "homeType": "CONDO",
                "homeStatus": "FOR_SALE",
                "daysOnZillow": 181,
                "isFeatured": false,
                "shouldHighlight": false,
                "zestimate": 209400,
                "rentZestimate": 1900,
                "listing_sub_type": {
                    "is_FSBA": true
                },
                "priceReduction": "$9,000 (Jan 14)",
                "isUnmappable": false,
                "isPreforeclosureAuction": false,
                "homeStatusForHDP": "FOR_SALE",
                "priceForHDP": 220000.0,
                "priceChange": -9000,
                "timeOnZillow": 15646962000,
                "isNonOwnerOccupied": true,
                "isPremierBuilder": false,
                "isZillowOwned": false,
                "currency": "USD",
                "country": "USA",
                "taxAssessedValue": 89430.0,
                "unit": "# 101",
                "lotAreaValue": 0.0,
                "lotAreaUnit": "sqft",
                "isShowcaseListing": false
            }
        },
        "isSaved": false,
        "isUserClaimingOwner": false,
        "isUserConfirmedClaim": false,
        "pgapt": "ForSale",
        "sgapt": "For Sale (Broker)",
        "zestimate": 209400,
        "shouldShowZestimateAsPrice": false,
        "has3DModel": false,
        "hasVideo": false,
        "isHomeRec": false,
        "hasAdditionalAttributions": true,
        "isFeaturedListing": false,
        "isShowcaseListing": false,
        "list": true,
        "relaxed": false,
        "info3String": "https://photos.zillowstatic.com/fp/a8b02d5ac61ac8b9a11bda64382b4f89-zillow_web_48_23.jpg",
        "brokerName": "Wharton Realty Group, LLC",
        "carouselPhotos": [
            {
                "url": "https://photos.zillowstatic.com/fp/26e445379ad6f1f41286c1a55f75761b-p_e.jpg"
            },
            {
                "url": "https://photos.zillowstatic.com/fp/6f349e729d31993c3fa88fc7436ed8b0-p_e.jpg"
            },
            {
                "url": "https://photos.zillowstatic.com/fp/6d71d788150f9c36105ae640fb78d07b-p_e.jpg"
            },
            {
                "url": "https://photos.zillowstatic.com/fp/5b55282962d59041e43c2178d3f725fa-p_e.jpg"
            },
            {
                "url": "https://photos.zillowstatic.com/fp/5b5f2a58e5b4716739ddd5b8707cff41-p_e.jpg"
            },
            {
                "url": "https://photos.zillowstatic.com/fp/8d82929a3f3eeed853d133195febe24e-p_e.jpg"
            },
            {
                "url": "https://photos.zillowstatic.com/fp/7c5474331d9314dad349a47fab115fe3-p_e.jpg"
            },
            {
                "url": "https://photos.zillowstatic.com/fp/024f5cfb5bc1238008006fdddbf0f1d0-p_e.jpg"
            },
            {
                "url": "https://photos.zillowstatic.com/fp/42fabcf116fb1a8e33e1f6dad5354f5f-p_e.jpg"
            },
            {
                "url": "https://photos.zillowstatic.com/fp/5ede2d85a2f5adb51e7617b43ee443e1-p_e.jpg"
            },
            {
                "url": "https://photos.zillowstatic.com/fp/c922d3835ce4818492bcdc49b3e28788-p_e.jpg"
            },
            {
                "url": "https://photos.zillowstatic.com/fp/19a1f4d55acc8a8b75b18a4bcd6a5fe6-p_e.jpg"
            },
            {
                "url": "https://photos.zillowstatic.com/fp/c75fc71308b5c7b0b44f70b600923366-p_e.jpg"
            },
            {
                "url": "https://photos.zillowstatic.com/fp/e4a441c012cba670d395de1331f9decd-p_e.jpg"
            },
            {
                "url": "https://photos.zillowstatic.com/fp/0bae154f9777619947504314d2fe0c9e-p_e.jpg"
            },
            {
                "url": "https://photos.zillowstatic.com/fp/1dee0a98282b398bb7578ad71713d944-p_e.jpg"
            }
        ],
        "rooms": []
    },
    {
        "zpid": "42996109",
        "id": "42996109",
        "rawHomeStatusCd": "ForSale",
        "marketingStatusSimplifiedCd": "For Sale by Agent",
        "imgSrc": "https://photos.zillowstatic.com/fp/9332f94083a5a72b4660ab7b9b3ae9fb-p_e.jpg",
        "hasImage": true,
        "detailUrl": "https://www.zillow.com/homedetails/3905-N-Nob-Hill-Rd-APT-302-Fort-Lauderdale-FL-33351/42996109_zpid/",
        "statusType": "FOR_SALE",
        "statusText": "Condo for sale",
        "countryCurrency": "$",
        "price": "$205,000",
        "unformattedPrice": 205000,
        "address": "3905 N Nob Hill Rd APT 302, Fort Lauderdale, FL 33351",
        "addressStreet": "3905 N Nob Hill Rd APT 302",
        "addressCity": "Fort Lauderdale",
        "addressState": "FL",
        "addressZipcode": "33351",
        "isUndisclosedAddress": false,
        "beds": 2,
        "baths": 2.0,
        "area": 1130,
        "latLong": {
            "latitude": 26.173258,
            "longitude": -80.283875
        },
        "isZillowOwned": false,
        "variableData": {
            "type": "DAYS_ON",
            "text": "205 days on Zillow"
        },
        "hdpData": {
            "homeInfo": {
                "zpid": 42996109,
                "streetAddress": "3905 N Nob Hill Rd APT 302",
                "zipcode": "33351",
                "city": "Fort Lauderdale",
                "state": "FL",
                "latitude": 26.173258,
                "longitude": -80.283875,
                "price": 205000.0,
                "bathrooms": 2.0,
                "bedrooms": 2.0,
                "livingArea": 1130.0,
                "homeType": "CONDO",
                "homeStatus": "FOR_SALE",
                "daysOnZillow": 205,
                "isFeatured": false,
                "shouldHighlight": false,
                "listing_sub_type": {
                    "is_FSBA": true
                },
                "isUnmappable": false,
                "isPreforeclosureAuction": false,
                "homeStatusForHDP": "FOR_SALE",
                "priceForHDP": 205000.0,
                "timeOnZillow": 17753617000,
                "isNonOwnerOccupied": true,
                "isPremierBuilder": false,
                "isZillowOwned": false,
                "currency": "USD",
                "country": "USA",
                "taxAssessedValue": 137130.0,
                "unit": "Apt 302",
                "isShowcaseListing": false
            }
        },
        "isSaved": false,
        "isUserClaimingOwner": false,
        "isUserConfirmedClaim": false,
        "pgapt": "ForSale",
        "sgapt": "For Sale (Broker)",
        "shouldShowZestimateAsPrice": false,
        "has3DModel": false,
        "hasVideo": false,
        "isHomeRec": false,
        "hasAdditionalAttributions": true,
        "isFeaturedListing": false,
        "isShowcaseListing": false,
        "list": true,
        "relaxed": false,
        "info3String": "https://photos.zillowstatic.com/fp/11470fbfca6bd246a8708da0ff0e5603-zillow_web_48_23.jpg",
        "brokerName": "Compass Florida, LLC",
        "carouselPhotos": [
            {
                "url": "https://photos.zillowstatic.com/fp/9332f94083a5a72b4660ab7b9b3ae9fb-p_e.jpg"
            }
        ],
        "rooms": [
            {
                "roomArea": null,
                "roomAreaUnits": null
            }
        ]
    }
]