{
    "user_info": {
        "isLoggedIn": false,
        "hasHousingConnectorPermission": false,
        "savedHomesCount": 0,
        "personalizedSearchTraceID": "0adef92124cd3d4e731eec408cb68073",
        "guid": "b99d9d48-5c88-4e3f-9224-64b57a1331d4",
        "zuid": "",
        "isBot": false,
        "email": "",
        "displayName": ""
    },
    "map_state": {
        "customRegionPolygonWkt": null,
        "schoolPolygonWkt": null,
        "isCurrentLocationSearch": false,
        "userPosition": {
            "lat": null,
            "lon": null
        }
    },
    "region_state": {
        "regionInfo": [
            {
                "regionId": 72563,
                "regionType": 7,
                "regionName": "33351",
                "displayName": "Sunrise FL 33351",
                "isPointRegion": false
            }
        ],
        "regionBounds": {
            "north": 26.197544,
            "south": 26.164059,
            "east": -80.244712,
            "west": -80.299929
        }
    },
    "search_page_seo": {
        "baseUrl": "/sunrise-fl-33351/",
        "windowTitle": "33351 Real Estate - 33351 Homes For Sale | Zillow",
        "metaDescription": "Zillow has 44 homes for sale in 33351. View listing photos, review sales history, and use our detailed real estate filters to find the perfect place."
    },
    "request_id": 4
}