{
    "user_info": {
        "isLoggedIn": false,
        "hasHousingConnectorPermission": false,
        "savedHomesCount": 0,
        "personalizedSearchTraceID": "d5629e6173164824cb5c9c7fcf0593e5",
        "guid": "67999f73-10f9-4e38-beaf-b960d4f57f41",
        "zuid": "",
        "isBot": false,
        "email": "",
        "displayName": ""
    },
    "map_state": {
        "customRegionPolygonWkt": null,
        "schoolPolygonWkt": null,
        "isCurrentLocationSearch": false,
        "userPosition": {
            "lat": null,
            "lon": null
        }
    },
    "region_state": {
        "regionInfo": [
            {
                "regionId": 422743,
                "regionType": 7,
                "regionName": "33106",
                "displayName": "Miami FL 33106",
                "isPointRegion": true
            }
        ],
        "regionBounds": {
            "north": 25.812215000000002,
            "south": 25.775985,
            "east": -80.29488500000001,
            "west": -80.331115
        }
    },
    "search_page_seo": {
        "baseUrl": "/miami-fl-33106/",
        "windowTitle": "33106 Real Estate - 33106 Homes For Sale | Zillow",
        "metaDescription": "Zillow has 114 homes for sale in 33106. View listing photos, review sales history, and use our detailed real estate filters to find the perfect place."
    },
    "request_id": 4
}