{
    "user_info": {
        "isLoggedIn": false,
        "hasHousingConnectorPermission": false,
        "savedHomesCount": 0,
        "personalizedSearchTraceID": "3b597e4f29e9b542897cde98e3fcd4c7",
        "guid": "cf002780-fded-4b39-8ec2-df8c3101aec5",
        "zuid": "",
        "isBot": false,
        "email": "",
        "displayName": ""
    },
    "map_state": {
        "customRegionPolygonWkt": null,
        "schoolPolygonWkt": null,
        "isCurrentLocationSearch": false,
        "userPosition": {
            "lat": null,
            "lon": null
        }
    },
    "region_state": {
        "regionInfo": [
            {
                "regionId": 399571,
                "regionType": 7,
                "regionName": "33222",
                "displayName": "Miami FL 33222",
                "isPointRegion": true
            }
        ],
        "regionBounds": {
            "north": 25.812815,
            "south": 25.776584999999997,
            "east": -80.29488500000001,
            "west": -80.331115
        }
    },
    "search_page_seo": {
        "baseUrl": "/miami-fl-33222/",
        "windowTitle": "33222 Real Estate - 33222 Homes For Sale | Zillow",
        "metaDescription": "Zillow has 114 homes for sale in 33222. View listing photos, review sales history, and use our detailed real estate filters to find the perfect place."
    },
    "request_id": 4
}