[
    {
        "zpid": "44031882",
        "id": "44031882",
        "rawHomeStatusCd": "ForSale",
        "marketingStatusSimplifiedCd": "For Sale by Agent",
        "imgSrc": "https://photos.zillowstatic.com/fp/b4b1bdf468567834d8cda1db726f162b-p_e.jpg",
        "hasImage": true,
        "detailUrl": "https://www.zillow.com/homedetails/181-Crandon-Blvd-APT-305-Key-Biscayne-FL-33149/44031882_zpid/",
        "statusType": "FOR_SALE",
        "statusText": "Condo for sale",
        "countryCurrency": "$",
        "price": "$1,100,000",
        "unformattedPrice": 1100000,
        "address": "181 Crandon Blvd APT 305, Key Biscayne, FL 33149",
        "addressStreet": "181 Crandon Blvd APT 305",
        "addressCity": "Key Biscayne",
        "addressState": "FL",
        "addressZipcode": "33149",
        "isUndisclosedAddress": false,
        "beds": 2,
        "baths": 2.0,
        "area": 1600,
        "latLong": {
            "latitude": 25.697536,
            "longitude": -80.15969
        },
        "isZillowOwned": false,
        "variableData": {
            "type": "DAYS_ON",
            "text": "5 days on Zillow"
        },
        "hdpData": {
            "homeInfo": {
                "zpid": 44031882,
                "streetAddress": "181 Crandon Blvd APT 305",
                "zipcode": "33149",
                "city": "Key Biscayne",
                "state": "FL",
                "latitude": 25.697536,
                "longitude": -80.15969,
                "price": 1100000.0,
                "bathrooms": 2.0,
                "bedrooms": 2.0,
                "livingArea": 1600.0,
                "homeType": "CONDO",
                "homeStatus": "FOR_SALE",
                "daysOnZillow": 5,
                "isFeatured": false,
                "shouldHighlight": false,
                "zestimate": 1076500,
                "rentZestimate": 7781,
                "listing_sub_type": {
                    "is_FSBA": true
                },
                "isUnmappable": false,
                "isPreforeclosureAuction": false,
                "homeStatusForHDP": "FOR_SALE",
                "priceForHDP": 1100000.0,
                "timeOnZillow": 438782000,
                "isNonOwnerOccupied": true,
                "isPremierBuilder": false,
                "isZillowOwned": false,
                "currency": "USD",
                "country": "USA",
                "taxAssessedValue": 714000.0,
                "unit": "Apt 305",
                "lotAreaValue": 0.0,
                "lotAreaUnit": "sqft",
                "isShowcaseListing": false
            }
        },
        "isSaved": false,
        "isUserClaimingOwner": false,
        "isUserConfirmedClaim": false,
        "pgapt": "ForSale",
        "sgapt": "For Sale (Broker)",
        "zestimate": 1076500,
        "shouldShowZestimateAsPrice": false,
        "has3DModel": false,
        "hasVideo": false,
        "isHomeRec": false,
        "hasAdditionalAttributions": true,
        "isFeaturedListing": false,
        "isShowcaseListing": false,
        "list": true,
        "relaxed": false,
        "info3String": "https://photos.zillowstatic.com/fp/a8b02d5ac61ac8b9a11bda64382b4f89-zillow_web_48_23.jpg",
        "brokerName": "The World Realty, Inc",
        "carouselPhotos": [
            {
                "url": "https://photos.zillowstatic.com/fp/b4b1bdf468567834d8cda1db726f162b-p_e.jpg"
            },
            {
                "url": "https://photos.zillowstatic.com/fp/591c9bc974e668ba06f9acd496ab919a-p_e.jpg"
            },
            {
                "url": "https://photos.zillowstatic.com/fp/2a915db823dd0155b5455c479e4eba53-p_e.jpg"
            },
            {
                "url": "https://photos.zillowstatic.com/fp/62916253fc612614ebb865ccb5fd4464-p_e.jpg"
            },
            {
                "url": "https://photos.zillowstatic.com/fp/0333b7c8275ca888b7a0926cfe297427-p_e.jpg"
            },
            {
                "url": "https://photos.zillowstatic.com/fp/4aee07c910a7c3480aec003283482e73-p_e.jpg"
            },
            {
                "url": "https://photos.zillowstatic.com/fp/6bac27b29782f21e76ba26a21fb2ce9d-p_e.jpg"
            },
            {
                "url": "https://photos.zillowstatic.com/fp/a571d94af853b6bffefb7d371107974e-p_e.jpg"
            },
            {
                "url": "https://photos.zillowstatic.com/fp/317d29b612334bc55aabed1375d66b39-p_e.jpg"
            },
            {
                "url": "https://photos.zillowstatic.com/fp/c00b797eeaa3e6660a239becca1a5d1a-p_e.jpg"
            },
            {
                "url": "https://photos.zillowstatic.com/fp/ab329580ea5068a3af8e173e1115df15-p_e.jpg"
            },
            {
                "url": "https://photos.zillowstatic.com/fp/dfe44a4b2f4a4b836891e0a803736e3a-p_e.jpg"
            },
            {
                "url": "https://photos.zillowstatic.com/fp/a7fc272b2d57ece5f035760ef85b1d6c-p_e.jpg"
            },
            {
                "url": "https://photos.zillowstatic.com/fp/9c732a04265f1824778b214330a85f8f-p_e.jpg"
            },
            {
                "url": "https://photos.zillowstatic.com/fp/802e382b78c9822cad44c3d06d895768-p_e.jpg"
            },
            {
                "url": "https://photos.zillowstatic.com/fp/08fd5e0bd1c31dc38726998d3aa54f29-p_e.jpg"
            },
            {
                "url": "https://photos.zillowstatic.com/fp/45a1c3542b54b1fd41076cf286b1c67c-p_e.jpg"
            },
            {
                "url": "https://photos.zillowstatic.com/fp/203afeaeee8dda05cdd7b7f6196d4b98-p_e.jpg"
            },
            {
                "url": "https://photos.zillowstatic.com/fp/3e587f9ff328f35b0591f7fb1d51775a-p_e.jpg"
            },
            {
                "url": "https://photos.zillowstatic.com/fp/3c019b6a6b6d13d0af4ce7dc23eb981b-p_e.jpg"
            },
            {
                "url": "https://photos.zillowstatic.com/fp/fa0ce8447d76982fb5e2798d73792225-p_e.jpg"
            },
            {
                "url": "https://photos.zillowstatic.com/fp/fe08baf3f9aba65ad159b6e6702fe57b-p_e.jpg"
            },
            {
                "url": "https://photos.zillowstatic.com/fp/36bdce14ae718a2b7cdb9acd4fc46bb3-p_e.jpg"
            },
            {
                "url": "https://photos.zillowstatic.com/fp/d777e25b15e7daf792107f7f20452904-p_e.jpg"
            },
            {
                "url": "https://photos.zillowstatic.com/fp/d7746169e6142a8bb367cfb2754e007e-p_e.jpg"
            },
            {
                "url": "https://photos.zillowstatic.com/fp/10fb6b0a0f1e9aa0c2024cb17febe92b-p_e.jpg"
            },
            {
                "url": "https://photos.zillowstatic.com/fp/38b9db4d2f1a9c7f19f05482bfd6e621-p_e.jpg"
            },
            {
                "url": "https://photos.zillowstatic.com/fp/488f654ddb65398724df9248ff04c323-p_e.jpg"
            },
            {
                "url": "https://photos.zillowstatic.com/fp/15d980cc685d9ac17ef077a38a60ef8b-p_e.jpg"
            },
            {
                "url": "https://photos.zillowstatic.com/fp/a4f394fc264ed7e52d715bc0cec69b07-p_e.jpg"
            },
            {
                "url": "https://photos.zillowstatic.com/fp/57ee6658d4ad1686a7b5842f10d1cf72-p_e.jpg"
            },
            {
                "url": "https://photos.zillowstatic.com/fp/0b0f5731155401ecd9b538045c8c25e2-p_e.jpg"
            },
            {
                "url": "https://photos.zillowstatic.com/fp/1d8d98cc9404a38dcbdd022b5df63494-p_e.jpg"
            },
            {
                "url": "https://photos.zillowstatic.com/fp/e842dede9f7c5bf3f64b65b3b6482ed0-p_e.jpg"
            },
            {
                "url": "https://photos.zillowstatic.com/fp/e7f7f8b7e10ff8fb0d1351733d55c183-p_e.jpg"
            },
            {
                "url": "https://photos.zillowstatic.com/fp/a50e153f5adbe17b5a0cb53479627416-p_e.jpg"
            },
            {
                "url": "https://photos.zillowstatic.com/fp/dfe52a088946a678e1a6650d7a485eb8-p_e.jpg"
            },
            {
                "url": "https://photos.zillowstatic.com/fp/1455daee4a45bf49f4e454c1543e2883-p_e.jpg"
            },
            {
                "url": "https://photos.zillowstatic.com/fp/7e4663aceeada41d7e525b7708b968b8-p_e.jpg"
            },
            {
                "url": "https://photos.zillowstatic.com/fp/7019464a3da4debd4907247878789943-p_e.jpg"
            },
            {
                "url": "https://photos.zillowstatic.com/fp/1cd0af1909d75b5ddc0e76301733582e-p_e.jpg"
            },
            {
                "url": "https://photos.zillowstatic.com/fp/b60b44c06202993fe113ed73e96e023c-p_e.jpg"
            }
        ],
        "rooms": []
    },
    {
        "zpid": "44030460",
        "id": "44030460",
        "rawHomeStatusCd": "ForSale",
        "marketingStatusSimplifiedCd": "For Sale by Agent",
        "imgSrc": "https://photos.zillowstatic.com/fp/8c2a1ee8c5258cbbd135033817fb5285-p_e.jpg",
        "hasImage": true,
        "detailUrl": "https://www.zillow.com/homedetails/155-Ocean-Lane-Dr-APT-902-Key-Biscayne-FL-33149/44030460_zpid/",
        "statusType": "FOR_SALE",
        "statusText": "Condo for sale",
        "countryCurrency": "$",
        "price": "$799,000",
        "unformattedPrice": 799000,
        "address": "155 Ocean Lane Dr APT 902, Key Biscayne, FL 33149",
        "addressStreet": "155 Ocean Lane Dr APT 902",
        "addressCity": "Key Biscayne",
        "addressState": "FL",
        "addressZipcode": "33149",
        "isUndisclosedAddress": false,
        "beds": 1,
        "baths": 2.0,
        "area": 895,
        "latLong": {
            "latitude": 25.7001,
            "longitude": -80.158646
        },
        "isZillowOwned": false,
        "variableData": {
            "type": "DAYS_ON",
            "text": "21 days on Zillow"
        },
        "hdpData": {
            "homeInfo": {
                "zpid": 44030460,
                "streetAddress": "155 Ocean Lane Dr APT 902",
                "zipcode": "33149",
                "city": "Key Biscayne",
                "state": "FL",
                "latitude": 25.7001,
                "longitude": -80.158646,
                "price": 799000.0,
                "bathrooms": 2.0,
                "bedrooms": 1.0,
                "livingArea": 895.0,
                "homeType": "CONDO",
                "homeStatus": "FOR_SALE",
                "daysOnZillow": 21,
                "isFeatured": false,
                "shouldHighlight": false,
                "listing_sub_type": {
                    "is_FSBA": true
                },
                "isUnmappable": false,
                "isPreforeclosureAuction": false,
                "homeStatusForHDP": "FOR_SALE",
                "priceForHDP": 799000.0,
                "timeOnZillow": 1821182000,
                "isNonOwnerOccupied": true,
                "isPremierBuilder": false,
                "isZillowOwned": false,
                "currency": "USD",
                "country": "USA",
                "taxAssessedValue": 441664.0,
                "unit": "Apt 902",
                "lotAreaValue": 0.0,
                "lotAreaUnit": "sqft",
                "isShowcaseListing": false
            }
        },
        "isSaved": false,
        "isUserClaimingOwner": false,
        "isUserConfirmedClaim": false,
        "pgapt": "ForSale",
        "sgapt": "For Sale (Broker)",
        "shouldShowZestimateAsPrice": false,
        "has3DModel": false,
        "hasVideo": false,
        "isHomeRec": false,
        "hasAdditionalAttributions": true,
        "isFeaturedListing": false,
        "isShowcaseListing": false,
        "list": true,
        "relaxed": false,
        "info3String": "https://photos.zillowstatic.com/fp/a8b02d5ac61ac8b9a11bda64382b4f89-zillow_web_48_23.jpg",
        "brokerName": "Coldwell Banker Realty",
        "carouselPhotos": [
            {
                "url": "https://photos.zillowstatic.com/fp/8c2a1ee8c5258cbbd135033817fb5285-p_e.jpg"
            },
            {
                "url": "https://photos.zillowstatic.com/fp/bbc1143c3c171bd8f31333fc28b98261-p_e.jpg"
            },
            {
                "url": "https://photos.zillowstatic.com/fp/ef86663f74797469770ba2ada8d77545-p_e.jpg"
            },
            {
                "url": "https://photos.zillowstatic.com/fp/526eb6e429a7b2cdaf3a0d5d8608e617-p_e.jpg"
            },
            {
                "url": "https://photos.zillowstatic.com/fp/6c7ff2fb67cb8de1dd8b3f1da1bd9201-p_e.jpg"
            },
            {
                "url": "https://photos.zillowstatic.com/fp/3e9a2dd367b9209635fd503689753561-p_e.jpg"
            },
            {
                "url": "https://photos.zillowstatic.com/fp/2064433d674d9d51449ae8cbcb8fbc3f-p_e.jpg"
            },
            {
                "url": "https://photos.zillowstatic.com/fp/4aba953d329b2a4898001b041bbe2158-p_e.jpg"
            },
            {
                "url": "https://photos.zillowstatic.com/fp/de03d1d4b2264b268abee942535af596-p_e.jpg"
            },
            {
                "url": "https://photos.zillowstatic.com/fp/52bdee3bdf3e1cbbeefced1fad92ac3c-p_e.jpg"
            },
            {
                "url": "https://photos.zillowstatic.com/fp/0d7df5552c6b84bd3a187c42654bf927-p_e.jpg"
            },
            {
                "url": "https://photos.zillowstatic.com/fp/cc6719ea2184a9833e2d4bbc227b17b9-p_e.jpg"
            },
            {
                "url": "https://photos.zillowstatic.com/fp/103ceeab51ee05349a74580898ae9bbd-p_e.jpg"
            },
            {
                "url": "https://photos.zillowstatic.com/fp/1e179007da2945ab66e56055769b7ade-p_e.jpg"
            },
            {
                "url": "https://photos.zillowstatic.com/fp/c6f67ee1430f2399edf60187f9763f9b-p_e.jpg"
            },
            {
                "url": "https://photos.zillowstatic.com/fp/948cffc1d92f268c9ae8314ba9c96302-p_e.jpg"
            },
            {
                "url": "https://photos.zillowstatic.com/fp/c30fcc028619073fc624d0bde3f177db-p_e.jpg"
            },
            {
                "url": "https://photos.zillowstatic.com/fp/aafaa10ac53e8cf34b1e2a5e5c6678d5-p_e.jpg"
            },
            {
                "url": "https://photos.zillowstatic.com/fp/3861a97c19d4988326f9c48121699f7e-p_e.jpg"
            },
            {
                "url": "https://photos.zillowstatic.com/fp/6d648eb530635ed03b92d2f76f68bd88-p_e.jpg"
            },
            {
                "url": "https://photos.zillowstatic.com/fp/5af0fa7c5bab5f7c472a62475b825b6a-p_e.jpg"
            },
            {
                "url": "https://photos.zillowstatic.com/fp/7f460a9d2f732677e597f3c6231355ae-p_e.jpg"
            },
            {
                "url": "https://photos.zillowstatic.com/fp/41af745c9dffd9c91de64a6896ab6cb3-p_e.jpg"
            },
            {
                "url": "https://photos.zillowstatic.com/fp/82fcc9f4239b32480ae878faecbf5578-p_e.jpg"
            },
            {
                "url": "https://photos.zillowstatic.com/fp/2d2cca21338850850dae706082de0096-p_e.jpg"
            },
            {
                "url": "https://photos.zillowstatic.com/fp/38431c1cd3b2cc35105ff2a5f5d55457-p_e.jpg"
            },
            {
                "url": "https://photos.zillowstatic.com/fp/9259ab98a73b7db9d16e60d43d68f116-p_e.jpg"
            },
            {
                "url": "https://photos.zillowstatic.com/fp/b5fab653e7f2d62ad1a4966c14df2054-p_e.jpg"
            },
            {
                "url": "https://photos.zillowstatic.com/fp/f5a72bc8caf786c7922df81761e8078a-p_e.jpg"
            },
            {
                "url": "https://photos.zillowstatic.com/fp/fe58054211f2db2157a8caf2b0eeaa3a-p_e.jpg"
            },
            {
                "url": "https://photos.zillowstatic.com/fp/36158d043fcdee55ed7e474c0444261b-p_e.jpg"
            },
            {
                "url": "https://photos.zillowstatic.com/fp/55b6700bc4c954fb561bb0a00bc973da-p_e.jpg"
            },
            {
                "url": "https://photos.zillowstatic.com/fp/0feda9d5b6965fb0f95ff959b2d0702e-p_e.jpg"
            },
            {
                "url": "https://photos.zillowstatic.com/fp/79d7ba1caca89206184057511e98575c-p_e.jpg"
            },
            {
                "url": "https://photos.zillowstatic.com/fp/26456fd48d22ef431a39766a8f05b296-p_e.jpg"
            },
            {
                "url": "https://photos.zillowstatic.com/fp/25518bff11a442de30bf26ee97803548-p_e.jpg"
            },
            {
                "url": "https://photos.zillowstatic.com/fp/bfb615afaebc40d70c73ae4b0c2887be-p_e.jpg"
            },
            {
                "url": "https://photos.zillowstatic.com/fp/7b502d4c0d2a17edbe87450cd91b8f08-p_e.jpg"
            },
            {
                "url": "https://photos.zillowstatic.com/fp/28d74241a051e13f377d0862e6e95544-p_e.jpg"
            },
            {
                "url": "https://photos.zillowstatic.com/fp/cecde27c7f713326dec822377397e3fc-p_e.jpg"
            },
            {
                "url": "https://photos.zillowstatic.com/fp/3ca4063f8cbdc5b64d548e7744f1bf01-p_e.jpg"
            },
            {
                "url": "https://photos.zillowstatic.com/fp/272b5c41a6f431c1af7852c80249559d-p_e.jpg"
            },
            {
                "url": "https://photos.zillowstatic.com/fp/be0b8d553bbab5325efcb9f31c145ff1-p_e.jpg"
            },
            {
                "url": "https://photos.zillowstatic.com/fp/e495900468b8ce20829940d1ad6f89f7-p_e.jpg"
            },
            {
                "url": "https://photos.zillowstatic.com/fp/41979ab0211e03e3f1df86c205a6a456-p_e.jpg"
            }
        ],
        "rooms": []
    },
    {
        "zpid": "66173397",
        "id": "66173397",
        "rawHomeStatusCd": "ForSale",
        "marketingStatusSimplifiedCd": "For Sale by Agent",
        "imgSrc": "https://photos.zillowstatic.com/fp/513050a03e298a3a06b4abcb3488a803-p_e.jpg",
        "hasImage": true,
        "detailUrl": "https://www.zillow.com/homedetails/270-Ridgewood-Rd-Key-Biscayne-FL-33149/66173397_zpid/",
        "statusType": "FOR_SALE",
        "statusText": "House for sale",
        "countryCurrency": "$",
        "price": "$4,200,000",
        "unformattedPrice": 4200000,
        "address": "270 Ridgewood Rd, Key Biscayne, FL 33149",
        "addressStreet": "270 Ridgewood Rd",
        "addressCity": "Key Biscayne",
        "addressState": "FL",
        "addressZipcode": "33149",
        "isUndisclosedAddress": false,
        "beds": 5,
        "baths": 6.0,
        "area": 3887,
        "latLong": {
            "latitude": 25.696344,
            "longitude": -80.16704
        },
        "isZillowOwned": false,
        "variableData": {
            "type": "DAYS_ON",
            "text": "26 days on Zillow"
        },
        "hdpData": {
            "homeInfo": {
                "zpid": 66173397,
                "streetAddress": "270 Ridgewood Rd",
                "zipcode": "33149",
                "city": "Key Biscayne",
                "state": "FL",
                "latitude": 25.696344,
                "longitude": -80.16704,
                "price": 4200000.0,
                "bathrooms": 6.0,
                "bedrooms": 5.0,
                "livingArea": 3887.0,
                "homeType": "SINGLE_FAMILY",
                "homeStatus": "FOR_SALE",
                "daysOnZillow": 26,
                "isFeatured": false,
                "shouldHighlight": false,
                "listing_sub_type": {
                    "is_FSBA": true
                },
                "isUnmappable": false,
                "isPreforeclosureAuction": false,
                "homeStatusForHDP": "FOR_SALE",
                "priceForHDP": 4200000.0,
                "timeOnZillow": 2253182000,
                "isNonOwnerOccupied": true,
                "isPremierBuilder": false,
                "isZillowOwned": false,
                "currency": "USD",
                "country": "USA",
                "taxAssessedValue": 2450589.0,
                "lotAreaValue": 7604.0,
                "lotAreaUnit": "sqft",
                "isShowcaseListing": false
            }
        },
        "isSaved": false,
        "isUserClaimingOwner": false,
        "isUserConfirmedClaim": false,
        "pgapt": "ForSale",
        "sgapt": "For Sale (Broker)",
        "shouldShowZestimateAsPrice": false,
        "has3DModel": false,
        "hasVideo": false,
        "isHomeRec": false,
        "hasAdditionalAttributions": true,
        "isFeaturedListing": false,
        "isShowcaseListing": false,
        "list": true,
        "relaxed": false,
        "info3String": "https://photos.zillowstatic.com/fp/a8b02d5ac61ac8b9a11bda64382b4f89-zillow_web_48_23.jpg",
        "brokerName": "Capital Intl Realty LLC",
        "carouselPhotos": [
            {
                "url": "https://photos.zillowstatic.com/fp/513050a03e298a3a06b4abcb3488a803-p_e.jpg"
            },
            {
                "url": "https://photos.zillowstatic.com/fp/e260c313196861a2ea5b9bb5ab5a4f1c-p_e.jpg"
            },
            {
                "url": "https://photos.zillowstatic.com/fp/5b224dbec29763b579fa05b3d061885a-p_e.jpg"
            },
            {
                "url": "https://photos.zillowstatic.com/fp/4dad66beaf35cb05e1511c8e0b8d9215-p_e.jpg"
            },
            {
                "url": "https://photos.zillowstatic.com/fp/6350af5443d4ac12128f4c84a93177b0-p_e.jpg"
            },
            {
                "url": "https://photos.zillowstatic.com/fp/2513cdfc7f22c6d2d8e15e5fe4e4cf54-p_e.jpg"
            },
            {
                "url": "https://photos.zillowstatic.com/fp/00b4678c9cc230188315cb264b9c4a81-p_e.jpg"
            },
            {
                "url": "https://photos.zillowstatic.com/fp/f7031bb5a2520ec3a396bf49d372dafb-p_e.jpg"
            },
            {
                "url": "https://photos.zillowstatic.com/fp/4869b38ca0ae28b2aa7350f7ea411ed3-p_e.jpg"
            },
            {
                "url": "https://photos.zillowstatic.com/fp/2c009de43f0d3060603ff9004e4371d4-p_e.jpg"
            },
            {
                "url": "https://photos.zillowstatic.com/fp/3109888892039e10f78c2ae61011fc90-p_e.jpg"
            },
            {
                "url": "https://photos.zillowstatic.com/fp/c2b8b398f5c8a07e2b3d12aa4a906dc7-p_e.jpg"
            },
            {
                "url": "https://photos.zillowstatic.com/fp/c18da5df9100e668e7907300b3a5ae4a-p_e.jpg"
            },
            {
                "url": "https://photos.zillowstatic.com/fp/5cb1dbdd896adac0d9da426990728b66-p_e.jpg"
            },
            {
                "url": "https://photos.zillowstatic.com/fp/1a89b24923668f13c330eccab56b1f11-p_e.jpg"
            }
        ],
        "rooms": []
    },
    {
        "zpid": "44032051",
        "id": "44032051",
        "rawHomeStatusCd": "ForSale",
        "marketingStatusSimplifiedCd": "For Sale by Agent",
        "imgSrc": "https://photos.zillowstatic.com/fp/6fe6b32901373cb839639dfdaaee1a53-p_e.jpg",
        "hasImage": true,
        "detailUrl": "https://www.zillow.com/homedetails/121-Crandon-Blvd-APT-252-Key-Biscayne-FL-33149/44032051_zpid/",
        "statusType": "FOR_SALE",
        "statusText": "Condo for sale",
        "countryCurrency": "$",
        "price": "$1,295,000",
        "unformattedPrice": 1295000,
        "address": "121 Crandon Blvd APT 252, Key Biscayne, FL 33149",
        "addressStreet": "121 Crandon Blvd APT 252",
        "addressCity": "Key Biscayne",
        "addressState": "FL",
        "addressZipcode": "33149",
        "isUndisclosedAddress": false,
        "beds": 3,
        "baths": 2.0,
        "area": 1720,
        "latLong": {
            "latitude": 25.69774,
            "longitude": -80.16075
        },
        "isZillowOwned": false,
        "variableData": {
            "type": "DAYS_ON",
            "text": "34 days on Zillow"
        },
        "hdpData": {
            "homeInfo": {
                "zpid": 44032051,
                "streetAddress": "121 Crandon Blvd APT 252",
                "zipcode": "33149",
                "city": "Key Biscayne",
                "state": "FL",
                "latitude": 25.69774,
                "longitude": -80.16075,
                "price": 1295000.0,
                "bathrooms": 2.0,
                "bedrooms": 3.0,
                "livingArea": 1720.0,
                "homeType": "CONDO",
                "homeStatus": "FOR_SALE",
                "daysOnZillow": 34,
                "isFeatured": false,
                "shouldHighlight": false,
                "zestimate": 1286200,
                "rentZestimate": 7970,
                "listing_sub_type": {
                    "is_FSBA": true
                },
                "isUnmappable": false,
                "isPreforeclosureAuction": false,
                "homeStatusForHDP": "FOR_SALE",
                "priceForHDP": 1295000.0,
                "timeOnZillow": 2944382000,
                "isNonOwnerOccupied": true,
                "isPremierBuilder": false,
                "isZillowOwned": false,
                "currency": "USD",
                "country": "USA",
                "taxAssessedValue": 769080.0,
                "unit": "Apt 252",
                "lotAreaValue": 0.0,
                "lotAreaUnit": "sqft",
                "isShowcaseListing": false
            }
        },
        "isSaved": false,
        "isUserClaimingOwner": false,
        "isUserConfirmedClaim": false,
        "pgapt": "ForSale",
        "sgapt": "For Sale (Broker)",
        "zestimate": 1286200,
        "shouldShowZestimateAsPrice": false,
        "has3DModel": false,
        "hasVideo": false,
        "isHomeRec": false,
        "hasAdditionalAttributions": true,
        "isFeaturedListing": false,
        "isShowcaseListing": false,
        "list": true,
        "relaxed": false,
        "info3String": "https://photos.zillowstatic.com/fp/a8b02d5ac61ac8b9a11bda64382b4f89-zillow_web_48_23.jpg",
        "brokerName": "One Sotheby's International Realty",
        "carouselPhotos": [
            {
                "url": "https://photos.zillowstatic.com/fp/6fe6b32901373cb839639dfdaaee1a53-p_e.jpg"
            },
            {
                "url": "https://photos.zillowstatic.com/fp/f020a7dd538dcc4300fa4568171330a4-p_e.jpg"
            },
            {
                "url": "https://photos.zillowstatic.com/fp/dc1cb8c52069f8752f93bd46da8efea4-p_e.jpg"
            },
            {
                "url": "https://photos.zillowstatic.com/fp/f7874957d15feeac26ccd671d5252d02-p_e.jpg"
            },
            {
                "url": "https://photos.zillowstatic.com/fp/c7c4622a51f479fadfb37e3a97e25576-p_e.jpg"
            },
            {
                "url": "https://photos.zillowstatic.com/fp/1de09632ea8dc8ca040eb50e6707320a-p_e.jpg"
            },
            {
                "url": "https://photos.zillowstatic.com/fp/e42ec116ea979f75f562f86d6e509d7c-p_e.jpg"
            },
            {
                "url": "https://photos.zillowstatic.com/fp/4d06f793d2ac97057cdab29ff470e455-p_e.jpg"
            },
            {
                "url": "https://photos.zillowstatic.com/fp/5d6be18def7b8a0c4fdb317ab7ef8302-p_e.jpg"
            },
            {
                "url": "https://photos.zillowstatic.com/fp/fca00aab68ac80323526949f6e5bc52e-p_e.jpg"
            },
            {
                "url": "https://photos.zillowstatic.com/fp/bc525d28d31c3f4f06090683d35427d1-p_e.jpg"
            },
            {
                "url": "https://photos.zillowstatic.com/fp/e681f539e87c5e96f5f380d4a4e54fb3-p_e.jpg"
            },
            {
                "url": "https://photos.zillowstatic.com/fp/f3dd0fd1183e83cf771ab7b2d32fe208-p_e.jpg"
            },
            {
                "url": "https://photos.zillowstatic.com/fp/c8b28398d333ab259564ad077b8495ae-p_e.jpg"
            },
            {
                "url": "https://photos.zillowstatic.com/fp/a65f9dc5b2625135489ec7eab27657b2-p_e.jpg"
            },
            {
                "url": "https://photos.zillowstatic.com/fp/e520fb26d02739f81f7cf0c4cd0b8e67-p_e.jpg"
            },
            {
                "url": "https://photos.zillowstatic.com/fp/9a1a7623f3c496d84639386b7c9fa456-p_e.jpg"
            },
            {
                "url": "https://photos.zillowstatic.com/fp/18dd0ffc614475e306dbd94b24fb7f34-p_e.jpg"
            },
            {
                "url": "https://photos.zillowstatic.com/fp/8705ef863e8cb45d3bded74bd683194d-p_e.jpg"
            },
            {
                "url": "https://photos.zillowstatic.com/fp/9265501c6100db2322b0dacbdeda577c-p_e.jpg"
            },
            {
                "url": "https://photos.zillowstatic.com/fp/f844ea3cf14d07c5c23323b5e8769eb3-p_e.jpg"
            }
        ],
        "rooms": []
    },
    {
        "zpid": "66177051",
        "id": "66177051",
        "rawHomeStatusCd": "ForSale",
        "marketingStatusSimplifiedCd": "For Sale by Agent",
        "imgSrc": "https://photos.zillowstatic.com/fp/95bfb2420cab0a5dec3cefd878ad2609-p_e.jpg",
        "hasImage": true,
        "detailUrl": "https://www.zillow.com/homedetails/668-Fernwood-Rd-2-Key-Biscayne-FL-33149/66177051_zpid/",
        "statusType": "FOR_SALE",
        "statusText": "Townhouse for sale",
        "countryCurrency": "$",
        "price": "$2,695,000",
        "unformattedPrice": 2695000,
        "address": "668 Fernwood Rd #2, Key Biscayne, FL 33149",
        "addressStreet": "668 Fernwood Rd #2",
        "addressCity": "Key Biscayne",
        "addressState": "FL",
        "addressZipcode": "33149",
        "isUndisclosedAddress": false,
        "beds": 4,
        "baths": 3.0,
        "area": 1988,
        "latLong": {
            "latitude": 25.689138,
            "longitude": -80.165474
        },
        "isZillowOwned": false,
        "variableData": {
            "type": "PRICE_REDUCTION",
            "text": "$80,000 (Jan 23)"
        },
        "hdpData": {
            "homeInfo": {
                "zpid": 66177051,
                "streetAddress": "668 Fernwood Rd #2",
                "zipcode": "33149",
                "city": "Key Biscayne",
                "state": "FL",
                "latitude": 25.689138,
                "longitude": -80.165474,
                "price": 2695000.0,
                "datePriceChanged": 1705996800000,
                "bathrooms": 3.0,
                "bedrooms": 4.0,
                "livingArea": 1988.0,
                "homeType": "TOWNHOUSE",
                "homeStatus": "FOR_SALE",
                "daysOnZillow": 49,
                "isFeatured": false,
                "shouldHighlight": false,
                "listing_sub_type": {
                    "is_FSBA": true
                },
                "priceReduction": "$80,000 (Jan 23)",
                "isUnmappable": false,
                "isPreforeclosureAuction": false,
                "homeStatusForHDP": "FOR_SALE",
                "priceForHDP": 2695000.0,
                "priceChange": -80000,
                "timeOnZillow": 4240382000,
                "isNonOwnerOccupied": true,
                "isPremierBuilder": false,
                "isZillowOwned": false,
                "currency": "USD",
                "country": "USA",
                "taxAssessedValue": 1202850.0,
                "unit": "# 2",
                "lotAreaValue": 0.0,
                "lotAreaUnit": "sqft",
                "isShowcaseListing": false
            }
        },
        "isSaved": false,
        "isUserClaimingOwner": false,
        "isUserConfirmedClaim": false,
        "pgapt": "ForSale",
        "sgapt": "For Sale (Broker)",
        "shouldShowZestimateAsPrice": false,
        "has3DModel": false,
        "hasVideo": false,
        "isHomeRec": false,
        "hasAdditionalAttributions": true,
        "isFeaturedListing": false,
        "isShowcaseListing": false,
        "list": true,
        "relaxed": false,
        "info3String": "https://photos.zillowstatic.com/fp/a8b02d5ac61ac8b9a11bda64382b4f89-zillow_web_48_23.jpg",
        "brokerName": "BHHS EWM Realty",
        "carouselPhotos": [
            {
                "url": "https://photos.zillowstatic.com/fp/95bfb2420cab0a5dec3cefd878ad2609-p_e.jpg"
            },
            {
                "url": "https://photos.zillowstatic.com/fp/bf497d0b2e6bf0382be33ac7c7d58d0a-p_e.jpg"
            },
            {
                "url": "https://photos.zillowstatic.com/fp/24d2fd002a316269feab78a78113f4b9-p_e.jpg"
            },
            {
                "url": "https://photos.zillowstatic.com/fp/afd412eeacb98ba3232e6d543a6fdaee-p_e.jpg"
            },
            {
                "url": "https://photos.zillowstatic.com/fp/76bffdc4d32aba0416dd351c560063c1-p_e.jpg"
            },
            {
                "url": "https://photos.zillowstatic.com/fp/be36727f463e0c8b6f0310deff25fc5b-p_e.jpg"
            },
            {
                "url": "https://photos.zillowstatic.com/fp/4e53340431855e2d777d9ebc5d8e2b11-p_e.jpg"
            },
            {
                "url": "https://photos.zillowstatic.com/fp/bb03b4dbfd3e91cff71d9efecdb882ed-p_e.jpg"
            },
            {
                "url": "https://photos.zillowstatic.com/fp/918045fb9e33702b6f39f9fdf58b3e42-p_e.jpg"
            },
            {
                "url": "https://photos.zillowstatic.com/fp/97f9f389e995bfcb19809b5a8a90071e-p_e.jpg"
            },
            {
                "url": "https://photos.zillowstatic.com/fp/f9dd5500a60c66bdf79623454a264458-p_e.jpg"
            },
            {
                "url": "https://photos.zillowstatic.com/fp/3d4cd78b59c66f83c004e139e6311bb4-p_e.jpg"
            },
            {
                "url": "https://photos.zillowstatic.com/fp/357fe035e6afeaac4d81b55beb37d2bf-p_e.jpg"
            },
            {
                "url": "https://photos.zillowstatic.com/fp/d1ed0da0dbad43f5098b66b108a388d5-p_e.jpg"
            },
            {
                "url": "https://photos.zillowstatic.com/fp/8a3671accca188e69274a00683cc93ba-p_e.jpg"
            },
            {
                "url": "https://photos.zillowstatic.com/fp/2ec75b3b8306582665d38485e4574e34-p_e.jpg"
            },
            {
                "url": "https://photos.zillowstatic.com/fp/d2ceabdcef0cd5dc4a91bc894ef99b8e-p_e.jpg"
            },
            {
                "url": "https://photos.zillowstatic.com/fp/6abde86bdbb23007eeafdbd2b7b1c767-p_e.jpg"
            },
            {
                "url": "https://photos.zillowstatic.com/fp/706a37aac0e722bcd70ae587d13c262e-p_e.jpg"
            },
            {
                "url": "https://photos.zillowstatic.com/fp/c78742a66a4d5d18ad9b3b472ff3f2db-p_e.jpg"
            },
            {
                "url": "https://photos.zillowstatic.com/fp/705a284737d86c664c74711c3911014a-p_e.jpg"
            },
            {
                "url": "https://photos.zillowstatic.com/fp/ad0f2da0d2e652999f1f29ec9e074cf9-p_e.jpg"
            },
            {
                "url": "https://photos.zillowstatic.com/fp/e385ce6d3a3aff1a2e765a5db7a19738-p_e.jpg"
            },
            {
                "url": "https://photos.zillowstatic.com/fp/0ed1eeab2519d8127456e2ad04a09505-p_e.jpg"
            },
            {
                "url": "https://photos.zillowstatic.com/fp/834033e9d7bb99a4df26562389e6a6b9-p_e.jpg"
            },
            {
                "url": "https://photos.zillowstatic.com/fp/d56ced44eac649a0e51d2d05719054a6-p_e.jpg"
            },
            {
                "url": "https://photos.zillowstatic.com/fp/ab2ce38938ba0e2b063e43e2efd57d77-p_e.jpg"
            },
            {
                "url": "https://photos.zillowstatic.com/fp/1d4cbc5c678171a6c4865bd7025998d4-p_e.jpg"
            },
            {
                "url": "https://photos.zillowstatic.com/fp/0be819f249645184ae8cf16372e32e53-p_e.jpg"
            },
            {
                "url": "https://photos.zillowstatic.com/fp/33c0863d763077e3e9a4c2207812023f-p_e.jpg"
            },
            {
                "url": "https://photos.zillowstatic.com/fp/93050cf2c02fc444b5ce637ddbfa86e9-p_e.jpg"
            },
            {
                "url": "https://photos.zillowstatic.com/fp/71108db58a895896b4f7395e782dad5a-p_e.jpg"
            },
            {
                "url": "https://photos.zillowstatic.com/fp/c4c868fcd9cb4095ecdf0ff768c999ce-p_e.jpg"
            },
            {
                "url": "https://photos.zillowstatic.com/fp/e04a2c3b9aec23d2f58b6afa67d81a5b-p_e.jpg"
            },
            {
                "url": "https://photos.zillowstatic.com/fp/5389b0b67190e2bc6e4ad3c039f55a37-p_e.jpg"
            },
            {
                "url": "https://photos.zillowstatic.com/fp/4fbf9c5d96a9217d69447ad8bb3b822d-p_e.jpg"
            },
            {
                "url": "https://photos.zillowstatic.com/fp/fa62f8fd9fb5ec8c29f0da2930791388-p_e.jpg"
            },
            {
                "url": "https://photos.zillowstatic.com/fp/f752daaba58c954c221c6eeed5514c07-p_e.jpg"
            },
            {
                "url": "https://photos.zillowstatic.com/fp/2e991f3a61d47e2a45becc5ab4b73fa7-p_e.jpg"
            },
            {
                "url": "https://photos.zillowstatic.com/fp/719eb200af31e04aad193abac7d5de1f-p_e.jpg"
            },
            {
                "url": "https://photos.zillowstatic.com/fp/cf91d5e61c58b8778bfe230c645978b6-p_e.jpg"
            },
            {
                "url": "https://photos.zillowstatic.com/fp/ee0d16f5f9e2e26fa642d1759d803434-p_e.jpg"
            },
            {
                "url": "https://photos.zillowstatic.com/fp/5fcca5ecd62099c9be63c0d7ccfead36-p_e.jpg"
            }
        ],
        "rooms": []
    },
    {
        "zpid": "44031517",
        "id": "44031517",
        "rawHomeStatusCd": "ForSale",
        "marketingStatusSimplifiedCd": "For Sale by Agent",
        "imgSrc": "https://photos.zillowstatic.com/fp/5dcc57f0521edda76f9d047ff491a414-p_e.jpg",
        "hasImage": true,
        "detailUrl": "https://www.zillow.com/homedetails/151-Crandon-Blvd-APT-431-Key-Biscayne-FL-33149/44031517_zpid/",
        "statusType": "FOR_SALE",
        "statusText": "Condo for sale",
        "countryCurrency": "$",
        "price": "$960,000",
        "unformattedPrice": 960000,
        "address": "151 Crandon Blvd APT 431, Key Biscayne, FL 33149",
        "addressStreet": "151 Crandon Blvd APT 431",
        "addressCity": "Key Biscayne",
        "addressState": "FL",
        "addressZipcode": "33149",
        "isUndisclosedAddress": false,
        "beds": 2,
        "baths": 2.0,
        "area": 1547,
        "latLong": {
            "latitude": 25.696472,
            "longitude": -80.1615
        },
        "isZillowOwned": false,
        "variableData": {
            "type": "DAYS_ON",
            "text": "216 days on Zillow"
        },
        "hdpData": {
            "homeInfo": {
                "zpid": 44031517,
                "streetAddress": "151 Crandon Blvd APT 431",
                "zipcode": "33149",
                "city": "Key Biscayne",
                "state": "FL",
                "latitude": 25.696472,
                "longitude": -80.1615,
                "price": 960000.0,
                "datePriceChanged": 1693983600000,
                "bathrooms": 2.0,
                "bedrooms": 2.0,
                "livingArea": 1547.0,
                "homeType": "CONDO",
                "homeStatus": "FOR_SALE",
                "daysOnZillow": 216,
                "isFeatured": false,
                "shouldHighlight": false,
                "listing_sub_type": {
                    "is_FSBA": true
                },
                "priceReduction": "",
                "isUnmappable": false,
                "isPreforeclosureAuction": false,
                "homeStatusForHDP": "FOR_SALE",
                "priceForHDP": 960000.0,
                "priceChange": -140000,
                "timeOnZillow": 18669182000,
                "isNonOwnerOccupied": true,
                "isPremierBuilder": false,
                "isZillowOwned": false,
                "currency": "USD",
                "country": "USA",
                "taxAssessedValue": 701522.0,
                "unit": "Apt 431",
                "lotAreaValue": 0.0,
                "lotAreaUnit": "sqft",
                "isShowcaseListing": false
            }
        },
        "isSaved": false,
        "isUserClaimingOwner": false,
        "isUserConfirmedClaim": false,
        "pgapt": "ForSale",
        "sgapt": "For Sale (Broker)",
        "shouldShowZestimateAsPrice": false,
        "has3DModel": false,
        "hasVideo": false,
        "isHomeRec": false,
        "hasAdditionalAttributions": true,
        "isFeaturedListing": false,
        "isShowcaseListing": false,
        "list": true,
        "relaxed": false,
        "info3String": "https://photos.zillowstatic.com/fp/a8b02d5ac61ac8b9a11bda64382b4f89-zillow_web_48_23.jpg",
        "brokerName": "Fortune Christie's International Real Estate",
        "carouselPhotos": [
            {
                "url": "https://photos.zillowstatic.com/fp/5dcc57f0521edda76f9d047ff491a414-p_e.jpg"
            },
            {
                "url": "https://photos.zillowstatic.com/fp/ea766473bef7ba2cb640fc8c84954c56-p_e.jpg"
            },
            {
                "url": "https://photos.zillowstatic.com/fp/9a9f0af6a4a10107781173f5c87ebabb-p_e.jpg"
            },
            {
                "url": "https://photos.zillowstatic.com/fp/416b0b0b1cd39fdda882a833f8c1e58f-p_e.jpg"
            },
            {
                "url": "https://photos.zillowstatic.com/fp/6b70dfe01a796355c8ef2c76a9641997-p_e.jpg"
            },
            {
                "url": "https://photos.zillowstatic.com/fp/604b3d563576e56cfa659dd9c189ebbc-p_e.jpg"
            },
            {
                "url": "https://photos.zillowstatic.com/fp/23a8959d43a7381f663321a25240ca22-p_e.jpg"
            },
            {
                "url": "https://photos.zillowstatic.com/fp/f650fed5c66783792c08cb323683f777-p_e.jpg"
            },
            {
                "url": "https://photos.zillowstatic.com/fp/6f8402fe4962b61bc01f5347b211d038-p_e.jpg"
            },
            {
                "url": "https://photos.zillowstatic.com/fp/ea02013f6de8d56b44130224dc1f26a8-p_e.jpg"
            },
            {
                "url": "https://photos.zillowstatic.com/fp/666f56b7e0ce6b053911b6dd7fdc0084-p_e.jpg"
            },
            {
                "url": "https://photos.zillowstatic.com/fp/eac048f187ff2bb42b1da6ca0d812dbb-p_e.jpg"
            },
            {
                "url": "https://photos.zillowstatic.com/fp/0635c7e2eacdc3e84a4082445262bf07-p_e.jpg"
            },
            {
                "url": "https://photos.zillowstatic.com/fp/5a6474afc235ad462c4a72e13c39e7b2-p_e.jpg"
            },
            {
                "url": "https://photos.zillowstatic.com/fp/09943a36c26d6c4954d86a187ff22e61-p_e.jpg"
            },
            {
                "url": "https://photos.zillowstatic.com/fp/72ccd7a111af57856a44d70d12a10abd-p_e.jpg"
            },
            {
                "url": "https://photos.zillowstatic.com/fp/13fd5fe969acd796253b54c5c9801f2a-p_e.jpg"
            },
            {
                "url": "https://photos.zillowstatic.com/fp/d6b9163162d8b2e8f7777eece35c9939-p_e.jpg"
            },
            {
                "url": "https://photos.zillowstatic.com/fp/857786ec72cc52a4a56d1b1094fb13b3-p_e.jpg"
            },
            {
                "url": "https://photos.zillowstatic.com/fp/7fb8d7f6bbba58327c70b6941ed0c900-p_e.jpg"
            },
            {
                "url": "https://photos.zillowstatic.com/fp/739ff5062ade8e8cc32c09d229c677e0-p_e.jpg"
            },
            {
                "url": "https://photos.zillowstatic.com/fp/dadc440574cd63646da9903bd1d01f40-p_e.jpg"
            },
            {
                "url": "https://photos.zillowstatic.com/fp/0ea501bfb87b5d9ff86d19bae03a455e-p_e.jpg"
            },
            {
                "url": "https://photos.zillowstatic.com/fp/78eb891673cdeadb4483ba693ea305ad-p_e.jpg"
            },
            {
                "url": "https://photos.zillowstatic.com/fp/a4381b55e6eab4730ab42eac3fd29318-p_e.jpg"
            },
            {
                "url": "https://photos.zillowstatic.com/fp/518df3d1075142a8d1c3d68796270550-p_e.jpg"
            }
        ],
        "rooms": []
    },
    {
        "zpid": "44029761",
        "id": "44029761",
        "rawHomeStatusCd": "ForSale",
        "marketingStatusSimplifiedCd": "For Sale by Agent",
        "imgSrc": "https://photos.zillowstatic.com/fp/259fd497cc8b8eb9c9de64cebd027614-p_e.jpg",
        "hasImage": true,
        "detailUrl": "https://www.zillow.com/homedetails/265-Hampton-Ln-Key-Biscayne-FL-33149/44029761_zpid/",
        "statusType": "FOR_SALE",
        "statusText": "House for sale",
        "countryCurrency": "$",
        "price": "$4,090,000",
        "unformattedPrice": 4090000,
        "address": "265 Hampton Ln, Key Biscayne, FL 33149",
        "addressStreet": "265 Hampton Ln",
        "addressCity": "Key Biscayne",
        "addressState": "FL",
        "addressZipcode": "33149",
        "isUndisclosedAddress": false,
        "beds": 4,
        "baths": 5.0,
        "area": 3366,
        "latLong": {
            "latitude": 25.69637,
            "longitude": -80.1674
        },
        "isZillowOwned": false,
        "variableData": {
            "type": "VIDEO_WALKTHROUGH",
            "text": "Video Walkthrough"
        },
        "hdpData": {
            "homeInfo": {
                "zpid": 44029761,
                "streetAddress": "265 Hampton Ln",
                "zipcode": "33149",
                "city": "Key Biscayne",
                "state": "FL",
                "latitude": 25.69637,
                "longitude": -80.1674,
                "price": 4090000.0,
                "bathrooms": 5.0,
                "bedrooms": 4.0,
                "livingArea": 3366.0,
                "homeType": "SINGLE_FAMILY",
                "homeStatus": "FOR_SALE",
                "daysOnZillow": 249,
                "isFeatured": false,
                "shouldHighlight": false,
                "listing_sub_type": {
                    "is_FSBA": true
                },
                "isUnmappable": false,
                "isPreforeclosureAuction": false,
                "homeStatusForHDP": "FOR_SALE",
                "priceForHDP": 4090000.0,
                "timeOnZillow": 21520382000,
                "videoCount": 1,
                "isNonOwnerOccupied": true,
                "isPremierBuilder": false,
                "isZillowOwned": false,
                "currency": "USD",
                "country": "USA",
                "taxAssessedValue": 2475880.0,
                "lotAreaValue": 7841.0,
                "lotAreaUnit": "sqft",
                "isShowcaseListing": false
            }
        },
        "isSaved": false,
        "isUserClaimingOwner": false,
        "isUserConfirmedClaim": false,
        "pgapt": "ForSale",
        "sgapt": "For Sale (Broker)",
        "shouldShowZestimateAsPrice": false,
        "has3DModel": false,
        "hasVideo": true,
        "isHomeRec": false,
        "hasAdditionalAttributions": true,
        "isFeaturedListing": false,
        "isShowcaseListing": false,
        "list": true,
        "relaxed": false,
        "info3String": "https://photos.zillowstatic.com/fp/a8b02d5ac61ac8b9a11bda64382b4f89-zillow_web_48_23.jpg",
        "brokerName": "Coldwell Banker Realty",
        "carouselPhotos": [
            {
                "url": "https://photos.zillowstatic.com/fp/259fd497cc8b8eb9c9de64cebd027614-p_e.jpg"
            },
            {
                "url": "https://photos.zillowstatic.com/fp/061651ffd4056653b545eccbcfd70ea4-p_e.jpg"
            },
            {
                "url": "https://photos.zillowstatic.com/fp/a23e06d36b773b39a48c62b68c28474e-p_e.jpg"
            },
            {
                "url": "https://photos.zillowstatic.com/fp/4e0eb3eff2417c8a5ecd95b77798c3f8-p_e.jpg"
            },
            {
                "url": "https://photos.zillowstatic.com/fp/00c6c43ff3df91ba2b742c3434a39ce5-p_e.jpg"
            },
            {
                "url": "https://photos.zillowstatic.com/fp/c123e08760a7f47ce94654fa7c04a700-p_e.jpg"
            },
            {
                "url": "https://photos.zillowstatic.com/fp/6fee3828ea38fc31c42a3a3de3b28993-p_e.jpg"
            },
            {
                "url": "https://photos.zillowstatic.com/fp/5746324af2cb29dbc62ec66a48b363b8-p_e.jpg"
            },
            {
                "url": "https://photos.zillowstatic.com/fp/2f9e993a5aa8e3fa820516f21c877784-p_e.jpg"
            },
            {
                "url": "https://photos.zillowstatic.com/fp/84483f63e80ced2c1e14673265732f96-p_e.jpg"
            },
            {
                "url": "https://photos.zillowstatic.com/fp/58da48c6a509a185c433e8cf9c3c0252-p_e.jpg"
            },
            {
                "url": "https://photos.zillowstatic.com/fp/abc81a64508a6b0066679d71b541eaef-p_e.jpg"
            },
            {
                "url": "https://photos.zillowstatic.com/fp/222a240bd551145ac923217e6382e058-p_e.jpg"
            },
            {
                "url": "https://photos.zillowstatic.com/fp/472273eb484f0cbc01afd4a7bba0fd03-p_e.jpg"
            },
            {
                "url": "https://photos.zillowstatic.com/fp/754d678c8bb6ba5cf87308499acdb505-p_e.jpg"
            },
            {
                "url": "https://photos.zillowstatic.com/fp/e708ae8bae2a936d5859ada478e804b7-p_e.jpg"
            },
            {
                "url": "https://photos.zillowstatic.com/fp/74fbafd99868767ec25ed07d9630fe44-p_e.jpg"
            },
            {
                "url": "https://photos.zillowstatic.com/fp/4a8f513b8e105e988ccef8228ecbe2b5-p_e.jpg"
            },
            {
                "url": "https://photos.zillowstatic.com/fp/b12fe78e1776234a8330b705e2f2aba0-p_e.jpg"
            },
            {
                "url": "https://photos.zillowstatic.com/fp/20390737c1043573a20290d1b9732d06-p_e.jpg"
            },
            {
                "url": "https://photos.zillowstatic.com/fp/983885c92378d776bf1251cefd8c91bb-p_e.jpg"
            },
            {
                "url": "https://photos.zillowstatic.com/fp/9ac0e285ac6a4b198b18243e49a39205-p_e.jpg"
            },
            {
                "url": "https://photos.zillowstatic.com/fp/c50fb80f2c49bd0cead5d40ff97e73fe-p_e.jpg"
            }
        ],
        "rooms": []
    }
]