{
    "user_info": {
        "isLoggedIn": false,
        "hasHousingConnectorPermission": false,
        "savedHomesCount": 0,
        "personalizedSearchTraceID": "33a549e41417f713607cf10d84651614",
        "guid": "5edf1d6a-443f-4a1e-84db-cc3b957b1d1e",
        "zuid": "",
        "isBot": false,
        "email": "",
        "displayName": ""
    },
    "map_state": {
        "customRegionPolygonWkt": null,
        "schoolPolygonWkt": null,
        "isCurrentLocationSearch": false,
        "userPosition": {
            "lat": null,
            "lon": null
        }
    },
    "region_state": {
        "regionInfo": [
            {
                "regionId": 72452,
                "regionType": 7,
                "regionName": "33149",
                "displayName": "Miami FL 33149",
                "isPointRegion": false
            }
        ],
        "regionBounds": {
            "north": 25.769776,
            "south": 25.661011,
            "east": -80.131367,
            "west": -80.214912
        }
    },
    "search_page_seo": {
        "baseUrl": "/miami-fl-33149/",
        "windowTitle": "33149 Real Estate - 33149 Homes For Sale | Zillow",
        "metaDescription": "Zillow has 7 homes for sale in 33149. View listing photos, review sales history, and use our detailed real estate filters to find the perfect place."
    },
    "request_id": 4
}