{
    "user_info": {
        "isLoggedIn": false,
        "hasHousingConnectorPermission": false,
        "savedHomesCount": 0,
        "personalizedSearchTraceID": "d6c5ebe0e32416fee9fd32cc4c9be29a",
        "guid": "32e2615b-feb6-454c-b6b8-ded9cf000405",
        "zuid": "",
        "isBot": false,
        "email": "",
        "displayName": ""
    },
    "map_state": {
        "customRegionPolygonWkt": null,
        "schoolPolygonWkt": null,
        "isCurrentLocationSearch": false,
        "userPosition": {
            "lat": null,
            "lon": null
        }
    },
    "region_state": {
        "regionInfo": [
            {
                "regionId": 72396,
                "regionType": 7,
                "regionName": "33067",
                "displayName": "Coral Springs FL 33067",
                "isPointRegion": false
            }
        ],
        "regionBounds": {
            "north": 26.334656,
            "south": 26.271852,
            "east": -80.201805,
            "west": -80.253393
        }
    },
    "search_page_seo": {
        "baseUrl": "/coral-springs-fl-33067/",
        "windowTitle": "33067 Real Estate - 33067 Homes For Sale | Zillow",
        "metaDescription": "Zillow has 57 homes for sale in 33067. View listing photos, review sales history, and use our detailed real estate filters to find the perfect place."
    },
    "request_id": 4
}