{
    "user_info": {
        "isLoggedIn": false,
        "hasHousingConnectorPermission": false,
        "savedHomesCount": 0,
        "personalizedSearchTraceID": "214020c5bd639a9fb83df8b6ed1f33f5",
        "guid": "71cef10b-b5ea-4086-8302-aa9ccdf4c87c",
        "zuid": "",
        "isBot": false,
        "email": "",
        "displayName": ""
    },
    "map_state": {
        "customRegionPolygonWkt": null,
        "schoolPolygonWkt": null,
        "isCurrentLocationSearch": false,
        "userPosition": {
            "lat": null,
            "lon": null
        }
    },
    "region_state": {
        "regionInfo": [
            {
                "regionId": 72522,
                "regionType": 7,
                "regionName": "33303",
                "displayName": "Fort Lauderdale FL 33303",
                "isPointRegion": true
            }
        ],
        "regionBounds": {
            "north": 26.137415,
            "south": 26.101184999999997,
            "east": -80.11128500000001,
            "west": -80.147515
        }
    },
    "search_page_seo": {
        "baseUrl": "/fort-lauderdale-fl-33303/",
        "windowTitle": "33303 Real Estate - 33303 Homes For Sale | Zillow",
        "metaDescription": "Zillow has 203 homes for sale in 33303. View listing photos, review sales history, and use our detailed real estate filters to find the perfect place."
    },
    "request_id": 4
}