{
    "user_info": {
        "isLoggedIn": false,
        "hasHousingConnectorPermission": false,
        "savedHomesCount": 0,
        "personalizedSearchTraceID": "19c64b323bead7b16d8adad9e9957d67",
        "guid": "760148d5-9ecb-4429-9103-581adf85a3f8",
        "zuid": "",
        "isBot": false,
        "email": "",
        "displayName": ""
    },
    "map_state": {
        "customRegionPolygonWkt": null,
        "schoolPolygonWkt": null,
        "isCurrentLocationSearch": false,
        "userPosition": {
            "lat": null,
            "lon": null
        }
    },
    "region_state": {
        "regionInfo": [
            {
                "regionId": 72345,
                "regionType": 7,
                "regionName": "33004",
                "displayName": "Dania Beach FL 33004",
                "isPointRegion": false
            }
        ],
        "regionBounds": {
            "north": 26.080357,
            "south": 26.033317,
            "east": -80.115295,
            "west": -80.168262
        }
    },
    "search_page_seo": {
        "baseUrl": "/dania-beach-fl-33004/",
        "windowTitle": "33004 Real Estate - 33004 Homes For Sale | Zillow",
        "metaDescription": "Zillow has 31 homes for sale in 33004. View listing photos, review sales history, and use our detailed real estate filters to find the perfect place."
    },
    "request_id": 4
}