[
    {
        "zpid": "2087682364",
        "id": "2087682364",
        "rawHomeStatusCd": "ForSale",
        "marketingStatusSimplifiedCd": "For Sale by Agent",
        "imgSrc": "https://photos.zillowstatic.com/fp/6aa9aebbad3e5feeeea96af9fd2104d3-p_e.jpg",
        "hasImage": true,
        "detailUrl": "https://www.zillow.com/homedetails/961-NW-45th-St-APT-3-Pompano-Beach-FL-33064/2087682364_zpid/",
        "statusType": "FOR_SALE",
        "statusText": "Condo for sale",
        "countryCurrency": "$",
        "price": "$199,500",
        "unformattedPrice": 199500,
        "address": "961 NW 45th St APT 3, Pompano Beach, FL 33064",
        "addressStreet": "961 NW 45th St APT 3",
        "addressCity": "Pompano Beach",
        "addressState": "FL",
        "addressZipcode": "33064",
        "isUndisclosedAddress": false,
        "beds": 2,
        "baths": 2.0,
        "area": 870,
        "latLong": {
            "latitude": 26.285616,
            "longitude": -80.13726
        },
        "isZillowOwned": false,
        "variableData": {
            "type": "DAYS_ON",
            "text": "260 days on Zillow"
        },
        "hdpData": {
            "homeInfo": {
                "zpid": 2087682364,
                "streetAddress": "961 NW 45th St APT 3",
                "zipcode": "33064",
                "city": "Pompano Beach",
                "state": "FL",
                "latitude": 26.285616,
                "longitude": -80.13726,
                "price": 199500.0,
                "datePriceChanged": 1695711600000,
                "bathrooms": 2.0,
                "bedrooms": 2.0,
                "livingArea": 870.0,
                "homeType": "CONDO",
                "homeStatus": "FOR_SALE",
                "daysOnZillow": 260,
                "isFeatured": false,
                "shouldHighlight": false,
                "zestimate": 189200,
                "rentZestimate": 1999,
                "listing_sub_type": {
                    "is_FSBA": true
                },
                "priceReduction": "",
                "isUnmappable": false,
                "isPreforeclosureAuction": false,
                "homeStatusForHDP": "FOR_SALE",
                "priceForHDP": 199500.0,
                "priceChange": -15500,
                "timeOnZillow": 22508547000,
                "isNonOwnerOccupied": true,
                "isPremierBuilder": false,
                "isZillowOwned": false,
                "currency": "USD",
                "country": "USA",
                "unit": "Apt 3",
                "lotAreaValue": 365.0,
                "lotAreaUnit": "sqft",
                "isShowcaseListing": false
            }
        },
        "isSaved": false,
        "isUserClaimingOwner": false,
        "isUserConfirmedClaim": false,
        "pgapt": "ForSale",
        "sgapt": "For Sale (Broker)",
        "zestimate": 189200,
        "shouldShowZestimateAsPrice": false,
        "has3DModel": false,
        "hasVideo": false,
        "isHomeRec": false,
        "hasAdditionalAttributions": true,
        "isFeaturedListing": false,
        "isShowcaseListing": false,
        "list": true,
        "relaxed": false,
        "info2String": "Listing provided by BeachesMLS",
        "info3String": "https://photos.zillowstatic.com/fp/11470fbfca6bd246a8708da0ff0e5603-zillow_web_48_23.jpg",
        "brokerName": "Goldstone Realty LLC",
        "carouselPhotos": [
            {
                "url": "https://photos.zillowstatic.com/fp/6aa9aebbad3e5feeeea96af9fd2104d3-p_e.jpg"
            },
            {
                "url": "https://photos.zillowstatic.com/fp/1d46ecb362c9c9655e23ee50da1fe9fe-p_e.jpg"
            },
            {
                "url": "https://photos.zillowstatic.com/fp/3bfc3d02434d97feb30bc80de9933884-p_e.jpg"
            },
            {
                "url": "https://photos.zillowstatic.com/fp/af7db95354deddcd1bc1c879feeecf9f-p_e.jpg"
            },
            {
                "url": "https://photos.zillowstatic.com/fp/56ca76ed38f1aff3553edb5439982a85-p_e.jpg"
            }
        ],
        "rooms": [
            {
                "roomArea": 100.0,
                "roomAreaUnits": null
            },
            {
                "roomArea": 132.0,
                "roomAreaUnits": null
            },
            {
                "roomArea": 120.0,
                "roomAreaUnits": null
            }
        ]
    },
    {
        "zpid": "42913155",
        "id": "42913155",
        "rawHomeStatusCd": "ForSale",
        "marketingStatusSimplifiedCd": "For Sale by Agent",
        "imgSrc": "https://photos.zillowstatic.com/fp/c3c61ec0e0e961e8cb0a00cc5aee0f12-p_e.jpg",
        "hasImage": true,
        "detailUrl": "https://www.zillow.com/homedetails/4602-Martinique-Way-APT-B1-Coconut-Creek-FL-33066/42913155_zpid/",
        "statusType": "FOR_SALE",
        "statusText": "Condo for sale",
        "countryCurrency": "$",
        "price": "$215,000",
        "unformattedPrice": 215000,
        "address": "4602 Martinique Way APT B1, Coconut Creek, FL 33066",
        "addressStreet": "4602 Martinique Way APT B1",
        "addressCity": "Coconut Creek",
        "addressState": "FL",
        "addressZipcode": "33066",
        "isUndisclosedAddress": false,
        "beds": 2,
        "baths": 2.0,
        "area": 962,
        "latLong": {
            "latitude": 26.24875,
            "longitude": -80.17297
        },
        "isZillowOwned": false,
        "variableData": {
            "type": "PRICE_REDUCTION",
            "text": "$5,000 (Jan 11)"
        },
        "hdpData": {
            "homeInfo": {
                "zpid": 42913155,
                "streetAddress": "4602 Martinique Way APT B1",
                "zipcode": "33066",
                "city": "Coconut Creek",
                "state": "FL",
                "latitude": 26.24875,
                "longitude": -80.17297,
                "price": 215000.0,
                "datePriceChanged": 1704960000000,
                "bathrooms": 2.0,
                "bedrooms": 2.0,
                "livingArea": 962.0,
                "homeType": "CONDO",
                "homeStatus": "FOR_SALE",
                "daysOnZillow": 298,
                "isFeatured": false,
                "shouldHighlight": false,
                "zestimate": 201300,
                "rentZestimate": 1999,
                "listing_sub_type": {
                    "is_FSBA": true
                },
                "priceReduction": "$5,000 (Jan 11)",
                "isUnmappable": false,
                "isPreforeclosureAuction": false,
                "homeStatusForHDP": "FOR_SALE",
                "priceForHDP": 215000.0,
                "priceChange": -5000,
                "timeOnZillow": 25753190000,
                "isNonOwnerOccupied": true,
                "isPremierBuilder": false,
                "isZillowOwned": false,
                "currency": "USD",
                "country": "USA",
                "taxAssessedValue": 99940.0,
                "unit": "Apt B1",
                "lotAreaValue": 0.0,
                "lotAreaUnit": "sqft",
                "isShowcaseListing": false
            }
        },
        "isSaved": false,
        "isUserClaimingOwner": false,
        "isUserConfirmedClaim": false,
        "pgapt": "ForSale",
        "sgapt": "For Sale (Broker)",
        "zestimate": 201300,
        "shouldShowZestimateAsPrice": false,
        "has3DModel": false,
        "hasVideo": false,
        "isHomeRec": false,
        "hasAdditionalAttributions": true,
        "isFeaturedListing": false,
        "isShowcaseListing": false,
        "list": true,
        "relaxed": false,
        "info3String": "https://photos.zillowstatic.com/fp/a8b02d5ac61ac8b9a11bda64382b4f89-zillow_web_48_23.jpg",
        "brokerName": "Brokers, LLC",
        "carouselPhotos": [
            {
                "url": "https://photos.zillowstatic.com/fp/c3c61ec0e0e961e8cb0a00cc5aee0f12-p_e.jpg"
            },
            {
                "url": "https://photos.zillowstatic.com/fp/5948da413bfdcc5d1808b3d213baf150-p_e.jpg"
            },
            {
                "url": "https://photos.zillowstatic.com/fp/8e168c24c37fdde1abf00424420c7a4c-p_e.jpg"
            },
            {
                "url": "https://photos.zillowstatic.com/fp/258f7df2fa7bbf2ff01448caf826313a-p_e.jpg"
            },
            {
                "url": "https://photos.zillowstatic.com/fp/5a9cf50904976766b51fd40eb9502efd-p_e.jpg"
            },
            {
                "url": "https://photos.zillowstatic.com/fp/7d2290ce8c00561299d83e41b848b952-p_e.jpg"
            },
            {
                "url": "https://photos.zillowstatic.com/fp/2eb2119680aae7bb7edff2e033a411b2-p_e.jpg"
            },
            {
                "url": "https://photos.zillowstatic.com/fp/cfd53b6ba27824095439ed9a6b81b92e-p_e.jpg"
            },
            {
                "url": "https://photos.zillowstatic.com/fp/6bd2593d58fb8851e453a2f79dbf611c-p_e.jpg"
            },
            {
                "url": "https://photos.zillowstatic.com/fp/baf4c3cd0e3374c194fdaa5833c81b79-p_e.jpg"
            },
            {
                "url": "https://photos.zillowstatic.com/fp/c5f560cf803bb322b347d81cc65329b7-p_e.jpg"
            },
            {
                "url": "https://photos.zillowstatic.com/fp/61a19426b44ad77b7d3fb3fb8550f75c-p_e.jpg"
            },
            {
                "url": "https://photos.zillowstatic.com/fp/e804418d53e3bb31562e9bd827ee96f1-p_e.jpg"
            },
            {
                "url": "https://photos.zillowstatic.com/fp/3b2693da97aa347bbd18cf8c60b7427f-p_e.jpg"
            },
            {
                "url": "https://photos.zillowstatic.com/fp/a785c087f8cd9cfef009279ae9f1e015-p_e.jpg"
            },
            {
                "url": "https://photos.zillowstatic.com/fp/e5c8674794ea0d09cb90a4982cf95869-p_e.jpg"
            },
            {
                "url": "https://photos.zillowstatic.com/fp/af1829bd26eafbaba256b2c1334a3817-p_e.jpg"
            },
            {
                "url": "https://photos.zillowstatic.com/fp/6c948a5f68f3b248b3bb2a8acfdaa2da-p_e.jpg"
            },
            {
                "url": "https://photos.zillowstatic.com/fp/132df220e8d54efe3d3be41c8907d11b-p_e.jpg"
            },
            {
                "url": "https://photos.zillowstatic.com/fp/2d56600e876f67a0e13960ebbe6d3a2a-p_e.jpg"
            },
            {
                "url": "https://photos.zillowstatic.com/fp/e67dad36f890aa44fb07bf07fcae1b60-p_e.jpg"
            },
            {
                "url": "https://photos.zillowstatic.com/fp/e29f13431b0ab1f17c372e23042aa0d5-p_e.jpg"
            },
            {
                "url": "https://photos.zillowstatic.com/fp/1ae35df71824bccdfaa89d5f9373c46c-p_e.jpg"
            },
            {
                "url": "https://photos.zillowstatic.com/fp/bc657e38a128b52b721e02908051e5a3-p_e.jpg"
            },
            {
                "url": "https://photos.zillowstatic.com/fp/0d245777fbdea03d0c30ceb7256584bc-p_e.jpg"
            },
            {
                "url": "https://photos.zillowstatic.com/fp/8ba65a62a20a8008010f5eb364c36682-p_e.jpg"
            },
            {
                "url": "https://photos.zillowstatic.com/fp/b1e475a22adb1a363f867e347938cb2d-p_e.jpg"
            },
            {
                "url": "https://photos.zillowstatic.com/fp/c6d1d1f47aac3b8c692f4b17236de2e6-p_e.jpg"
            },
            {
                "url": "https://photos.zillowstatic.com/fp/04dfd287438519ab87b9b6ec0189c499-p_e.jpg"
            },
            {
                "url": "https://photos.zillowstatic.com/fp/5690a32b2caeb0def51db2b8dc23da5e-p_e.jpg"
            },
            {
                "url": "https://photos.zillowstatic.com/fp/00d4ff2ec9125186a1f48a626374507f-p_e.jpg"
            },
            {
                "url": "https://photos.zillowstatic.com/fp/49e5bf732f36de550e31066a9c0f8096-p_e.jpg"
            },
            {
                "url": "https://photos.zillowstatic.com/fp/f2e1c073c62b8ac1f9ee788d1af7d4ef-p_e.jpg"
            },
            {
                "url": "https://photos.zillowstatic.com/fp/ae2e8e7e0c2e4a4a52920cd985d1fa9b-p_e.jpg"
            },
            {
                "url": "https://photos.zillowstatic.com/fp/199ad4b442ebc20d113e2b0696f40114-p_e.jpg"
            },
            {
                "url": "https://photos.zillowstatic.com/fp/ab48ea0ae305de24579945a716c687cb-p_e.jpg"
            },
            {
                "url": "https://photos.zillowstatic.com/fp/798ff57e00c137bb28cca041b2d5bc6b-p_e.jpg"
            },
            {
                "url": "https://photos.zillowstatic.com/fp/ffdd8a372705144861feb598a90d7947-p_e.jpg"
            },
            {
                "url": "https://photos.zillowstatic.com/fp/280cd9e1cdb8b6061786e3033ee10169-p_e.jpg"
            },
            {
                "url": "https://photos.zillowstatic.com/fp/63d921b47ab5837dcf7073f89ba87d1b-p_e.jpg"
            },
            {
                "url": "https://photos.zillowstatic.com/fp/50f2e9220b8b569ce88d47d302f2d64e-p_e.jpg"
            },
            {
                "url": "https://photos.zillowstatic.com/fp/644d80640272d25248e63aab2f7228e1-p_e.jpg"
            }
        ],
        "rooms": []
    }
]