{
    "user_info": {
        "isLoggedIn": false,
        "hasHousingConnectorPermission": false,
        "savedHomesCount": 0,
        "personalizedSearchTraceID": "40d0292717a790e3b5a631c3e74cc0eb",
        "guid": "a44bd58f-d001-4425-afe1-b574bb41f286",
        "zuid": "",
        "isBot": false,
        "email": "",
        "displayName": ""
    },
    "map_state": {
        "customRegionPolygonWkt": null,
        "schoolPolygonWkt": null,
        "isCurrentLocationSearch": false,
        "userPosition": {
            "lat": null,
            "lon": null
        }
    },
    "region_state": {
        "regionInfo": [
            {
                "regionId": 72403,
                "regionType": 7,
                "regionName": "33074",
                "displayName": "Pompano Beach FL 33074",
                "isPointRegion": true
            }
        ],
        "regionBounds": {
            "north": 26.279615000000003,
            "south": 26.243385,
            "east": -80.121385,
            "west": -80.15761499999999
        }
    },
    "search_page_seo": {
        "baseUrl": "/pompano-beach-fl-33074/",
        "windowTitle": "33074 Real Estate - 33074 Homes For Sale | Zillow",
        "metaDescription": "Zillow has 84 homes for sale in 33074. View listing photos, review sales history, and use our detailed real estate filters to find the perfect place."
    },
    "request_id": 4
}