{
    "user_info": {
        "isLoggedIn": false,
        "hasHousingConnectorPermission": false,
        "savedHomesCount": 0,
        "personalizedSearchTraceID": "badea81b4c4d3ce4868404d2a3c009b4",
        "guid": "b53417a0-1cd3-4cd2-93ca-dae8ecc07c43",
        "zuid": "",
        "isBot": false,
        "email": "",
        "displayName": ""
    },
    "map_state": {
        "customRegionPolygonWkt": null,
        "schoolPolygonWkt": null,
        "isCurrentLocationSearch": false,
        "userPosition": {
            "lat": null,
            "lon": null
        }
    },
    "region_state": {
        "regionInfo": [
            {
                "regionId": 72481,
                "regionType": 7,
                "regionName": "33179",
                "displayName": "Ives Estates FL 33179",
                "isPointRegion": false
            }
        ],
        "regionBounds": {
            "north": 25.974091,
            "south": 25.936598,
            "east": -80.156584,
            "west": -80.202416
        }
    },
    "search_page_seo": {
        "baseUrl": "/ives-estates-fl-33179/",
        "windowTitle": "33179 Real Estate - 33179 Homes For Sale | Zillow",
        "metaDescription": "Zillow has 51 homes for sale in 33179. View listing photos, review sales history, and use our detailed real estate filters to find the perfect place."
    },
    "request_id": 4
}