{
    "user_info": {
        "isLoggedIn": false,
        "hasHousingConnectorPermission": false,
        "savedHomesCount": 0,
        "personalizedSearchTraceID": "73d7c56a037beba18164efcaf9ec2a5c",
        "guid": "cfbe3c71-5e7c-45ec-b472-d083faa0f252",
        "zuid": "",
        "isBot": false,
        "email": "",
        "displayName": ""
    },
    "map_state": {
        "customRegionPolygonWkt": null,
        "schoolPolygonWkt": null,
        "isCurrentLocationSearch": false,
        "userPosition": {
            "lat": null,
            "lon": null
        }
    },
    "region_state": {
        "regionInfo": [
            {
                "regionId": 72537,
                "regionType": 7,
                "regionName": "33318",
                "displayName": "Plantation FL 33318",
                "isPointRegion": true
            }
        ],
        "regionBounds": {
            "north": 26.164515,
            "south": 26.128284999999998,
            "east": -80.250285,
            "west": -80.286515
        }
    },
    "search_page_seo": {
        "baseUrl": "/plantation-fl-33318/",
        "windowTitle": "33318 Real Estate - 33318 Homes For Sale | Zillow",
        "metaDescription": "Zillow has 146 homes for sale in 33318. View listing photos, review sales history, and use our detailed real estate filters to find the perfect place."
    },
    "request_id": 4
}