[
    {
        "zpid": "2054417541",
        "id": "2054417541",
        "rawHomeStatusCd": "ForSale",
        "marketingStatusSimplifiedCd": "For Sale by Agent",
        "imgSrc": "https://photos.zillowstatic.com/fp/ae39dbfc2f5c26582c2b3187faf55e44-p_e.jpg",
        "hasImage": true,
        "detailUrl": "https://www.zillow.com/homedetails/6-Fisher-Island-Dr-504C-Miami-Beach-FL-33109/2054417541_zpid/",
        "statusType": "FOR_SALE",
        "statusText": "Condo for sale",
        "countryCurrency": "$",
        "price": "$31,350,000",
        "unformattedPrice": 31350000,
        "address": "6 Fisher Island Dr #504C, Miami Beach, FL 33109",
        "addressStreet": "6 Fisher Island Dr #504C",
        "addressCity": "Miami Beach",
        "addressState": "FL",
        "addressZipcode": "33109",
        "isUndisclosedAddress": false,
        "beds": 5,
        "baths": 8.0,
        "area": 7744,
        "latLong": {
            "latitude": 25.763594,
            "longitude": -80.140656
        },
        "isZillowOwned": false,
        "variableData": {
            "type": "DAYS_ON",
            "text": "73 days on Zillow"
        },
        "hdpData": {
            "homeInfo": {
                "zpid": 2054417541,
                "streetAddress": "6 Fisher Island Dr #504C",
                "zipcode": "33109",
                "city": "Miami Beach",
                "state": "FL",
                "latitude": 25.763594,
                "longitude": -80.140656,
                "price": 31350000.0,
                "datePriceChanged": 1700121600000,
                "bathrooms": 8.0,
                "bedrooms": 5.0,
                "livingArea": 7744.0,
                "homeType": "CONDO",
                "homeStatus": "FOR_SALE",
                "daysOnZillow": 73,
                "isFeatured": false,
                "shouldHighlight": false,
                "listing_sub_type": {
                    "is_FSBA": true
                },
                "isUnmappable": false,
                "isPreforeclosureAuction": false,
                "homeStatusForHDP": "FOR_SALE",
                "priceForHDP": 31350000.0,
                "priceChange": 350000,
                "timeOnZillow": 6313463000,
                "isNonOwnerOccupied": true,
                "isPremierBuilder": false,
                "isZillowOwned": false,
                "currency": "USD",
                "country": "USA",
                "unit": "# 504C",
                "lotAreaValue": 0.0,
                "lotAreaUnit": "sqft",
                "isShowcaseListing": false
            }
        },
        "isSaved": false,
        "isUserClaimingOwner": false,
        "isUserConfirmedClaim": false,
        "pgapt": "ForSale",
        "sgapt": "For Sale (Broker)",
        "shouldShowZestimateAsPrice": false,
        "has3DModel": false,
        "hasVideo": false,
        "isHomeRec": false,
        "hasAdditionalAttributions": true,
        "isFeaturedListing": false,
        "isShowcaseListing": false,
        "list": true,
        "relaxed": false,
        "info3String": "https://photos.zillowstatic.com/fp/a8b02d5ac61ac8b9a11bda64382b4f89-zillow_web_48_23.jpg",
        "brokerName": "Douglas Elliman",
        "carouselPhotos": [
            {
                "url": "https://photos.zillowstatic.com/fp/ae39dbfc2f5c26582c2b3187faf55e44-p_e.jpg"
            },
            {
                "url": "https://photos.zillowstatic.com/fp/428397d125efdf88113d4421a0681b85-p_e.jpg"
            },
            {
                "url": "https://photos.zillowstatic.com/fp/71674105e538b374a65c8240f9b62dbe-p_e.jpg"
            },
            {
                "url": "https://photos.zillowstatic.com/fp/70d4dfd52a514ac0a548fe493bd40372-p_e.jpg"
            },
            {
                "url": "https://photos.zillowstatic.com/fp/f6ca1bfff15c2e2977b0dfbce92f637c-p_e.jpg"
            },
            {
                "url": "https://photos.zillowstatic.com/fp/4c4d91c0c59dd39def36e602358388e5-p_e.jpg"
            },
            {
                "url": "https://photos.zillowstatic.com/fp/35aec335e9e110eaad6e6346aac8fd06-p_e.jpg"
            },
            {
                "url": "https://photos.zillowstatic.com/fp/25a6c5de702e2b5c3c84813b0e4735d1-p_e.jpg"
            },
            {
                "url": "https://photos.zillowstatic.com/fp/c8fb6ea3579b2d7c476eb24164fe5fb2-p_e.jpg"
            },
            {
                "url": "https://photos.zillowstatic.com/fp/e1969430d1587937a838bca0a2cbcdab-p_e.jpg"
            },
            {
                "url": "https://photos.zillowstatic.com/fp/865a549f5b1248c564e5c13ed14ff8a1-p_e.jpg"
            },
            {
                "url": "https://photos.zillowstatic.com/fp/3fc9065cb369e46131865d495fa05dd3-p_e.jpg"
            },
            {
                "url": "https://photos.zillowstatic.com/fp/5aac5c44c74c1a1a7fed1836000dc170-p_e.jpg"
            },
            {
                "url": "https://photos.zillowstatic.com/fp/42d3c0a8925ee0e0b9447a79afab0d08-p_e.jpg"
            },
            {
                "url": "https://photos.zillowstatic.com/fp/0f7e5ddc84de1f796cfe732743c68851-p_e.jpg"
            },
            {
                "url": "https://photos.zillowstatic.com/fp/219862e18274cdeac3430794fab22cc1-p_e.jpg"
            },
            {
                "url": "https://photos.zillowstatic.com/fp/cd0d2783b9885a7c339aa685aa7faf0f-p_e.jpg"
            },
            {
                "url": "https://photos.zillowstatic.com/fp/27e6a1bfe9f06cdc7c5e0ae3afa7910a-p_e.jpg"
            },
            {
                "url": "https://photos.zillowstatic.com/fp/9db378353b0dfc7b4fdd6ad809f995ad-p_e.jpg"
            },
            {
                "url": "https://photos.zillowstatic.com/fp/42733762a28666a2155214f7407d8cc1-p_e.jpg"
            }
        ],
        "rooms": []
    }
]