{
    "user_info": {
        "isLoggedIn": false,
        "hasHousingConnectorPermission": false,
        "savedHomesCount": 0,
        "personalizedSearchTraceID": "b41c3e0da1e8d92d20d5ecced4f76060",
        "guid": "c1345bae-ed69-468e-9472-cfdb6a66d1ab",
        "zuid": "",
        "isBot": false,
        "email": "",
        "displayName": ""
    },
    "map_state": {
        "customRegionPolygonWkt": null,
        "schoolPolygonWkt": null,
        "isCurrentLocationSearch": false,
        "userPosition": {
            "lat": null,
            "lon": null
        }
    },
    "region_state": {
        "regionInfo": [
            {
                "regionId": 72418,
                "regionType": 7,
                "regionName": "33109",
                "displayName": "Miami Beach FL 33109",
                "isPointRegion": false
            }
        ],
        "regionBounds": {
            "north": 25.767978,
            "south": 25.747677,
            "east": -80.124888,
            "west": -80.150268
        }
    },
    "search_page_seo": {
        "baseUrl": "/miami-beach-fl-33109/",
        "windowTitle": "33109 Real Estate - 33109 Homes For Sale | Zillow",
        "metaDescription": "Zillow has 1 homes for sale in 33109. View listing photos, review sales history, and use our detailed real estate filters to find the perfect place."
    },
    "request_id": 4
}