[
    {
        "zpid": "44274111",
        "id": "44274111",
        "rawHomeStatusCd": "ForSale",
        "marketingStatusSimplifiedCd": "For Sale by Agent",
        "imgSrc": "https://photos.zillowstatic.com/fp/a030cf2ad340cbcda74dccb3a6bbdd6f-p_e.jpg",
        "hasImage": true,
        "detailUrl": "https://www.zillow.com/homedetails/11929-SW-72nd-Ter-Miami-FL-33183/44274111_zpid/",
        "statusType": "FOR_SALE",
        "statusText": "House for sale",
        "countryCurrency": "$",
        "price": "$2,625,000",
        "unformattedPrice": 2625000,
        "address": "11929 SW 72nd Ter, Miami, FL 33183",
        "addressStreet": "11929 SW 72nd Ter",
        "addressCity": "Miami",
        "addressState": "FL",
        "addressZipcode": "33183",
        "isUndisclosedAddress": false,
        "beds": 5,
        "baths": 4.0,
        "area": 3184,
        "latLong": {
            "latitude": 25.70048,
            "longitude": -80.38635
        },
        "isZillowOwned": false,
        "variableData": {
            "type": "PRICE_REDUCTION",
            "text": "$25,000 (Jan 23)"
        },
        "hdpData": {
            "homeInfo": {
                "zpid": 44274111,
                "streetAddress": "11929 SW 72nd Ter",
                "zipcode": "33183",
                "city": "Miami",
                "state": "FL",
                "latitude": 25.70048,
                "longitude": -80.38635,
                "price": 2625000.0,
                "datePriceChanged": 1705996800000,
                "bathrooms": 4.0,
                "bedrooms": 5.0,
                "livingArea": 3184.0,
                "homeType": "SINGLE_FAMILY",
                "homeStatus": "FOR_SALE",
                "daysOnZillow": 131,
                "isFeatured": false,
                "shouldHighlight": false,
                "zestimate": 2443700,
                "rentZestimate": 13932,
                "listing_sub_type": {
                    "is_FSBA": true
                },
                "priceReduction": "$25,000 (Jan 23)",
                "isUnmappable": false,
                "isPreforeclosureAuction": false,
                "homeStatusForHDP": "FOR_SALE",
                "priceForHDP": 2625000.0,
                "priceChange": -25000,
                "timeOnZillow": 11325677000,
                "isNonOwnerOccupied": true,
                "isPremierBuilder": false,
                "isZillowOwned": false,
                "currency": "USD",
                "country": "USA",
                "taxAssessedValue": 814967.0,
                "lotAreaValue": 0.39944903581267216,
                "lotAreaUnit": "acres",
                "isShowcaseListing": false
            }
        },
        "isSaved": false,
        "isUserClaimingOwner": false,
        "isUserConfirmedClaim": false,
        "pgapt": "ForSale",
        "sgapt": "For Sale (Broker)",
        "zestimate": 2443700,
        "shouldShowZestimateAsPrice": false,
        "has3DModel": false,
        "hasVideo": false,
        "isHomeRec": false,
        "hasAdditionalAttributions": true,
        "isFeaturedListing": false,
        "isShowcaseListing": false,
        "list": true,
        "relaxed": false,
        "info3String": "https://photos.zillowstatic.com/fp/a8b02d5ac61ac8b9a11bda64382b4f89-zillow_web_48_23.jpg",
        "brokerName": "Phantom Real Estate",
        "carouselPhotos": [
            {
                "url": "https://photos.zillowstatic.com/fp/a030cf2ad340cbcda74dccb3a6bbdd6f-p_e.jpg"
            },
            {
                "url": "https://photos.zillowstatic.com/fp/4e1a4a2b7e02e18fecf8feacec18b0e6-p_e.jpg"
            },
            {
                "url": "https://photos.zillowstatic.com/fp/bc9200a6abcec630b5299d4ffca2ad87-p_e.jpg"
            },
            {
                "url": "https://photos.zillowstatic.com/fp/d5bebadf99ea81f98bb39826af5b1d05-p_e.jpg"
            },
            {
                "url": "https://photos.zillowstatic.com/fp/1e09d3f6d30b015cf217416876a94a64-p_e.jpg"
            },
            {
                "url": "https://photos.zillowstatic.com/fp/5be2e7483f36a838f819f1b9cc5d8b73-p_e.jpg"
            },
            {
                "url": "https://photos.zillowstatic.com/fp/624f652a06f4b013608adf0ca937a6d4-p_e.jpg"
            },
            {
                "url": "https://photos.zillowstatic.com/fp/74b1f26be21fda565f3e3df4c6038519-p_e.jpg"
            },
            {
                "url": "https://photos.zillowstatic.com/fp/2addeb2dc3499d8bd9401b0cbbaa9a86-p_e.jpg"
            },
            {
                "url": "https://photos.zillowstatic.com/fp/65a59e876234768ae8949547cf3906d7-p_e.jpg"
            },
            {
                "url": "https://photos.zillowstatic.com/fp/d3be939c18983f51f5682bceade42f1e-p_e.jpg"
            },
            {
                "url": "https://photos.zillowstatic.com/fp/c7ceb2aee8e35aa4acd1e3b2c39244c5-p_e.jpg"
            },
            {
                "url": "https://photos.zillowstatic.com/fp/82c5c9dbd2444687803cf416eea32a95-p_e.jpg"
            },
            {
                "url": "https://photos.zillowstatic.com/fp/4178963115ce41f0d2ecb519e1ceec48-p_e.jpg"
            },
            {
                "url": "https://photos.zillowstatic.com/fp/ce46acaa5cc943f7915e98fda4c75de4-p_e.jpg"
            },
            {
                "url": "https://photos.zillowstatic.com/fp/e0f8d8bcdc8fc3d246f305bfda653795-p_e.jpg"
            },
            {
                "url": "https://photos.zillowstatic.com/fp/428b4ebe5d56bb72b099f8687c941822-p_e.jpg"
            },
            {
                "url": "https://photos.zillowstatic.com/fp/201747608d8e3f68095e07019f4ce872-p_e.jpg"
            },
            {
                "url": "https://photos.zillowstatic.com/fp/b641dfa2b60298f7a0c9c9a413c4b0cb-p_e.jpg"
            },
            {
                "url": "https://photos.zillowstatic.com/fp/5b1678c40c7ae8d278f3cadd7da649b1-p_e.jpg"
            },
            {
                "url": "https://photos.zillowstatic.com/fp/b221038900466bb838fc70d01be0446b-p_e.jpg"
            },
            {
                "url": "https://photos.zillowstatic.com/fp/dd1bb455d8df6a91fa2bfee8bda7362b-p_e.jpg"
            },
            {
                "url": "https://photos.zillowstatic.com/fp/0918c422766e3d76e944512da4df6a36-p_e.jpg"
            },
            {
                "url": "https://photos.zillowstatic.com/fp/7ff5ddb0cef15e9f5b00ac0fe4a1f67f-p_e.jpg"
            },
            {
                "url": "https://photos.zillowstatic.com/fp/33aa7cc843d5d1914e2708ccd2652a61-p_e.jpg"
            },
            {
                "url": "https://photos.zillowstatic.com/fp/f4edec1c991d00105cfaa15254b531fc-p_e.jpg"
            },
            {
                "url": "https://photos.zillowstatic.com/fp/7b5c587021f8f9a3b138d8a8a23b023f-p_e.jpg"
            },
            {
                "url": "https://photos.zillowstatic.com/fp/84fbe5d3d07e06115554d2a33b946f3b-p_e.jpg"
            },
            {
                "url": "https://photos.zillowstatic.com/fp/6f3c24e1444be470df40ae459958f54d-p_e.jpg"
            },
            {
                "url": "https://photos.zillowstatic.com/fp/a818f5813d670b29c482948b0f00a475-p_e.jpg"
            },
            {
                "url": "https://photos.zillowstatic.com/fp/8a5989818b7a88632243b8a91370df5d-p_e.jpg"
            },
            {
                "url": "https://photos.zillowstatic.com/fp/e6124f3c56deb53851b93ad9a1f20936-p_e.jpg"
            },
            {
                "url": "https://photos.zillowstatic.com/fp/0378488691a3e1b84c3635c70c08b80d-p_e.jpg"
            },
            {
                "url": "https://photos.zillowstatic.com/fp/13abd107c1bc5f721047dff4abd0f9a7-p_e.jpg"
            }
        ],
        "rooms": []
    },
    {
        "zpid": "44253953",
        "id": "44253953",
        "rawHomeStatusCd": "ForSale",
        "marketingStatusSimplifiedCd": "For Sale by Agent",
        "imgSrc": "https://photos.zillowstatic.com/fp/b2d3592c7dc72b264ece844359c87e71-p_e.jpg",
        "hasImage": true,
        "detailUrl": "https://www.zillow.com/homedetails/6745-SW-132nd-Ave-APT-107-Miami-FL-33183/44253953_zpid/",
        "statusType": "FOR_SALE",
        "statusText": "Condo for sale",
        "countryCurrency": "$",
        "price": "$339,000",
        "unformattedPrice": 339000,
        "address": "6745 SW 132nd Ave APT 107, Miami, FL 33183",
        "addressStreet": "6745 SW 132nd Ave APT 107",
        "addressCity": "Miami",
        "addressState": "FL",
        "addressZipcode": "33183",
        "isUndisclosedAddress": false,
        "beds": 2,
        "baths": 2.0,
        "area": 956,
        "latLong": {
            "latitude": 25.706396,
            "longitude": -80.40678
        },
        "isZillowOwned": false,
        "variableData": {
            "type": "PRICE_REDUCTION",
            "text": "$10,900 (Jan 23)"
        },
        "hdpData": {
            "homeInfo": {
                "zpid": 44253953,
                "streetAddress": "6745 SW 132nd Ave APT 107",
                "zipcode": "33183",
                "city": "Miami",
                "state": "FL",
                "latitude": 25.706396,
                "longitude": -80.40678,
                "price": 339000.0,
                "datePriceChanged": 1705996800000,
                "bathrooms": 2.0,
                "bedrooms": 2.0,
                "livingArea": 956.0,
                "homeType": "CONDO",
                "homeStatus": "FOR_SALE",
                "daysOnZillow": 134,
                "isFeatured": false,
                "shouldHighlight": false,
                "listing_sub_type": {
                    "is_FSBA": true
                },
                "priceReduction": "$10,900 (Jan 23)",
                "isUnmappable": false,
                "isPreforeclosureAuction": false,
                "homeStatusForHDP": "FOR_SALE",
                "priceForHDP": 339000.0,
                "priceChange": -10900,
                "timeOnZillow": 11584877000,
                "isNonOwnerOccupied": true,
                "isPremierBuilder": false,
                "isZillowOwned": false,
                "currency": "USD",
                "country": "USA",
                "taxAssessedValue": 172791.0,
                "unit": "Apt 107",
                "lotAreaValue": 0.0,
                "lotAreaUnit": "sqft",
                "isShowcaseListing": false
            }
        },
        "isSaved": false,
        "isUserClaimingOwner": false,
        "isUserConfirmedClaim": false,
        "pgapt": "ForSale",
        "sgapt": "For Sale (Broker)",
        "shouldShowZestimateAsPrice": false,
        "has3DModel": false,
        "hasVideo": false,
        "isHomeRec": false,
        "hasAdditionalAttributions": true,
        "isFeaturedListing": false,
        "isShowcaseListing": false,
        "list": true,
        "relaxed": false,
        "info3String": "https://photos.zillowstatic.com/fp/a8b02d5ac61ac8b9a11bda64382b4f89-zillow_web_48_23.jpg",
        "brokerName": "Guardian Real Estate Co.",
        "carouselPhotos": [
            {
                "url": "https://photos.zillowstatic.com/fp/b2d3592c7dc72b264ece844359c87e71-p_e.jpg"
            },
            {
                "url": "https://photos.zillowstatic.com/fp/ecb90af3be212d23ca71896276e9961c-p_e.jpg"
            },
            {
                "url": "https://photos.zillowstatic.com/fp/9fd701c162d4eca8a74bd5f633e862d8-p_e.jpg"
            },
            {
                "url": "https://photos.zillowstatic.com/fp/3c5c3486352fb85370e3596b7348a26b-p_e.jpg"
            },
            {
                "url": "https://photos.zillowstatic.com/fp/39a4fadfbdfc66d83ca23f00eb65221a-p_e.jpg"
            },
            {
                "url": "https://photos.zillowstatic.com/fp/de8b210230784c0884f686c48677342c-p_e.jpg"
            },
            {
                "url": "https://photos.zillowstatic.com/fp/87b1b0cfbc1069d67c702ed5df878ec2-p_e.jpg"
            },
            {
                "url": "https://photos.zillowstatic.com/fp/d59357ddbd7a14a969b87a52e042ca0f-p_e.jpg"
            },
            {
                "url": "https://photos.zillowstatic.com/fp/5a279cb04b32557a33eeda9d38cbdd42-p_e.jpg"
            },
            {
                "url": "https://photos.zillowstatic.com/fp/6061dcb46d8e94d87c201e0cb980b312-p_e.jpg"
            },
            {
                "url": "https://photos.zillowstatic.com/fp/cfd596d935c6298075a3b4c1fc80aaf7-p_e.jpg"
            },
            {
                "url": "https://photos.zillowstatic.com/fp/170edc97e2c23b2b10f9ff74c6860727-p_e.jpg"
            },
            {
                "url": "https://photos.zillowstatic.com/fp/a7313494dfac3d83559c54164fb58f7d-p_e.jpg"
            },
            {
                "url": "https://photos.zillowstatic.com/fp/61806b4a194386173f48a97ea018aeda-p_e.jpg"
            },
            {
                "url": "https://photos.zillowstatic.com/fp/9f23531f097bbbdb6e2ce05b109a37a9-p_e.jpg"
            },
            {
                "url": "https://photos.zillowstatic.com/fp/2b4cd794108f20a66112b23e2eafd63d-p_e.jpg"
            },
            {
                "url": "https://photos.zillowstatic.com/fp/6f6e65bbf2fe1a6016588fd5fc4b9a6b-p_e.jpg"
            },
            {
                "url": "https://photos.zillowstatic.com/fp/291c8b155785bcf8d7f6957b45e0b499-p_e.jpg"
            },
            {
                "url": "https://photos.zillowstatic.com/fp/2d97c6aa57bd0640c0b1333147c37405-p_e.jpg"
            },
            {
                "url": "https://photos.zillowstatic.com/fp/8b98dcf5cc3e7b9475d48760141f7f9f-p_e.jpg"
            },
            {
                "url": "https://photos.zillowstatic.com/fp/2d39c6e26159e19995502fe9b768d41a-p_e.jpg"
            },
            {
                "url": "https://photos.zillowstatic.com/fp/33a8ea314158b36362e68c6883bb84e4-p_e.jpg"
            },
            {
                "url": "https://photos.zillowstatic.com/fp/3556f3b63d8811a7997fafe84948f331-p_e.jpg"
            },
            {
                "url": "https://photos.zillowstatic.com/fp/5c702c982d4a526af244989a0e626740-p_e.jpg"
            },
            {
                "url": "https://photos.zillowstatic.com/fp/21c78f03d6d89523f725718fd5c51739-p_e.jpg"
            },
            {
                "url": "https://photos.zillowstatic.com/fp/b5d2dacadfb2c0bfd10298b104b050b4-p_e.jpg"
            },
            {
                "url": "https://photos.zillowstatic.com/fp/308d76f3ae6170ab644f205859e6a7e3-p_e.jpg"
            },
            {
                "url": "https://photos.zillowstatic.com/fp/8ae19dd8664407247631a4234f920219-p_e.jpg"
            },
            {
                "url": "https://photos.zillowstatic.com/fp/43dd8dec7eace64c8cdbfbe6a62973af-p_e.jpg"
            },
            {
                "url": "https://photos.zillowstatic.com/fp/f28bc276046033eb958f3381decea88b-p_e.jpg"
            },
            {
                "url": "https://photos.zillowstatic.com/fp/d75f30c67754858fd40f96ea385cea80-p_e.jpg"
            },
            {
                "url": "https://photos.zillowstatic.com/fp/282608501226be609a835a1417a6914e-p_e.jpg"
            },
            {
                "url": "https://photos.zillowstatic.com/fp/4b11abd6b017b6487b89061023918868-p_e.jpg"
            },
            {
                "url": "https://photos.zillowstatic.com/fp/bb629e69955e926e46725115f18efa93-p_e.jpg"
            },
            {
                "url": "https://photos.zillowstatic.com/fp/f2db6dfcd4863e13fdedd5fb6848f5d7-p_e.jpg"
            },
            {
                "url": "https://photos.zillowstatic.com/fp/897e7a45465728fb9627859f8a9f1dd3-p_e.jpg"
            },
            {
                "url": "https://photos.zillowstatic.com/fp/9e5193d63a2437a66e2b88b4718f7ca3-p_e.jpg"
            }
        ],
        "rooms": []
    },
    {
        "zpid": "44258959",
        "id": "44258959",
        "rawHomeStatusCd": "ForSale",
        "marketingStatusSimplifiedCd": "For Sale by Agent",
        "imgSrc": "https://photos.zillowstatic.com/fp/6dc93a31516dd9aa72570c157e97280c-p_e.jpg",
        "hasImage": true,
        "detailUrl": "https://www.zillow.com/homedetails/6255-Kendale-Lakes-Cir-218-Miami-FL-33183/44258959_zpid/",
        "statusType": "FOR_SALE",
        "statusText": "Condo for sale",
        "countryCurrency": "$",
        "price": "$329,000",
        "unformattedPrice": 329000,
        "address": "6255 Kendale Lakes Cir #218, Miami, FL 33183",
        "addressStreet": "6255 Kendale Lakes Cir #218",
        "addressCity": "Miami",
        "addressState": "FL",
        "addressZipcode": "33183",
        "isUndisclosedAddress": false,
        "beds": 3,
        "baths": 3.0,
        "area": 1220,
        "latLong": {
            "latitude": 25.705414,
            "longitude": -80.424675
        },
        "isZillowOwned": false,
        "variableData": {
            "type": "PRICE_REDUCTION",
            "text": "$1,000 (Jan 12)"
        },
        "hdpData": {
            "homeInfo": {
                "zpid": 44258959,
                "streetAddress": "6255 Kendale Lakes Cir #218",
                "zipcode": "33183",
                "city": "Miami",
                "state": "FL",
                "latitude": 25.705414,
                "longitude": -80.424675,
                "price": 329000.0,
                "datePriceChanged": 1705046400000,
                "bathrooms": 3.0,
                "bedrooms": 3.0,
                "livingArea": 1220.0,
                "homeType": "CONDO",
                "homeStatus": "FOR_SALE",
                "daysOnZillow": 182,
                "isFeatured": false,
                "shouldHighlight": false,
                "rentZestimate": 2879,
                "listing_sub_type": {
                    "is_FSBA": true
                },
                "priceReduction": "$1,000 (Jan 12)",
                "isUnmappable": false,
                "isPreforeclosureAuction": false,
                "homeStatusForHDP": "FOR_SALE",
                "priceForHDP": 329000.0,
                "priceChange": -1000,
                "timeOnZillow": 15732077000,
                "isNonOwnerOccupied": true,
                "isPremierBuilder": false,
                "isZillowOwned": false,
                "currency": "USD",
                "country": "USA",
                "taxAssessedValue": 170000.0,
                "unit": "# 218",
                "lotAreaValue": 0.0,
                "lotAreaUnit": "sqft",
                "isShowcaseListing": false
            }
        },
        "isSaved": false,
        "isUserClaimingOwner": false,
        "isUserConfirmedClaim": false,
        "pgapt": "ForSale",
        "sgapt": "For Sale (Broker)",
        "shouldShowZestimateAsPrice": false,
        "has3DModel": false,
        "hasVideo": false,
        "isHomeRec": false,
        "hasAdditionalAttributions": true,
        "isFeaturedListing": false,
        "isShowcaseListing": false,
        "list": true,
        "relaxed": false,
        "info3String": "https://photos.zillowstatic.com/fp/a8b02d5ac61ac8b9a11bda64382b4f89-zillow_web_48_23.jpg",
        "brokerName": "Vanguard Group Realty LLC",
        "carouselPhotos": [
            {
                "url": "https://photos.zillowstatic.com/fp/6dc93a31516dd9aa72570c157e97280c-p_e.jpg"
            },
            {
                "url": "https://photos.zillowstatic.com/fp/beaf45215b720d28913617df927d31c9-p_e.jpg"
            },
            {
                "url": "https://photos.zillowstatic.com/fp/a8861f4a562eacf2dc308b9da36a6f21-p_e.jpg"
            },
            {
                "url": "https://photos.zillowstatic.com/fp/83fd00f2fd34cc736a50c6dd55065a62-p_e.jpg"
            },
            {
                "url": "https://photos.zillowstatic.com/fp/2df1b2b6166a94952542c13db8413c29-p_e.jpg"
            },
            {
                "url": "https://photos.zillowstatic.com/fp/eb270a4fb13b33b0d365f4ca18ec19f2-p_e.jpg"
            },
            {
                "url": "https://photos.zillowstatic.com/fp/899e153037d6d52e2f02dfdee50edd85-p_e.jpg"
            },
            {
                "url": "https://photos.zillowstatic.com/fp/a9e47afbb39f8e2b621655456681d706-p_e.jpg"
            },
            {
                "url": "https://photos.zillowstatic.com/fp/e958e22865daf4c3f8fe79f21cacf61e-p_e.jpg"
            },
            {
                "url": "https://photos.zillowstatic.com/fp/19ff1682aff1e37603fe0e5787c56488-p_e.jpg"
            },
            {
                "url": "https://photos.zillowstatic.com/fp/e4bfa2680450fe833cc48a68109bd617-p_e.jpg"
            },
            {
                "url": "https://photos.zillowstatic.com/fp/4a1063384ff352f0d70e1af1cbfb7cfe-p_e.jpg"
            },
            {
                "url": "https://photos.zillowstatic.com/fp/46609affce8e3d13a4441f0828d717a7-p_e.jpg"
            },
            {
                "url": "https://photos.zillowstatic.com/fp/d94f5f83d7121d01a7c911e8bd41abc7-p_e.jpg"
            },
            {
                "url": "https://photos.zillowstatic.com/fp/020cf94cf0fda23c8017840574190282-p_e.jpg"
            },
            {
                "url": "https://photos.zillowstatic.com/fp/e20bec6492e5a6ae24a04d76db8a2f5d-p_e.jpg"
            },
            {
                "url": "https://photos.zillowstatic.com/fp/9683142e4364ea678189355e5e6433b5-p_e.jpg"
            },
            {
                "url": "https://photos.zillowstatic.com/fp/5f9b97e78025755bed5defd81352db42-p_e.jpg"
            },
            {
                "url": "https://photos.zillowstatic.com/fp/148631b03812b2afd88f5603ca65dd84-p_e.jpg"
            },
            {
                "url": "https://photos.zillowstatic.com/fp/a15f3b9c32fc91dbac6b194109135ae9-p_e.jpg"
            },
            {
                "url": "https://photos.zillowstatic.com/fp/f3a6bf527af8a19d7c6f4ba0845f4cd1-p_e.jpg"
            },
            {
                "url": "https://photos.zillowstatic.com/fp/6ca6218e3702d5f75b3d251d054da8cb-p_e.jpg"
            },
            {
                "url": "https://photos.zillowstatic.com/fp/e9399fff64e30652af4e88af70f35ec7-p_e.jpg"
            },
            {
                "url": "https://photos.zillowstatic.com/fp/9ef85bad6e88f4fffadb37b4c61ebb6a-p_e.jpg"
            },
            {
                "url": "https://photos.zillowstatic.com/fp/6ef1c72fe34130b72b3d2f17a5d2a870-p_e.jpg"
            },
            {
                "url": "https://photos.zillowstatic.com/fp/5fa30dfa58a5c70251a969ba8bc18e72-p_e.jpg"
            },
            {
                "url": "https://photos.zillowstatic.com/fp/fac8ea2d4c29d0ebefcd4988318d280b-p_e.jpg"
            },
            {
                "url": "https://photos.zillowstatic.com/fp/b22d2ab5df00121659c633555aff9660-p_e.jpg"
            },
            {
                "url": "https://photos.zillowstatic.com/fp/0b176862c3e96c3c21634f5983b8293b-p_e.jpg"
            },
            {
                "url": "https://photos.zillowstatic.com/fp/88b51e2a2b25d82ce595cdfab436d8ef-p_e.jpg"
            },
            {
                "url": "https://photos.zillowstatic.com/fp/4290cbf1d8df8a843a067dc2e2fd1bf6-p_e.jpg"
            }
        ],
        "rooms": []
    },
    {
        "zpid": "44255187",
        "id": "44255187",
        "rawHomeStatusCd": "ForSale",
        "marketingStatusSimplifiedCd": "For Sale by Agent",
        "imgSrc": "https://photos.zillowstatic.com/fp/696437a4b578a46161ec29badb2a00db-p_e.jpg",
        "hasImage": true,
        "detailUrl": "https://www.zillow.com/homedetails/12760-SW-65th-St-Miami-FL-33183/44255187_zpid/",
        "statusType": "FOR_SALE",
        "statusText": "House for sale",
        "countryCurrency": "$",
        "price": "$675,000",
        "unformattedPrice": 675000,
        "address": "12760 SW 65th St, Miami, FL 33183",
        "addressStreet": "12760 SW 65th St",
        "addressCity": "Miami",
        "addressState": "FL",
        "addressZipcode": "33183",
        "isUndisclosedAddress": false,
        "beds": 3,
        "baths": 2.0,
        "area": 1495,
        "latLong": {
            "latitude": 25.706533,
            "longitude": -80.401245
        },
        "isZillowOwned": false,
        "variableData": {
            "type": "DAYS_ON",
            "text": "241 days on Zillow"
        },
        "hdpData": {
            "homeInfo": {
                "zpid": 44255187,
                "streetAddress": "12760 SW 65th St",
                "zipcode": "33183",
                "city": "Miami",
                "state": "FL",
                "latitude": 25.706533,
                "longitude": -80.401245,
                "price": 675000.0,
                "bathrooms": 2.0,
                "bedrooms": 3.0,
                "livingArea": 1495.0,
                "homeType": "SINGLE_FAMILY",
                "homeStatus": "FOR_SALE",
                "daysOnZillow": 241,
                "isFeatured": false,
                "shouldHighlight": false,
                "rentZestimate": 3628,
                "listing_sub_type": {
                    "is_FSBA": true
                },
                "isUnmappable": false,
                "isPreforeclosureAuction": false,
                "homeStatusForHDP": "FOR_SALE",
                "priceForHDP": 675000.0,
                "timeOnZillow": 20829677000,
                "isNonOwnerOccupied": true,
                "isPremierBuilder": false,
                "isZillowOwned": false,
                "currency": "USD",
                "country": "USA",
                "taxAssessedValue": 400089.0,
                "lotAreaValue": 6257.0,
                "lotAreaUnit": "sqft",
                "isShowcaseListing": false
            }
        },
        "isSaved": false,
        "isUserClaimingOwner": false,
        "isUserConfirmedClaim": false,
        "pgapt": "ForSale",
        "sgapt": "For Sale (Broker)",
        "shouldShowZestimateAsPrice": false,
        "has3DModel": false,
        "hasVideo": false,
        "isHomeRec": false,
        "hasAdditionalAttributions": true,
        "isFeaturedListing": false,
        "isShowcaseListing": false,
        "list": true,
        "relaxed": false,
        "info3String": "https://photos.zillowstatic.com/fp/a8b02d5ac61ac8b9a11bda64382b4f89-zillow_web_48_23.jpg",
        "brokerName": "GRM International Realty, Inc.",
        "carouselPhotos": [
            {
                "url": "https://photos.zillowstatic.com/fp/696437a4b578a46161ec29badb2a00db-p_e.jpg"
            },
            {
                "url": "https://photos.zillowstatic.com/fp/b23510496ad86211fc94bbf01569e650-p_e.jpg"
            },
            {
                "url": "https://photos.zillowstatic.com/fp/a3eb6a695d8d0c094ff6eb744c1e7edb-p_e.jpg"
            },
            {
                "url": "https://photos.zillowstatic.com/fp/8c0d4c30003d031e93dbd3d152f8a804-p_e.jpg"
            },
            {
                "url": "https://photos.zillowstatic.com/fp/d9179d56f661d61938790074672ea4ed-p_e.jpg"
            },
            {
                "url": "https://photos.zillowstatic.com/fp/206c49c42054dae3d3ae406eed6e7d9e-p_e.jpg"
            },
            {
                "url": "https://photos.zillowstatic.com/fp/68cf9505a2a0fec52ef3e32c8dfcf29a-p_e.jpg"
            },
            {
                "url": "https://photos.zillowstatic.com/fp/a5b4fbc2e3bccde5ce9ec9fddd72aac1-p_e.jpg"
            },
            {
                "url": "https://photos.zillowstatic.com/fp/4b0b2c6629091e6f92eb78cc3fad742d-p_e.jpg"
            },
            {
                "url": "https://photos.zillowstatic.com/fp/d8a4911da17fe697ecc61f7e80f5eb09-p_e.jpg"
            },
            {
                "url": "https://photos.zillowstatic.com/fp/202905f6ea6381348f4a9eba05968e00-p_e.jpg"
            },
            {
                "url": "https://photos.zillowstatic.com/fp/f07cc5b494a4fd941125a9f353bfaaa6-p_e.jpg"
            },
            {
                "url": "https://photos.zillowstatic.com/fp/e6e9211761b0fc87da76f13af2b1814f-p_e.jpg"
            },
            {
                "url": "https://photos.zillowstatic.com/fp/af72b539bc34daeebe47471201ef19ce-p_e.jpg"
            },
            {
                "url": "https://photos.zillowstatic.com/fp/5acb05e27989e977809f1255edd6c4d1-p_e.jpg"
            },
            {
                "url": "https://photos.zillowstatic.com/fp/dc0facb4a356ad88d1a488f823328b19-p_e.jpg"
            },
            {
                "url": "https://photos.zillowstatic.com/fp/34733157f106c86ceed71451a939c4e6-p_e.jpg"
            },
            {
                "url": "https://photos.zillowstatic.com/fp/6a66c768066d0d48dadf8ad39dab687b-p_e.jpg"
            },
            {
                "url": "https://photos.zillowstatic.com/fp/3e4c5f03ccac6fd375d8e6548d1ed8b5-p_e.jpg"
            }
        ],
        "rooms": []
    },
    {
        "zpid": "44270137",
        "id": "44270137",
        "rawHomeStatusCd": "ForSale",
        "marketingStatusSimplifiedCd": "For Sale by Agent",
        "imgSrc": "https://photos.zillowstatic.com/fp/23de87a34878dd2c9230971248703be2-p_e.jpg",
        "hasImage": true,
        "detailUrl": "https://www.zillow.com/homedetails/8647-SW-137th-Ave-8647-Miami-FL-33183/44270137_zpid/",
        "statusType": "FOR_SALE",
        "statusText": "Townhouse for sale",
        "countryCurrency": "$",
        "price": "$399,000",
        "unformattedPrice": 399000,
        "address": "8647 SW 137th Ave #8647, Miami, FL 33183",
        "addressStreet": "8647 SW 137th Ave #8647",
        "addressCity": "Miami",
        "addressState": "FL",
        "addressZipcode": "33183",
        "isUndisclosedAddress": false,
        "beds": 2,
        "baths": 3.0,
        "area": 1346,
        "latLong": {
            "latitude": 25.686983,
            "longitude": -80.415
        },
        "isZillowOwned": false,
        "variableData": {
            "type": "PRICE_REDUCTION",
            "text": "$16,000 (Nov 2)"
        },
        "hdpData": {
            "homeInfo": {
                "zpid": 44270137,
                "streetAddress": "8647 SW 137th Ave #8647",
                "zipcode": "33183",
                "city": "Miami",
                "state": "FL",
                "latitude": 25.686983,
                "longitude": -80.415,
                "price": 399000.0,
                "datePriceChanged": 1698908400000,
                "bathrooms": 3.0,
                "bedrooms": 2.0,
                "livingArea": 1346.0,
                "homeType": "TOWNHOUSE",
                "homeStatus": "FOR_SALE",
                "daysOnZillow": 286,
                "isFeatured": false,
                "shouldHighlight": false,
                "zestimate": 378500,
                "rentZestimate": 2650,
                "listing_sub_type": {
                    "is_FSBA": true
                },
                "priceReduction": "$16,000 (Nov 2)",
                "isUnmappable": false,
                "isPreforeclosureAuction": false,
                "homeStatusForHDP": "FOR_SALE",
                "priceForHDP": 399000.0,
                "priceChange": -16000,
                "timeOnZillow": 24717677000,
                "isNonOwnerOccupied": true,
                "isPremierBuilder": false,
                "isZillowOwned": false,
                "currency": "USD",
                "country": "USA",
                "taxAssessedValue": 196730.0,
                "unit": "# 8647",
                "lotAreaValue": 0.0,
                "lotAreaUnit": "sqft",
                "isShowcaseListing": false
            }
        },
        "isSaved": false,
        "isUserClaimingOwner": false,
        "isUserConfirmedClaim": false,
        "pgapt": "ForSale",
        "sgapt": "For Sale (Broker)",
        "zestimate": 378500,
        "shouldShowZestimateAsPrice": false,
        "has3DModel": false,
        "hasVideo": false,
        "isHomeRec": false,
        "hasAdditionalAttributions": true,
        "isFeaturedListing": false,
        "isShowcaseListing": false,
        "list": true,
        "relaxed": false,
        "info3String": "https://photos.zillowstatic.com/fp/a8b02d5ac61ac8b9a11bda64382b4f89-zillow_web_48_23.jpg",
        "brokerName": "Horizon Homes Realty Corp",
        "carouselPhotos": [
            {
                "url": "https://photos.zillowstatic.com/fp/23de87a34878dd2c9230971248703be2-p_e.jpg"
            },
            {
                "url": "https://photos.zillowstatic.com/fp/4edb8d1a5ccc8fe36c407f93b2c664ed-p_e.jpg"
            },
            {
                "url": "https://photos.zillowstatic.com/fp/705398dadbddcf4816094c355d5d5cc9-p_e.jpg"
            },
            {
                "url": "https://photos.zillowstatic.com/fp/e4425a7e374f047ef34d14a23d26a369-p_e.jpg"
            },
            {
                "url": "https://photos.zillowstatic.com/fp/ae68edbc61a50f5a1219efbd9702a326-p_e.jpg"
            },
            {
                "url": "https://photos.zillowstatic.com/fp/cfb492bf0d12f767f3ea7d7ffcdd3f1d-p_e.jpg"
            },
            {
                "url": "https://photos.zillowstatic.com/fp/ba00dd1ec364c82dbfe2d8887e9206e3-p_e.jpg"
            },
            {
                "url": "https://photos.zillowstatic.com/fp/928e55e11a5d9e107cf499397f6c76ed-p_e.jpg"
            },
            {
                "url": "https://photos.zillowstatic.com/fp/0c809c7fcff078ecebe1ce9b2c936caf-p_e.jpg"
            },
            {
                "url": "https://photos.zillowstatic.com/fp/1be97639a19b3074d21822c6fb1eceb0-p_e.jpg"
            },
            {
                "url": "https://photos.zillowstatic.com/fp/752674340ba71ab31960990b0e685fb2-p_e.jpg"
            },
            {
                "url": "https://photos.zillowstatic.com/fp/a358ec520689e186c36565fbb27164db-p_e.jpg"
            },
            {
                "url": "https://photos.zillowstatic.com/fp/65991956a9514f278c3a73bccc3c9632-p_e.jpg"
            },
            {
                "url": "https://photos.zillowstatic.com/fp/c9b2536f617829b7dc9e7aa134146e92-p_e.jpg"
            },
            {
                "url": "https://photos.zillowstatic.com/fp/95106dca4c8dd01dc71e057fdb1737c6-p_e.jpg"
            },
            {
                "url": "https://photos.zillowstatic.com/fp/0b2fe537f4b2f90af1edc90dbf3a3bb6-p_e.jpg"
            },
            {
                "url": "https://photos.zillowstatic.com/fp/6217f52b1e61facaaf67d8924f314d8f-p_e.jpg"
            },
            {
                "url": "https://photos.zillowstatic.com/fp/dd287f3fde1ef518944f21ca846bda4b-p_e.jpg"
            },
            {
                "url": "https://photos.zillowstatic.com/fp/68f9e879dd10331a2783ae21a8443fd3-p_e.jpg"
            },
            {
                "url": "https://photos.zillowstatic.com/fp/445a66fc9fdef1bb432332df0ead0ff6-p_e.jpg"
            },
            {
                "url": "https://photos.zillowstatic.com/fp/99e801a348b6a7f06a2d10b78104d522-p_e.jpg"
            }
        ],
        "rooms": []
    }
]