{
    "user_info": {
        "isLoggedIn": false,
        "hasHousingConnectorPermission": false,
        "savedHomesCount": 0,
        "personalizedSearchTraceID": "c84db283b4d6318e5204a05c965812f2",
        "guid": "98677fb7-3088-4ba6-b3d2-d4c284999758",
        "zuid": "",
        "isBot": false,
        "email": "",
        "displayName": ""
    },
    "map_state": {
        "customRegionPolygonWkt": null,
        "schoolPolygonWkt": null,
        "isCurrentLocationSearch": false,
        "userPosition": {
            "lat": null,
            "lon": null
        }
    },
    "region_state": {
        "regionInfo": [
            {
                "regionId": 72485,
                "regionType": 7,
                "regionName": "33183",
                "displayName": "FL 33183",
                "isPointRegion": false
            }
        ],
        "regionBounds": {
            "north": 25.715405,
            "south": 25.68497,
            "east": -80.366043,
            "west": -80.431068
        }
    },
    "search_page_seo": {
        "baseUrl": "/fl-33183/",
        "windowTitle": "33183 Real Estate - 33183 Homes For Sale | Zillow",
        "metaDescription": "Zillow has 46 homes for sale in 33183. View listing photos, review sales history, and use our detailed real estate filters to find the perfect place."
    },
    "request_id": 4
}