{
    "user_info": {
        "isLoggedIn": false,
        "hasHousingConnectorPermission": false,
        "savedHomesCount": 0,
        "personalizedSearchTraceID": "299055da77ebac5ec3b6b572dbdb076d",
        "guid": "501a9ff7-6c4f-4054-b3c0-e0208ea0b99c",
        "zuid": "",
        "isBot": false,
        "email": "",
        "displayName": ""
    },
    "map_state": {
        "customRegionPolygonWkt": null,
        "schoolPolygonWkt": null,
        "isCurrentLocationSearch": false,
        "userPosition": {
            "lat": null,
            "lon": null
        }
    },
    "region_state": {
        "regionInfo": [
            {
                "regionId": 72349,
                "regionType": 7,
                "regionName": "33011",
                "displayName": "Hialeah FL 33011",
                "isPointRegion": true
            }
        ],
        "regionBounds": {
            "north": 25.842915,
            "south": 25.806684999999998,
            "east": -80.261385,
            "west": -80.297615
        }
    },
    "search_page_seo": {
        "baseUrl": "/hialeah-fl-33011/",
        "windowTitle": "33011 Real Estate - 33011 Homes For Sale | Zillow",
        "metaDescription": "Zillow has 20 homes for sale in 33011. View listing photos, review sales history, and use our detailed real estate filters to find the perfect place."
    },
    "request_id": 4
}