[
    {
        "zpid": "43935485",
        "id": "43935485",
        "rawHomeStatusCd": "ForSale",
        "marketingStatusSimplifiedCd": "For Sale by Agent",
        "imgSrc": "https://photos.zillowstatic.com/fp/138ce2e919c32a5242ce180e03586893-p_e.jpg",
        "hasImage": true,
        "detailUrl": "https://www.zillow.com/homedetails/5310-W-26th-Ave-103-Hialeah-FL-33016/43935485_zpid/",
        "statusType": "FOR_SALE",
        "statusText": "Townhouse for sale",
        "countryCurrency": "$",
        "price": "$377,500",
        "unformattedPrice": 377500,
        "address": "5310 W 26th Ave #103, Hialeah, FL 33016",
        "addressStreet": "5310 W 26th Ave #103",
        "addressCity": "Hialeah",
        "addressState": "FL",
        "addressZipcode": "33016",
        "isUndisclosedAddress": false,
        "beds": 3,
        "baths": 3.0,
        "area": 1182,
        "latLong": {
            "latitude": 25.871122,
            "longitude": -80.33484
        },
        "isZillowOwned": false,
        "variableData": {
            "type": "PRICE_REDUCTION",
            "text": "$1,500 (Jan 16)"
        },
        "hdpData": {
            "homeInfo": {
                "zpid": 43935485,
                "streetAddress": "5310 W 26th Ave #103",
                "zipcode": "33016",
                "city": "Hialeah",
                "state": "FL",
                "latitude": 25.871122,
                "longitude": -80.33484,
                "price": 377500.0,
                "datePriceChanged": 1705392000000,
                "bathrooms": 3.0,
                "bedrooms": 3.0,
                "livingArea": 1182.0,
                "homeType": "TOWNHOUSE",
                "homeStatus": "FOR_SALE",
                "daysOnZillow": 244,
                "isFeatured": false,
                "shouldHighlight": false,
                "rentZestimate": 3200,
                "listing_sub_type": {
                    "is_FSBA": true
                },
                "priceReduction": "$1,500 (Jan 16)",
                "isUnmappable": false,
                "isPreforeclosureAuction": false,
                "homeStatusForHDP": "FOR_SALE",
                "priceForHDP": 377500.0,
                "priceChange": -1500,
                "timeOnZillow": 21085863000,
                "isNonOwnerOccupied": true,
                "isPremierBuilder": false,
                "isZillowOwned": false,
                "currency": "USD",
                "country": "USA",
                "taxAssessedValue": 189000.0,
                "unit": "# 103",
                "lotAreaValue": 0.0,
                "lotAreaUnit": "sqft",
                "isShowcaseListing": false
            }
        },
        "isSaved": false,
        "isUserClaimingOwner": false,
        "isUserConfirmedClaim": false,
        "pgapt": "ForSale",
        "sgapt": "For Sale (Broker)",
        "shouldShowZestimateAsPrice": false,
        "has3DModel": false,
        "hasVideo": false,
        "isHomeRec": false,
        "hasAdditionalAttributions": true,
        "isFeaturedListing": false,
        "isShowcaseListing": false,
        "list": true,
        "relaxed": false,
        "info3String": "https://photos.zillowstatic.com/fp/a8b02d5ac61ac8b9a11bda64382b4f89-zillow_web_48_23.jpg",
        "brokerName": "Maykel Fernandez R.E.Broker",
        "carouselPhotos": [
            {
                "url": "https://photos.zillowstatic.com/fp/138ce2e919c32a5242ce180e03586893-p_e.jpg"
            },
            {
                "url": "https://photos.zillowstatic.com/fp/89b0f32258496ccff7167637ee827269-p_e.jpg"
            },
            {
                "url": "https://photos.zillowstatic.com/fp/c849ebbdd154e749bc8019c6975d8ef9-p_e.jpg"
            },
            {
                "url": "https://photos.zillowstatic.com/fp/3bcecd45c8093283772188325dfe29b6-p_e.jpg"
            },
            {
                "url": "https://photos.zillowstatic.com/fp/cc72b38eaa69d3521b04051a11bf8cdf-p_e.jpg"
            },
            {
                "url": "https://photos.zillowstatic.com/fp/158d2b4a096f54200e7d3efda70d0398-p_e.jpg"
            },
            {
                "url": "https://photos.zillowstatic.com/fp/214b7c0f5a20a5a6357f7c2bb4a6efe1-p_e.jpg"
            },
            {
                "url": "https://photos.zillowstatic.com/fp/c14fca314b84d5d662c30266b3af958c-p_e.jpg"
            },
            {
                "url": "https://photos.zillowstatic.com/fp/e58199498bb6ced041b83b6f4bb8e2b8-p_e.jpg"
            },
            {
                "url": "https://photos.zillowstatic.com/fp/9824da8f8f837c8e47189771b4d826e2-p_e.jpg"
            },
            {
                "url": "https://photos.zillowstatic.com/fp/ab4a670478aa3455bf246313111bd003-p_e.jpg"
            },
            {
                "url": "https://photos.zillowstatic.com/fp/770ddce0f9f66e055508e0bec77e8538-p_e.jpg"
            },
            {
                "url": "https://photos.zillowstatic.com/fp/792f8297c6ba067a4c3679bacb675f09-p_e.jpg"
            },
            {
                "url": "https://photos.zillowstatic.com/fp/9fb9437437799f23cd388a7412270fee-p_e.jpg"
            },
            {
                "url": "https://photos.zillowstatic.com/fp/dd304b818f58ca7187bae63a786193ea-p_e.jpg"
            },
            {
                "url": "https://photos.zillowstatic.com/fp/d55b9d386712b5b0682dbcd1e73abad9-p_e.jpg"
            },
            {
                "url": "https://photos.zillowstatic.com/fp/527e3ca60591d473b3bd5a9089482fd4-p_e.jpg"
            },
            {
                "url": "https://photos.zillowstatic.com/fp/330b5eaf72a69cfc198a74b90e067556-p_e.jpg"
            },
            {
                "url": "https://photos.zillowstatic.com/fp/83eaf474fe878e753183fce5e50c799b-p_e.jpg"
            },
            {
                "url": "https://photos.zillowstatic.com/fp/0ea4211820da387bef7a0ec1d79cd55c-p_e.jpg"
            },
            {
                "url": "https://photos.zillowstatic.com/fp/f50dd4474861ccd1f4cdd5aee254bf9d-p_e.jpg"
            },
            {
                "url": "https://photos.zillowstatic.com/fp/d88a764905e630d3d4a793df01fd6552-p_e.jpg"
            },
            {
                "url": "https://photos.zillowstatic.com/fp/9fc0a1410c3457ab3f418c82204bb486-p_e.jpg"
            },
            {
                "url": "https://photos.zillowstatic.com/fp/f583315372307fee296977e876a4b940-p_e.jpg"
            },
            {
                "url": "https://photos.zillowstatic.com/fp/fce305b749ed102ef15da17984651a05-p_e.jpg"
            },
            {
                "url": "https://photos.zillowstatic.com/fp/5cead457f93704cc2a0fcdaa4199ace4-p_e.jpg"
            },
            {
                "url": "https://photos.zillowstatic.com/fp/99f5e0dd3caa1350522554252cf797b2-p_e.jpg"
            },
            {
                "url": "https://photos.zillowstatic.com/fp/d7fccdaf24a17e7af4047a26abdce945-p_e.jpg"
            },
            {
                "url": "https://photos.zillowstatic.com/fp/a68afdb0ad5bb0e85e1f24a3668419a4-p_e.jpg"
            },
            {
                "url": "https://photos.zillowstatic.com/fp/07b47b3baaefcae454658bbc67affe11-p_e.jpg"
            },
            {
                "url": "https://photos.zillowstatic.com/fp/42f685743108d41a5b454cd4b594d3e1-p_e.jpg"
            },
            {
                "url": "https://photos.zillowstatic.com/fp/16d0033742a4ab48ea2a1f17251c4fb2-p_e.jpg"
            },
            {
                "url": "https://photos.zillowstatic.com/fp/ab39435d1111fabe77e0766c4376eb24-p_e.jpg"
            },
            {
                "url": "https://photos.zillowstatic.com/fp/5a19c4b0539bfec2c1d2436047550956-p_e.jpg"
            },
            {
                "url": "https://photos.zillowstatic.com/fp/5a267c29064371a12c5f318bfff49ea7-p_e.jpg"
            },
            {
                "url": "https://photos.zillowstatic.com/fp/599e77f82e9583035c2a981ee409db8b-p_e.jpg"
            }
        ],
        "rooms": []
    }
]