{
    "user_info": {
        "isLoggedIn": false,
        "hasHousingConnectorPermission": false,
        "savedHomesCount": 0,
        "personalizedSearchTraceID": "09b88dc16491b028a633660227fbc056",
        "guid": "ed134a39-a737-48b5-a4a0-96ed058e02dc",
        "zuid": "",
        "isBot": false,
        "email": "",
        "displayName": ""
    },
    "map_state": {
        "customRegionPolygonWkt": null,
        "schoolPolygonWkt": null,
        "isCurrentLocationSearch": false,
        "userPosition": {
            "lat": null,
            "lon": null
        }
    },
    "region_state": {
        "regionInfo": [
            {
                "regionId": 72354,
                "regionType": 7,
                "regionName": "33016",
                "displayName": "Hialeah FL 33016",
                "isPointRegion": false
            }
        ],
        "regionBounds": {
            "north": 25.927774,
            "south": 25.854665,
            "east": -80.321904,
            "west": -80.350742
        }
    },
    "search_page_seo": {
        "baseUrl": "/hialeah-fl-33016/",
        "windowTitle": "33016 Real Estate - 33016 Homes For Sale | Zillow",
        "metaDescription": "Zillow has 42 homes for sale in 33016. View listing photos, review sales history, and use our detailed real estate filters to find the perfect place."
    },
    "request_id": 4
}