[
    {
        "zpid": "72575779",
        "id": "72575779",
        "rawHomeStatusCd": "ForSale",
        "marketingStatusSimplifiedCd": "For Sale by Agent",
        "imgSrc": "https://photos.zillowstatic.com/fp/ea1087af53009414815411886b0638c0-p_e.jpg",
        "hasImage": true,
        "detailUrl": "https://www.zillow.com/homedetails/18101-Collins-Ave-APT-1806-Sunny-Isles-Beach-FL-33160/72575779_zpid/",
        "statusType": "FOR_SALE",
        "statusText": "Condo for sale",
        "countryCurrency": "$",
        "price": "$949,000",
        "unformattedPrice": 949000,
        "address": "18101 Collins Ave APT 1806, Sunny Isles Beach, FL 33160",
        "addressStreet": "18101 Collins Ave APT 1806",
        "addressCity": "Sunny Isles Beach",
        "addressState": "FL",
        "addressZipcode": "33160",
        "isUndisclosedAddress": false,
        "beds": 1,
        "baths": 2.0,
        "area": 1168,
        "latLong": {
            "latitude": 25.943935,
            "longitude": -80.12005
        },
        "isZillowOwned": false,
        "variableData": {
            "type": "PRICE_REDUCTION",
            "text": "$28,000 (Jan 8)"
        },
        "hdpData": {
            "homeInfo": {
                "zpid": 72575779,
                "streetAddress": "18101 Collins Ave APT 1806",
                "zipcode": "33160",
                "city": "Sunny Isles Beach",
                "state": "FL",
                "latitude": 25.943935,
                "longitude": -80.12005,
                "price": 949000.0,
                "datePriceChanged": 1704700800000,
                "bathrooms": 2.0,
                "bedrooms": 1.0,
                "livingArea": 1168.0,
                "homeType": "CONDO",
                "homeStatus": "FOR_SALE",
                "daysOnZillow": 909,
                "isFeatured": false,
                "shouldHighlight": false,
                "rentZestimate": 5749,
                "listing_sub_type": {
                    "is_FSBA": true
                },
                "priceReduction": "$28,000 (Jan 8)",
                "isUnmappable": false,
                "isPreforeclosureAuction": false,
                "homeStatusForHDP": "FOR_SALE",
                "priceForHDP": 949000.0,
                "priceChange": -28000,
                "timeOnZillow": 78544036000,
                "isNonOwnerOccupied": true,
                "isPremierBuilder": false,
                "isZillowOwned": false,
                "currency": "USD",
                "country": "USA",
                "taxAssessedValue": 613760.0,
                "unit": "Apt 1806",
                "lotAreaValue": 0.0,
                "lotAreaUnit": "sqft",
                "isShowcaseListing": false
            }
        },
        "isSaved": false,
        "isUserClaimingOwner": false,
        "isUserConfirmedClaim": false,
        "pgapt": "ForSale",
        "sgapt": "For Sale (Broker)",
        "shouldShowZestimateAsPrice": false,
        "has3DModel": false,
        "hasVideo": false,
        "isHomeRec": false,
        "hasAdditionalAttributions": true,
        "isFeaturedListing": false,
        "isShowcaseListing": false,
        "list": true,
        "relaxed": false,
        "info3String": "https://photos.zillowstatic.com/fp/a8b02d5ac61ac8b9a11bda64382b4f89-zillow_web_48_23.jpg",
        "brokerName": "Miami One Real Estate, LLC",
        "carouselPhotos": [
            {
                "url": "https://photos.zillowstatic.com/fp/ea1087af53009414815411886b0638c0-p_e.jpg"
            },
            {
                "url": "https://photos.zillowstatic.com/fp/2514f38f4bd4c051a38d8fb5451336ae-p_e.jpg"
            },
            {
                "url": "https://photos.zillowstatic.com/fp/cad970c852853c461082167c42a701aa-p_e.jpg"
            },
            {
                "url": "https://photos.zillowstatic.com/fp/c768a19a78668befbe1d2f645a7e721b-p_e.jpg"
            },
            {
                "url": "https://photos.zillowstatic.com/fp/1ad2c905b53218e1ead0a6ab9ab96c3f-p_e.jpg"
            },
            {
                "url": "https://photos.zillowstatic.com/fp/983063b2baa993c233d32a9486f6c17e-p_e.jpg"
            },
            {
                "url": "https://photos.zillowstatic.com/fp/5948db4cfa482449ac92e425f5a7262c-p_e.jpg"
            },
            {
                "url": "https://photos.zillowstatic.com/fp/2e405ee4d624a980ec66bc314a5a4c17-p_e.jpg"
            },
            {
                "url": "https://photos.zillowstatic.com/fp/d01bc8bb3739f630a7accf9467595339-p_e.jpg"
            },
            {
                "url": "https://photos.zillowstatic.com/fp/69e8c926a79453f9656cc6d49e474f8b-p_e.jpg"
            },
            {
                "url": "https://photos.zillowstatic.com/fp/4083b212b6fbbc1b1f73c97becc21ca2-p_e.jpg"
            },
            {
                "url": "https://photos.zillowstatic.com/fp/6d64f8e71e5b72584eedbfff31138591-p_e.jpg"
            },
            {
                "url": "https://photos.zillowstatic.com/fp/b7a8d13a9e221f88d0a4b784e27f2ad9-p_e.jpg"
            },
            {
                "url": "https://photos.zillowstatic.com/fp/11f60da88e179c37414ec00da81aec59-p_e.jpg"
            },
            {
                "url": "https://photos.zillowstatic.com/fp/92c6ef321640b64a06e5791e92fb0e16-p_e.jpg"
            },
            {
                "url": "https://photos.zillowstatic.com/fp/978ff1f6552c86ec49595999b043c416-p_e.jpg"
            },
            {
                "url": "https://photos.zillowstatic.com/fp/2b6f961e45c4eb95d260529ddc34b974-p_e.jpg"
            },
            {
                "url": "https://photos.zillowstatic.com/fp/d9a5327ef04258ac30c078d246c708b7-p_e.jpg"
            },
            {
                "url": "https://photos.zillowstatic.com/fp/ca5c63c02f5c43ccec0220cf237ad907-p_e.jpg"
            },
            {
                "url": "https://photos.zillowstatic.com/fp/e7958a67cf2292fe2116e11901f46b31-p_e.jpg"
            },
            {
                "url": "https://photos.zillowstatic.com/fp/d4ee5d8a44b7aab9c6a365906ae39c78-p_e.jpg"
            },
            {
                "url": "https://photos.zillowstatic.com/fp/2440937f6632c57ba795f76aa67ced4b-p_e.jpg"
            },
            {
                "url": "https://photos.zillowstatic.com/fp/b88a437f22ece7766725bd4b3097ebcd-p_e.jpg"
            },
            {
                "url": "https://photos.zillowstatic.com/fp/8a5fc465cad8cccb5a8fd8f8bbde22b4-p_e.jpg"
            },
            {
                "url": "https://photos.zillowstatic.com/fp/4539192d61f1e0a3ad1feba71b32bf24-p_e.jpg"
            },
            {
                "url": "https://photos.zillowstatic.com/fp/b4a63c0fd59663149768d556f506c788-p_e.jpg"
            },
            {
                "url": "https://photos.zillowstatic.com/fp/0eb9a7eb8c0b412d8865cf93f9ce1d26-p_e.jpg"
            },
            {
                "url": "https://photos.zillowstatic.com/fp/2c2bb67a0737692ae68768d2656e501b-p_e.jpg"
            },
            {
                "url": "https://photos.zillowstatic.com/fp/5bfb91905d44d82925af967796e7fe43-p_e.jpg"
            },
            {
                "url": "https://photos.zillowstatic.com/fp/de0c07973954e969ea00349c982e910b-p_e.jpg"
            },
            {
                "url": "https://photos.zillowstatic.com/fp/d2695f4d1f6ee0fb5063c36958e58261-p_e.jpg"
            },
            {
                "url": "https://photos.zillowstatic.com/fp/212ff95086644f001e830fc11588994f-p_e.jpg"
            },
            {
                "url": "https://photos.zillowstatic.com/fp/0a616ebcdc5faaafe86c423e0e334c8a-p_e.jpg"
            }
        ],
        "rooms": []
    },
    {
        "zpid": "66176940",
        "id": "66176940",
        "rawHomeStatusCd": "ForSale",
        "marketingStatusSimplifiedCd": "For Sale by Agent",
        "imgSrc": "https://photos.zillowstatic.com/fp/f0038afa5bb14c8f58390d24f09eca1f-p_e.jpg",
        "hasImage": true,
        "detailUrl": "https://www.zillow.com/homedetails/9201-Collins-Ave-APT-921-Surfside-FL-33154/66176940_zpid/",
        "statusType": "FOR_SALE",
        "statusText": "Condo for sale",
        "countryCurrency": "$",
        "price": "$869,000",
        "unformattedPrice": 869000,
        "address": "9201 Collins Ave APT 921, Surfside, FL 33154",
        "addressStreet": "9201 Collins Ave APT 921",
        "addressCity": "Surfside",
        "addressState": "FL",
        "addressZipcode": "33154",
        "isUndisclosedAddress": false,
        "beds": 2,
        "baths": 2.0,
        "area": 1002,
        "latLong": {
            "latitude": 25.88004,
            "longitude": -80.12156
        },
        "isZillowOwned": false,
        "variableData": {
            "type": "DAYS_ON",
            "text": "1019 days on Zillow"
        },
        "hdpData": {
            "homeInfo": {
                "zpid": 66176940,
                "streetAddress": "9201 Collins Ave APT 921",
                "zipcode": "33154",
                "city": "Surfside",
                "state": "FL",
                "latitude": 25.88004,
                "longitude": -80.12156,
                "price": 869000.0,
                "bathrooms": 2.0,
                "bedrooms": 2.0,
                "livingArea": 1002.0,
                "homeType": "CONDO",
                "homeStatus": "FOR_SALE",
                "daysOnZillow": 1019,
                "isFeatured": false,
                "shouldHighlight": false,
                "rentZestimate": 2999,
                "listing_sub_type": {
                    "is_FSBA": true
                },
                "isUnmappable": false,
                "isPreforeclosureAuction": false,
                "homeStatusForHDP": "FOR_SALE",
                "priceForHDP": 869000.0,
                "timeOnZillow": 88048036000,
                "isNonOwnerOccupied": true,
                "isPremierBuilder": false,
                "isZillowOwned": false,
                "currency": "USD",
                "country": "USA",
                "taxAssessedValue": 432900.0,
                "unit": "Apt 921",
                "lotAreaValue": 0.0,
                "lotAreaUnit": "sqft",
                "isShowcaseListing": false
            }
        },
        "isSaved": false,
        "isUserClaimingOwner": false,
        "isUserConfirmedClaim": false,
        "pgapt": "ForSale",
        "sgapt": "For Sale (Broker)",
        "shouldShowZestimateAsPrice": false,
        "has3DModel": false,
        "hasVideo": false,
        "isHomeRec": false,
        "hasAdditionalAttributions": true,
        "isFeaturedListing": false,
        "isShowcaseListing": false,
        "list": true,
        "relaxed": false,
        "info3String": "https://photos.zillowstatic.com/fp/a8b02d5ac61ac8b9a11bda64382b4f89-zillow_web_48_23.jpg",
        "brokerName": "Brokers, LLC",
        "carouselPhotos": [
            {
                "url": "https://photos.zillowstatic.com/fp/f0038afa5bb14c8f58390d24f09eca1f-p_e.jpg"
            },
            {
                "url": "https://photos.zillowstatic.com/fp/552fc8fe364a0512ef4e0ba5124fdc18-p_e.jpg"
            },
            {
                "url": "https://photos.zillowstatic.com/fp/fb726ecf050fbe4b5c6ae728337f9e01-p_e.jpg"
            },
            {
                "url": "https://photos.zillowstatic.com/fp/ae6145ae5b4b0303d44ae2105205cd02-p_e.jpg"
            },
            {
                "url": "https://photos.zillowstatic.com/fp/65558a8c396a683378ee6b5110baeb73-p_e.jpg"
            },
            {
                "url": "https://photos.zillowstatic.com/fp/fc815c9fc5e47341fc1fb185b482ace7-p_e.jpg"
            },
            {
                "url": "https://photos.zillowstatic.com/fp/71b3b94ded2cf68d8a61924cd0c249ca-p_e.jpg"
            },
            {
                "url": "https://photos.zillowstatic.com/fp/216552778d66b86189a0b88de23eba23-p_e.jpg"
            },
            {
                "url": "https://photos.zillowstatic.com/fp/490d621b59391a739bdbef08f22c8729-p_e.jpg"
            },
            {
                "url": "https://photos.zillowstatic.com/fp/f624d8c59b7b454e639035c47227a8af-p_e.jpg"
            },
            {
                "url": "https://photos.zillowstatic.com/fp/ffbd8c02c5ed7a071db8498f232423ef-p_e.jpg"
            },
            {
                "url": "https://photos.zillowstatic.com/fp/f018e6fe4d20f061de4ac9541d10ddaf-p_e.jpg"
            },
            {
                "url": "https://photos.zillowstatic.com/fp/d26e36fe43a03334c50261adbab2a7c2-p_e.jpg"
            },
            {
                "url": "https://photos.zillowstatic.com/fp/00e82b28d338f258205b52f1a2b300f1-p_e.jpg"
            },
            {
                "url": "https://photos.zillowstatic.com/fp/b06fb8a28e9c820fc973fd5adedbd0c3-p_e.jpg"
            },
            {
                "url": "https://photos.zillowstatic.com/fp/d3aad4233f078297fc66a77b1dacc448-p_e.jpg"
            },
            {
                "url": "https://photos.zillowstatic.com/fp/2694ed76db800e90cc420d5ed44f4b77-p_e.jpg"
            },
            {
                "url": "https://photos.zillowstatic.com/fp/5b16582d85ece12bcecfb0b549e17357-p_e.jpg"
            },
            {
                "url": "https://photos.zillowstatic.com/fp/46a95658baf40f3e6ed71dff8bda5dd6-p_e.jpg"
            },
            {
                "url": "https://photos.zillowstatic.com/fp/814813a473e5759bb7817bcc7e92eb61-p_e.jpg"
            },
            {
                "url": "https://photos.zillowstatic.com/fp/f77001cc6fdd2b9930347353b57607e3-p_e.jpg"
            },
            {
                "url": "https://photos.zillowstatic.com/fp/f2399c5016b90f3c9ef549ace41cfa34-p_e.jpg"
            },
            {
                "url": "https://photos.zillowstatic.com/fp/cd75284936798638ffa36e63e0fdf09e-p_e.jpg"
            }
        ],
        "rooms": []
    },
    {
        "zpid": "306392747",
        "id": "306392747",
        "rawHomeStatusCd": "ForSale",
        "marketingStatusSimplifiedCd": "For Sale by Agent",
        "imgSrc": "https://photos.zillowstatic.com/fp/44cb2868e00e83850ecdc56d5494f9c5-p_e.jpg",
        "hasImage": true,
        "detailUrl": "https://www.zillow.com/homedetails/16901-Collins-Ave-APT-1802-Sunny-Isles-Beach-FL-33160/306392747_zpid/",
        "statusType": "FOR_SALE",
        "statusText": "Condo for sale",
        "countryCurrency": "$",
        "price": "$2,987,000",
        "unformattedPrice": 2987000,
        "address": "16901 Collins Ave APT 1802, Sunny Isles Beach, FL 33160",
        "addressStreet": "16901 Collins Ave APT 1802",
        "addressCity": "Sunny Isles Beach",
        "addressState": "FL",
        "addressZipcode": "33160",
        "isUndisclosedAddress": false,
        "beds": 2,
        "baths": 3.0,
        "area": 1704,
        "latLong": {
            "latitude": 25.932756,
            "longitude": -80.121
        },
        "isZillowOwned": false,
        "variableData": {
            "type": "DAYS_ON",
            "text": "1047 days on Zillow"
        },
        "hdpData": {
            "homeInfo": {
                "zpid": 306392747,
                "streetAddress": "16901 Collins Ave APT 1802",
                "zipcode": "33160",
                "city": "Sunny Isles Beach",
                "state": "FL",
                "latitude": 25.932756,
                "longitude": -80.121,
                "price": 2987000.0,
                "datePriceChanged": 1657004400000,
                "bathrooms": 3.0,
                "bedrooms": 2.0,
                "livingArea": 1704.0,
                "homeType": "CONDO",
                "homeStatus": "FOR_SALE",
                "daysOnZillow": 1047,
                "isFeatured": false,
                "shouldHighlight": false,
                "listing_sub_type": {
                    "is_FSBA": true
                },
                "priceReduction": "",
                "isUnmappable": false,
                "isPreforeclosureAuction": false,
                "homeStatusForHDP": "FOR_SALE",
                "priceForHDP": 2987000.0,
                "priceChange": -183000,
                "timeOnZillow": 90467236000,
                "isNonOwnerOccupied": true,
                "isPremierBuilder": false,
                "isZillowOwned": false,
                "currency": "USD",
                "country": "USA",
                "taxAssessedValue": 2101050.0,
                "unit": "Apt 1802",
                "lotAreaValue": 0.0,
                "lotAreaUnit": "sqft",
                "isShowcaseListing": false
            }
        },
        "isSaved": false,
        "isUserClaimingOwner": false,
        "isUserConfirmedClaim": false,
        "pgapt": "ForSale",
        "sgapt": "For Sale (Broker)",
        "shouldShowZestimateAsPrice": false,
        "has3DModel": false,
        "hasVideo": false,
        "isHomeRec": false,
        "hasAdditionalAttributions": true,
        "isFeaturedListing": false,
        "isShowcaseListing": false,
        "list": true,
        "relaxed": false,
        "info3String": "https://photos.zillowstatic.com/fp/a8b02d5ac61ac8b9a11bda64382b4f89-zillow_web_48_23.jpg",
        "brokerName": "Fortune Christie's International Real Estate",
        "carouselPhotos": [
            {
                "url": "https://photos.zillowstatic.com/fp/44cb2868e00e83850ecdc56d5494f9c5-p_e.jpg"
            },
            {
                "url": "https://photos.zillowstatic.com/fp/d3fa3cb586987ee5743aec117423c140-p_e.jpg"
            },
            {
                "url": "https://photos.zillowstatic.com/fp/d73c0703a529df0cb42c66b240c6ec4f-p_e.jpg"
            },
            {
                "url": "https://photos.zillowstatic.com/fp/e4e15e21eb8f043a6a3abb3aee32b6e6-p_e.jpg"
            },
            {
                "url": "https://photos.zillowstatic.com/fp/8dd3892fdaa52a498756d20eba44eb3b-p_e.jpg"
            },
            {
                "url": "https://photos.zillowstatic.com/fp/141b1841203d8ca15bbc9ca23249d3c8-p_e.jpg"
            },
            {
                "url": "https://photos.zillowstatic.com/fp/c7944df5ddde8fa8a9dc8de4ab3b34b0-p_e.jpg"
            },
            {
                "url": "https://photos.zillowstatic.com/fp/e34cb722d70f5b91d189cc38f18025f9-p_e.jpg"
            },
            {
                "url": "https://photos.zillowstatic.com/fp/ca6f738b8cb8e0f841ebf7793942d037-p_e.jpg"
            },
            {
                "url": "https://photos.zillowstatic.com/fp/0b6c206c0b84a881ce3353c7e8ab390b-p_e.jpg"
            },
            {
                "url": "https://photos.zillowstatic.com/fp/8ce9d35c7c71bf373869fd63b054249d-p_e.jpg"
            },
            {
                "url": "https://photos.zillowstatic.com/fp/486c147ce3401d2747a5bbe9aef34d3f-p_e.jpg"
            },
            {
                "url": "https://photos.zillowstatic.com/fp/72863864ad55c7a9ebc3efc53a1903d4-p_e.jpg"
            },
            {
                "url": "https://photos.zillowstatic.com/fp/a6c6557582e65cfcfd449e7109aa44d8-p_e.jpg"
            },
            {
                "url": "https://photos.zillowstatic.com/fp/31c1c7a3d1df8c782c445a354c39575b-p_e.jpg"
            },
            {
                "url": "https://photos.zillowstatic.com/fp/b22082c1de464f43054bdce4db8a029c-p_e.jpg"
            },
            {
                "url": "https://photos.zillowstatic.com/fp/6c860d5bc067e8a8cd77e36ce4171f36-p_e.jpg"
            },
            {
                "url": "https://photos.zillowstatic.com/fp/d1818b368f626d0d44876f50cdb87fb1-p_e.jpg"
            }
        ],
        "rooms": []
    },
    {
        "zpid": "70783668",
        "id": "70783668",
        "rawHomeStatusCd": "ForSale",
        "marketingStatusSimplifiedCd": "For Sale by Agent",
        "imgSrc": "https://photos.zillowstatic.com/fp/05765d28a676406e17f4b0b820e959b1-p_e.jpg",
        "hasImage": true,
        "detailUrl": "https://www.zillow.com/homedetails/6000-Island-Blvd-PENTHOUSE-4-Aventura-FL-33160/70783668_zpid/",
        "statusType": "FOR_SALE",
        "statusText": "Condo for sale",
        "countryCurrency": "$",
        "price": "$24,900,000",
        "unformattedPrice": 24900000,
        "address": "6000 Island Blvd PENTHOUSE 4, Aventura, FL 33160",
        "addressStreet": "6000 Island Blvd PENTHOUSE 4",
        "addressCity": "Aventura",
        "addressState": "FL",
        "addressZipcode": "33160",
        "isUndisclosedAddress": false,
        "beds": 5,
        "baths": 7.0,
        "area": 6377,
        "latLong": {
            "latitude": 25.942793,
            "longitude": -80.1354
        },
        "isZillowOwned": false,
        "variableData": {
            "type": "DAYS_ON",
            "text": "1048 days on Zillow"
        },
        "hdpData": {
            "homeInfo": {
                "zpid": 70783668,
                "streetAddress": "6000 Island Blvd PENTHOUSE 4",
                "zipcode": "33160",
                "city": "Aventura",
                "state": "FL",
                "latitude": 25.942793,
                "longitude": -80.1354,
                "price": 24900000.0,
                "datePriceChanged": 1653894000000,
                "bathrooms": 7.0,
                "bedrooms": 5.0,
                "livingArea": 6377.0,
                "homeType": "CONDO",
                "homeStatus": "FOR_SALE",
                "daysOnZillow": 1048,
                "isFeatured": false,
                "shouldHighlight": false,
                "rentZestimate": 33298,
                "listing_sub_type": {
                    "is_FSBA": true
                },
                "isUnmappable": false,
                "isPreforeclosureAuction": false,
                "homeStatusForHDP": "FOR_SALE",
                "priceForHDP": 24900000.0,
                "priceChange": 5000000,
                "timeOnZillow": 90553636000,
                "isNonOwnerOccupied": true,
                "isPremierBuilder": false,
                "isZillowOwned": false,
                "currency": "USD",
                "country": "USA",
                "taxAssessedValue": 3204432.0,
                "unit": "Penthouse 4",
                "lotAreaValue": 0.0,
                "lotAreaUnit": "sqft",
                "isShowcaseListing": false
            }
        },
        "isSaved": false,
        "isUserClaimingOwner": false,
        "isUserConfirmedClaim": false,
        "pgapt": "ForSale",
        "sgapt": "For Sale (Broker)",
        "shouldShowZestimateAsPrice": false,
        "has3DModel": false,
        "hasVideo": false,
        "isHomeRec": false,
        "hasAdditionalAttributions": true,
        "isFeaturedListing": false,
        "isShowcaseListing": false,
        "list": true,
        "relaxed": false,
        "info3String": "https://photos.zillowstatic.com/fp/a8b02d5ac61ac8b9a11bda64382b4f89-zillow_web_48_23.jpg",
        "brokerName": "Wolf Real Estate Group, PLLC",
        "carouselPhotos": [
            {
                "url": "https://photos.zillowstatic.com/fp/05765d28a676406e17f4b0b820e959b1-p_e.jpg"
            },
            {
                "url": "https://photos.zillowstatic.com/fp/ed74293112eca19be4b1ef93b590dd0a-p_e.jpg"
            },
            {
                "url": "https://photos.zillowstatic.com/fp/d8531c726bdd2b962a11ac72dbbdb194-p_e.jpg"
            },
            {
                "url": "https://photos.zillowstatic.com/fp/62b8d47cc6bf6b971b1799f753e7679e-p_e.jpg"
            },
            {
                "url": "https://photos.zillowstatic.com/fp/a89a01a45bf3f61ab7423743eb25f87b-p_e.jpg"
            },
            {
                "url": "https://photos.zillowstatic.com/fp/81c8f4677dc64705f90b462998152179-p_e.jpg"
            },
            {
                "url": "https://photos.zillowstatic.com/fp/404cc37ce375db03bb2fc10734725fb6-p_e.jpg"
            },
            {
                "url": "https://photos.zillowstatic.com/fp/85fc6b1cce339f94761d46cd7ff8e53f-p_e.jpg"
            },
            {
                "url": "https://photos.zillowstatic.com/fp/79f958cf57978f72f875980705478128-p_e.jpg"
            },
            {
                "url": "https://photos.zillowstatic.com/fp/7f7cea5421ea271f7c101357f0c760e8-p_e.jpg"
            },
            {
                "url": "https://photos.zillowstatic.com/fp/0cf00ee980eba2cc9fe608a41f3abb1d-p_e.jpg"
            },
            {
                "url": "https://photos.zillowstatic.com/fp/c992375ca559c4c633a56fcd7c497355-p_e.jpg"
            },
            {
                "url": "https://photos.zillowstatic.com/fp/b6ff38fe073edef5a816561ba4287ec9-p_e.jpg"
            },
            {
                "url": "https://photos.zillowstatic.com/fp/d6da02b6b1003f052825b510db1851ff-p_e.jpg"
            },
            {
                "url": "https://photos.zillowstatic.com/fp/be12ef28eb8cd89d89c4d10056ed8993-p_e.jpg"
            },
            {
                "url": "https://photos.zillowstatic.com/fp/18e9d414e4a57419a63c070b5f616d44-p_e.jpg"
            },
            {
                "url": "https://photos.zillowstatic.com/fp/ffdead5338942cd84cf4fd86dc637eea-p_e.jpg"
            },
            {
                "url": "https://photos.zillowstatic.com/fp/fe5a3baff89d896b940eccf5a689a647-p_e.jpg"
            },
            {
                "url": "https://photos.zillowstatic.com/fp/ff6ffe98a54cedae3cb7f1b595c69042-p_e.jpg"
            },
            {
                "url": "https://photos.zillowstatic.com/fp/b07d0d8f6279b96b3329ef15dbb4984c-p_e.jpg"
            },
            {
                "url": "https://photos.zillowstatic.com/fp/93acdd33cd2576447d117da7cb3a7cf4-p_e.jpg"
            },
            {
                "url": "https://photos.zillowstatic.com/fp/faad1d9c27dbb16c5273aa6eb1709934-p_e.jpg"
            },
            {
                "url": "https://photos.zillowstatic.com/fp/e3e269152e68b04714d30b0d8723eda4-p_e.jpg"
            },
            {
                "url": "https://photos.zillowstatic.com/fp/a67d3606212f5f753f34e7618c5b6ada-p_e.jpg"
            },
            {
                "url": "https://photos.zillowstatic.com/fp/1a4608c2333477d7606e00d86817e835-p_e.jpg"
            },
            {
                "url": "https://photos.zillowstatic.com/fp/26aa84c99eca34be7817941ba59e8c71-p_e.jpg"
            },
            {
                "url": "https://photos.zillowstatic.com/fp/173c03f39d1be4fbea1bc86faa4478e9-p_e.jpg"
            },
            {
                "url": "https://photos.zillowstatic.com/fp/d1dd40e027f79b2dd2732fa81d3fc819-p_e.jpg"
            },
            {
                "url": "https://photos.zillowstatic.com/fp/8c6cf0a6790c8c1a02e32d137cdc82ef-p_e.jpg"
            },
            {
                "url": "https://photos.zillowstatic.com/fp/323d35d4873594aae57a6182f4646d15-p_e.jpg"
            },
            {
                "url": "https://photos.zillowstatic.com/fp/ce357dae0dd132f282c7fe3486a27fb7-p_e.jpg"
            },
            {
                "url": "https://photos.zillowstatic.com/fp/da1737b0d27fcde7a4ef3d4aada51984-p_e.jpg"
            },
            {
                "url": "https://photos.zillowstatic.com/fp/567d5f4b709274e9895a4191423dd563-p_e.jpg"
            },
            {
                "url": "https://photos.zillowstatic.com/fp/22fa3bec84e45f5b3f3eb9d9700dc7a4-p_e.jpg"
            },
            {
                "url": "https://photos.zillowstatic.com/fp/e2b9cae0dc61cd1033e9ac4cf00b908c-p_e.jpg"
            },
            {
                "url": "https://photos.zillowstatic.com/fp/e6af1a6c664e17d744a174db4276a840-p_e.jpg"
            },
            {
                "url": "https://photos.zillowstatic.com/fp/79cf0ce5675f08df04f6bb6f8aa1fceb-p_e.jpg"
            },
            {
                "url": "https://photos.zillowstatic.com/fp/e91678e0c2c946ae07627cd60df0f45c-p_e.jpg"
            },
            {
                "url": "https://photos.zillowstatic.com/fp/94bdb3eb06a2fbb7fe5c25f672ac03d0-p_e.jpg"
            },
            {
                "url": "https://photos.zillowstatic.com/fp/a972b9e1e9e521704cd477babbf0f3e4-p_e.jpg"
            },
            {
                "url": "https://photos.zillowstatic.com/fp/5da070fd8d0b65dd5e7d26763f628791-p_e.jpg"
            },
            {
                "url": "https://photos.zillowstatic.com/fp/41ccd71276405c28b1316f922e678664-p_e.jpg"
            },
            {
                "url": "https://photos.zillowstatic.com/fp/1975064f03ff9319f0ec8ddda4d3b04b-p_e.jpg"
            },
            {
                "url": "https://photos.zillowstatic.com/fp/e308568fe38d1448d7d01bb9afb77683-p_e.jpg"
            },
            {
                "url": "https://photos.zillowstatic.com/fp/38ccb7225d01e1a7e89f053b2703f2ba-p_e.jpg"
            },
            {
                "url": "https://photos.zillowstatic.com/fp/3c39e757722704770b611480cd7d50ce-p_e.jpg"
            },
            {
                "url": "https://photos.zillowstatic.com/fp/e3a0727906da4fb5e2df9e2105f1d907-p_e.jpg"
            },
            {
                "url": "https://photos.zillowstatic.com/fp/da489a3026c504c73f581172f16aeb37-p_e.jpg"
            },
            {
                "url": "https://photos.zillowstatic.com/fp/f80a4d8a791f66c9988d1fac5ed97e75-p_e.jpg"
            }
        ],
        "rooms": []
    },
    {
        "zpid": "331699523",
        "id": "331699523",
        "rawHomeStatusCd": "ForSale",
        "marketingStatusSimplifiedCd": "For Sale by Agent",
        "imgSrc": "https://photos.zillowstatic.com/fp/18be7c0725abe22ca506209e812e2c74-p_e.jpg",
        "hasImage": true,
        "detailUrl": "https://www.zillow.com/homedetails/13800-Highland-Dr-504-North-Miami-Beach-FL-33181/331699523_zpid/",
        "statusType": "FOR_SALE",
        "statusText": "Condo for sale",
        "countryCurrency": "$",
        "price": "$520,000",
        "unformattedPrice": 520000,
        "address": "13800 Highland Dr #504, North Miami Beach, FL 33181",
        "addressStreet": "13800 Highland Dr #504",
        "addressCity": "North Miami Beach",
        "addressState": "FL",
        "addressZipcode": "33181",
        "isUndisclosedAddress": false,
        "beds": 2,
        "baths": 2.0,
        "area": 903,
        "latLong": {
            "latitude": 25.903135,
            "longitude": -80.158585
        },
        "isZillowOwned": false,
        "variableData": {
            "type": "DAYS_ON",
            "text": "1082 days on Zillow"
        },
        "hdpData": {
            "homeInfo": {
                "zpid": 331699523,
                "streetAddress": "13800 Highland Dr #504",
                "zipcode": "33181",
                "city": "North Miami Beach",
                "state": "FL",
                "latitude": 25.903135,
                "longitude": -80.158585,
                "price": 520000.0,
                "datePriceChanged": 1647500400000,
                "bathrooms": 2.0,
                "bedrooms": 2.0,
                "livingArea": 903.0,
                "homeType": "CONDO",
                "homeStatus": "FOR_SALE",
                "daysOnZillow": 1082,
                "isFeatured": false,
                "shouldHighlight": false,
                "listing_sub_type": {
                    "is_FSBA": true
                },
                "isUnmappable": false,
                "isPreforeclosureAuction": false,
                "homeStatusForHDP": "FOR_SALE",
                "priceForHDP": 520000.0,
                "priceChange": 80000,
                "timeOnZillow": 93491236000,
                "isNonOwnerOccupied": true,
                "isPremierBuilder": false,
                "isZillowOwned": false,
                "currency": "USD",
                "country": "USA",
                "taxAssessedValue": 393624.0,
                "unit": "# 504",
                "lotAreaValue": 0.0,
                "lotAreaUnit": "sqft",
                "isShowcaseListing": false
            }
        },
        "isSaved": false,
        "isUserClaimingOwner": false,
        "isUserConfirmedClaim": false,
        "pgapt": "ForSale",
        "sgapt": "For Sale (Broker)",
        "shouldShowZestimateAsPrice": false,
        "has3DModel": false,
        "hasVideo": false,
        "isHomeRec": false,
        "hasAdditionalAttributions": true,
        "isFeaturedListing": false,
        "isShowcaseListing": false,
        "list": true,
        "relaxed": false,
        "info3String": "https://photos.zillowstatic.com/fp/a8b02d5ac61ac8b9a11bda64382b4f89-zillow_web_48_23.jpg",
        "brokerName": "Golod Group LLC",
        "carouselPhotos": [
            {
                "url": "https://photos.zillowstatic.com/fp/18be7c0725abe22ca506209e812e2c74-p_e.jpg"
            },
            {
                "url": "https://photos.zillowstatic.com/fp/77eed84b102d09c75bc1349e45e74693-p_e.jpg"
            },
            {
                "url": "https://photos.zillowstatic.com/fp/00f37c4a8b25a2f4585c7376cf288351-p_e.jpg"
            },
            {
                "url": "https://photos.zillowstatic.com/fp/488b95d7b359ca16bc302f8acb0887e6-p_e.jpg"
            },
            {
                "url": "https://photos.zillowstatic.com/fp/4436fc005c546c4b335e876e5f991df2-p_e.jpg"
            },
            {
                "url": "https://photos.zillowstatic.com/fp/872a188afd2fc11d16fe07d2a34f72ec-p_e.jpg"
            },
            {
                "url": "https://photos.zillowstatic.com/fp/7c8527ea8c4a700e18c8d27f67f67e83-p_e.jpg"
            },
            {
                "url": "https://photos.zillowstatic.com/fp/a90b6e9834d97a5375e2e2ab2edf3e01-p_e.jpg"
            },
            {
                "url": "https://photos.zillowstatic.com/fp/f7ee7e7f1c64ae2e92007fc102855be9-p_e.jpg"
            },
            {
                "url": "https://photos.zillowstatic.com/fp/be8f6bed97b139e7e3a53dadca342c23-p_e.jpg"
            },
            {
                "url": "https://photos.zillowstatic.com/fp/1c63e6010b0c58eabf3b2e878ceadbc7-p_e.jpg"
            },
            {
                "url": "https://photos.zillowstatic.com/fp/3d14cbf3cca5ce061260c4adc2733f0d-p_e.jpg"
            },
            {
                "url": "https://photos.zillowstatic.com/fp/64e9c8a6de0514130422fad0e3be0595-p_e.jpg"
            },
            {
                "url": "https://photos.zillowstatic.com/fp/189c8cb2c7dd9d83fe19b6706c36f74c-p_e.jpg"
            },
            {
                "url": "https://photos.zillowstatic.com/fp/b42d8e03cf0432b3397c1a109939594f-p_e.jpg"
            },
            {
                "url": "https://photos.zillowstatic.com/fp/9028d0eebb2e506e2b02b116b2d78232-p_e.jpg"
            },
            {
                "url": "https://photos.zillowstatic.com/fp/06cefe66112f5ff460f93428b925e1f4-p_e.jpg"
            },
            {
                "url": "https://photos.zillowstatic.com/fp/afe84c8201d0be45475a88729e09d351-p_e.jpg"
            },
            {
                "url": "https://photos.zillowstatic.com/fp/5391222de49868bfeadc0ae1e94998da-p_e.jpg"
            },
            {
                "url": "https://photos.zillowstatic.com/fp/83b12ee65de8cc13b835dac6d4e82541-p_e.jpg"
            },
            {
                "url": "https://photos.zillowstatic.com/fp/1d0a596769b6820a889f42dc93bd42ac-p_e.jpg"
            },
            {
                "url": "https://photos.zillowstatic.com/fp/794deff959ec2b9726cd5eb5cf0a557b-p_e.jpg"
            },
            {
                "url": "https://photos.zillowstatic.com/fp/2bb946f06833643bdcc631fd7c53d812-p_e.jpg"
            },
            {
                "url": "https://photos.zillowstatic.com/fp/09031d4cdc0c21b03414e2a5adfcea80-p_e.jpg"
            },
            {
                "url": "https://photos.zillowstatic.com/fp/894a370869613ee199338e1332a4c036-p_e.jpg"
            },
            {
                "url": "https://photos.zillowstatic.com/fp/b09e854db4a9635b591e8df10418cc1d-p_e.jpg"
            },
            {
                "url": "https://photos.zillowstatic.com/fp/6c4586f37fed5ba40f681d03060e6d5c-p_e.jpg"
            },
            {
                "url": "https://photos.zillowstatic.com/fp/7e04969564e075e4c72f837ff6d4ce00-p_e.jpg"
            },
            {
                "url": "https://photos.zillowstatic.com/fp/364d60f8567c25f251e2f8d43fed11e3-p_e.jpg"
            },
            {
                "url": "https://photos.zillowstatic.com/fp/aa4876c610d8241d33cdc59a75871bb8-p_e.jpg"
            },
            {
                "url": "https://photos.zillowstatic.com/fp/8a6a60fb017caf483f8744ebdea06638-p_e.jpg"
            },
            {
                "url": "https://photos.zillowstatic.com/fp/ba708a0efabd36b73024781174361ce6-p_e.jpg"
            },
            {
                "url": "https://photos.zillowstatic.com/fp/bf6c1c939a98452c3b795d6b047a5141-p_e.jpg"
            },
            {
                "url": "https://photos.zillowstatic.com/fp/d30a20e4bb1be0f013b4fd845eda258c-p_e.jpg"
            },
            {
                "url": "https://photos.zillowstatic.com/fp/5572f64501dd5d4c66a6aee0336b8728-p_e.jpg"
            },
            {
                "url": "https://photos.zillowstatic.com/fp/927865b4106f489056cb67a00b8f2558-p_e.jpg"
            },
            {
                "url": "https://photos.zillowstatic.com/fp/abd52fefd7d0b8b68f5a35ab622d5066-p_e.jpg"
            },
            {
                "url": "https://photos.zillowstatic.com/fp/b28d6e4d07e75663069c90502d4f5194-p_e.jpg"
            }
        ],
        "rooms": []
    },
    {
        "zpid": "331699693",
        "id": "331699693",
        "rawHomeStatusCd": "ForSale",
        "marketingStatusSimplifiedCd": "For Sale by Agent",
        "imgSrc": "https://photos.zillowstatic.com/fp/8ce7f904783b5b61638068c22d297f9c-p_e.jpg",
        "hasImage": true,
        "detailUrl": "https://www.zillow.com/homedetails/13800-Highland-Dr-406-North-Miami-Beach-FL-33181/331699693_zpid/",
        "statusType": "FOR_SALE",
        "statusText": "Condo for sale",
        "countryCurrency": "$",
        "price": "$600,000",
        "unformattedPrice": 600000,
        "address": "13800 Highland Dr #406, North Miami Beach, FL 33181",
        "addressStreet": "13800 Highland Dr #406",
        "addressCity": "North Miami Beach",
        "addressState": "FL",
        "addressZipcode": "33181",
        "isUndisclosedAddress": false,
        "beds": 2,
        "baths": 2.0,
        "area": 1097,
        "latLong": {
            "latitude": 25.903135,
            "longitude": -80.158585
        },
        "isZillowOwned": false,
        "variableData": {
            "type": "DAYS_ON",
            "text": "1082 days on Zillow"
        },
        "hdpData": {
            "homeInfo": {
                "zpid": 331699693,
                "streetAddress": "13800 Highland Dr #406",
                "zipcode": "33181",
                "city": "North Miami Beach",
                "state": "FL",
                "latitude": 25.903135,
                "longitude": -80.158585,
                "price": 600000.0,
                "datePriceChanged": 1647500400000,
                "bathrooms": 2.0,
                "bedrooms": 2.0,
                "livingArea": 1097.0,
                "homeType": "CONDO",
                "homeStatus": "FOR_SALE",
                "daysOnZillow": 1082,
                "isFeatured": false,
                "shouldHighlight": false,
                "listing_sub_type": {
                    "is_FSBA": true
                },
                "isUnmappable": false,
                "isPreforeclosureAuction": false,
                "homeStatusForHDP": "FOR_SALE",
                "priceForHDP": 600000.0,
                "priceChange": 80000,
                "timeOnZillow": 93491236000,
                "isNonOwnerOccupied": true,
                "isPremierBuilder": false,
                "isZillowOwned": false,
                "currency": "USD",
                "country": "USA",
                "taxAssessedValue": 415437.0,
                "unit": "# 406",
                "lotAreaValue": 0.0,
                "lotAreaUnit": "sqft",
                "isShowcaseListing": false
            }
        },
        "isSaved": false,
        "isUserClaimingOwner": false,
        "isUserConfirmedClaim": false,
        "pgapt": "ForSale",
        "sgapt": "For Sale (Broker)",
        "shouldShowZestimateAsPrice": false,
        "has3DModel": false,
        "hasVideo": false,
        "isHomeRec": false,
        "hasAdditionalAttributions": true,
        "isFeaturedListing": false,
        "isShowcaseListing": false,
        "list": true,
        "relaxed": false,
        "info3String": "https://photos.zillowstatic.com/fp/a8b02d5ac61ac8b9a11bda64382b4f89-zillow_web_48_23.jpg",
        "brokerName": "Golod Group LLC",
        "carouselPhotos": [
            {
                "url": "https://photos.zillowstatic.com/fp/8ce7f904783b5b61638068c22d297f9c-p_e.jpg"
            },
            {
                "url": "https://photos.zillowstatic.com/fp/6d6e58af8dfb539d9d65a4fa00d98c4b-p_e.jpg"
            },
            {
                "url": "https://photos.zillowstatic.com/fp/5588b05fdc091f9b947aca6f205f71f4-p_e.jpg"
            },
            {
                "url": "https://photos.zillowstatic.com/fp/c14fa35617e966cd768ddaa3537e7239-p_e.jpg"
            },
            {
                "url": "https://photos.zillowstatic.com/fp/917ddbefd02dfbda6ada74631322d491-p_e.jpg"
            },
            {
                "url": "https://photos.zillowstatic.com/fp/493c0c978f00bc3dfc5bab4f833d8e1e-p_e.jpg"
            },
            {
                "url": "https://photos.zillowstatic.com/fp/d229ce08d288eaf45ad81633986da37f-p_e.jpg"
            },
            {
                "url": "https://photos.zillowstatic.com/fp/c5a88219cc6d59e2c6616be4a0317e7c-p_e.jpg"
            },
            {
                "url": "https://photos.zillowstatic.com/fp/a18ee26f10bf4c27b562d4cd161f2aca-p_e.jpg"
            },
            {
                "url": "https://photos.zillowstatic.com/fp/58870ca531ec203a0b337f24472fe99f-p_e.jpg"
            },
            {
                "url": "https://photos.zillowstatic.com/fp/e3f9175c2eeff026980b9d6d539b4475-p_e.jpg"
            },
            {
                "url": "https://photos.zillowstatic.com/fp/4882ad95e8288e10adaba80b4b471644-p_e.jpg"
            },
            {
                "url": "https://photos.zillowstatic.com/fp/15eb1520d3d16c049518c90bdcfb10b2-p_e.jpg"
            },
            {
                "url": "https://photos.zillowstatic.com/fp/5cdd8520026b97873ea1a68cbcdcd575-p_e.jpg"
            },
            {
                "url": "https://photos.zillowstatic.com/fp/c75926c53c92e180644274fb81194a2c-p_e.jpg"
            },
            {
                "url": "https://photos.zillowstatic.com/fp/6ad366fdd3bba1993bc969a2b5dad7b0-p_e.jpg"
            },
            {
                "url": "https://photos.zillowstatic.com/fp/5515e6ed108aa53304fb1b219c5b5a75-p_e.jpg"
            },
            {
                "url": "https://photos.zillowstatic.com/fp/0acf92d8052723c4f8084cf41ff31486-p_e.jpg"
            },
            {
                "url": "https://photos.zillowstatic.com/fp/e9f4cfb31a58cca4fff40b661fb434fe-p_e.jpg"
            },
            {
                "url": "https://photos.zillowstatic.com/fp/d05fb1746b5226cd602e4b2c79e2593c-p_e.jpg"
            },
            {
                "url": "https://photos.zillowstatic.com/fp/af9a8930a599c25cb65ee632e74bd2e9-p_e.jpg"
            },
            {
                "url": "https://photos.zillowstatic.com/fp/b67506ca13690ed5995edaf9170521a7-p_e.jpg"
            },
            {
                "url": "https://photos.zillowstatic.com/fp/fed2854a4870add272f9b31cce6f5f7f-p_e.jpg"
            },
            {
                "url": "https://photos.zillowstatic.com/fp/fd4978594953f3a48f460273a495a395-p_e.jpg"
            },
            {
                "url": "https://photos.zillowstatic.com/fp/f6852c2a28197c8aeffd6c4ee3613936-p_e.jpg"
            },
            {
                "url": "https://photos.zillowstatic.com/fp/b450884a308bf06025e100321684f936-p_e.jpg"
            }
        ],
        "rooms": []
    },
    {
        "zpid": "44381219",
        "id": "44381219",
        "rawHomeStatusCd": "ForSale",
        "marketingStatusSimplifiedCd": "For Sale by Agent",
        "imgSrc": "https://photos.zillowstatic.com/fp/e2c16cac58be25dbb933c76728c1fa8c-p_e.jpg",
        "hasImage": true,
        "detailUrl": "https://www.zillow.com/homedetails/230-174th-St-APT-702-Sunny-Isles-Beach-FL-33160/44381219_zpid/",
        "statusType": "FOR_SALE",
        "statusText": "Condo for sale",
        "countryCurrency": "$",
        "price": "$610,000",
        "unformattedPrice": 610000,
        "address": "230 174th St APT 702, Sunny Isles Beach, FL 33160",
        "addressStreet": "230 174th St APT 702",
        "addressCity": "Sunny Isles Beach",
        "addressState": "FL",
        "addressZipcode": "33160",
        "isUndisclosedAddress": false,
        "beds": 2,
        "baths": 2.0,
        "area": 1276,
        "latLong": {
            "latitude": 25.936714,
            "longitude": -80.12455
        },
        "isZillowOwned": false,
        "variableData": {
            "type": "DAYS_ON",
            "text": "1487 days on Zillow"
        },
        "hdpData": {
            "homeInfo": {
                "zpid": 44381219,
                "streetAddress": "230 174th St APT 702",
                "zipcode": "33160",
                "city": "Sunny Isles Beach",
                "state": "FL",
                "latitude": 25.936714,
                "longitude": -80.12455,
                "price": 610000.0,
                "bathrooms": 2.0,
                "bedrooms": 2.0,
                "livingArea": 1276.0,
                "homeType": "CONDO",
                "homeStatus": "FOR_SALE",
                "daysOnZillow": 1487,
                "isFeatured": false,
                "shouldHighlight": false,
                "rentZestimate": 3351,
                "listing_sub_type": {
                    "is_FSBA": true
                },
                "isUnmappable": false,
                "isPreforeclosureAuction": false,
                "homeStatusForHDP": "FOR_SALE",
                "priceForHDP": 610000.0,
                "timeOnZillow": 128483236000,
                "isNonOwnerOccupied": true,
                "isPremierBuilder": false,
                "isZillowOwned": false,
                "currency": "USD",
                "country": "USA",
                "taxAssessedValue": 233200.0,
                "unit": "Apt 702",
                "lotAreaValue": 0.0,
                "lotAreaUnit": "sqft",
                "isShowcaseListing": false
            }
        },
        "isSaved": false,
        "isUserClaimingOwner": false,
        "isUserConfirmedClaim": false,
        "pgapt": "ForSale",
        "sgapt": "For Sale (Broker)",
        "shouldShowZestimateAsPrice": false,
        "has3DModel": false,
        "hasVideo": false,
        "isHomeRec": false,
        "hasAdditionalAttributions": true,
        "isFeaturedListing": false,
        "isShowcaseListing": false,
        "list": true,
        "relaxed": false,
        "info3String": "https://photos.zillowstatic.com/fp/a8b02d5ac61ac8b9a11bda64382b4f89-zillow_web_48_23.jpg",
        "brokerName": "SIB Realty, LLC",
        "carouselPhotos": [
            {
                "url": "https://photos.zillowstatic.com/fp/e2c16cac58be25dbb933c76728c1fa8c-p_e.jpg"
            },
            {
                "url": "https://photos.zillowstatic.com/fp/566d55b0aa3a0bac6bbfbc8d9b605922-p_e.jpg"
            },
            {
                "url": "https://photos.zillowstatic.com/fp/881b6a2d2edc1d3c8e40b29490724997-p_e.jpg"
            },
            {
                "url": "https://photos.zillowstatic.com/fp/5c7e620a281a57194a872018ecb6f333-p_e.jpg"
            },
            {
                "url": "https://photos.zillowstatic.com/fp/1e3b480b545b5dd94f0e61d690c71955-p_e.jpg"
            },
            {
                "url": "https://photos.zillowstatic.com/fp/385cd0a73714e489a54c7c405c55aade-p_e.jpg"
            },
            {
                "url": "https://photos.zillowstatic.com/fp/455db190a5580c7639637f2ae4f99e80-p_e.jpg"
            },
            {
                "url": "https://photos.zillowstatic.com/fp/dbba548213302a7534bab390874598b1-p_e.jpg"
            },
            {
                "url": "https://photos.zillowstatic.com/fp/c5c2ed1b6944daa54d0f43e1286c7519-p_e.jpg"
            },
            {
                "url": "https://photos.zillowstatic.com/fp/9350e2bf712a8ff8d6cbbd8ccf9925bb-p_e.jpg"
            },
            {
                "url": "https://photos.zillowstatic.com/fp/2dfeac174a1185c54a6fc47438f9112f-p_e.jpg"
            },
            {
                "url": "https://photos.zillowstatic.com/fp/d2e0df50a6e567a7b41f63b0412ec397-p_e.jpg"
            },
            {
                "url": "https://photos.zillowstatic.com/fp/0fdabb8c12807393196a1e0e1b71a1bd-p_e.jpg"
            },
            {
                "url": "https://photos.zillowstatic.com/fp/036b56c0ce95ff47f049ae322da6ccd8-p_e.jpg"
            },
            {
                "url": "https://photos.zillowstatic.com/fp/4eb001a9c0bd4e01dbed37d7a55c0dc2-p_e.jpg"
            },
            {
                "url": "https://photos.zillowstatic.com/fp/88e64c287be94cabc4f31a082bba1340-p_e.jpg"
            },
            {
                "url": "https://photos.zillowstatic.com/fp/759ab83fe7b38fa1d80488b26b11b558-p_e.jpg"
            },
            {
                "url": "https://photos.zillowstatic.com/fp/6e121db34ca3e720aef1490824a68327-p_e.jpg"
            },
            {
                "url": "https://photos.zillowstatic.com/fp/21209e291a4c3b728812c0c80b4530e0-p_e.jpg"
            },
            {
                "url": "https://photos.zillowstatic.com/fp/b89ff8a3807e75a87bdfd5a1384094b5-p_e.jpg"
            },
            {
                "url": "https://photos.zillowstatic.com/fp/9315cb6b3e7a7e953340657348719a36-p_e.jpg"
            },
            {
                "url": "https://photos.zillowstatic.com/fp/7ddc97d5ab16906a26e48c52056b6418-p_e.jpg"
            },
            {
                "url": "https://photos.zillowstatic.com/fp/9d7da86eaa1ef50789b489fde7324f82-p_e.jpg"
            },
            {
                "url": "https://photos.zillowstatic.com/fp/d991fa05b77373eb90e16ff3b55f8dba-p_e.jpg"
            },
            {
                "url": "https://photos.zillowstatic.com/fp/368887d6095355ef574b193d3f45aecf-p_e.jpg"
            },
            {
                "url": "https://photos.zillowstatic.com/fp/9f47c182389b0ff69749e60289702421-p_e.jpg"
            },
            {
                "url": "https://photos.zillowstatic.com/fp/cb0e69836662bb1550ae7c42f27c59fd-p_e.jpg"
            },
            {
                "url": "https://photos.zillowstatic.com/fp/19fd37158670c3bc1041adcf055db05c-p_e.jpg"
            },
            {
                "url": "https://photos.zillowstatic.com/fp/946aac7b824a6b35a12169a5f311317f-p_e.jpg"
            },
            {
                "url": "https://photos.zillowstatic.com/fp/dc1fe7f31fe0e853c6a267780ecba7f8-p_e.jpg"
            },
            {
                "url": "https://photos.zillowstatic.com/fp/7347786eab7e212909ad767453e30443-p_e.jpg"
            },
            {
                "url": "https://photos.zillowstatic.com/fp/452dfb98c4620e7136d348aa03204d8b-p_e.jpg"
            },
            {
                "url": "https://photos.zillowstatic.com/fp/8140a75b3676c846a995b9ca2892119d-p_e.jpg"
            },
            {
                "url": "https://photos.zillowstatic.com/fp/75a01b2db6b21d7c510ce1f0480cb32a-p_e.jpg"
            },
            {
                "url": "https://photos.zillowstatic.com/fp/f1395ccce1e086cdf3df2b7b25f44955-p_e.jpg"
            },
            {
                "url": "https://photos.zillowstatic.com/fp/63aed03f86068a4ebca8a2030c792ad1-p_e.jpg"
            },
            {
                "url": "https://photos.zillowstatic.com/fp/e188508d8f79f0381510f7707b49609c-p_e.jpg"
            },
            {
                "url": "https://photos.zillowstatic.com/fp/5ae06539815e8cea91c40d52212656a7-p_e.jpg"
            },
            {
                "url": "https://photos.zillowstatic.com/fp/2200ecbef9e92fc15e51117a474c0303-p_e.jpg"
            },
            {
                "url": "https://photos.zillowstatic.com/fp/bbb1dcd8369a650e439675488d66b22c-p_e.jpg"
            },
            {
                "url": "https://photos.zillowstatic.com/fp/43befeb9aee6bcf382bcad88d63140e0-p_e.jpg"
            },
            {
                "url": "https://photos.zillowstatic.com/fp/5600100964bbd95142951b8b11f8e7e2-p_e.jpg"
            },
            {
                "url": "https://photos.zillowstatic.com/fp/9311736a8971f010b464449157a37a08-p_e.jpg"
            },
            {
                "url": "https://photos.zillowstatic.com/fp/7bf707c4ce56cc88c2f6c2760ab16e34-p_e.jpg"
            },
            {
                "url": "https://photos.zillowstatic.com/fp/a28be6a8f0b3981388667aa0cdb599fc-p_e.jpg"
            },
            {
                "url": "https://photos.zillowstatic.com/fp/9476b75fd7adace1c8791735ebc631b1-p_e.jpg"
            }
        ],
        "rooms": []
    }
]