{
    "user_info": {
        "isLoggedIn": false,
        "hasHousingConnectorPermission": false,
        "savedHomesCount": 0,
        "personalizedSearchTraceID": "53a3bc8ce4db5f41d5618a9ff3f42202",
        "guid": "d85c8726-1cba-42b0-b550-4749f0bbb1fb",
        "zuid": "",
        "isBot": false,
        "email": "",
        "displayName": ""
    },
    "map_state": {
        "customRegionPolygonWkt": null,
        "schoolPolygonWkt": null,
        "isCurrentLocationSearch": false,
        "userPosition": {
            "lat": null,
            "lon": null
        }
    },
    "region_state": {
        "regionInfo": [
            {
                "regionId": 72427,
                "regionType": 7,
                "regionName": "33124",
                "displayName": "North Miami Beach FL 33124",
                "isPointRegion": true
            }
        ],
        "regionBounds": {
            "north": 25.928615,
            "south": 25.892384999999997,
            "east": -80.137185,
            "west": -80.17341499999999
        }
    },
    "search_page_seo": {
        "baseUrl": "/north-miami-beach-fl-33124/",
        "windowTitle": "33124 Real Estate - 33124 Homes For Sale | Zillow",
        "metaDescription": "Zillow has 171 homes for sale in 33124. View listing photos, review sales history, and use our detailed real estate filters to find the perfect place."
    },
    "request_id": 4
}