{
    "user_info": {
        "isLoggedIn": false,
        "hasHousingConnectorPermission": false,
        "savedHomesCount": 0,
        "personalizedSearchTraceID": "6f2c769f26c0c47e3b8848f0e0dd25d1",
        "guid": "e990657d-f001-424e-9d6d-261a44c4bd8e",
        "zuid": "",
        "isBot": false,
        "email": "",
        "displayName": ""
    },
    "map_state": {
        "customRegionPolygonWkt": null,
        "schoolPolygonWkt": null,
        "isCurrentLocationSearch": false,
        "userPosition": {
            "lat": null,
            "lon": null
        }
    },
    "region_state": {
        "regionInfo": [
            {
                "regionId": 72593,
                "regionType": 7,
                "regionName": "33427",
                "displayName": "Boca Raton FL 33427",
                "isPointRegion": true
            }
        ],
        "regionBounds": {
            "north": 26.369215,
            "south": 26.332984999999997,
            "east": -80.09418500000001,
            "west": -80.130415
        }
    },
    "search_page_seo": {
        "baseUrl": "/boca-raton-fl-33427/",
        "windowTitle": "33427 Real Estate - 33427 Homes For Sale | Zillow",
        "metaDescription": "Zillow has 174 homes for sale in 33427. View listing photos, review sales history, and use our detailed real estate filters to find the perfect place."
    },
    "request_id": 4
}