{
    "user_info": {
        "isLoggedIn": false,
        "hasHousingConnectorPermission": false,
        "savedHomesCount": 0,
        "personalizedSearchTraceID": "23b84708a71d1ddf773aeaf0db9ac550",
        "guid": "1e6c8dfe-b566-47cf-be26-58c4b37f0cf9",
        "zuid": "",
        "isBot": false,
        "email": "",
        "displayName": ""
    },
    "map_state": {
        "customRegionPolygonWkt": null,
        "schoolPolygonWkt": null,
        "isCurrentLocationSearch": false,
        "userPosition": {
            "lat": null,
            "lon": null
        }
    },
    "region_state": {
        "regionInfo": [
            {
                "regionId": 72551,
                "regionType": 7,
                "regionName": "33332",
                "displayName": "Pembroke Pines FL 33332",
                "isPointRegion": false
            }
        ],
        "regionBounds": {
            "north": 26.09799,
            "south": 26.014645,
            "east": -80.381249,
            "west": -80.44339
        }
    },
    "search_page_seo": {
        "baseUrl": "/pembroke-pines-fl-33332/",
        "windowTitle": "33332 Real Estate - 33332 Homes For Sale | Zillow",
        "metaDescription": "Zillow has 17 homes for sale in 33332. View listing photos, review sales history, and use our detailed real estate filters to find the perfect place."
    },
    "request_id": 4
}