[
    {
        "zpid": "43055669",
        "id": "43055669",
        "rawHomeStatusCd": "ForSale",
        "marketingStatusSimplifiedCd": "For Sale by Agent",
        "imgSrc": "https://photos.zillowstatic.com/fp/e37c58d3f2cc2aa0abf1f317909231ac-p_e.jpg",
        "hasImage": true,
        "detailUrl": "https://www.zillow.com/homedetails/3541-Sahara-Springs-Blvd-Pompano-Beach-FL-33069/43055669_zpid/",
        "statusType": "FOR_SALE",
        "statusText": "House for sale",
        "countryCurrency": "$",
        "price": "$560,000",
        "unformattedPrice": 560000,
        "address": "3541 Sahara Springs Blvd, Pompano Beach, FL 33069",
        "addressStreet": "3541 Sahara Springs Blvd",
        "addressCity": "Pompano Beach",
        "addressState": "FL",
        "addressZipcode": "33069",
        "isUndisclosedAddress": false,
        "beds": 3,
        "baths": 2.0,
        "area": 1626,
        "latLong": {
            "latitude": 26.230085,
            "longitude": -80.176025
        },
        "isZillowOwned": false,
        "variableData": {
            "type": "PRICE_REDUCTION",
            "text": "$5,000 (Jan 18)"
        },
        "hdpData": {
            "homeInfo": {
                "zpid": 43055669,
                "streetAddress": "3541 Sahara Springs Blvd",
                "zipcode": "33069",
                "city": "Pompano Beach",
                "state": "FL",
                "latitude": 26.230085,
                "longitude": -80.176025,
                "price": 560000.0,
                "datePriceChanged": 1705564800000,
                "bathrooms": 2.0,
                "bedrooms": 3.0,
                "livingArea": 1626.0,
                "homeType": "SINGLE_FAMILY",
                "homeStatus": "FOR_SALE",
                "daysOnZillow": 167,
                "isFeatured": false,
                "shouldHighlight": false,
                "zestimate": 526200,
                "rentZestimate": 3190,
                "listing_sub_type": {
                    "is_FSBA": true
                },
                "priceReduction": "$5,000 (Jan 18)",
                "isUnmappable": false,
                "isPreforeclosureAuction": false,
                "homeStatusForHDP": "FOR_SALE",
                "priceForHDP": 560000.0,
                "priceChange": -5000,
                "timeOnZillow": 14455754000,
                "isNonOwnerOccupied": true,
                "isPremierBuilder": false,
                "isZillowOwned": false,
                "currency": "USD",
                "country": "USA",
                "taxAssessedValue": 331370.0,
                "isShowcaseListing": false
            }
        },
        "isSaved": false,
        "isUserClaimingOwner": false,
        "isUserConfirmedClaim": false,
        "pgapt": "ForSale",
        "sgapt": "For Sale (Broker)",
        "zestimate": 526200,
        "shouldShowZestimateAsPrice": false,
        "has3DModel": false,
        "hasVideo": false,
        "isHomeRec": false,
        "hasAdditionalAttributions": true,
        "isFeaturedListing": false,
        "isShowcaseListing": false,
        "list": true,
        "relaxed": false,
        "info3String": "https://photos.zillowstatic.com/fp/11470fbfca6bd246a8708da0ff0e5603-zillow_web_48_23.jpg",
        "brokerName": "RE/MAX FIRST",
        "carouselPhotos": [
            {
                "url": "https://photos.zillowstatic.com/fp/e37c58d3f2cc2aa0abf1f317909231ac-p_e.jpg"
            },
            {
                "url": "https://photos.zillowstatic.com/fp/a2e6c3abf24c80efab74c5f269b7f23b-p_e.jpg"
            },
            {
                "url": "https://photos.zillowstatic.com/fp/316a9d05b1b5b9282cfcd33cb1a97805-p_e.jpg"
            },
            {
                "url": "https://photos.zillowstatic.com/fp/b432de84ef0a867afc11fc67b8101fef-p_e.jpg"
            },
            {
                "url": "https://photos.zillowstatic.com/fp/1c84ad952702e825c8f6e81b7ef4e6c3-p_e.jpg"
            },
            {
                "url": "https://photos.zillowstatic.com/fp/de89f109e17f37823ad196c30d21ed12-p_e.jpg"
            },
            {
                "url": "https://photos.zillowstatic.com/fp/f054a9eb19f47e5db44fedc853205d79-p_e.jpg"
            },
            {
                "url": "https://photos.zillowstatic.com/fp/5b823dcba8e999dc52df0f22c2c90f81-p_e.jpg"
            },
            {
                "url": "https://photos.zillowstatic.com/fp/69f05cce29523046eaec5c2de50b1a0f-p_e.jpg"
            },
            {
                "url": "https://photos.zillowstatic.com/fp/28cce4666c3bd5889ab8e0a19fdf68bc-p_e.jpg"
            },
            {
                "url": "https://photos.zillowstatic.com/fp/c73e245bf93719db6143bca505e6f727-p_e.jpg"
            },
            {
                "url": "https://photos.zillowstatic.com/fp/bd51beb7ce5347aad41f87e1f922dd8f-p_e.jpg"
            },
            {
                "url": "https://photos.zillowstatic.com/fp/79643408b5277301f428dce86f690765-p_e.jpg"
            },
            {
                "url": "https://photos.zillowstatic.com/fp/8d334b262dc84bf2aa108aa8e3345834-p_e.jpg"
            },
            {
                "url": "https://photos.zillowstatic.com/fp/c002b11505fdab5a9de35594e7ecece4-p_e.jpg"
            },
            {
                "url": "https://photos.zillowstatic.com/fp/707f49f98eee3f79b193c0791ecbea9a-p_e.jpg"
            },
            {
                "url": "https://photos.zillowstatic.com/fp/245460ee2831d02fc4de68b5f4df82e2-p_e.jpg"
            },
            {
                "url": "https://photos.zillowstatic.com/fp/d2d36211c4e01b83253a1cb97a3fd2dd-p_e.jpg"
            },
            {
                "url": "https://photos.zillowstatic.com/fp/6f3bae728d61f789c08abdf875b0ba60-p_e.jpg"
            },
            {
                "url": "https://photos.zillowstatic.com/fp/6ce2bc4ee7bcf6b232871b69d0c5ef57-p_e.jpg"
            },
            {
                "url": "https://photos.zillowstatic.com/fp/542ef3a47dc665f34ee5753e0c520508-p_e.jpg"
            },
            {
                "url": "https://photos.zillowstatic.com/fp/e4ac52fab9a9a437e94ae438b44b09f6-p_e.jpg"
            },
            {
                "url": "https://photos.zillowstatic.com/fp/78ebbf32fc2a1aae2fdb1407097427ba-p_e.jpg"
            },
            {
                "url": "https://photos.zillowstatic.com/fp/4ba2019518f54e0b5c9ab8f7871b357f-p_e.jpg"
            },
            {
                "url": "https://photos.zillowstatic.com/fp/cbf9a947e8798c002107f7d91d3f587c-p_e.jpg"
            },
            {
                "url": "https://photos.zillowstatic.com/fp/f35033270d164088ad7903d6026aa788-p_e.jpg"
            },
            {
                "url": "https://photos.zillowstatic.com/fp/26be4c777d3cdd22a64a022d7a7a6221-p_e.jpg"
            },
            {
                "url": "https://photos.zillowstatic.com/fp/deb6353c66dd2e3d45262c7b7479083d-p_e.jpg"
            },
            {
                "url": "https://photos.zillowstatic.com/fp/baa84143edfd5be2d051fa96ee0296c8-p_e.jpg"
            },
            {
                "url": "https://photos.zillowstatic.com/fp/ac6edec6aaec2a7c120dbfbf43f3f395-p_e.jpg"
            },
            {
                "url": "https://photos.zillowstatic.com/fp/faa9c48b60b16ad96efcb9324af7459e-p_e.jpg"
            },
            {
                "url": "https://photos.zillowstatic.com/fp/09764985afb00bffd5c2387315741e08-p_e.jpg"
            },
            {
                "url": "https://photos.zillowstatic.com/fp/07b89514be531968fc5e413191510206-p_e.jpg"
            },
            {
                "url": "https://photos.zillowstatic.com/fp/92e10437e507365898f7623e5a9ba553-p_e.jpg"
            },
            {
                "url": "https://photos.zillowstatic.com/fp/a8f2b82ecc7f02d1f6fc8f030542afc1-p_e.jpg"
            },
            {
                "url": "https://photos.zillowstatic.com/fp/57000d09906c11a40135df6a0597c986-p_e.jpg"
            },
            {
                "url": "https://photos.zillowstatic.com/fp/32c0925968618cbcca58ad9738c03cf3-p_e.jpg"
            },
            {
                "url": "https://photos.zillowstatic.com/fp/d25abeb0589d610b08d6ca91d8938422-p_e.jpg"
            },
            {
                "url": "https://photos.zillowstatic.com/fp/6af0fc35d46103f7519cae7ded197174-p_e.jpg"
            },
            {
                "url": "https://photos.zillowstatic.com/fp/bdead2ad70a63c7a699e15a5462349f7-p_e.jpg"
            },
            {
                "url": "https://photos.zillowstatic.com/fp/b5d6944e43cd081db33d327201ba0375-p_e.jpg"
            },
            {
                "url": "https://photos.zillowstatic.com/fp/8a2aaff3cbefaa2545dc92aaeb8238b3-p_e.jpg"
            },
            {
                "url": "https://photos.zillowstatic.com/fp/7f56fe5cafb46c1c57d53f409907e07e-p_e.jpg"
            },
            {
                "url": "https://photos.zillowstatic.com/fp/985ecbe633f3de463078ae0b00444cb4-p_e.jpg"
            },
            {
                "url": "https://photos.zillowstatic.com/fp/b0fda3641d484d94e28447ee62bb5132-p_e.jpg"
            },
            {
                "url": "https://photos.zillowstatic.com/fp/652e20c3a91c0ba4bd2089df24a74cfb-p_e.jpg"
            },
            {
                "url": "https://photos.zillowstatic.com/fp/7851a2897ae5480a30c80191ca912532-p_e.jpg"
            },
            {
                "url": "https://photos.zillowstatic.com/fp/d4ed3e19160b4e6c4a8b07bb970155db-p_e.jpg"
            },
            {
                "url": "https://photos.zillowstatic.com/fp/1d9129b0b2531d7f5e861dbd06841c1a-p_e.jpg"
            },
            {
                "url": "https://photos.zillowstatic.com/fp/d3a62c0f41525d90055a7dd6b556d00a-p_e.jpg"
            },
            {
                "url": "https://photos.zillowstatic.com/fp/01014cde0a3530c381acd68b95b65d0e-p_e.jpg"
            }
        ],
        "rooms": [
            {
                "roomArea": null,
                "roomAreaUnits": null
            }
        ]
    },
    {
        "zpid": "67836784",
        "id": "67836784",
        "rawHomeStatusCd": "ForSale",
        "marketingStatusSimplifiedCd": "For Sale by Agent",
        "imgSrc": "https://photos.zillowstatic.com/fp/be8b4c5450d97e92d1441a844bedc392-p_e.jpg",
        "hasImage": true,
        "detailUrl": "https://www.zillow.com/homedetails/4281-W-McNab-Rd-APT-19-Pompano-Beach-FL-33069/67836784_zpid/",
        "statusType": "FOR_SALE",
        "statusText": "Condo for sale",
        "countryCurrency": "$",
        "price": "$279,000",
        "unformattedPrice": 279000,
        "address": "4281 W McNab Rd APT 19, Pompano Beach, FL 33069",
        "addressStreet": "4281 W McNab Rd APT 19",
        "addressCity": "Pompano Beach",
        "addressState": "FL",
        "addressZipcode": "33069",
        "isUndisclosedAddress": false,
        "beds": 2,
        "baths": 2.0,
        "area": 913,
        "latLong": {
            "latitude": 26.210915,
            "longitude": -80.18369
        },
        "isZillowOwned": false,
        "variableData": {
            "type": "DAYS_ON",
            "text": "200 days on Zillow"
        },
        "hdpData": {
            "homeInfo": {
                "zpid": 67836784,
                "streetAddress": "4281 W McNab Rd APT 19",
                "zipcode": "33069",
                "city": "Pompano Beach",
                "state": "FL",
                "latitude": 26.210915,
                "longitude": -80.18369,
                "price": 279000.0,
                "bathrooms": 2.0,
                "bedrooms": 2.0,
                "livingArea": 913.0,
                "homeType": "CONDO",
                "homeStatus": "FOR_SALE",
                "daysOnZillow": 200,
                "isFeatured": false,
                "shouldHighlight": false,
                "zestimate": 261500,
                "rentZestimate": 1999,
                "listing_sub_type": {
                    "is_FSBA": true
                },
                "isUnmappable": false,
                "isPreforeclosureAuction": false,
                "homeStatusForHDP": "FOR_SALE",
                "priceForHDP": 279000.0,
                "timeOnZillow": 17285895000,
                "isNonOwnerOccupied": true,
                "isPremierBuilder": false,
                "isZillowOwned": false,
                "currency": "USD",
                "country": "USA",
                "taxAssessedValue": 141420.0,
                "unit": "Apt 19",
                "lotAreaValue": 0.0,
                "lotAreaUnit": "sqft",
                "isShowcaseListing": false
            }
        },
        "isSaved": false,
        "isUserClaimingOwner": false,
        "isUserConfirmedClaim": false,
        "pgapt": "ForSale",
        "sgapt": "For Sale (Broker)",
        "zestimate": 261500,
        "shouldShowZestimateAsPrice": false,
        "has3DModel": false,
        "hasVideo": false,
        "isHomeRec": false,
        "hasAdditionalAttributions": true,
        "isFeaturedListing": false,
        "isShowcaseListing": false,
        "list": true,
        "relaxed": false,
        "info3String": "https://photos.zillowstatic.com/fp/a8b02d5ac61ac8b9a11bda64382b4f89-zillow_web_48_23.jpg",
        "brokerName": "South Florida Premier Realty Group LLC",
        "carouselPhotos": [
            {
                "url": "https://photos.zillowstatic.com/fp/be8b4c5450d97e92d1441a844bedc392-p_e.jpg"
            },
            {
                "url": "https://photos.zillowstatic.com/fp/981d7005117dbc32e35f538feeb7a252-p_e.jpg"
            },
            {
                "url": "https://photos.zillowstatic.com/fp/3e27dd0c56d0de2e4697ce566959ed22-p_e.jpg"
            },
            {
                "url": "https://photos.zillowstatic.com/fp/a9dda1678404abb912cd6048fd31c178-p_e.jpg"
            },
            {
                "url": "https://photos.zillowstatic.com/fp/1be9ab6025f52c5440780effcdb07836-p_e.jpg"
            },
            {
                "url": "https://photos.zillowstatic.com/fp/e7796a4840dc1f067a8a30cc966a88ea-p_e.jpg"
            },
            {
                "url": "https://photos.zillowstatic.com/fp/2562fd2cfa889c28d0a6afab24c1b12f-p_e.jpg"
            },
            {
                "url": "https://photos.zillowstatic.com/fp/8dad37a587fd6292090cee7bd7cbeaa8-p_e.jpg"
            },
            {
                "url": "https://photos.zillowstatic.com/fp/368542d5b0cb2a7ff4e5c23d846adfa3-p_e.jpg"
            },
            {
                "url": "https://photos.zillowstatic.com/fp/555cce2a0d0c8a6f6ba5af48c49b79a5-p_e.jpg"
            },
            {
                "url": "https://photos.zillowstatic.com/fp/1ab24a422018a4271a11332def86a5bf-p_e.jpg"
            },
            {
                "url": "https://photos.zillowstatic.com/fp/b4618cb7d164c2da8152ba59198e78a2-p_e.jpg"
            },
            {
                "url": "https://photos.zillowstatic.com/fp/9011b2204aaeed4dbdcc22c8b0d42b3a-p_e.jpg"
            },
            {
                "url": "https://photos.zillowstatic.com/fp/88abc0706048519b273f74a67395c170-p_e.jpg"
            },
            {
                "url": "https://photos.zillowstatic.com/fp/db267dcb971c1a6b904b2dcb517aafe2-p_e.jpg"
            },
            {
                "url": "https://photos.zillowstatic.com/fp/dd39e7b867becd37d17fa04a85c9a36c-p_e.jpg"
            },
            {
                "url": "https://photos.zillowstatic.com/fp/863bacefc5ff6d639355202df5f664be-p_e.jpg"
            },
            {
                "url": "https://photos.zillowstatic.com/fp/b84fcd22c14a82fda374efbd65bb4f08-p_e.jpg"
            },
            {
                "url": "https://photos.zillowstatic.com/fp/66265cd365ec5425553b2118ad87a803-p_e.jpg"
            },
            {
                "url": "https://photos.zillowstatic.com/fp/0604a4f8d5cb468b3aab4f058018f061-p_e.jpg"
            }
        ],
        "rooms": []
    },
    {
        "zpid": "2056938842",
        "id": "2056938842",
        "rawHomeStatusCd": "ForSale",
        "marketingStatusSimplifiedCd": "For Sale by Agent",
        "imgSrc": "https://photos.zillowstatic.com/fp/d45052ef4e76614373af11472a92ed08-p_e.jpg",
        "hasImage": true,
        "detailUrl": "https://www.zillow.com/homedetails/807-E-Cypress-Ln-807-Pompano-Beach-FL-33069/2056938842_zpid/",
        "statusType": "FOR_SALE",
        "statusText": "Condo for sale",
        "countryCurrency": "$",
        "price": "$575,000",
        "unformattedPrice": 575000,
        "address": "807 E Cypress Ln #807, Pompano Beach, FL 33069",
        "addressStreet": "807 E Cypress Ln #807",
        "addressCity": "Pompano Beach",
        "addressState": "FL",
        "addressZipcode": "33069",
        "isUndisclosedAddress": false,
        "beds": 3,
        "baths": 3.0,
        "area": 2000,
        "latLong": {
            "latitude": 26.214046,
            "longitude": -80.17395
        },
        "isZillowOwned": false,
        "variableData": {
            "type": "DAYS_ON",
            "text": "215 days on Zillow"
        },
        "hdpData": {
            "homeInfo": {
                "zpid": 2056938842,
                "streetAddress": "807 E Cypress Ln #807",
                "zipcode": "33069",
                "city": "Pompano Beach",
                "state": "FL",
                "latitude": 26.214046,
                "longitude": -80.17395,
                "price": 575000.0,
                "datePriceChanged": 1697526000000,
                "bathrooms": 3.0,
                "bedrooms": 3.0,
                "livingArea": 2000.0,
                "homeType": "CONDO",
                "homeStatus": "FOR_SALE",
                "daysOnZillow": 215,
                "isFeatured": false,
                "shouldHighlight": false,
                "zestimate": 540600,
                "rentZestimate": 3499,
                "listing_sub_type": {
                    "is_FSBA": true
                },
                "priceReduction": "",
                "isUnmappable": false,
                "isPreforeclosureAuction": false,
                "homeStatusForHDP": "FOR_SALE",
                "priceForHDP": 575000.0,
                "priceChange": -14000,
                "timeOnZillow": 18597429000,
                "isNonOwnerOccupied": true,
                "isPremierBuilder": false,
                "isZillowOwned": false,
                "currency": "USD",
                "country": "USA",
                "unit": "# 807",
                "isShowcaseListing": false
            }
        },
        "isSaved": false,
        "isUserClaimingOwner": false,
        "isUserConfirmedClaim": false,
        "pgapt": "ForSale",
        "sgapt": "For Sale (Broker)",
        "zestimate": 540600,
        "shouldShowZestimateAsPrice": false,
        "has3DModel": false,
        "hasVideo": false,
        "isHomeRec": false,
        "hasAdditionalAttributions": true,
        "isFeaturedListing": false,
        "isShowcaseListing": false,
        "list": true,
        "relaxed": false,
        "info3String": "https://photos.zillowstatic.com/fp/11470fbfca6bd246a8708da0ff0e5603-zillow_web_48_23.jpg",
        "brokerName": "Century 21 Tenace Realty Inc",
        "carouselPhotos": [
            {
                "url": "https://photos.zillowstatic.com/fp/d45052ef4e76614373af11472a92ed08-p_e.jpg"
            },
            {
                "url": "https://photos.zillowstatic.com/fp/dc011b6c0ac362326cfc8c6744152d5a-p_e.jpg"
            },
            {
                "url": "https://photos.zillowstatic.com/fp/41adbc90ffcfb37f33a725210523b23e-p_e.jpg"
            },
            {
                "url": "https://photos.zillowstatic.com/fp/8fe7830d58ed73d9d9fb63b9feb56800-p_e.jpg"
            },
            {
                "url": "https://photos.zillowstatic.com/fp/85397549aeaa968dd786ee8c61666a77-p_e.jpg"
            },
            {
                "url": "https://photos.zillowstatic.com/fp/1383083a305d54d29467008a353df243-p_e.jpg"
            },
            {
                "url": "https://photos.zillowstatic.com/fp/dcede140b302f05d8525eaa516f885d2-p_e.jpg"
            },
            {
                "url": "https://photos.zillowstatic.com/fp/de71433db56fa64a321e32604762c3c4-p_e.jpg"
            },
            {
                "url": "https://photos.zillowstatic.com/fp/5de27eba9b93ac77806f8c8f3fcd593a-p_e.jpg"
            },
            {
                "url": "https://photos.zillowstatic.com/fp/c8217e0b583f40c4ef18af8512b64026-p_e.jpg"
            },
            {
                "url": "https://photos.zillowstatic.com/fp/68e97e76a26a6a8c44c4113492dc1447-p_e.jpg"
            },
            {
                "url": "https://photos.zillowstatic.com/fp/5145c19129b688867e2ed323802efce3-p_e.jpg"
            },
            {
                "url": "https://photos.zillowstatic.com/fp/6de5ae52accecad2ea5d0a328711f915-p_e.jpg"
            },
            {
                "url": "https://photos.zillowstatic.com/fp/9a1e0fd998d31bdf933aeb6ab77c9d98-p_e.jpg"
            },
            {
                "url": "https://photos.zillowstatic.com/fp/20cc92aa79fd2ba34be6be7a040029ba-p_e.jpg"
            },
            {
                "url": "https://photos.zillowstatic.com/fp/acab49ad4ec5d1ef7c157542307c265a-p_e.jpg"
            },
            {
                "url": "https://photos.zillowstatic.com/fp/cee8a7c100ecefa0e4031cf2e4c467eb-p_e.jpg"
            },
            {
                "url": "https://photos.zillowstatic.com/fp/aee654fba9f9d538f3c4aa37d9f96fef-p_e.jpg"
            },
            {
                "url": "https://photos.zillowstatic.com/fp/4bb44d46503eab13c72873427eb8b6ff-p_e.jpg"
            }
        ],
        "rooms": [
            {
                "roomArea": null,
                "roomAreaUnits": null
            }
        ]
    },
    {
        "zpid": "71731202",
        "id": "71731202",
        "rawHomeStatusCd": "ForSale",
        "marketingStatusSimplifiedCd": "For Sale by Agent",
        "imgSrc": "https://photos.zillowstatic.com/fp/23bf84f46206e015b347364598753d6f-p_e.jpg",
        "hasImage": true,
        "detailUrl": "https://www.zillow.com/homedetails/1263-SW-46th-Ave-APT-2114-Pompano-Beach-FL-33069/71731202_zpid/",
        "statusType": "FOR_SALE",
        "statusText": "Condo for sale",
        "countryCurrency": "$",
        "price": "$310,000",
        "unformattedPrice": 310000,
        "address": "1263 SW 46th Ave APT 2114, Pompano Beach, FL 33069",
        "addressStreet": "1263 SW 46th Ave APT 2114",
        "addressCity": "Pompano Beach",
        "addressState": "FL",
        "addressZipcode": "33069",
        "isUndisclosedAddress": false,
        "beds": 2,
        "baths": 3.0,
        "area": 903,
        "latLong": {
            "latitude": 26.212692,
            "longitude": -80.18886
        },
        "isZillowOwned": false,
        "variableData": {
            "type": "DAYS_ON",
            "text": "494 days on Zillow"
        },
        "hdpData": {
            "homeInfo": {
                "zpid": 71731202,
                "streetAddress": "1263 SW 46th Ave APT 2114",
                "zipcode": "33069",
                "city": "Pompano Beach",
                "state": "FL",
                "latitude": 26.212692,
                "longitude": -80.18886,
                "price": 310000.0,
                "datePriceChanged": 1663743600000,
                "bathrooms": 3.0,
                "bedrooms": 2.0,
                "livingArea": 903.0,
                "homeType": "CONDO",
                "homeStatus": "FOR_SALE",
                "daysOnZillow": 494,
                "isFeatured": false,
                "shouldHighlight": false,
                "zestimate": 225800,
                "rentZestimate": 1999,
                "listing_sub_type": {
                    "is_FSBA": true
                },
                "isUnmappable": false,
                "isPreforeclosureAuction": false,
                "homeStatusForHDP": "FOR_SALE",
                "priceForHDP": 310000.0,
                "priceChange": 15000,
                "timeOnZillow": 42720424000,
                "isNonOwnerOccupied": true,
                "isPremierBuilder": false,
                "isZillowOwned": false,
                "currency": "USD",
                "country": "USA",
                "taxAssessedValue": 148630.0,
                "unit": "Apt 2114",
                "lotAreaValue": 0.0,
                "lotAreaUnit": "sqft",
                "isShowcaseListing": false
            }
        },
        "isSaved": false,
        "isUserClaimingOwner": false,
        "isUserConfirmedClaim": false,
        "pgapt": "ForSale",
        "sgapt": "For Sale (Broker)",
        "zestimate": 225800,
        "shouldShowZestimateAsPrice": false,
        "has3DModel": false,
        "hasVideo": false,
        "isHomeRec": false,
        "hasAdditionalAttributions": true,
        "isFeaturedListing": false,
        "isShowcaseListing": false,
        "list": true,
        "relaxed": false,
        "info2String": "Listing provided by BeachesMLS",
        "info3String": "https://photos.zillowstatic.com/fp/11470fbfca6bd246a8708da0ff0e5603-zillow_web_48_23.jpg",
        "brokerName": "Moss & Company Realty Inc",
        "carouselPhotos": [
            {
                "url": "https://photos.zillowstatic.com/fp/23bf84f46206e015b347364598753d6f-p_e.jpg"
            },
            {
                "url": "https://photos.zillowstatic.com/fp/f9f5ad1fbd3c9418fd221eee9a11b3ba-p_e.jpg"
            },
            {
                "url": "https://photos.zillowstatic.com/fp/1fd036ca887e0aad87eda21cc6b46c83-p_e.jpg"
            },
            {
                "url": "https://photos.zillowstatic.com/fp/90578bd4f7c8e115f6fc3be0e150a7c3-p_e.jpg"
            },
            {
                "url": "https://photos.zillowstatic.com/fp/423de165f7dab88e809453d18800c2c4-p_e.jpg"
            },
            {
                "url": "https://photos.zillowstatic.com/fp/f85a1ac375517e5b12351860fc54d26f-p_e.jpg"
            }
        ],
        "rooms": [
            {
                "roomArea": 182.0,
                "roomAreaUnits": null
            },
            {
                "roomArea": 110.0,
                "roomAreaUnits": null
            },
            {
                "roomArea": 224.0,
                "roomAreaUnits": null
            }
        ]
    }
]