{
    "user_info": {
        "isLoggedIn": false,
        "hasHousingConnectorPermission": false,
        "savedHomesCount": 0,
        "personalizedSearchTraceID": "4c983d4e23de26829c480a142e9e9876",
        "guid": "ad040e97-c6be-44aa-8c1b-5039f18f31a2",
        "zuid": "",
        "isBot": false,
        "email": "",
        "displayName": ""
    },
    "map_state": {
        "customRegionPolygonWkt": null,
        "schoolPolygonWkt": null,
        "isCurrentLocationSearch": false,
        "userPosition": {
            "lat": null,
            "lon": null
        }
    },
    "region_state": {
        "regionInfo": [
            {
                "regionId": 72398,
                "regionType": 7,
                "regionName": "33069",
                "displayName": "Pompano Beach FL 33069",
                "isPointRegion": false
            }
        ],
        "regionBounds": {
            "north": 26.274541,
            "south": 26.209003,
            "east": -80.133298,
            "west": -80.195587
        }
    },
    "search_page_seo": {
        "baseUrl": "/pompano-beach-fl-33069/",
        "windowTitle": "33069 Real Estate - 33069 Homes For Sale | Zillow",
        "metaDescription": "Zillow has 45 homes for sale in 33069. View listing photos, review sales history, and use our detailed real estate filters to find the perfect place."
    },
    "request_id": 4
}