{
    "user_info": {
        "isLoggedIn": false,
        "hasHousingConnectorPermission": false,
        "savedHomesCount": 0,
        "personalizedSearchTraceID": "25dcdc703cbc005d66365aa5a826409b",
        "guid": "8431a353-f3fb-424f-a17c-20331967ea01",
        "zuid": "",
        "isBot": false,
        "email": "",
        "displayName": ""
    },
    "map_state": {
        "customRegionPolygonWkt": null,
        "schoolPolygonWkt": null,
        "isCurrentLocationSearch": false,
        "userPosition": {
            "lat": null,
            "lon": null
        }
    },
    "region_state": {
        "regionInfo": [
            {
                "regionId": 72358,
                "regionType": 7,
                "regionName": "33020",
                "displayName": "Hollywood FL 33020",
                "isPointRegion": false
            }
        ],
        "regionBounds": {
            "north": 26.048488,
            "south": 25.996206,
            "east": -80.130388,
            "west": -80.168296
        }
    },
    "search_page_seo": {
        "baseUrl": "/hollywood-fl-33020/",
        "windowTitle": "33020 Real Estate - 33020 Homes For Sale | Zillow",
        "metaDescription": "Zillow has 24 homes for sale in 33020. View listing photos, review sales history, and use our detailed real estate filters to find the perfect place."
    },
    "request_id": 4
}