{
    "user_info": {
        "isLoggedIn": false,
        "hasHousingConnectorPermission": false,
        "savedHomesCount": 0,
        "personalizedSearchTraceID": "60112d9bf58c41f4f3f4248e1774fff7",
        "guid": "e3d65787-ede4-4dca-8558-0de89863d4d6",
        "zuid": "",
        "isBot": false,
        "email": "",
        "displayName": ""
    },
    "map_state": {
        "customRegionPolygonWkt": null,
        "schoolPolygonWkt": null,
        "isCurrentLocationSearch": false,
        "userPosition": {
            "lat": null,
            "lon": null
        }
    },
    "region_state": {
        "regionInfo": [
            {
                "regionId": 72595,
                "regionType": 7,
                "regionName": "33429",
                "displayName": "Boca Raton FL 33429",
                "isPointRegion": true
            }
        ],
        "regionBounds": {
            "north": 26.370615,
            "south": 26.334384999999997,
            "east": -80.06638500000001,
            "west": -80.102615
        }
    },
    "search_page_seo": {
        "baseUrl": "/boca-raton-fl-33429/",
        "windowTitle": "33429 Real Estate - 33429 Homes For Sale | Zillow",
        "metaDescription": "Zillow has 138 homes for sale in 33429. View listing photos, review sales history, and use our detailed real estate filters to find the perfect place."
    },
    "request_id": 4
}