{
    "user_info": {
        "isLoggedIn": false,
        "hasHousingConnectorPermission": false,
        "savedHomesCount": 0,
        "personalizedSearchTraceID": "94480a38e1cfa313be4f3a979971575f",
        "guid": "bd804e6e-bad9-4bc1-bea4-7ae3863f151a",
        "zuid": "",
        "isBot": false,
        "email": "",
        "displayName": ""
    },
    "map_state": {
        "customRegionPolygonWkt": null,
        "schoolPolygonWkt": null,
        "isCurrentLocationSearch": false,
        "userPosition": {
            "lat": null,
            "lon": null
        }
    },
    "region_state": {
        "regionInfo": [
            {
                "regionId": 72509,
                "regionType": 7,
                "regionName": "33255",
                "displayName": "Glenvar Heights FL 33255",
                "isPointRegion": true
            }
        ],
        "regionBounds": {
            "north": 25.751315,
            "south": 25.715085,
            "east": -80.28808500000001,
            "west": -80.324315
        }
    },
    "search_page_seo": {
        "baseUrl": "/glenvar-heights-fl-33255/",
        "windowTitle": "33255 Real Estate - 33255 Homes For Sale | Zillow",
        "metaDescription": "Zillow has 15 homes for sale in 33255. View listing photos, review sales history, and use our detailed real estate filters to find the perfect place."
    },
    "request_id": 4
}