[
    {
        "zpid": "43937019",
        "id": "43937019",
        "rawHomeStatusCd": "ForSale",
        "marketingStatusSimplifiedCd": "For Sale by Agent",
        "imgSrc": "https://photos.zillowstatic.com/fp/eeb2ba5fa6c78f44443ef268e26124d1-p_e.jpg",
        "hasImage": true,
        "detailUrl": "https://www.zillow.com/homedetails/2610-W-60th-St-119-Hialeah-FL-33016/43937019_zpid/",
        "statusType": "FOR_SALE",
        "statusText": "Condo for sale",
        "countryCurrency": "$",
        "price": "$280,000",
        "unformattedPrice": 280000,
        "address": "2610 W 60th St #119, Hialeah, FL 33016",
        "addressStreet": "2610 W 60th St #119",
        "addressCity": "Hialeah",
        "addressState": "FL",
        "addressZipcode": "33016",
        "isUndisclosedAddress": false,
        "beds": 2,
        "baths": 2.0,
        "area": 870,
        "latLong": {
            "latitude": 25.876713,
            "longitude": -80.3361
        },
        "isZillowOwned": false,
        "variableData": {
            "type": "PRICE_REDUCTION",
            "text": "$19,000 (Jan 26)"
        },
        "hdpData": {
            "homeInfo": {
                "zpid": 43937019,
                "streetAddress": "2610 W 60th St #119",
                "zipcode": "33016",
                "city": "Hialeah",
                "state": "FL",
                "latitude": 25.876713,
                "longitude": -80.3361,
                "price": 280000.0,
                "datePriceChanged": 1706256000000,
                "bathrooms": 2.0,
                "bedrooms": 2.0,
                "livingArea": 870.0,
                "homeType": "CONDO",
                "homeStatus": "FOR_SALE",
                "daysOnZillow": 142,
                "isFeatured": false,
                "shouldHighlight": false,
                "zestimate": 289400,
                "rentZestimate": 2470,
                "listing_sub_type": {
                    "is_FSBA": true
                },
                "priceReduction": "$19,000 (Jan 26)",
                "isUnmappable": false,
                "isPreforeclosureAuction": false,
                "homeStatusForHDP": "FOR_SALE",
                "priceForHDP": 280000.0,
                "priceChange": -19000,
                "timeOnZillow": 12276247000,
                "isNonOwnerOccupied": true,
                "isPremierBuilder": false,
                "isZillowOwned": false,
                "currency": "USD",
                "country": "USA",
                "taxAssessedValue": 158000.0,
                "unit": "# 119",
                "lotAreaValue": 0.0,
                "lotAreaUnit": "sqft",
                "isShowcaseListing": false
            }
        },
        "isSaved": false,
        "isUserClaimingOwner": false,
        "isUserConfirmedClaim": false,
        "pgapt": "ForSale",
        "sgapt": "For Sale (Broker)",
        "zestimate": 289400,
        "shouldShowZestimateAsPrice": false,
        "has3DModel": false,
        "hasVideo": false,
        "isHomeRec": false,
        "hasAdditionalAttributions": true,
        "isFeaturedListing": false,
        "isShowcaseListing": false,
        "list": true,
        "relaxed": false,
        "info3String": "https://photos.zillowstatic.com/fp/a8b02d5ac61ac8b9a11bda64382b4f89-zillow_web_48_23.jpg",
        "brokerName": "Azul Realty Group, LLC",
        "carouselPhotos": [
            {
                "url": "https://photos.zillowstatic.com/fp/eeb2ba5fa6c78f44443ef268e26124d1-p_e.jpg"
            },
            {
                "url": "https://photos.zillowstatic.com/fp/25d4202b81d4f842b9f1fae81aea05dc-p_e.jpg"
            },
            {
                "url": "https://photos.zillowstatic.com/fp/6974b62862b3faca77456c644b0adcbe-p_e.jpg"
            },
            {
                "url": "https://photos.zillowstatic.com/fp/4cc4d415664e66a14c58007335e3fb65-p_e.jpg"
            },
            {
                "url": "https://photos.zillowstatic.com/fp/c636121a1c2bd8f15cbb2eeaddaf1140-p_e.jpg"
            },
            {
                "url": "https://photos.zillowstatic.com/fp/efcbe52a5204b2e9662e50c6ac806a6c-p_e.jpg"
            },
            {
                "url": "https://photos.zillowstatic.com/fp/9373c75c250b5633095f19ae4f778321-p_e.jpg"
            },
            {
                "url": "https://photos.zillowstatic.com/fp/52a02e8ba21eb9ea1d1b5e490db62636-p_e.jpg"
            },
            {
                "url": "https://photos.zillowstatic.com/fp/a75986ccb2fdfe88824ba30a2d67ae2d-p_e.jpg"
            },
            {
                "url": "https://photos.zillowstatic.com/fp/9d9ac73ff1db8eeb1b9ced4b8b2ca83d-p_e.jpg"
            },
            {
                "url": "https://photos.zillowstatic.com/fp/0a8f3c441ff219cec0ec2c1fd7710a1a-p_e.jpg"
            },
            {
                "url": "https://photos.zillowstatic.com/fp/62ecdbcb248bd3974b76c175772f5d98-p_e.jpg"
            },
            {
                "url": "https://photos.zillowstatic.com/fp/52a6e01d17346bf18753f8c7b389bc55-p_e.jpg"
            },
            {
                "url": "https://photos.zillowstatic.com/fp/52fe458dde427f7e2bba34e6b7581188-p_e.jpg"
            },
            {
                "url": "https://photos.zillowstatic.com/fp/336c0d5a4e592c591fa567aa05b07997-p_e.jpg"
            },
            {
                "url": "https://photos.zillowstatic.com/fp/09d3edfa056329b37e21f5442191fd9a-p_e.jpg"
            },
            {
                "url": "https://photos.zillowstatic.com/fp/0eb029f7b4e1954622e173bfd75631e4-p_e.jpg"
            },
            {
                "url": "https://photos.zillowstatic.com/fp/2ebaf0e44b6826466ff08a3c61fb937a-p_e.jpg"
            },
            {
                "url": "https://photos.zillowstatic.com/fp/09ef9e39ddf720410ec891ba8ed26b4f-p_e.jpg"
            },
            {
                "url": "https://photos.zillowstatic.com/fp/2b9b13982746633332ae06328ee0a598-p_e.jpg"
            },
            {
                "url": "https://photos.zillowstatic.com/fp/0267c1e865bdf1fee9bd84065db26b3a-p_e.jpg"
            },
            {
                "url": "https://photos.zillowstatic.com/fp/0499b9dc059f07ff076d9b1a17cb17fa-p_e.jpg"
            },
            {
                "url": "https://photos.zillowstatic.com/fp/2c4faed060931eaaa284121a5f8ab2dc-p_e.jpg"
            },
            {
                "url": "https://photos.zillowstatic.com/fp/da313503cca90288e8487196e3b105e1-p_e.jpg"
            },
            {
                "url": "https://photos.zillowstatic.com/fp/ecf9c87b0be2d9ce50a52f203558df35-p_e.jpg"
            },
            {
                "url": "https://photos.zillowstatic.com/fp/6e9d7570890c6507f068b175a706d473-p_e.jpg"
            },
            {
                "url": "https://photos.zillowstatic.com/fp/27348a9eaec7dc932648e97f0ab7fd16-p_e.jpg"
            },
            {
                "url": "https://photos.zillowstatic.com/fp/18031c6001ed631fd2289e8558135c67-p_e.jpg"
            },
            {
                "url": "https://photos.zillowstatic.com/fp/aabbf671cc10878fe1587b6cfe348b1d-p_e.jpg"
            },
            {
                "url": "https://photos.zillowstatic.com/fp/8a4d94250f151e11847c2068d682056d-p_e.jpg"
            },
            {
                "url": "https://photos.zillowstatic.com/fp/53491e4e5741496494e3d877a18bcdc5-p_e.jpg"
            },
            {
                "url": "https://photos.zillowstatic.com/fp/16ad44b1c6821f195bdbed6b3086ceed-p_e.jpg"
            },
            {
                "url": "https://photos.zillowstatic.com/fp/f2561829fc09f8aec8f35f7dcc8dfb94-p_e.jpg"
            }
        ],
        "rooms": []
    },
    {
        "zpid": "44040855",
        "id": "44040855",
        "rawHomeStatusCd": "ForSale",
        "marketingStatusSimplifiedCd": "For Sale by Agent",
        "imgSrc": "https://photos.zillowstatic.com/fp/c813565d97448a274742060e95688d1d-p_e.jpg",
        "hasImage": true,
        "detailUrl": "https://www.zillow.com/homedetails/8851-NW-119th-St-UNIT-1202-1-Hialeah-Gardens-FL-33018/44040855_zpid/",
        "statusType": "FOR_SALE",
        "statusText": "Condo for sale",
        "countryCurrency": "$",
        "price": "$360,000",
        "unformattedPrice": 360000,
        "address": "8851 NW 119th St UNIT 1202-1, Hialeah Gardens, FL 33018",
        "addressStreet": "8851 NW 119th St UNIT 1202-1",
        "addressCity": "Hialeah Gardens",
        "addressState": "FL",
        "addressZipcode": "33018",
        "isUndisclosedAddress": false,
        "beds": 3,
        "baths": 2.0,
        "area": 1380,
        "latLong": {
            "latitude": 25.8818,
            "longitude": -80.34232
        },
        "isZillowOwned": false,
        "variableData": {
            "type": "DAYS_ON",
            "text": "144 days on Zillow"
        },
        "hdpData": {
            "homeInfo": {
                "zpid": 44040855,
                "streetAddress": "8851 NW 119th St UNIT 1202-1",
                "zipcode": "33018",
                "city": "Hialeah Gardens",
                "state": "FL",
                "latitude": 25.8818,
                "longitude": -80.34232,
                "price": 360000.0,
                "bathrooms": 2.0,
                "bedrooms": 3.0,
                "livingArea": 1380.0,
                "homeType": "CONDO",
                "homeStatus": "FOR_SALE",
                "daysOnZillow": 144,
                "isFeatured": false,
                "shouldHighlight": false,
                "zestimate": 341600,
                "rentZestimate": 3234,
                "listing_sub_type": {
                    "is_FSBA": true
                },
                "isUnmappable": false,
                "isPreforeclosureAuction": false,
                "homeStatusForHDP": "FOR_SALE",
                "priceForHDP": 360000.0,
                "timeOnZillow": 12449047000,
                "isNonOwnerOccupied": true,
                "isPremierBuilder": false,
                "isZillowOwned": false,
                "currency": "USD",
                "country": "USA",
                "taxAssessedValue": 207000.0,
                "unit": "Unit 1202-1",
                "lotAreaValue": 0.0,
                "lotAreaUnit": "sqft",
                "isShowcaseListing": false
            }
        },
        "isSaved": false,
        "isUserClaimingOwner": false,
        "isUserConfirmedClaim": false,
        "pgapt": "ForSale",
        "sgapt": "For Sale (Broker)",
        "zestimate": 341600,
        "shouldShowZestimateAsPrice": false,
        "has3DModel": false,
        "hasVideo": false,
        "isHomeRec": false,
        "hasAdditionalAttributions": true,
        "isFeaturedListing": false,
        "isShowcaseListing": false,
        "list": true,
        "relaxed": false,
        "info3String": "https://photos.zillowstatic.com/fp/a8b02d5ac61ac8b9a11bda64382b4f89-zillow_web_48_23.jpg",
        "brokerName": "The Keyes Company",
        "carouselPhotos": [
            {
                "url": "https://photos.zillowstatic.com/fp/c813565d97448a274742060e95688d1d-p_e.jpg"
            },
            {
                "url": "https://photos.zillowstatic.com/fp/c307334a0f2ed2d3020365ad9ef170ca-p_e.jpg"
            },
            {
                "url": "https://photos.zillowstatic.com/fp/facbb97800d71fe93a65ab4811544c64-p_e.jpg"
            },
            {
                "url": "https://photos.zillowstatic.com/fp/03a83de2dd9d980b014a33d4840f863b-p_e.jpg"
            },
            {
                "url": "https://photos.zillowstatic.com/fp/68c9124e57e936c6af3b216c4b468927-p_e.jpg"
            },
            {
                "url": "https://photos.zillowstatic.com/fp/aa9f6c7337cf5eba8ddea5ee6ae333aa-p_e.jpg"
            },
            {
                "url": "https://photos.zillowstatic.com/fp/2f2286d34be783f5cce5b1bfcae07882-p_e.jpg"
            },
            {
                "url": "https://photos.zillowstatic.com/fp/5ff45cc18d1416ee2b4b5e37ef9cc9c9-p_e.jpg"
            }
        ],
        "rooms": []
    },
    {
        "zpid": "70599835",
        "id": "70599835",
        "rawHomeStatusCd": "ForSale",
        "marketingStatusSimplifiedCd": "For Sale by Agent",
        "imgSrc": "https://photos.zillowstatic.com/fp/acaf443b56f7ddae79b5cf280f27be94-p_e.jpg",
        "hasImage": true,
        "detailUrl": "https://www.zillow.com/homedetails/11310-NW-84th-St-Doral-FL-33178/70599835_zpid/",
        "statusType": "FOR_SALE",
        "statusText": "Townhouse for sale",
        "countryCurrency": "$",
        "price": "$720,000",
        "unformattedPrice": 720000,
        "address": "11310 NW 84th St, Doral, FL 33178",
        "addressStreet": "11310 NW 84th St",
        "addressCity": "Doral",
        "addressState": "FL",
        "addressZipcode": "33178",
        "isUndisclosedAddress": false,
        "beds": 4,
        "baths": 3.0,
        "area": 2118,
        "latLong": {
            "latitude": 25.850132,
            "longitude": -80.38044
        },
        "isZillowOwned": false,
        "variableData": {
            "type": "PRICE_REDUCTION",
            "text": "$20,000 (Nov 4)"
        },
        "hdpData": {
            "homeInfo": {
                "zpid": 70599835,
                "streetAddress": "11310 NW 84th St",
                "zipcode": "33178",
                "city": "Doral",
                "state": "FL",
                "latitude": 25.850132,
                "longitude": -80.38044,
                "price": 720000.0,
                "datePriceChanged": 1699081200000,
                "bathrooms": 3.0,
                "bedrooms": 4.0,
                "livingArea": 2118.0,
                "homeType": "TOWNHOUSE",
                "homeStatus": "FOR_SALE",
                "daysOnZillow": 145,
                "isFeatured": false,
                "shouldHighlight": false,
                "listing_sub_type": {
                    "is_FSBA": true
                },
                "priceReduction": "$20,000 (Nov 4)",
                "isUnmappable": false,
                "isPreforeclosureAuction": false,
                "homeStatusForHDP": "FOR_SALE",
                "priceForHDP": 720000.0,
                "priceChange": -20000,
                "timeOnZillow": 12535447000,
                "isNonOwnerOccupied": true,
                "isPremierBuilder": false,
                "isZillowOwned": false,
                "currency": "USD",
                "country": "USA",
                "taxAssessedValue": 437445.0,
                "lotAreaValue": 0.0,
                "lotAreaUnit": "sqft",
                "isShowcaseListing": false
            }
        },
        "isSaved": false,
        "isUserClaimingOwner": false,
        "isUserConfirmedClaim": false,
        "pgapt": "ForSale",
        "sgapt": "For Sale (Broker)",
        "shouldShowZestimateAsPrice": false,
        "has3DModel": false,
        "hasVideo": false,
        "isHomeRec": false,
        "hasAdditionalAttributions": true,
        "isFeaturedListing": false,
        "isShowcaseListing": false,
        "list": true,
        "relaxed": false,
        "info3String": "https://photos.zillowstatic.com/fp/a8b02d5ac61ac8b9a11bda64382b4f89-zillow_web_48_23.jpg",
        "brokerName": "The Keyes Company",
        "carouselPhotos": [
            {
                "url": "https://photos.zillowstatic.com/fp/acaf443b56f7ddae79b5cf280f27be94-p_e.jpg"
            },
            {
                "url": "https://photos.zillowstatic.com/fp/66a5edc70e030fe5600115dc214cf50d-p_e.jpg"
            },
            {
                "url": "https://photos.zillowstatic.com/fp/9279ffb9c0e845560e4fb063c1991e76-p_e.jpg"
            },
            {
                "url": "https://photos.zillowstatic.com/fp/12f2b441ae2980471868e6d27b48f6a8-p_e.jpg"
            },
            {
                "url": "https://photos.zillowstatic.com/fp/00427a293009bc5ec3fd89e7eb675f2c-p_e.jpg"
            },
            {
                "url": "https://photos.zillowstatic.com/fp/e76aa78ad0a4c8e3e4f97c7d50b24b7b-p_e.jpg"
            },
            {
                "url": "https://photos.zillowstatic.com/fp/d9628b6163035019f3ac82c885b09683-p_e.jpg"
            },
            {
                "url": "https://photos.zillowstatic.com/fp/733720db2a16d8554d40b0b62af8d147-p_e.jpg"
            },
            {
                "url": "https://photos.zillowstatic.com/fp/4cbc838451a60b5ef277e18528f9e603-p_e.jpg"
            },
            {
                "url": "https://photos.zillowstatic.com/fp/60dc379fd7708e1129643ad1a0f6e87f-p_e.jpg"
            },
            {
                "url": "https://photos.zillowstatic.com/fp/37fd2e92f7efa3be316e8ddababcdcbf-p_e.jpg"
            }
        ],
        "rooms": []
    },
    {
        "zpid": "70792505",
        "id": "70792505",
        "rawHomeStatusCd": "ForSale",
        "marketingStatusSimplifiedCd": "For Sale by Agent",
        "imgSrc": "https://photos.zillowstatic.com/fp/864711a38ab40bcae380b4ab157892f7-p_e.jpg",
        "hasImage": true,
        "detailUrl": "https://www.zillow.com/homedetails/8436-NW-116th-Ave-Doral-FL-33178/70792505_zpid/",
        "statusType": "FOR_SALE",
        "statusText": "House for sale",
        "countryCurrency": "$",
        "price": "$1,197,500",
        "unformattedPrice": 1197500,
        "address": "8436 NW 116th Ave, Doral, FL 33178",
        "addressStreet": "8436 NW 116th Ave",
        "addressCity": "Doral",
        "addressState": "FL",
        "addressZipcode": "33178",
        "isUndisclosedAddress": false,
        "beds": 5,
        "baths": 3.0,
        "area": 3240,
        "latLong": {
            "latitude": 25.849716,
            "longitude": -80.385864
        },
        "isZillowOwned": false,
        "variableData": {
            "type": "DAYS_ON",
            "text": "145 days on Zillow"
        },
        "hdpData": {
            "homeInfo": {
                "zpid": 70792505,
                "streetAddress": "8436 NW 116th Ave",
                "zipcode": "33178",
                "city": "Doral",
                "state": "FL",
                "latitude": 25.849716,
                "longitude": -80.385864,
                "price": 1197500.0,
                "bathrooms": 3.0,
                "bedrooms": 5.0,
                "livingArea": 3240.0,
                "homeType": "SINGLE_FAMILY",
                "homeStatus": "FOR_SALE",
                "daysOnZillow": 145,
                "isFeatured": false,
                "shouldHighlight": false,
                "zestimate": 1147800,
                "rentZestimate": 7224,
                "listing_sub_type": {
                    "is_FSBA": true
                },
                "isUnmappable": false,
                "isPreforeclosureAuction": false,
                "homeStatusForHDP": "FOR_SALE",
                "priceForHDP": 1197500.0,
                "timeOnZillow": 12535447000,
                "isNonOwnerOccupied": true,
                "isPremierBuilder": false,
                "isZillowOwned": false,
                "currency": "USD",
                "country": "USA",
                "taxAssessedValue": 715270.0,
                "lotAreaValue": 10099.0,
                "lotAreaUnit": "sqft",
                "isShowcaseListing": false
            }
        },
        "isSaved": false,
        "isUserClaimingOwner": false,
        "isUserConfirmedClaim": false,
        "pgapt": "ForSale",
        "sgapt": "For Sale (Broker)",
        "zestimate": 1147800,
        "shouldShowZestimateAsPrice": false,
        "has3DModel": false,
        "hasVideo": false,
        "isHomeRec": false,
        "hasAdditionalAttributions": true,
        "isFeaturedListing": false,
        "isShowcaseListing": false,
        "list": true,
        "relaxed": false,
        "info3String": "https://photos.zillowstatic.com/fp/a8b02d5ac61ac8b9a11bda64382b4f89-zillow_web_48_23.jpg",
        "brokerName": "The Keyes Company",
        "carouselPhotos": [
            {
                "url": "https://photos.zillowstatic.com/fp/864711a38ab40bcae380b4ab157892f7-p_e.jpg"
            },
            {
                "url": "https://photos.zillowstatic.com/fp/36326713b735d4b101f64f94b647a568-p_e.jpg"
            },
            {
                "url": "https://photos.zillowstatic.com/fp/a4cc006db4d5c5e54816fc0c610af5de-p_e.jpg"
            },
            {
                "url": "https://photos.zillowstatic.com/fp/5e33197e202af2913ca852cbf09c5ae5-p_e.jpg"
            },
            {
                "url": "https://photos.zillowstatic.com/fp/2c54ecc2eed58bf32a61ecf4c81237b4-p_e.jpg"
            },
            {
                "url": "https://photos.zillowstatic.com/fp/2b6c6c67394ce735a53b9c6d03b225ed-p_e.jpg"
            },
            {
                "url": "https://photos.zillowstatic.com/fp/9563d37807e23bb4226ef84539bbdbb2-p_e.jpg"
            },
            {
                "url": "https://photos.zillowstatic.com/fp/641a2da6474de04b905675389f084771-p_e.jpg"
            },
            {
                "url": "https://photos.zillowstatic.com/fp/d62f8f631bb94752748d76eb51791e72-p_e.jpg"
            },
            {
                "url": "https://photos.zillowstatic.com/fp/ec3c35955e09f1d37687c1e860af4df3-p_e.jpg"
            },
            {
                "url": "https://photos.zillowstatic.com/fp/38b59cf198fe7efae2775998d4279921-p_e.jpg"
            },
            {
                "url": "https://photos.zillowstatic.com/fp/57ea6761209a8ede9877320d13c0bbcf-p_e.jpg"
            },
            {
                "url": "https://photos.zillowstatic.com/fp/ceab7fea585240c96ce0fb4515e28844-p_e.jpg"
            },
            {
                "url": "https://photos.zillowstatic.com/fp/7428c291b85e983d35da0c15575b624d-p_e.jpg"
            },
            {
                "url": "https://photos.zillowstatic.com/fp/906b11ac76a52a365d69b31338e97aae-p_e.jpg"
            },
            {
                "url": "https://photos.zillowstatic.com/fp/ae22b96d0f3202879882b0510fa3fce9-p_e.jpg"
            },
            {
                "url": "https://photos.zillowstatic.com/fp/c2658393870845f1b8f3c68975b005d0-p_e.jpg"
            },
            {
                "url": "https://photos.zillowstatic.com/fp/58d1d0922107f53b0c1857041e311b5a-p_e.jpg"
            },
            {
                "url": "https://photos.zillowstatic.com/fp/84ed7ef0978c0edc9e386f533eab27fb-p_e.jpg"
            },
            {
                "url": "https://photos.zillowstatic.com/fp/0dfd309d51685f017f86f7a0b850ff11-p_e.jpg"
            },
            {
                "url": "https://photos.zillowstatic.com/fp/024e649e7b39b8226620ddac16a0a34d-p_e.jpg"
            },
            {
                "url": "https://photos.zillowstatic.com/fp/28806bd99c467e9598b077f5459a3b44-p_e.jpg"
            },
            {
                "url": "https://photos.zillowstatic.com/fp/29dd0f18384cc160b4dded0cfb631ad0-p_e.jpg"
            },
            {
                "url": "https://photos.zillowstatic.com/fp/eea27cc62938343bb7f346a910ffef58-p_e.jpg"
            },
            {
                "url": "https://photos.zillowstatic.com/fp/c0d2d48d1908d046ad3cfc4298ac25ec-p_e.jpg"
            },
            {
                "url": "https://photos.zillowstatic.com/fp/e15cd62f999a4555f2c5dd5aa53c5c71-p_e.jpg"
            },
            {
                "url": "https://photos.zillowstatic.com/fp/f931b1cbd86fc8a94978c3c971a8510f-p_e.jpg"
            },
            {
                "url": "https://photos.zillowstatic.com/fp/78fdc95e6952fb93ddbcaf025afbd313-p_e.jpg"
            },
            {
                "url": "https://photos.zillowstatic.com/fp/e663d48712f31db42b3fdb6d05dc2522-p_e.jpg"
            },
            {
                "url": "https://photos.zillowstatic.com/fp/de5c59ebe4897f4cfeee3b7ce47570a4-p_e.jpg"
            },
            {
                "url": "https://photos.zillowstatic.com/fp/ffc2430de89cb14aa31000bdd22796a4-p_e.jpg"
            },
            {
                "url": "https://photos.zillowstatic.com/fp/013bc4fc3ef14cc4a77896130325d199-p_e.jpg"
            },
            {
                "url": "https://photos.zillowstatic.com/fp/2b4723e64051f1fc90168c3ee1a2699c-p_e.jpg"
            },
            {
                "url": "https://photos.zillowstatic.com/fp/bff483cc0d9dfb2d432980cd4777a5d4-p_e.jpg"
            },
            {
                "url": "https://photos.zillowstatic.com/fp/3d4154c91f5c267c244cf43c2f8ee301-p_e.jpg"
            },
            {
                "url": "https://photos.zillowstatic.com/fp/7983e0a2e9ebcfb3931838475caa0e7b-p_e.jpg"
            },
            {
                "url": "https://photos.zillowstatic.com/fp/852de2025e852dcf67bd7a1039f909ae-p_e.jpg"
            },
            {
                "url": "https://photos.zillowstatic.com/fp/2f2bfdd426256ff85b73a6d06e5a0625-p_e.jpg"
            },
            {
                "url": "https://photos.zillowstatic.com/fp/b0c8f2938cb0c2e6471ee56f036daae9-p_e.jpg"
            },
            {
                "url": "https://photos.zillowstatic.com/fp/951235ebf4a09e4baf24c4f051c1d14f-p_e.jpg"
            },
            {
                "url": "https://photos.zillowstatic.com/fp/d3542cdf84df22ecaf6eae0e3ad17454-p_e.jpg"
            },
            {
                "url": "https://photos.zillowstatic.com/fp/789504ac71d36fd17c12c74fda5186bf-p_e.jpg"
            },
            {
                "url": "https://photos.zillowstatic.com/fp/35073ee8a459157209e65b47f9dc0d23-p_e.jpg"
            },
            {
                "url": "https://photos.zillowstatic.com/fp/994ffa9c134879846cf884f07098c2d7-p_e.jpg"
            },
            {
                "url": "https://photos.zillowstatic.com/fp/74b8aeb07d91635e4b9d8e870fb11a60-p_e.jpg"
            },
            {
                "url": "https://photos.zillowstatic.com/fp/275eca1112e4fc13da416869001e3656-p_e.jpg"
            },
            {
                "url": "https://photos.zillowstatic.com/fp/ad2845f22c0f279b914c1332d86b8b32-p_e.jpg"
            },
            {
                "url": "https://photos.zillowstatic.com/fp/6a3ccfaee64efe4e423793aed93ce139-p_e.jpg"
            },
            {
                "url": "https://photos.zillowstatic.com/fp/92dda205bda98909e62a323538a6a2a6-p_e.jpg"
            },
            {
                "url": "https://photos.zillowstatic.com/fp/531e0f7898a1de39831e9f3fea248e3b-p_e.jpg"
            },
            {
                "url": "https://photos.zillowstatic.com/fp/65053d21e5883414722058c8341c9cf4-p_e.jpg"
            },
            {
                "url": "https://photos.zillowstatic.com/fp/e3c378d092ebe0048343492fe44655d7-p_e.jpg"
            },
            {
                "url": "https://photos.zillowstatic.com/fp/6ab4e3aacbf143a1ae7057811ab873f8-p_e.jpg"
            },
            {
                "url": "https://photos.zillowstatic.com/fp/701ea2fcc17ded1103f01d353b634eff-p_e.jpg"
            },
            {
                "url": "https://photos.zillowstatic.com/fp/4e4e62faeb5df5a26ebb254ce0ff42c9-p_e.jpg"
            }
        ],
        "rooms": []
    },
    {
        "zpid": "58452086",
        "id": "58452086",
        "rawHomeStatusCd": "ForSale",
        "marketingStatusSimplifiedCd": "For Sale by Agent",
        "imgSrc": "https://photos.zillowstatic.com/fp/36cb6f74d0d13869cdde9956db514a0c-p_e.jpg",
        "hasImage": true,
        "detailUrl": "https://www.zillow.com/homedetails/11053-W-Okeechobee-Rd-UNIT-202-Hialeah-Gardens-FL-33018/58452086_zpid/",
        "statusType": "FOR_SALE",
        "statusText": "Condo for sale",
        "countryCurrency": "$",
        "price": "$315,000",
        "unformattedPrice": 315000,
        "address": "11053 W Okeechobee Rd UNIT 202, Hialeah Gardens, FL 33018",
        "addressStreet": "11053 W Okeechobee Rd UNIT 202",
        "addressCity": "Hialeah Gardens",
        "addressState": "FL",
        "addressZipcode": "33018",
        "isUndisclosedAddress": false,
        "beds": 2,
        "baths": 2.0,
        "area": 1029,
        "latLong": {
            "latitude": 25.876427,
            "longitude": -80.34818
        },
        "isZillowOwned": false,
        "variableData": {
            "type": "3D_HOME",
            "text": "3D Tour"
        },
        "hdpData": {
            "homeInfo": {
                "zpid": 58452086,
                "streetAddress": "11053 W Okeechobee Rd UNIT 202",
                "zipcode": "33018",
                "city": "Hialeah Gardens",
                "state": "FL",
                "latitude": 25.876427,
                "longitude": -80.34818,
                "price": 315000.0,
                "datePriceChanged": 1705910400000,
                "bathrooms": 2.0,
                "bedrooms": 2.0,
                "livingArea": 1029.0,
                "homeType": "CONDO",
                "homeStatus": "FOR_SALE",
                "daysOnZillow": 146,
                "isFeatured": false,
                "shouldHighlight": false,
                "zestimate": 297200,
                "rentZestimate": 2600,
                "listing_sub_type": {
                    "is_FSBA": true
                },
                "priceReduction": "$10,000 (Jan 22)",
                "isUnmappable": false,
                "isPreforeclosureAuction": false,
                "homeStatusForHDP": "FOR_SALE",
                "priceForHDP": 315000.0,
                "priceChange": -10000,
                "timeOnZillow": 12621847000,
                "isNonOwnerOccupied": true,
                "isPremierBuilder": false,
                "isZillowOwned": false,
                "currency": "USD",
                "country": "USA",
                "taxAssessedValue": 214200.0,
                "unit": "Unit 202",
                "lotAreaValue": 0.0,
                "lotAreaUnit": "sqft",
                "isShowcaseListing": false
            }
        },
        "isSaved": false,
        "isUserClaimingOwner": false,
        "isUserConfirmedClaim": false,
        "pgapt": "ForSale",
        "sgapt": "For Sale (Broker)",
        "zestimate": 297200,
        "shouldShowZestimateAsPrice": false,
        "has3DModel": true,
        "hasVideo": false,
        "isHomeRec": false,
        "hasAdditionalAttributions": true,
        "isFeaturedListing": false,
        "isShowcaseListing": false,
        "list": true,
        "relaxed": false,
        "info3String": "https://photos.zillowstatic.com/fp/a8b02d5ac61ac8b9a11bda64382b4f89-zillow_web_48_23.jpg",
        "brokerName": "Lifestyle International Realty",
        "carouselPhotos": [
            {
                "url": "https://photos.zillowstatic.com/fp/36cb6f74d0d13869cdde9956db514a0c-p_e.jpg"
            },
            {
                "url": "https://photos.zillowstatic.com/fp/2bbf6bdb5c5cc7898370d5acdd23ae1c-p_e.jpg"
            },
            {
                "url": "https://photos.zillowstatic.com/fp/eb0aeb8da126ce451f437516d12f706c-p_e.jpg"
            },
            {
                "url": "https://photos.zillowstatic.com/fp/6c4486c79eb3371efb82bae9ef6cad95-p_e.jpg"
            },
            {
                "url": "https://photos.zillowstatic.com/fp/95df1e8b87ee4bb8906f0f03e6cb242c-p_e.jpg"
            },
            {
                "url": "https://photos.zillowstatic.com/fp/ae6352f92a1b54f8dd0152246014fbd1-p_e.jpg"
            },
            {
                "url": "https://photos.zillowstatic.com/fp/2a36cd118ce9c601f6b740ae101b443b-p_e.jpg"
            },
            {
                "url": "https://photos.zillowstatic.com/fp/90b22a16a73d11ca7b574a6cc420e528-p_e.jpg"
            },
            {
                "url": "https://photos.zillowstatic.com/fp/cc7eaa303cf8092bae5d0ee0ba9e2a38-p_e.jpg"
            },
            {
                "url": "https://photos.zillowstatic.com/fp/adc4128ca6a18d2eab603a42e2bd90ba-p_e.jpg"
            },
            {
                "url": "https://photos.zillowstatic.com/fp/6cd6ec184a4ab976569815e211c90571-p_e.jpg"
            },
            {
                "url": "https://photos.zillowstatic.com/fp/676178b1be3376df491cfb65a941dd28-p_e.jpg"
            },
            {
                "url": "https://photos.zillowstatic.com/fp/86d81516f2877de014af01b01986e56c-p_e.jpg"
            },
            {
                "url": "https://photos.zillowstatic.com/fp/73b838a608103c92d074b609b1758da3-p_e.jpg"
            },
            {
                "url": "https://photos.zillowstatic.com/fp/3535a2e5e7ab2a2a68d22c44a75c7312-p_e.jpg"
            },
            {
                "url": "https://photos.zillowstatic.com/fp/635f1c37c008f3058acf837dfd7e8e3b-p_e.jpg"
            },
            {
                "url": "https://photos.zillowstatic.com/fp/4e717f4666ec7dfe2e23a4a0407c6b8a-p_e.jpg"
            },
            {
                "url": "https://photos.zillowstatic.com/fp/930e5b0a59c4d5d87581b86bb8602030-p_e.jpg"
            },
            {
                "url": "https://photos.zillowstatic.com/fp/01b9e2571b40d9b116724b50b7ff4c9c-p_e.jpg"
            },
            {
                "url": "https://photos.zillowstatic.com/fp/bba56982d1a6bd9f799447c520e081bb-p_e.jpg"
            },
            {
                "url": "https://photos.zillowstatic.com/fp/1e104b3b3a869e2eacb02471799f85c3-p_e.jpg"
            },
            {
                "url": "https://photos.zillowstatic.com/fp/19ef2a73729800a2b023cd7033cf10fb-p_e.jpg"
            },
            {
                "url": "https://photos.zillowstatic.com/fp/3a41e24b1e5f099fbcc0cb81de41b419-p_e.jpg"
            },
            {
                "url": "https://photos.zillowstatic.com/fp/098816065cc9a5559c3e3fb0796c26bf-p_e.jpg"
            },
            {
                "url": "https://photos.zillowstatic.com/fp/b93d4bea76846693bd4e4bd515dcf45e-p_e.jpg"
            }
        ],
        "rooms": []
    },
    {
        "zpid": "54693851",
        "id": "54693851",
        "rawHomeStatusCd": "ForSale",
        "marketingStatusSimplifiedCd": "For Sale by Agent",
        "imgSrc": "https://photos.zillowstatic.com/fp/4c7a9c469025ed6f41154fe61b2c0546-p_e.jpg",
        "hasImage": true,
        "detailUrl": "https://www.zillow.com/homedetails/10903-W-Okeechobee-Rd-UNIT-202-Hialeah-Gardens-FL-33018/54693851_zpid/",
        "statusType": "FOR_SALE",
        "statusText": "Condo for sale",
        "countryCurrency": "$",
        "price": "$365,000",
        "unformattedPrice": 365000,
        "address": "10903 W Okeechobee Rd UNIT 202, Hialeah Gardens, FL 33018",
        "addressStreet": "10903 W Okeechobee Rd UNIT 202",
        "addressCity": "Hialeah Gardens",
        "addressState": "FL",
        "addressZipcode": "33018",
        "isUndisclosedAddress": false,
        "beds": 3,
        "baths": 2.0,
        "area": 1029,
        "latLong": {
            "latitude": 25.875952,
            "longitude": -80.34816
        },
        "isZillowOwned": false,
        "variableData": {
            "type": "PRICE_REDUCTION",
            "text": "$15,000 (Dec 18)"
        },
        "hdpData": {
            "homeInfo": {
                "zpid": 54693851,
                "streetAddress": "10903 W Okeechobee Rd UNIT 202",
                "zipcode": "33018",
                "city": "Hialeah Gardens",
                "state": "FL",
                "latitude": 25.875952,
                "longitude": -80.34816,
                "price": 365000.0,
                "datePriceChanged": 1702886400000,
                "bathrooms": 2.0,
                "bedrooms": 3.0,
                "livingArea": 1029.0,
                "homeType": "CONDO",
                "homeStatus": "FOR_SALE",
                "daysOnZillow": 151,
                "isFeatured": false,
                "shouldHighlight": false,
                "zestimate": 351500,
                "rentZestimate": 3200,
                "listing_sub_type": {
                    "is_FSBA": true
                },
                "priceReduction": "$15,000 (Dec 18)",
                "isUnmappable": false,
                "isPreforeclosureAuction": false,
                "homeStatusForHDP": "FOR_SALE",
                "priceForHDP": 365000.0,
                "priceChange": -15000,
                "timeOnZillow": 13053847000,
                "isNonOwnerOccupied": true,
                "isPremierBuilder": false,
                "isZillowOwned": false,
                "currency": "USD",
                "country": "USA",
                "taxAssessedValue": 214200.0,
                "unit": "Unit 202",
                "lotAreaValue": 0.0,
                "lotAreaUnit": "sqft",
                "isShowcaseListing": false
            }
        },
        "isSaved": false,
        "isUserClaimingOwner": false,
        "isUserConfirmedClaim": false,
        "pgapt": "ForSale",
        "sgapt": "For Sale (Broker)",
        "zestimate": 351500,
        "shouldShowZestimateAsPrice": false,
        "has3DModel": false,
        "hasVideo": false,
        "isHomeRec": false,
        "hasAdditionalAttributions": true,
        "isFeaturedListing": false,
        "isShowcaseListing": false,
        "list": true,
        "relaxed": false,
        "info3String": "https://photos.zillowstatic.com/fp/a8b02d5ac61ac8b9a11bda64382b4f89-zillow_web_48_23.jpg",
        "brokerName": "Lifestyle International Realty",
        "carouselPhotos": [
            {
                "url": "https://photos.zillowstatic.com/fp/4c7a9c469025ed6f41154fe61b2c0546-p_e.jpg"
            },
            {
                "url": "https://photos.zillowstatic.com/fp/7c9d5aae0aca2da83dd998e925707902-p_e.jpg"
            },
            {
                "url": "https://photos.zillowstatic.com/fp/5d1a0b294dbabebb6b25aba4ce977ea0-p_e.jpg"
            },
            {
                "url": "https://photos.zillowstatic.com/fp/ae8afb132c5466bc85c512d85f2e8d0c-p_e.jpg"
            },
            {
                "url": "https://photos.zillowstatic.com/fp/f02a981d8f588d1305354aa392fbb5cc-p_e.jpg"
            },
            {
                "url": "https://photos.zillowstatic.com/fp/23f608c4d6d24a181dbc067676ccaff1-p_e.jpg"
            },
            {
                "url": "https://photos.zillowstatic.com/fp/e4c04da52196e298eee212f35317029d-p_e.jpg"
            },
            {
                "url": "https://photos.zillowstatic.com/fp/e5cd7ca2f3b051b567e8e35d5e833f8b-p_e.jpg"
            },
            {
                "url": "https://photos.zillowstatic.com/fp/bb5716f753739761d2d88e3a35865a62-p_e.jpg"
            },
            {
                "url": "https://photos.zillowstatic.com/fp/330b8edc3a1cedcbedf91b59201a900d-p_e.jpg"
            },
            {
                "url": "https://photos.zillowstatic.com/fp/e5404df83342688d5dc965d21cd0e808-p_e.jpg"
            },
            {
                "url": "https://photos.zillowstatic.com/fp/ff1988ce7bd27aec5275592933e99491-p_e.jpg"
            },
            {
                "url": "https://photos.zillowstatic.com/fp/2a98925bf9aa479bfc7146fd728c1fe4-p_e.jpg"
            },
            {
                "url": "https://photos.zillowstatic.com/fp/66fad68e02ab0a2cebaa90e7646715dc-p_e.jpg"
            },
            {
                "url": "https://photos.zillowstatic.com/fp/5a8a267e1c8b780e41772dfc9bda471c-p_e.jpg"
            },
            {
                "url": "https://photos.zillowstatic.com/fp/d6fa4b092066e7fe39088d0f3cb0eb9d-p_e.jpg"
            }
        ],
        "rooms": []
    },
    {
        "zpid": "70792884",
        "id": "70792884",
        "rawHomeStatusCd": "ForSale",
        "marketingStatusSimplifiedCd": "For Sale by Agent",
        "imgSrc": "https://photos.zillowstatic.com/fp/8a5da8512743f249ea433d77d075c9a8-p_e.jpg",
        "hasImage": true,
        "detailUrl": "https://www.zillow.com/homedetails/8632-NW-112th-Ct-Doral-FL-33178/70792884_zpid/",
        "statusType": "FOR_SALE",
        "statusText": "Townhouse for sale",
        "countryCurrency": "$",
        "price": "$629,999",
        "unformattedPrice": 629999,
        "address": "8632 NW 112th Ct, Doral, FL 33178",
        "addressStreet": "8632 NW 112th Ct",
        "addressCity": "Doral",
        "addressState": "FL",
        "addressZipcode": "33178",
        "isUndisclosedAddress": false,
        "beds": 3,
        "baths": 3.0,
        "area": 1531,
        "latLong": {
            "latitude": 25.851791,
            "longitude": -80.379395
        },
        "isZillowOwned": false,
        "variableData": {
            "type": "PRICE_REDUCTION",
            "text": "$17,001 (Dec 5)"
        },
        "hdpData": {
            "homeInfo": {
                "zpid": 70792884,
                "streetAddress": "8632 NW 112th Ct",
                "zipcode": "33178",
                "city": "Doral",
                "state": "FL",
                "latitude": 25.851791,
                "longitude": -80.379395,
                "price": 629999.0,
                "datePriceChanged": 1701763200000,
                "bathrooms": 3.0,
                "bedrooms": 3.0,
                "livingArea": 1531.0,
                "homeType": "TOWNHOUSE",
                "homeStatus": "FOR_SALE",
                "daysOnZillow": 177,
                "isFeatured": false,
                "shouldHighlight": false,
                "listing_sub_type": {
                    "is_FSBA": true
                },
                "priceReduction": "$17,001 (Dec 5)",
                "isUnmappable": false,
                "isPreforeclosureAuction": false,
                "homeStatusForHDP": "FOR_SALE",
                "priceForHDP": 629999.0,
                "priceChange": -17001,
                "timeOnZillow": 15300247000,
                "isNonOwnerOccupied": true,
                "isPremierBuilder": false,
                "isZillowOwned": false,
                "currency": "USD",
                "country": "USA",
                "taxAssessedValue": 319545.0,
                "lotAreaValue": 0.0,
                "lotAreaUnit": "sqft",
                "isShowcaseListing": false
            }
        },
        "isSaved": false,
        "isUserClaimingOwner": false,
        "isUserConfirmedClaim": false,
        "pgapt": "ForSale",
        "sgapt": "For Sale (Broker)",
        "shouldShowZestimateAsPrice": false,
        "has3DModel": false,
        "hasVideo": false,
        "isHomeRec": false,
        "hasAdditionalAttributions": true,
        "isFeaturedListing": false,
        "isShowcaseListing": false,
        "list": true,
        "relaxed": false,
        "info3String": "https://photos.zillowstatic.com/fp/a8b02d5ac61ac8b9a11bda64382b4f89-zillow_web_48_23.jpg",
        "brokerName": "Dream Life Realty",
        "carouselPhotos": [
            {
                "url": "https://photos.zillowstatic.com/fp/8a5da8512743f249ea433d77d075c9a8-p_e.jpg"
            },
            {
                "url": "https://photos.zillowstatic.com/fp/017083e06c168e8b965a0e02965d11bc-p_e.jpg"
            },
            {
                "url": "https://photos.zillowstatic.com/fp/1c8115fd3be4b03a284e1490c8c1d301-p_e.jpg"
            },
            {
                "url": "https://photos.zillowstatic.com/fp/962c5a05a5df79c21150b421a6ceb0f4-p_e.jpg"
            },
            {
                "url": "https://photos.zillowstatic.com/fp/dfbb7d37e2cab84c5db3d548d2e389b1-p_e.jpg"
            },
            {
                "url": "https://photos.zillowstatic.com/fp/7eac046eac8c8af5d08dadf6933ea8cb-p_e.jpg"
            },
            {
                "url": "https://photos.zillowstatic.com/fp/6424828ebb8524217183c52ab01bb266-p_e.jpg"
            },
            {
                "url": "https://photos.zillowstatic.com/fp/522268657dd4cbf67c139782931dfa86-p_e.jpg"
            },
            {
                "url": "https://photos.zillowstatic.com/fp/f5a0ee38903698429fc3358e97150148-p_e.jpg"
            },
            {
                "url": "https://photos.zillowstatic.com/fp/30282c2b32ae98cc8ae8dec04b90f4af-p_e.jpg"
            },
            {
                "url": "https://photos.zillowstatic.com/fp/e92932093ca4911937d07c392776663c-p_e.jpg"
            },
            {
                "url": "https://photos.zillowstatic.com/fp/71613b9f975a0fe94fff992f46862b08-p_e.jpg"
            },
            {
                "url": "https://photos.zillowstatic.com/fp/c1c4b16f6c7a9bd7bab6f0755190c847-p_e.jpg"
            },
            {
                "url": "https://photos.zillowstatic.com/fp/8999584d981d24d226d2be368a511ad9-p_e.jpg"
            },
            {
                "url": "https://photos.zillowstatic.com/fp/c64a10bcdebb10f9199b9df9883da9b6-p_e.jpg"
            },
            {
                "url": "https://photos.zillowstatic.com/fp/d83e62e32b396ffef8196ecd719a06c9-p_e.jpg"
            },
            {
                "url": "https://photos.zillowstatic.com/fp/d39aac4942cdebd7ea8f3cc88859411b-p_e.jpg"
            },
            {
                "url": "https://photos.zillowstatic.com/fp/cf963723f2edbaa6f5b2b10754f34bb5-p_e.jpg"
            },
            {
                "url": "https://photos.zillowstatic.com/fp/df14a0dfe44f69c8940c35b4e484923d-p_e.jpg"
            },
            {
                "url": "https://photos.zillowstatic.com/fp/5a12edfeff3f68dec4ca097d515ebf22-p_e.jpg"
            },
            {
                "url": "https://photos.zillowstatic.com/fp/b9b33ef8b6f3194de6676f9d00f2cadc-p_e.jpg"
            },
            {
                "url": "https://photos.zillowstatic.com/fp/5fde5636ee66b0de933c6f3777235f81-p_e.jpg"
            },
            {
                "url": "https://photos.zillowstatic.com/fp/54f8966615f84260a0cd9217bc61fe2d-p_e.jpg"
            },
            {
                "url": "https://photos.zillowstatic.com/fp/47090c332994cd509c8c1b407574a8b4-p_e.jpg"
            },
            {
                "url": "https://photos.zillowstatic.com/fp/b13fbc56840d1d13f3e1abaf2638dbb8-p_e.jpg"
            },
            {
                "url": "https://photos.zillowstatic.com/fp/dcd025b5b53b4704a46724ba396e1ea6-p_e.jpg"
            },
            {
                "url": "https://photos.zillowstatic.com/fp/fc63ae778d4eaf028ead071095d4feec-p_e.jpg"
            },
            {
                "url": "https://photos.zillowstatic.com/fp/77ff667481a153ca7eaa15bdb9673d52-p_e.jpg"
            },
            {
                "url": "https://photos.zillowstatic.com/fp/0bf2c569ba9590e5d161d107112bed69-p_e.jpg"
            },
            {
                "url": "https://photos.zillowstatic.com/fp/99f619601bff3386708bfd6b1a970c11-p_e.jpg"
            },
            {
                "url": "https://photos.zillowstatic.com/fp/79f35d4d86f9591025f4fdce8297928b-p_e.jpg"
            },
            {
                "url": "https://photos.zillowstatic.com/fp/ec33262fb08cf3472df2484c55c69775-p_e.jpg"
            },
            {
                "url": "https://photos.zillowstatic.com/fp/98e0bbe19f680ab5de57d952d6a11d6f-p_e.jpg"
            },
            {
                "url": "https://photos.zillowstatic.com/fp/5a6722e4ac8bfdac9b12945edacd7ddc-p_e.jpg"
            },
            {
                "url": "https://photos.zillowstatic.com/fp/d9ad94c9d5127d6242d4e57d7f04f997-p_e.jpg"
            },
            {
                "url": "https://photos.zillowstatic.com/fp/5112145e38e2e5663efdd1af1446cf22-p_e.jpg"
            },
            {
                "url": "https://photos.zillowstatic.com/fp/4eb9577668e841dca4254b51d4a88c36-p_e.jpg"
            },
            {
                "url": "https://photos.zillowstatic.com/fp/0da84f61ff8b85516cb64a7e99250af8-p_e.jpg"
            },
            {
                "url": "https://photos.zillowstatic.com/fp/738d4d69158b692a8001234ca2bee4db-p_e.jpg"
            }
        ],
        "rooms": []
    },
    {
        "zpid": "247702924",
        "id": "247702924",
        "rawHomeStatusCd": "ForSale",
        "marketingStatusSimplifiedCd": "For Sale by Agent",
        "imgSrc": "https://photos.zillowstatic.com/fp/bbb55772ad380da54aa8b2d12de477cf-p_e.jpg",
        "hasImage": true,
        "detailUrl": "https://www.zillow.com/homedetails/10520-NW-79th-St-Doral-FL-33178/247702924_zpid/",
        "statusType": "FOR_SALE",
        "statusText": "Townhouse for sale",
        "countryCurrency": "$",
        "price": "$749,900",
        "unformattedPrice": 749900,
        "address": "10520 NW 79th St, Doral, FL 33178",
        "addressStreet": "10520 NW 79th St",
        "addressCity": "Doral",
        "addressState": "FL",
        "addressZipcode": "33178",
        "isUndisclosedAddress": false,
        "beds": 4,
        "baths": 4.0,
        "area": 2020,
        "latLong": {
            "latitude": 25.84533,
            "longitude": -80.36788
        },
        "isZillowOwned": false,
        "variableData": {
            "type": "PRICE_REDUCTION",
            "text": "$25,100 (Nov 21)"
        },
        "hdpData": {
            "homeInfo": {
                "zpid": 247702924,
                "streetAddress": "10520 NW 79th St",
                "zipcode": "33178",
                "city": "Doral",
                "state": "FL",
                "latitude": 25.84533,
                "longitude": -80.36788,
                "price": 749900.0,
                "datePriceChanged": 1700553600000,
                "bathrooms": 4.0,
                "bedrooms": 4.0,
                "livingArea": 2020.0,
                "homeType": "TOWNHOUSE",
                "homeStatus": "FOR_SALE",
                "daysOnZillow": 180,
                "isFeatured": false,
                "shouldHighlight": false,
                "zestimate": 716400,
                "rentZestimate": 5529,
                "listing_sub_type": {
                    "is_FSBA": true
                },
                "priceReduction": "$25,100 (Nov 21)",
                "isUnmappable": false,
                "isPreforeclosureAuction": false,
                "homeStatusForHDP": "FOR_SALE",
                "priceForHDP": 749900.0,
                "priceChange": -25100,
                "timeOnZillow": 15559447000,
                "isNonOwnerOccupied": true,
                "isPremierBuilder": false,
                "isZillowOwned": false,
                "currency": "USD",
                "country": "USA",
                "taxAssessedValue": 448960.0,
                "lotAreaValue": 0.0,
                "lotAreaUnit": "sqft",
                "isShowcaseListing": false
            }
        },
        "isSaved": false,
        "isUserClaimingOwner": false,
        "isUserConfirmedClaim": false,
        "pgapt": "ForSale",
        "sgapt": "For Sale (Broker)",
        "zestimate": 716400,
        "shouldShowZestimateAsPrice": false,
        "has3DModel": false,
        "hasVideo": false,
        "isHomeRec": false,
        "hasAdditionalAttributions": true,
        "isFeaturedListing": false,
        "isShowcaseListing": false,
        "list": true,
        "relaxed": false,
        "info3String": "https://photos.zillowstatic.com/fp/a8b02d5ac61ac8b9a11bda64382b4f89-zillow_web_48_23.jpg",
        "brokerName": "Property Express Realtors, Inc",
        "carouselPhotos": [
            {
                "url": "https://photos.zillowstatic.com/fp/bbb55772ad380da54aa8b2d12de477cf-p_e.jpg"
            },
            {
                "url": "https://photos.zillowstatic.com/fp/176f4bd1e726b17b29e0c99810e58717-p_e.jpg"
            },
            {
                "url": "https://photos.zillowstatic.com/fp/76903c4856fda28b78076cfe215cef72-p_e.jpg"
            },
            {
                "url": "https://photos.zillowstatic.com/fp/1788d6912aabd5239f527469a68b312f-p_e.jpg"
            },
            {
                "url": "https://photos.zillowstatic.com/fp/e33f759a6bdeb683c53533aa64b4c4cb-p_e.jpg"
            },
            {
                "url": "https://photos.zillowstatic.com/fp/18e5ad842a007b66cb529530361aa961-p_e.jpg"
            },
            {
                "url": "https://photos.zillowstatic.com/fp/f90a148fdbf8f38da563d50a629ea5e3-p_e.jpg"
            },
            {
                "url": "https://photos.zillowstatic.com/fp/e739420f3c29dd1db6fda0525a35ddf2-p_e.jpg"
            },
            {
                "url": "https://photos.zillowstatic.com/fp/ba41182817a04646cf309fda9971cc89-p_e.jpg"
            },
            {
                "url": "https://photos.zillowstatic.com/fp/d8cfb87a0bda8fbaa0f89e67abb6fc3b-p_e.jpg"
            }
        ],
        "rooms": []
    },
    {
        "zpid": "247698955",
        "id": "247698955",
        "rawHomeStatusCd": "ForSale",
        "marketingStatusSimplifiedCd": "For Sale by Agent",
        "imgSrc": "https://photos.zillowstatic.com/fp/4c9191eb2dfcb00d2d78f1608583f848-p_e.jpg",
        "hasImage": true,
        "detailUrl": "https://www.zillow.com/homedetails/3526-W-94th-Ter-Hialeah-FL-33018/247698955_zpid/",
        "statusType": "FOR_SALE",
        "statusText": "House for sale",
        "countryCurrency": "$",
        "price": "$779,000",
        "unformattedPrice": 779000,
        "address": "3526 W 94th Ter, Hialeah, FL 33018",
        "addressStreet": "3526 W 94th Ter",
        "addressCity": "Hialeah",
        "addressState": "FL",
        "addressZipcode": "33018",
        "isUndisclosedAddress": false,
        "beds": 5,
        "baths": 3.0,
        "area": 2808,
        "latLong": {
            "latitude": 25.90827,
            "longitude": -80.35529
        },
        "isZillowOwned": false,
        "variableData": {
            "type": "3D_HOME",
            "text": "3D Tour"
        },
        "hdpData": {
            "homeInfo": {
                "zpid": 247698955,
                "streetAddress": "3526 W 94th Ter",
                "zipcode": "33018",
                "city": "Hialeah",
                "state": "FL",
                "latitude": 25.90827,
                "longitude": -80.35529,
                "price": 779000.0,
                "datePriceChanged": 1697439600000,
                "bathrooms": 3.0,
                "bedrooms": 5.0,
                "livingArea": 2808.0,
                "homeType": "SINGLE_FAMILY",
                "homeStatus": "FOR_SALE",
                "daysOnZillow": 199,
                "isFeatured": false,
                "shouldHighlight": false,
                "listing_sub_type": {
                    "is_FSBA": true
                },
                "priceReduction": "",
                "isUnmappable": false,
                "isPreforeclosureAuction": false,
                "homeStatusForHDP": "FOR_SALE",
                "priceForHDP": 779000.0,
                "priceChange": -20999,
                "timeOnZillow": 17201047000,
                "isNonOwnerOccupied": true,
                "isPremierBuilder": false,
                "isZillowOwned": false,
                "currency": "USD",
                "country": "USA",
                "taxAssessedValue": 553684.0,
                "lotAreaValue": 5000.0,
                "lotAreaUnit": "sqft",
                "isShowcaseListing": false
            }
        },
        "isSaved": false,
        "isUserClaimingOwner": false,
        "isUserConfirmedClaim": false,
        "pgapt": "ForSale",
        "sgapt": "For Sale (Broker)",
        "shouldShowZestimateAsPrice": false,
        "has3DModel": true,
        "hasVideo": false,
        "isHomeRec": false,
        "hasAdditionalAttributions": true,
        "isFeaturedListing": false,
        "isShowcaseListing": false,
        "list": true,
        "relaxed": false,
        "info3String": "https://photos.zillowstatic.com/fp/a8b02d5ac61ac8b9a11bda64382b4f89-zillow_web_48_23.jpg",
        "brokerName": "Carmona Realty Group, LLC.",
        "carouselPhotos": [
            {
                "url": "https://photos.zillowstatic.com/fp/4c9191eb2dfcb00d2d78f1608583f848-p_e.jpg"
            },
            {
                "url": "https://photos.zillowstatic.com/fp/37054dda69e78c22ee88b4f1e803b907-p_e.jpg"
            },
            {
                "url": "https://photos.zillowstatic.com/fp/76805eeebbb0efc1966e9e27dfee5522-p_e.jpg"
            },
            {
                "url": "https://photos.zillowstatic.com/fp/353e17369d50fc915716605e4bedd06f-p_e.jpg"
            },
            {
                "url": "https://photos.zillowstatic.com/fp/f84ba34bffa2ce29d8148217c36b7f9b-p_e.jpg"
            },
            {
                "url": "https://photos.zillowstatic.com/fp/23ec43357570c2fc8a53779cfbb6c9ec-p_e.jpg"
            },
            {
                "url": "https://photos.zillowstatic.com/fp/aa465783589244eaf4b96276adabf0b8-p_e.jpg"
            },
            {
                "url": "https://photos.zillowstatic.com/fp/4ba5183a80195b34d100ca8b8647ce39-p_e.jpg"
            },
            {
                "url": "https://photos.zillowstatic.com/fp/4beda031d49c7e9c2b50eb205594713e-p_e.jpg"
            },
            {
                "url": "https://photos.zillowstatic.com/fp/1448a3b6525d7b557aad8fd738dbf919-p_e.jpg"
            },
            {
                "url": "https://photos.zillowstatic.com/fp/71eb3bd0537341dc30b05a4360d12e86-p_e.jpg"
            },
            {
                "url": "https://photos.zillowstatic.com/fp/1beb24987433cf6c93146e3ffd441772-p_e.jpg"
            },
            {
                "url": "https://photos.zillowstatic.com/fp/9e58ff69d772f8280af9bac2511d2770-p_e.jpg"
            },
            {
                "url": "https://photos.zillowstatic.com/fp/1428179fc02f43dd8fc459a52bec85c8-p_e.jpg"
            },
            {
                "url": "https://photos.zillowstatic.com/fp/d573f071f1416320682eb05d783748ef-p_e.jpg"
            },
            {
                "url": "https://photos.zillowstatic.com/fp/92f2dea1f634f88fd695429bcf5aa6dd-p_e.jpg"
            },
            {
                "url": "https://photos.zillowstatic.com/fp/997d3b8b4f74dc8d4b4924d0bfda8107-p_e.jpg"
            },
            {
                "url": "https://photos.zillowstatic.com/fp/1d6fa8e7a8803083f62634ec1a9bad98-p_e.jpg"
            },
            {
                "url": "https://photos.zillowstatic.com/fp/8d9ade6a7b87a3a4f08653c97acdd6d5-p_e.jpg"
            },
            {
                "url": "https://photos.zillowstatic.com/fp/757e8891cea23aea7b534b9ab1313319-p_e.jpg"
            },
            {
                "url": "https://photos.zillowstatic.com/fp/efce1290dcf7ca9144c6826f049880bf-p_e.jpg"
            },
            {
                "url": "https://photos.zillowstatic.com/fp/7bdeeb2411c45da5c2196f7e7f1b7b33-p_e.jpg"
            },
            {
                "url": "https://photos.zillowstatic.com/fp/3713c670e859d20c1c601b0d2944ff8a-p_e.jpg"
            },
            {
                "url": "https://photos.zillowstatic.com/fp/746a4777049dee05824731fe30c69665-p_e.jpg"
            },
            {
                "url": "https://photos.zillowstatic.com/fp/38506db1245340313b7aec41995eb18c-p_e.jpg"
            },
            {
                "url": "https://photos.zillowstatic.com/fp/0f6d2b5099cbe97d6ca178bd2c8adccf-p_e.jpg"
            },
            {
                "url": "https://photos.zillowstatic.com/fp/570ef84f82eb793648a34aae373c83d0-p_e.jpg"
            },
            {
                "url": "https://photos.zillowstatic.com/fp/23727558371451b941fa823fd4cc23e9-p_e.jpg"
            },
            {
                "url": "https://photos.zillowstatic.com/fp/fc636fe95af26e54473e32ea02027eda-p_e.jpg"
            },
            {
                "url": "https://photos.zillowstatic.com/fp/b6ea7d2cd82e5c9021f1bd0b49ac1c7b-p_e.jpg"
            },
            {
                "url": "https://photos.zillowstatic.com/fp/30b09f1d5c861911b31c188dbffa3e1b-p_e.jpg"
            },
            {
                "url": "https://photos.zillowstatic.com/fp/033c3f13f5712fd1c1d702c4349bba6d-p_e.jpg"
            },
            {
                "url": "https://photos.zillowstatic.com/fp/25342c81bd667f943bbe240e509f8c40-p_e.jpg"
            },
            {
                "url": "https://photos.zillowstatic.com/fp/cc0906821140edca904bdf01f4776074-p_e.jpg"
            },
            {
                "url": "https://photos.zillowstatic.com/fp/7a4cb3be76390780b0593809b8a445d8-p_e.jpg"
            },
            {
                "url": "https://photos.zillowstatic.com/fp/45a75d474f89c348d3181be72558b6f6-p_e.jpg"
            },
            {
                "url": "https://photos.zillowstatic.com/fp/24cb842b670eaf482984f34527072d29-p_e.jpg"
            },
            {
                "url": "https://photos.zillowstatic.com/fp/197a272893e79533fcc8dc77f021c4ec-p_e.jpg"
            },
            {
                "url": "https://photos.zillowstatic.com/fp/bf4f96e5bd828de2fefc9df5ef258a34-p_e.jpg"
            },
            {
                "url": "https://photos.zillowstatic.com/fp/864019eab7e90bdf3f99b3a7017b5d45-p_e.jpg"
            },
            {
                "url": "https://photos.zillowstatic.com/fp/8847e12011796ef2e602f4057ee9661d-p_e.jpg"
            },
            {
                "url": "https://photos.zillowstatic.com/fp/3392d72584d964dbed625d88ff07c418-p_e.jpg"
            },
            {
                "url": "https://photos.zillowstatic.com/fp/d62893b1f5b4d9007102eaf9836b9c6b-p_e.jpg"
            },
            {
                "url": "https://photos.zillowstatic.com/fp/4c6b38535c69323e15a0903b5f3aa4d5-p_e.jpg"
            },
            {
                "url": "https://photos.zillowstatic.com/fp/fe0b57389e2f30a52fe1a4f5d96994cc-p_e.jpg"
            },
            {
                "url": "https://photos.zillowstatic.com/fp/61ad70210f4396829859d0e0a2a1ff42-p_e.jpg"
            },
            {
                "url": "https://photos.zillowstatic.com/fp/a46b5ee0a32dc7962da5c4f12c0ad78a-p_e.jpg"
            },
            {
                "url": "https://photos.zillowstatic.com/fp/5359ba1e69ac5e312e821c33d466b8c5-p_e.jpg"
            },
            {
                "url": "https://photos.zillowstatic.com/fp/ef1c5fcfd5413f7ad7685d98bd3c0e98-p_e.jpg"
            },
            {
                "url": "https://photos.zillowstatic.com/fp/f93fdfe9001c8d171c461c0eaec1a009-p_e.jpg"
            },
            {
                "url": "https://photos.zillowstatic.com/fp/d5a89540e063b3efdde600f110036afa-p_e.jpg"
            },
            {
                "url": "https://photos.zillowstatic.com/fp/9123851d90a0b2c111831d190e9a4b19-p_e.jpg"
            },
            {
                "url": "https://photos.zillowstatic.com/fp/88c433a8a04b768b47f76bdc3b698350-p_e.jpg"
            }
        ],
        "rooms": []
    },
    {
        "zpid": "2056577314",
        "id": "2056577314",
        "rawHomeStatusCd": "ForSale",
        "marketingStatusSimplifiedCd": "For Sale by Agent",
        "imgSrc": "https://photos.zillowstatic.com/fp/aceea2e2bb0ab4788f7b7154ab11cef0-p_e.jpg",
        "hasImage": true,
        "detailUrl": "https://www.zillow.com/homedetails/9286-W-33rd-Ln-9286-Hialeah-FL-33018/2056577314_zpid/",
        "statusType": "FOR_SALE",
        "statusText": "Condo for sale",
        "countryCurrency": "$",
        "price": "$505,000",
        "unformattedPrice": 505000,
        "address": "9286 W 33rd Ln #9286, Hialeah, FL 33018",
        "addressStreet": "9286 W 33rd Ln #9286",
        "addressCity": "Hialeah",
        "addressState": "FL",
        "addressZipcode": "33018",
        "isUndisclosedAddress": false,
        "beds": 3,
        "baths": 3.0,
        "area": 1545,
        "latLong": {
            "latitude": 25.907124,
            "longitude": -80.352104
        },
        "isZillowOwned": false,
        "variableData": {
            "type": "PRICE_REDUCTION",
            "text": "$10,000 (Nov 2)"
        },
        "hdpData": {
            "homeInfo": {
                "zpid": 2056577314,
                "streetAddress": "9286 W 33rd Ln #9286",
                "zipcode": "33018",
                "city": "Hialeah",
                "state": "FL",
                "latitude": 25.907124,
                "longitude": -80.352104,
                "price": 505000.0,
                "datePriceChanged": 1698908400000,
                "bathrooms": 3.0,
                "bedrooms": 3.0,
                "livingArea": 1545.0,
                "homeType": "CONDO",
                "homeStatus": "FOR_SALE",
                "daysOnZillow": 209,
                "isFeatured": false,
                "shouldHighlight": false,
                "zestimate": 493100,
                "rentZestimate": 3200,
                "listing_sub_type": {
                    "is_FSBA": true
                },
                "priceReduction": "$10,000 (Nov 2)",
                "isUnmappable": false,
                "isPreforeclosureAuction": false,
                "homeStatusForHDP": "FOR_SALE",
                "priceForHDP": 505000.0,
                "priceChange": -10000,
                "timeOnZillow": 18065047000,
                "isNonOwnerOccupied": true,
                "isPremierBuilder": false,
                "isZillowOwned": false,
                "currency": "USD",
                "country": "USA",
                "unit": "# 9286",
                "lotAreaValue": 0.0,
                "lotAreaUnit": "sqft",
                "isShowcaseListing": false
            }
        },
        "isSaved": false,
        "isUserClaimingOwner": false,
        "isUserConfirmedClaim": false,
        "pgapt": "ForSale",
        "sgapt": "For Sale (Broker)",
        "zestimate": 493100,
        "shouldShowZestimateAsPrice": false,
        "has3DModel": false,
        "hasVideo": false,
        "isHomeRec": false,
        "hasAdditionalAttributions": true,
        "isFeaturedListing": false,
        "isShowcaseListing": false,
        "list": true,
        "relaxed": false,
        "info3String": "https://photos.zillowstatic.com/fp/a8b02d5ac61ac8b9a11bda64382b4f89-zillow_web_48_23.jpg",
        "brokerName": "The Keyes Company",
        "carouselPhotos": [
            {
                "url": "https://photos.zillowstatic.com/fp/aceea2e2bb0ab4788f7b7154ab11cef0-p_e.jpg"
            },
            {
                "url": "https://photos.zillowstatic.com/fp/ecfc58a580556e96b6bf782faca43a5e-p_e.jpg"
            },
            {
                "url": "https://photos.zillowstatic.com/fp/1d5a1dcf1704fa901dafb642db5f2ed3-p_e.jpg"
            },
            {
                "url": "https://photos.zillowstatic.com/fp/2a68617f23d21e0f4abf761b80800c04-p_e.jpg"
            },
            {
                "url": "https://photos.zillowstatic.com/fp/904367f60d1af78014fb198ffd446985-p_e.jpg"
            },
            {
                "url": "https://photos.zillowstatic.com/fp/3fe48c36ce10825653564422181cfc94-p_e.jpg"
            },
            {
                "url": "https://photos.zillowstatic.com/fp/90089b95f9880f20a40a85e1a9e3b64d-p_e.jpg"
            },
            {
                "url": "https://photos.zillowstatic.com/fp/9eeb24ab101a54530f05b9d021918def-p_e.jpg"
            },
            {
                "url": "https://photos.zillowstatic.com/fp/c4cc25baf935b7c8189a45d01f9890af-p_e.jpg"
            },
            {
                "url": "https://photos.zillowstatic.com/fp/e963a86b70a2d5e3798094ef3b42728d-p_e.jpg"
            },
            {
                "url": "https://photos.zillowstatic.com/fp/b76582acca981965341bbe523405178e-p_e.jpg"
            },
            {
                "url": "https://photos.zillowstatic.com/fp/cba7eda361d10506b264ed71cbeeeb90-p_e.jpg"
            },
            {
                "url": "https://photos.zillowstatic.com/fp/6a9e57829d95a4ade01c7d4adb195692-p_e.jpg"
            },
            {
                "url": "https://photos.zillowstatic.com/fp/779a183fded3867fa5eeb2b5c34639a6-p_e.jpg"
            },
            {
                "url": "https://photos.zillowstatic.com/fp/29cb6e7b782321c2f3558f4dfecff457-p_e.jpg"
            },
            {
                "url": "https://photos.zillowstatic.com/fp/33075140e9ef607f2e2aa4ae11ebaaab-p_e.jpg"
            },
            {
                "url": "https://photos.zillowstatic.com/fp/2f60fd3915df7be1f916eb4402294dbe-p_e.jpg"
            },
            {
                "url": "https://photos.zillowstatic.com/fp/d7ec04546759259ebc8746b298e00e6f-p_e.jpg"
            },
            {
                "url": "https://photos.zillowstatic.com/fp/a63f6e5ca36ac3d8e02cf197f319fc16-p_e.jpg"
            },
            {
                "url": "https://photos.zillowstatic.com/fp/1666b33b01c421b485ff74721f203452-p_e.jpg"
            },
            {
                "url": "https://photos.zillowstatic.com/fp/e653da688812dc85cc9cffadd7b0acaa-p_e.jpg"
            },
            {
                "url": "https://photos.zillowstatic.com/fp/41ea98a97f6d27c2eb2025edd81faa72-p_e.jpg"
            },
            {
                "url": "https://photos.zillowstatic.com/fp/b747152b780c1e5da52e2de0c39bcbc4-p_e.jpg"
            },
            {
                "url": "https://photos.zillowstatic.com/fp/b6cfcb87968a70558e9d7e7ec276100b-p_e.jpg"
            },
            {
                "url": "https://photos.zillowstatic.com/fp/a73ab2aef0a43ee7aa7042a4d8fc9181-p_e.jpg"
            },
            {
                "url": "https://photos.zillowstatic.com/fp/b51f0db7ced01ce0c13135a05b595024-p_e.jpg"
            },
            {
                "url": "https://photos.zillowstatic.com/fp/694b9acc3b4118a8a65a27e6dcde7bb7-p_e.jpg"
            },
            {
                "url": "https://photos.zillowstatic.com/fp/89f258fc233843d67c561a8a8edebe67-p_e.jpg"
            },
            {
                "url": "https://photos.zillowstatic.com/fp/0815883cdb1353210815ac5778072884-p_e.jpg"
            },
            {
                "url": "https://photos.zillowstatic.com/fp/8333b7242fdc6b2e782dd2664f348e18-p_e.jpg"
            },
            {
                "url": "https://photos.zillowstatic.com/fp/98c3b7e5569cfb4ca3c359985077a3a6-p_e.jpg"
            },
            {
                "url": "https://photos.zillowstatic.com/fp/64648f8f6e82e2b3544b33a8b6a2a1a4-p_e.jpg"
            },
            {
                "url": "https://photos.zillowstatic.com/fp/9320813b584fb0bf39e818863e86ccb0-p_e.jpg"
            },
            {
                "url": "https://photos.zillowstatic.com/fp/b4685a45b49c8141dffc409fe25832ef-p_e.jpg"
            },
            {
                "url": "https://photos.zillowstatic.com/fp/90b335b477f4aea0a77a17712cb3ab8f-p_e.jpg"
            }
        ],
        "rooms": []
    },
    {
        "zpid": "43935485",
        "id": "43935485",
        "rawHomeStatusCd": "ForSale",
        "marketingStatusSimplifiedCd": "For Sale by Agent",
        "imgSrc": "https://photos.zillowstatic.com/fp/138ce2e919c32a5242ce180e03586893-p_e.jpg",
        "hasImage": true,
        "detailUrl": "https://www.zillow.com/homedetails/5310-W-26th-Ave-103-Hialeah-FL-33016/43935485_zpid/",
        "statusType": "FOR_SALE",
        "statusText": "Townhouse for sale",
        "countryCurrency": "$",
        "price": "$377,500",
        "unformattedPrice": 377500,
        "address": "5310 W 26th Ave #103, Hialeah, FL 33016",
        "addressStreet": "5310 W 26th Ave #103",
        "addressCity": "Hialeah",
        "addressState": "FL",
        "addressZipcode": "33016",
        "isUndisclosedAddress": false,
        "beds": 3,
        "baths": 3.0,
        "area": 1182,
        "latLong": {
            "latitude": 25.871122,
            "longitude": -80.33484
        },
        "isZillowOwned": false,
        "variableData": {
            "type": "PRICE_REDUCTION",
            "text": "$1,500 (Jan 16)"
        },
        "hdpData": {
            "homeInfo": {
                "zpid": 43935485,
                "streetAddress": "5310 W 26th Ave #103",
                "zipcode": "33016",
                "city": "Hialeah",
                "state": "FL",
                "latitude": 25.871122,
                "longitude": -80.33484,
                "price": 377500.0,
                "datePriceChanged": 1705392000000,
                "bathrooms": 3.0,
                "bedrooms": 3.0,
                "livingArea": 1182.0,
                "homeType": "TOWNHOUSE",
                "homeStatus": "FOR_SALE",
                "daysOnZillow": 244,
                "isFeatured": false,
                "shouldHighlight": false,
                "rentZestimate": 3200,
                "listing_sub_type": {
                    "is_FSBA": true
                },
                "priceReduction": "$1,500 (Jan 16)",
                "isUnmappable": false,
                "isPreforeclosureAuction": false,
                "homeStatusForHDP": "FOR_SALE",
                "priceForHDP": 377500.0,
                "priceChange": -1500,
                "timeOnZillow": 21089047000,
                "isNonOwnerOccupied": true,
                "isPremierBuilder": false,
                "isZillowOwned": false,
                "currency": "USD",
                "country": "USA",
                "taxAssessedValue": 189000.0,
                "unit": "# 103",
                "lotAreaValue": 0.0,
                "lotAreaUnit": "sqft",
                "isShowcaseListing": false
            }
        },
        "isSaved": false,
        "isUserClaimingOwner": false,
        "isUserConfirmedClaim": false,
        "pgapt": "ForSale",
        "sgapt": "For Sale (Broker)",
        "shouldShowZestimateAsPrice": false,
        "has3DModel": false,
        "hasVideo": false,
        "isHomeRec": false,
        "hasAdditionalAttributions": true,
        "isFeaturedListing": false,
        "isShowcaseListing": false,
        "list": true,
        "relaxed": false,
        "info3String": "https://photos.zillowstatic.com/fp/a8b02d5ac61ac8b9a11bda64382b4f89-zillow_web_48_23.jpg",
        "brokerName": "Maykel Fernandez R.E.Broker",
        "carouselPhotos": [
            {
                "url": "https://photos.zillowstatic.com/fp/138ce2e919c32a5242ce180e03586893-p_e.jpg"
            },
            {
                "url": "https://photos.zillowstatic.com/fp/89b0f32258496ccff7167637ee827269-p_e.jpg"
            },
            {
                "url": "https://photos.zillowstatic.com/fp/c849ebbdd154e749bc8019c6975d8ef9-p_e.jpg"
            },
            {
                "url": "https://photos.zillowstatic.com/fp/3bcecd45c8093283772188325dfe29b6-p_e.jpg"
            },
            {
                "url": "https://photos.zillowstatic.com/fp/cc72b38eaa69d3521b04051a11bf8cdf-p_e.jpg"
            },
            {
                "url": "https://photos.zillowstatic.com/fp/158d2b4a096f54200e7d3efda70d0398-p_e.jpg"
            },
            {
                "url": "https://photos.zillowstatic.com/fp/214b7c0f5a20a5a6357f7c2bb4a6efe1-p_e.jpg"
            },
            {
                "url": "https://photos.zillowstatic.com/fp/c14fca314b84d5d662c30266b3af958c-p_e.jpg"
            },
            {
                "url": "https://photos.zillowstatic.com/fp/e58199498bb6ced041b83b6f4bb8e2b8-p_e.jpg"
            },
            {
                "url": "https://photos.zillowstatic.com/fp/9824da8f8f837c8e47189771b4d826e2-p_e.jpg"
            },
            {
                "url": "https://photos.zillowstatic.com/fp/ab4a670478aa3455bf246313111bd003-p_e.jpg"
            },
            {
                "url": "https://photos.zillowstatic.com/fp/770ddce0f9f66e055508e0bec77e8538-p_e.jpg"
            },
            {
                "url": "https://photos.zillowstatic.com/fp/792f8297c6ba067a4c3679bacb675f09-p_e.jpg"
            },
            {
                "url": "https://photos.zillowstatic.com/fp/9fb9437437799f23cd388a7412270fee-p_e.jpg"
            },
            {
                "url": "https://photos.zillowstatic.com/fp/dd304b818f58ca7187bae63a786193ea-p_e.jpg"
            },
            {
                "url": "https://photos.zillowstatic.com/fp/d55b9d386712b5b0682dbcd1e73abad9-p_e.jpg"
            },
            {
                "url": "https://photos.zillowstatic.com/fp/527e3ca60591d473b3bd5a9089482fd4-p_e.jpg"
            },
            {
                "url": "https://photos.zillowstatic.com/fp/330b5eaf72a69cfc198a74b90e067556-p_e.jpg"
            },
            {
                "url": "https://photos.zillowstatic.com/fp/83eaf474fe878e753183fce5e50c799b-p_e.jpg"
            },
            {
                "url": "https://photos.zillowstatic.com/fp/0ea4211820da387bef7a0ec1d79cd55c-p_e.jpg"
            },
            {
                "url": "https://photos.zillowstatic.com/fp/f50dd4474861ccd1f4cdd5aee254bf9d-p_e.jpg"
            },
            {
                "url": "https://photos.zillowstatic.com/fp/d88a764905e630d3d4a793df01fd6552-p_e.jpg"
            },
            {
                "url": "https://photos.zillowstatic.com/fp/9fc0a1410c3457ab3f418c82204bb486-p_e.jpg"
            },
            {
                "url": "https://photos.zillowstatic.com/fp/f583315372307fee296977e876a4b940-p_e.jpg"
            },
            {
                "url": "https://photos.zillowstatic.com/fp/fce305b749ed102ef15da17984651a05-p_e.jpg"
            },
            {
                "url": "https://photos.zillowstatic.com/fp/5cead457f93704cc2a0fcdaa4199ace4-p_e.jpg"
            },
            {
                "url": "https://photos.zillowstatic.com/fp/99f5e0dd3caa1350522554252cf797b2-p_e.jpg"
            },
            {
                "url": "https://photos.zillowstatic.com/fp/d7fccdaf24a17e7af4047a26abdce945-p_e.jpg"
            },
            {
                "url": "https://photos.zillowstatic.com/fp/a68afdb0ad5bb0e85e1f24a3668419a4-p_e.jpg"
            },
            {
                "url": "https://photos.zillowstatic.com/fp/07b47b3baaefcae454658bbc67affe11-p_e.jpg"
            },
            {
                "url": "https://photos.zillowstatic.com/fp/42f685743108d41a5b454cd4b594d3e1-p_e.jpg"
            },
            {
                "url": "https://photos.zillowstatic.com/fp/16d0033742a4ab48ea2a1f17251c4fb2-p_e.jpg"
            },
            {
                "url": "https://photos.zillowstatic.com/fp/ab39435d1111fabe77e0766c4376eb24-p_e.jpg"
            },
            {
                "url": "https://photos.zillowstatic.com/fp/5a19c4b0539bfec2c1d2436047550956-p_e.jpg"
            },
            {
                "url": "https://photos.zillowstatic.com/fp/5a267c29064371a12c5f318bfff49ea7-p_e.jpg"
            },
            {
                "url": "https://photos.zillowstatic.com/fp/599e77f82e9583035c2a981ee409db8b-p_e.jpg"
            }
        ],
        "rooms": []
    }
]