{
    "user_info": {
        "isLoggedIn": false,
        "hasHousingConnectorPermission": false,
        "savedHomesCount": 0,
        "personalizedSearchTraceID": "47ce450060606e2fa250bfd2dd920e5e",
        "guid": "2b2b5d90-5d8a-4edb-bfb4-2f4bbb615d8b",
        "zuid": "",
        "isBot": false,
        "email": "",
        "displayName": ""
    },
    "map_state": {
        "customRegionPolygonWkt": null,
        "schoolPolygonWkt": null,
        "isCurrentLocationSearch": false,
        "userPosition": {
            "lat": null,
            "lon": null
        }
    },
    "region_state": {
        "regionInfo": [
            {
                "regionId": 757365,
                "regionType": 7,
                "regionName": "33198",
                "displayName": "Medley FL 33198",
                "isPointRegion": true
            }
        ],
        "regionBounds": {
            "north": 25.894115000000003,
            "south": 25.857885,
            "east": -80.349185,
            "west": -80.385415
        }
    },
    "search_page_seo": {
        "baseUrl": "/medley-fl-33198/",
        "windowTitle": "33198 Real Estate - 33198 Homes For Sale | Zillow",
        "metaDescription": "Zillow has 93 homes for sale in 33198. View listing photos, review sales history, and use our detailed real estate filters to find the perfect place."
    },
    "request_id": 4
}