{
    "user_info": {
        "isLoggedIn": false,
        "hasHousingConnectorPermission": false,
        "savedHomesCount": 0,
        "personalizedSearchTraceID": "058bc59a6c8abfde18a5b86e2f6b2446",
        "guid": "25e29b7b-5161-4ff8-ad29-634460d73d2d",
        "zuid": "",
        "isBot": false,
        "email": "",
        "displayName": ""
    },
    "map_state": {
        "customRegionPolygonWkt": null,
        "schoolPolygonWkt": null,
        "isCurrentLocationSearch": false,
        "userPosition": {
            "lat": null,
            "lon": null
        }
    },
    "region_state": {
        "regionInfo": [
            {
                "regionId": 72455,
                "regionType": 7,
                "regionName": "33152",
                "displayName": "Miami FL 33152",
                "isPointRegion": true
            }
        ],
        "regionBounds": {
            "north": 25.813315000000003,
            "south": 25.777085,
            "east": -80.29488500000001,
            "west": -80.331115
        }
    },
    "search_page_seo": {
        "baseUrl": "/miami-fl-33152/",
        "windowTitle": "33152 Real Estate - 33152 Homes For Sale | Zillow",
        "metaDescription": "Zillow has 114 homes for sale in 33152. View listing photos, review sales history, and use our detailed real estate filters to find the perfect place."
    },
    "request_id": 4
}