[
    {
        "zpid": "43991981",
        "id": "43991981",
        "rawHomeStatusCd": "ForSale",
        "marketingStatusSimplifiedCd": "For Sale by Agent",
        "imgSrc": "https://photos.zillowstatic.com/fp/5609c31c13b8181764ccbf44a9be23e2-p_e.jpg",
        "hasImage": true,
        "detailUrl": "https://www.zillow.com/homedetails/2025-NE-164th-St-APT-901-North-Miami-Beach-FL-33162/43991981_zpid/",
        "statusType": "FOR_SALE",
        "statusText": "Condo for sale",
        "countryCurrency": "$",
        "price": "$158,000",
        "unformattedPrice": 158000,
        "address": "2025 NE 164th St APT 901, North Miami Beach, FL 33162",
        "addressStreet": "2025 NE 164th St APT 901",
        "addressCity": "North Miami Beach",
        "addressState": "FL",
        "addressZipcode": "33162",
        "isUndisclosedAddress": false,
        "beds": 1,
        "baths": 2.0,
        "area": 790,
        "latLong": {
            "latitude": 25.927607,
            "longitude": -80.159386
        },
        "isZillowOwned": false,
        "variableData": {
            "type": "DAYS_ON",
            "text": "21 days on Zillow"
        },
        "hdpData": {
            "homeInfo": {
                "zpid": 43991981,
                "streetAddress": "2025 NE 164th St APT 901",
                "zipcode": "33162",
                "city": "North Miami Beach",
                "state": "FL",
                "latitude": 25.927607,
                "longitude": -80.159386,
                "price": 158000.0,
                "bathrooms": 2.0,
                "bedrooms": 1.0,
                "livingArea": 790.0,
                "homeType": "CONDO",
                "homeStatus": "FOR_SALE",
                "daysOnZillow": 21,
                "isFeatured": false,
                "shouldHighlight": false,
                "zestimate": 147100,
                "rentZestimate": 1900,
                "listing_sub_type": {
                    "is_FSBA": true
                },
                "isUnmappable": false,
                "isPreforeclosureAuction": false,
                "homeStatusForHDP": "FOR_SALE",
                "priceForHDP": 158000.0,
                "timeOnZillow": 1821390000,
                "isNonOwnerOccupied": true,
                "isPremierBuilder": false,
                "isZillowOwned": false,
                "currency": "USD",
                "country": "USA",
                "taxAssessedValue": 13040.0,
                "unit": "Apt 901",
                "lotAreaValue": 0.0,
                "lotAreaUnit": "sqft",
                "isShowcaseListing": false
            }
        },
        "isSaved": false,
        "isUserClaimingOwner": false,
        "isUserConfirmedClaim": false,
        "pgapt": "ForSale",
        "sgapt": "For Sale (Broker)",
        "zestimate": 147100,
        "shouldShowZestimateAsPrice": false,
        "has3DModel": false,
        "hasVideo": false,
        "isHomeRec": false,
        "hasAdditionalAttributions": true,
        "isFeaturedListing": false,
        "isShowcaseListing": false,
        "list": true,
        "relaxed": false,
        "info3String": "https://photos.zillowstatic.com/fp/a8b02d5ac61ac8b9a11bda64382b4f89-zillow_web_48_23.jpg",
        "brokerName": "KBM Property",
        "carouselPhotos": [
            {
                "url": "https://photos.zillowstatic.com/fp/5609c31c13b8181764ccbf44a9be23e2-p_e.jpg"
            },
            {
                "url": "https://photos.zillowstatic.com/fp/e0e8e5546dd7e872ca6149d1b8f72d55-p_e.jpg"
            },
            {
                "url": "https://photos.zillowstatic.com/fp/f7007949fdd9088d52d55d64f52059b4-p_e.jpg"
            },
            {
                "url": "https://photos.zillowstatic.com/fp/f029d388e83773b846402ec59c419183-p_e.jpg"
            },
            {
                "url": "https://photos.zillowstatic.com/fp/1b1b1bbe967db5b496fb85f1a66ec82d-p_e.jpg"
            },
            {
                "url": "https://photos.zillowstatic.com/fp/35302f034b1546bd989093f472be74c8-p_e.jpg"
            },
            {
                "url": "https://photos.zillowstatic.com/fp/f664410080a6a3a99964415653a0d5e0-p_e.jpg"
            },
            {
                "url": "https://photos.zillowstatic.com/fp/9ff655ba2af4e5cd2144784dd7c06fab-p_e.jpg"
            },
            {
                "url": "https://photos.zillowstatic.com/fp/b14b00e5ee4e101aea7bbacf932b7451-p_e.jpg"
            },
            {
                "url": "https://photos.zillowstatic.com/fp/04b22f494c46670e9999f13ea59003bd-p_e.jpg"
            },
            {
                "url": "https://photos.zillowstatic.com/fp/df8eb5ea4f1659620507e97a045d262c-p_e.jpg"
            }
        ],
        "rooms": []
    },
    {
        "zpid": "44132175",
        "id": "44132175",
        "rawHomeStatusCd": "ForSale",
        "marketingStatusSimplifiedCd": "For Sale by Agent",
        "imgSrc": "https://photos.zillowstatic.com/fp/35f619c0577c77858accb6651ca79dcd-p_e.jpg",
        "hasImage": true,
        "detailUrl": "https://www.zillow.com/homedetails/1395-NE-167th-St-APT-315-North-Miami-Beach-FL-33162/44132175_zpid/",
        "statusType": "FOR_SALE",
        "statusText": "Condo for sale",
        "countryCurrency": "$",
        "price": "$120,000",
        "unformattedPrice": 120000,
        "address": "1395 NE 167th St APT 315, North Miami Beach, FL 33162",
        "addressStreet": "1395 NE 167th St APT 315",
        "addressCity": "North Miami Beach",
        "addressState": "FL",
        "addressZipcode": "33162",
        "isUndisclosedAddress": false,
        "beds": 2,
        "baths": 1.0,
        "area": 883,
        "latLong": {
            "latitude": 25.929619,
            "longitude": -80.17281
        },
        "isZillowOwned": false,
        "variableData": {
            "type": "PRICE_REDUCTION",
            "text": "$9,900 (Dec 3)"
        },
        "hdpData": {
            "homeInfo": {
                "zpid": 44132175,
                "streetAddress": "1395 NE 167th St APT 315",
                "zipcode": "33162",
                "city": "North Miami Beach",
                "state": "FL",
                "latitude": 25.929619,
                "longitude": -80.17281,
                "price": 120000.0,
                "datePriceChanged": 1701590400000,
                "bathrooms": 1.0,
                "bedrooms": 2.0,
                "livingArea": 883.0,
                "homeType": "CONDO",
                "homeStatus": "FOR_SALE",
                "daysOnZillow": 57,
                "isFeatured": false,
                "shouldHighlight": false,
                "zestimate": 111900,
                "rentZestimate": 2367,
                "listing_sub_type": {
                    "is_FSBA": true
                },
                "priceReduction": "$9,900 (Dec 3)",
                "isUnmappable": false,
                "isPreforeclosureAuction": false,
                "homeStatusForHDP": "FOR_SALE",
                "priceForHDP": 120000.0,
                "priceChange": -9900,
                "timeOnZillow": 4931790000,
                "isNonOwnerOccupied": true,
                "isPremierBuilder": false,
                "isZillowOwned": false,
                "currency": "USD",
                "country": "USA",
                "taxAssessedValue": 84650.0,
                "unit": "Apt 315",
                "lotAreaValue": 0.0,
                "lotAreaUnit": "sqft",
                "isShowcaseListing": false
            }
        },
        "isSaved": false,
        "isUserClaimingOwner": false,
        "isUserConfirmedClaim": false,
        "pgapt": "ForSale",
        "sgapt": "For Sale (Broker)",
        "zestimate": 111900,
        "shouldShowZestimateAsPrice": false,
        "has3DModel": false,
        "hasVideo": false,
        "isHomeRec": false,
        "hasAdditionalAttributions": true,
        "isFeaturedListing": false,
        "isShowcaseListing": false,
        "list": true,
        "relaxed": false,
        "info3String": "https://photos.zillowstatic.com/fp/a8b02d5ac61ac8b9a11bda64382b4f89-zillow_web_48_23.jpg",
        "brokerName": "Grand Miami Realty, LLC.",
        "carouselPhotos": [
            {
                "url": "https://photos.zillowstatic.com/fp/35f619c0577c77858accb6651ca79dcd-p_e.jpg"
            },
            {
                "url": "https://photos.zillowstatic.com/fp/6ecb42de2aec60ed0fffba82f61f34b6-p_e.jpg"
            },
            {
                "url": "https://photos.zillowstatic.com/fp/30cf05e3c1ab1c969f3ddc284466448e-p_e.jpg"
            },
            {
                "url": "https://photos.zillowstatic.com/fp/04b1a8369f9100efe0bee16016ad6545-p_e.jpg"
            },
            {
                "url": "https://photos.zillowstatic.com/fp/5a4d12257b3f89ed47cd420724b902e3-p_e.jpg"
            },
            {
                "url": "https://photos.zillowstatic.com/fp/5260f8c5be4b293adbd106bebe5e1084-p_e.jpg"
            },
            {
                "url": "https://photos.zillowstatic.com/fp/21283e5040931ed315dfdddef9b2cec8-p_e.jpg"
            },
            {
                "url": "https://photos.zillowstatic.com/fp/09bec1e1914206abaa525c17d609593a-p_e.jpg"
            },
            {
                "url": "https://photos.zillowstatic.com/fp/7eaadaa5f968a1e2ae90f1576df33d1a-p_e.jpg"
            },
            {
                "url": "https://photos.zillowstatic.com/fp/64234838732dd921da02d6df65d5d51a-p_e.jpg"
            },
            {
                "url": "https://photos.zillowstatic.com/fp/4b954e6f364de0200558a6b1140c7ec6-p_e.jpg"
            },
            {
                "url": "https://photos.zillowstatic.com/fp/dfafa07be6a374c8fb32c5d04582cc81-p_e.jpg"
            }
        ],
        "rooms": []
    }
]