{
    "user_info": {
        "isLoggedIn": false,
        "hasHousingConnectorPermission": false,
        "savedHomesCount": 0,
        "personalizedSearchTraceID": "3dacb28b936bf0f2c05477394d4344fe",
        "guid": "de67960e-09cf-4b1f-85b1-3861edff8be9",
        "zuid": "",
        "isBot": false,
        "email": "",
        "displayName": ""
    },
    "map_state": {
        "customRegionPolygonWkt": null,
        "schoolPolygonWkt": null,
        "isCurrentLocationSearch": false,
        "userPosition": {
            "lat": null,
            "lon": null
        }
    },
    "region_state": {
        "regionInfo": [
            {
                "regionId": 72465,
                "regionType": 7,
                "regionName": "33162",
                "displayName": "North Miami Beach FL 33162",
                "isPointRegion": false
            }
        ],
        "regionBounds": {
            "north": 25.945393,
            "south": 25.912324,
            "east": -80.154822,
            "west": -80.204937
        }
    },
    "search_page_seo": {
        "baseUrl": "/north-miami-beach-fl-33162/",
        "windowTitle": "33162 Real Estate - 33162 Homes For Sale | Zillow",
        "metaDescription": "Zillow has 2 homes for sale in 33162. View listing photos, review sales history, and use our detailed real estate filters to find the perfect place."
    },
    "request_id": 4
}