{
    "user_info": {
        "isLoggedIn": false,
        "hasHousingConnectorPermission": false,
        "savedHomesCount": 0,
        "personalizedSearchTraceID": "caa191b4127812a8e3f4e1e9923ec519",
        "guid": "0f3913a4-15da-42ee-8721-0eb2cceddf59",
        "zuid": "",
        "isBot": false,
        "email": "",
        "displayName": ""
    },
    "map_state": {
        "customRegionPolygonWkt": null,
        "schoolPolygonWkt": null,
        "isCurrentLocationSearch": false,
        "userPosition": {
            "lat": null,
            "lon": null
        }
    },
    "region_state": {
        "regionInfo": [
            {
                "regionId": 72359,
                "regionType": 7,
                "regionName": "33021",
                "displayName": "Hollywood FL 33021",
                "isPointRegion": false
            }
        ],
        "regionBounds": {
            "north": 26.047957,
            "south": 25.984748,
            "east": -80.164186,
            "west": -80.214251
        }
    },
    "search_page_seo": {
        "baseUrl": "/hollywood-fl-33021/",
        "windowTitle": "33021 Real Estate - 33021 Homes For Sale | Zillow",
        "metaDescription": "Zillow has 36 homes for sale in 33021. View listing photos, review sales history, and use our detailed real estate filters to find the perfect place."
    },
    "request_id": 4
}