{
    "user_info": {
        "isLoggedIn": false,
        "hasHousingConnectorPermission": false,
        "savedHomesCount": 0,
        "personalizedSearchTraceID": "a89b00bef53266570f457dbaf7052900",
        "guid": "bded3fd6-32de-41b5-adb3-cc4404c27d52",
        "zuid": "",
        "isBot": false,
        "email": "",
        "displayName": ""
    },
    "map_state": {
        "customRegionPolygonWkt": null,
        "schoolPolygonWkt": null,
        "isCurrentLocationSearch": false,
        "userPosition": {
            "lat": null,
            "lon": null
        }
    },
    "region_state": {
        "regionInfo": [
            {
                "regionId": 72365,
                "regionType": 7,
                "regionName": "33027",
                "displayName": "Pembroke Pines FL 33027",
                "isPointRegion": false
            }
        ],
        "regionBounds": {
            "north": 26.007899,
            "south": 25.931231,
            "east": -80.310617,
            "west": -80.376566
        }
    },
    "search_page_seo": {
        "baseUrl": "/pembroke-pines-fl-33027/",
        "windowTitle": "33027 Real Estate - 33027 Homes For Sale | Zillow",
        "metaDescription": "Zillow has 137 homes for sale in 33027. View listing photos, review sales history, and use our detailed real estate filters to find the perfect place."
    },
    "request_id": 4
}