[
    {
        "zpid": "70787138",
        "id": "70787138",
        "rawHomeStatusCd": "ForSale",
        "marketingStatusSimplifiedCd": "For Sale by Agent",
        "imgSrc": "https://photos.zillowstatic.com/fp/404a92a202fad68ca76aa79c12399bd7-p_e.jpg",
        "hasImage": true,
        "detailUrl": "https://www.zillow.com/homedetails/3561-SW-117th-Ave-7404-Miami-FL-33165/70787138_zpid/",
        "statusType": "FOR_SALE",
        "statusText": "Condo for sale",
        "countryCurrency": "$",
        "price": "$299,990",
        "unformattedPrice": 299990,
        "address": "3561 SW 117th Ave #7404, Miami, FL 33165",
        "addressStreet": "3561 SW 117th Ave #7404",
        "addressCity": "Miami",
        "addressState": "FL",
        "addressZipcode": "33165",
        "isUndisclosedAddress": false,
        "beds": 2,
        "baths": 2.0,
        "area": 982,
        "latLong": {
            "latitude": 25.736225,
            "longitude": -80.38286
        },
        "isZillowOwned": false,
        "variableData": {
            "type": "DAYS_ON",
            "text": "7 days on Zillow"
        },
        "hdpData": {
            "homeInfo": {
                "zpid": 70787138,
                "streetAddress": "3561 SW 117th Ave #7404",
                "zipcode": "33165",
                "city": "Miami",
                "state": "FL",
                "latitude": 25.736225,
                "longitude": -80.38286,
                "price": 299990.0,
                "bathrooms": 2.0,
                "bedrooms": 2.0,
                "livingArea": 982.0,
                "homeType": "CONDO",
                "homeStatus": "FOR_SALE",
                "daysOnZillow": 7,
                "isFeatured": false,
                "shouldHighlight": false,
                "zestimate": 297700,
                "rentZestimate": 2470,
                "listing_sub_type": {
                    "is_FSBA": true
                },
                "isUnmappable": false,
                "isPreforeclosureAuction": false,
                "homeStatusForHDP": "FOR_SALE",
                "priceForHDP": 299990.0,
                "timeOnZillow": 611855000,
                "isNonOwnerOccupied": true,
                "isPremierBuilder": false,
                "isZillowOwned": false,
                "currency": "USD",
                "country": "USA",
                "taxAssessedValue": 170742.0,
                "unit": "# 7404",
                "lotAreaValue": 0.0,
                "lotAreaUnit": "sqft",
                "isShowcaseListing": false
            }
        },
        "isSaved": false,
        "isUserClaimingOwner": false,
        "isUserConfirmedClaim": false,
        "pgapt": "ForSale",
        "sgapt": "For Sale (Broker)",
        "zestimate": 297700,
        "shouldShowZestimateAsPrice": false,
        "has3DModel": false,
        "hasVideo": false,
        "isHomeRec": false,
        "hasAdditionalAttributions": true,
        "isFeaturedListing": false,
        "isShowcaseListing": false,
        "list": true,
        "relaxed": false,
        "info3String": "https://photos.zillowstatic.com/fp/a8b02d5ac61ac8b9a11bda64382b4f89-zillow_web_48_23.jpg",
        "brokerName": "Floridian First Realty Corp",
        "carouselPhotos": [
            {
                "url": "https://photos.zillowstatic.com/fp/404a92a202fad68ca76aa79c12399bd7-p_e.jpg"
            },
            {
                "url": "https://photos.zillowstatic.com/fp/96420ae8794956d333b70e02a08a6e8c-p_e.jpg"
            },
            {
                "url": "https://photos.zillowstatic.com/fp/e70b82012142481dcda53a79d5868e19-p_e.jpg"
            },
            {
                "url": "https://photos.zillowstatic.com/fp/961c0d9b197b1566d29598bc50acbad9-p_e.jpg"
            },
            {
                "url": "https://photos.zillowstatic.com/fp/ffa79a90f7aa8be5360165eebdad9eab-p_e.jpg"
            },
            {
                "url": "https://photos.zillowstatic.com/fp/0c0ffebb8a9a39388e73cf967ace43a5-p_e.jpg"
            },
            {
                "url": "https://photos.zillowstatic.com/fp/e9c17146bf43da681aab13cd5b80851b-p_e.jpg"
            },
            {
                "url": "https://photos.zillowstatic.com/fp/e613be788a6c3919330fb4805d3d557e-p_e.jpg"
            },
            {
                "url": "https://photos.zillowstatic.com/fp/39a95f380ebe9390feae21f8d9103248-p_e.jpg"
            },
            {
                "url": "https://photos.zillowstatic.com/fp/8075d5a9567e6721ad15fcb517c3f2c0-p_e.jpg"
            },
            {
                "url": "https://photos.zillowstatic.com/fp/a0bc9277ae619fdfdcc593cb85ba11fa-p_e.jpg"
            }
        ],
        "rooms": []
    },
    {
        "zpid": "2079694352",
        "id": "2079694352",
        "rawHomeStatusCd": "ForSale",
        "marketingStatusSimplifiedCd": "For Sale by Agent",
        "imgSrc": "https://photos.zillowstatic.com/fp/7872c325f227405d3ebe92a0046b37b7-p_e.jpg",
        "hasImage": true,
        "detailUrl": "https://www.zillow.com/homedetails/9633-SW-20th-Ter-UNIT-9633-Miami-FL-33165/2079694352_zpid/",
        "statusType": "FOR_SALE",
        "statusText": "Townhouse for sale",
        "countryCurrency": "$",
        "price": "$535,000",
        "unformattedPrice": 535000,
        "address": "9633 SW 20th Ter UNIT 9633, Miami, FL 33165",
        "addressStreet": "9633 SW 20th Ter UNIT 9633",
        "addressCity": "Miami",
        "addressState": "FL",
        "addressZipcode": "33165",
        "isUndisclosedAddress": false,
        "beds": 3,
        "baths": 3.0,
        "area": 1248,
        "latLong": {
            "latitude": 25.750696,
            "longitude": -80.35111
        },
        "isZillowOwned": false,
        "variableData": {
            "type": "PRICE_REDUCTION",
            "text": "$15,000 (Jan 26)"
        },
        "hdpData": {
            "homeInfo": {
                "zpid": 2079694352,
                "streetAddress": "9633 SW 20th Ter UNIT 9633",
                "zipcode": "33165",
                "city": "Miami",
                "state": "FL",
                "latitude": 25.750696,
                "longitude": -80.35111,
                "price": 535000.0,
                "datePriceChanged": 1706256000000,
                "bathrooms": 3.0,
                "bedrooms": 3.0,
                "livingArea": 1248.0,
                "homeType": "TOWNHOUSE",
                "homeStatus": "FOR_SALE",
                "daysOnZillow": 45,
                "isFeatured": false,
                "shouldHighlight": false,
                "zestimate": 548500,
                "rentZestimate": 3170,
                "listing_sub_type": {
                    "is_FSBA": true
                },
                "priceReduction": "$15,000 (Jan 26)",
                "isUnmappable": false,
                "isPreforeclosureAuction": false,
                "homeStatusForHDP": "FOR_SALE",
                "priceForHDP": 535000.0,
                "priceChange": -15000,
                "timeOnZillow": 3895055000,
                "isNonOwnerOccupied": true,
                "isPremierBuilder": false,
                "isZillowOwned": false,
                "currency": "USD",
                "country": "USA",
                "unit": "Unit 9633",
                "lotAreaValue": 0.0,
                "lotAreaUnit": "sqft",
                "isShowcaseListing": false
            }
        },
        "isSaved": false,
        "isUserClaimingOwner": false,
        "isUserConfirmedClaim": false,
        "pgapt": "ForSale",
        "sgapt": "For Sale (Broker)",
        "zestimate": 548500,
        "shouldShowZestimateAsPrice": false,
        "has3DModel": false,
        "hasVideo": false,
        "isHomeRec": false,
        "hasAdditionalAttributions": true,
        "isFeaturedListing": false,
        "isShowcaseListing": false,
        "list": true,
        "relaxed": false,
        "info3String": "https://photos.zillowstatic.com/fp/a8b02d5ac61ac8b9a11bda64382b4f89-zillow_web_48_23.jpg",
        "brokerName": "Epic Choice Realty",
        "carouselPhotos": [
            {
                "url": "https://photos.zillowstatic.com/fp/7872c325f227405d3ebe92a0046b37b7-p_e.jpg"
            },
            {
                "url": "https://photos.zillowstatic.com/fp/565430a4c84cc8d6d98b894b87e89ad0-p_e.jpg"
            },
            {
                "url": "https://photos.zillowstatic.com/fp/08b60d201885f934694efeb7064f968b-p_e.jpg"
            },
            {
                "url": "https://photos.zillowstatic.com/fp/4fc1d0906dd546a4b5a06d96b12be743-p_e.jpg"
            },
            {
                "url": "https://photos.zillowstatic.com/fp/54289d7fc8783be2a191fea2eea590c3-p_e.jpg"
            },
            {
                "url": "https://photos.zillowstatic.com/fp/5d9bfcfcb9f5f5155ad20ee55a5e7716-p_e.jpg"
            },
            {
                "url": "https://photos.zillowstatic.com/fp/ca58dccc52d5dd808af968d3b4efb61c-p_e.jpg"
            },
            {
                "url": "https://photos.zillowstatic.com/fp/43b3e510f5c21478d07ac25e3974c410-p_e.jpg"
            },
            {
                "url": "https://photos.zillowstatic.com/fp/266b7563b9c453d58422a6088fd260e4-p_e.jpg"
            },
            {
                "url": "https://photos.zillowstatic.com/fp/e731a651cdc33ec1bbf390dbec33543a-p_e.jpg"
            },
            {
                "url": "https://photos.zillowstatic.com/fp/49401d5e1efb2a39c3dafcdae9bc42cd-p_e.jpg"
            },
            {
                "url": "https://photos.zillowstatic.com/fp/b19f020e3b5a5589afa5f19f7d649e21-p_e.jpg"
            }
        ],
        "rooms": []
    },
    {
        "zpid": "44198573",
        "id": "44198573",
        "rawHomeStatusCd": "ForSale",
        "marketingStatusSimplifiedCd": "For Sale by Agent",
        "imgSrc": "https://photos.zillowstatic.com/fp/eb98fc070ea0bd52426006f336d6a294-p_e.jpg",
        "hasImage": true,
        "detailUrl": "https://www.zillow.com/homedetails/3810-SW-108th-Ave-APT-2-Miami-FL-33165/44198573_zpid/",
        "statusType": "FOR_SALE",
        "statusText": "Condo for sale",
        "countryCurrency": "$",
        "price": "$363,000",
        "unformattedPrice": 363000,
        "address": "3810 SW 108th Ave APT 2, Miami, FL 33165",
        "addressStreet": "3810 SW 108th Ave APT 2",
        "addressCity": "Miami",
        "addressState": "FL",
        "addressZipcode": "33165",
        "isUndisclosedAddress": false,
        "beds": 2,
        "baths": 2.0,
        "area": 990,
        "latLong": {
            "latitude": 25.733646,
            "longitude": -80.37017
        },
        "isZillowOwned": false,
        "variableData": {
            "type": "DAYS_ON",
            "text": "69 days on Zillow"
        },
        "hdpData": {
            "homeInfo": {
                "zpid": 44198573,
                "streetAddress": "3810 SW 108th Ave APT 2",
                "zipcode": "33165",
                "city": "Miami",
                "state": "FL",
                "latitude": 25.733646,
                "longitude": -80.37017,
                "price": 363000.0,
                "datePriceChanged": 1702972800000,
                "bathrooms": 2.0,
                "bedrooms": 2.0,
                "livingArea": 990.0,
                "homeType": "CONDO",
                "homeStatus": "FOR_SALE",
                "daysOnZillow": 69,
                "isFeatured": false,
                "shouldHighlight": false,
                "listing_sub_type": {
                    "is_FSBA": true
                },
                "isUnmappable": false,
                "isPreforeclosureAuction": false,
                "homeStatusForHDP": "FOR_SALE",
                "priceForHDP": 363000.0,
                "priceChange": 3000,
                "timeOnZillow": 5968655000,
                "isNonOwnerOccupied": true,
                "isPremierBuilder": false,
                "isZillowOwned": false,
                "currency": "USD",
                "country": "USA",
                "taxAssessedValue": 173800.0,
                "unit": "Apt 2",
                "lotAreaValue": 0.0,
                "lotAreaUnit": "sqft",
                "isShowcaseListing": false
            }
        },
        "isSaved": false,
        "isUserClaimingOwner": false,
        "isUserConfirmedClaim": false,
        "pgapt": "ForSale",
        "sgapt": "For Sale (Broker)",
        "shouldShowZestimateAsPrice": false,
        "has3DModel": false,
        "hasVideo": false,
        "isHomeRec": false,
        "hasAdditionalAttributions": true,
        "isFeaturedListing": false,
        "isShowcaseListing": false,
        "list": true,
        "relaxed": false,
        "info3String": "https://photos.zillowstatic.com/fp/a8b02d5ac61ac8b9a11bda64382b4f89-zillow_web_48_23.jpg",
        "brokerName": "Epic Capital Realty",
        "carouselPhotos": [
            {
                "url": "https://photos.zillowstatic.com/fp/eb98fc070ea0bd52426006f336d6a294-p_e.jpg"
            },
            {
                "url": "https://photos.zillowstatic.com/fp/1e311fd1a966ec8bd8feb058a0a31f67-p_e.jpg"
            },
            {
                "url": "https://photos.zillowstatic.com/fp/bd300fb782378da9e09803ec705a6e1e-p_e.jpg"
            },
            {
                "url": "https://photos.zillowstatic.com/fp/cc25caf269cb9ea41964c9d9c66fc3a5-p_e.jpg"
            },
            {
                "url": "https://photos.zillowstatic.com/fp/5df327b9173f40bf91dd4c68d812b86d-p_e.jpg"
            },
            {
                "url": "https://photos.zillowstatic.com/fp/47866675a22aa7d6e3644ce556e97cb4-p_e.jpg"
            },
            {
                "url": "https://photos.zillowstatic.com/fp/59bfc91bd620a864f655c1bbb1b2bedb-p_e.jpg"
            },
            {
                "url": "https://photos.zillowstatic.com/fp/037eab9fc7882cbe5e78614174363504-p_e.jpg"
            },
            {
                "url": "https://photos.zillowstatic.com/fp/f31098ae8eb16d4986d974ab17c4736f-p_e.jpg"
            },
            {
                "url": "https://photos.zillowstatic.com/fp/3d3e10f35306f5ce167736c63863b961-p_e.jpg"
            },
            {
                "url": "https://photos.zillowstatic.com/fp/24d2e2e743cbee67cfaf233a75e0078d-p_e.jpg"
            },
            {
                "url": "https://photos.zillowstatic.com/fp/54f8c9b99ce9c3e76702023ad5c7bf49-p_e.jpg"
            },
            {
                "url": "https://photos.zillowstatic.com/fp/f3fc724ee0079e20f7cc7cddd5f455ec-p_e.jpg"
            },
            {
                "url": "https://photos.zillowstatic.com/fp/9252afef3f5f8dbfaf64404f0b2e41a3-p_e.jpg"
            },
            {
                "url": "https://photos.zillowstatic.com/fp/094a29c2d4588b6f3043535568b9cf98-p_e.jpg"
            },
            {
                "url": "https://photos.zillowstatic.com/fp/5b52aa2e1ceaf5c0a27b79cd45036e33-p_e.jpg"
            },
            {
                "url": "https://photos.zillowstatic.com/fp/9e356f44b8d5017686c8e07bb3bb9208-p_e.jpg"
            },
            {
                "url": "https://photos.zillowstatic.com/fp/5048153b25360258a999e5d025ab22c1-p_e.jpg"
            },
            {
                "url": "https://photos.zillowstatic.com/fp/1387be3a9a35abca4a0a7e020cd00b60-p_e.jpg"
            },
            {
                "url": "https://photos.zillowstatic.com/fp/28ebef3fb65d3344548015b790de0429-p_e.jpg"
            },
            {
                "url": "https://photos.zillowstatic.com/fp/f013bc9e634e520d9ff8fd633dbe4adc-p_e.jpg"
            },
            {
                "url": "https://photos.zillowstatic.com/fp/df7ecb51c3ad2db0c8f09f327a5bde89-p_e.jpg"
            },
            {
                "url": "https://photos.zillowstatic.com/fp/c696e6e582d9a28aa998c1e954ffa76e-p_e.jpg"
            }
        ],
        "rooms": []
    },
    {
        "zpid": "44179865",
        "id": "44179865",
        "rawHomeStatusCd": "ForSale",
        "marketingStatusSimplifiedCd": "For Sale by Agent",
        "imgSrc": "https://photos.zillowstatic.com/fp/01d091f6485cfafebe85752b5a52ac0d-p_e.jpg",
        "hasImage": true,
        "detailUrl": "https://www.zillow.com/homedetails/1921-SW-107th-Ave-APT-504-Miami-FL-33165/44179865_zpid/",
        "statusType": "FOR_SALE",
        "statusText": "Townhouse for sale",
        "countryCurrency": "$",
        "price": "$410,000",
        "unformattedPrice": 410000,
        "address": "1921 SW 107th Ave APT 504, Miami, FL 33165",
        "addressStreet": "1921 SW 107th Ave APT 504",
        "addressCity": "Miami",
        "addressState": "FL",
        "addressZipcode": "33165",
        "isUndisclosedAddress": false,
        "beds": 2,
        "baths": 2.0,
        "area": 828,
        "latLong": {
            "latitude": 25.751036,
            "longitude": -80.36746
        },
        "isZillowOwned": false,
        "variableData": {
            "type": "DAYS_ON",
            "text": "111 days on Zillow"
        },
        "hdpData": {
            "homeInfo": {
                "zpid": 44179865,
                "streetAddress": "1921 SW 107th Ave APT 504",
                "zipcode": "33165",
                "city": "Miami",
                "state": "FL",
                "latitude": 25.751036,
                "longitude": -80.36746,
                "price": 410000.0,
                "datePriceChanged": 1699516800000,
                "bathrooms": 2.0,
                "bedrooms": 2.0,
                "livingArea": 828.0,
                "homeType": "TOWNHOUSE",
                "homeStatus": "FOR_SALE",
                "daysOnZillow": 111,
                "isFeatured": false,
                "shouldHighlight": false,
                "zestimate": 391200,
                "rentZestimate": 2550,
                "listing_sub_type": {
                    "is_FSBA": true
                },
                "isUnmappable": false,
                "isPreforeclosureAuction": false,
                "homeStatusForHDP": "FOR_SALE",
                "priceForHDP": 410000.0,
                "priceChange": 85000,
                "timeOnZillow": 9597455000,
                "isNonOwnerOccupied": true,
                "isPremierBuilder": false,
                "isZillowOwned": false,
                "currency": "USD",
                "country": "USA",
                "taxAssessedValue": 171350.0,
                "unit": "Apt 504",
                "lotAreaValue": 0.0,
                "lotAreaUnit": "sqft",
                "isShowcaseListing": false
            }
        },
        "isSaved": false,
        "isUserClaimingOwner": false,
        "isUserConfirmedClaim": false,
        "pgapt": "ForSale",
        "sgapt": "For Sale (Broker)",
        "zestimate": 391200,
        "shouldShowZestimateAsPrice": false,
        "has3DModel": false,
        "hasVideo": false,
        "isHomeRec": false,
        "hasAdditionalAttributions": true,
        "isFeaturedListing": false,
        "isShowcaseListing": false,
        "list": true,
        "relaxed": false,
        "info3String": "https://photos.zillowstatic.com/fp/a8b02d5ac61ac8b9a11bda64382b4f89-zillow_web_48_23.jpg",
        "brokerName": "Mutual Trust Realty",
        "carouselPhotos": [
            {
                "url": "https://photos.zillowstatic.com/fp/01d091f6485cfafebe85752b5a52ac0d-p_e.jpg"
            },
            {
                "url": "https://photos.zillowstatic.com/fp/38caaf81eada66121d0e849ea19de2f7-p_e.jpg"
            },
            {
                "url": "https://photos.zillowstatic.com/fp/ff5e552116ed53fb8e46eb9a692e6bd8-p_e.jpg"
            },
            {
                "url": "https://photos.zillowstatic.com/fp/72dbad561a8722dced03524b8942524f-p_e.jpg"
            },
            {
                "url": "https://photos.zillowstatic.com/fp/4c97bb8921fcfca107bec5e9561c4d68-p_e.jpg"
            },
            {
                "url": "https://photos.zillowstatic.com/fp/1282d190d6566c3e1d119bf4d1fce8a8-p_e.jpg"
            },
            {
                "url": "https://photos.zillowstatic.com/fp/43b7ff4593e8edc3edda0debce9410c0-p_e.jpg"
            },
            {
                "url": "https://photos.zillowstatic.com/fp/0953795b3e60f77dfff74a12738c5c71-p_e.jpg"
            },
            {
                "url": "https://photos.zillowstatic.com/fp/b42cfec30b63e85002d291a66cac6108-p_e.jpg"
            },
            {
                "url": "https://photos.zillowstatic.com/fp/98bf3e639f098f56114a74b093d3afe4-p_e.jpg"
            },
            {
                "url": "https://photos.zillowstatic.com/fp/fc4c4b4d25294eaf3538255e7158b6e5-p_e.jpg"
            },
            {
                "url": "https://photos.zillowstatic.com/fp/a30fd981cab41301764f3160dafa2e86-p_e.jpg"
            },
            {
                "url": "https://photos.zillowstatic.com/fp/f7791316874011eb26c2ec408bbb5ca2-p_e.jpg"
            },
            {
                "url": "https://photos.zillowstatic.com/fp/5ab50ab5e88e2a9d9374630b2a43f1ea-p_e.jpg"
            },
            {
                "url": "https://photos.zillowstatic.com/fp/ec7e04786a408d9f732a0d922f132f7e-p_e.jpg"
            },
            {
                "url": "https://photos.zillowstatic.com/fp/98f74767967275e7b0d2acaa06250f9f-p_e.jpg"
            },
            {
                "url": "https://photos.zillowstatic.com/fp/8cee7ca9cc2d2e7855c20e9f1df15089-p_e.jpg"
            },
            {
                "url": "https://photos.zillowstatic.com/fp/6b9a5efb5fd0fc79bb07515977e3baa4-p_e.jpg"
            },
            {
                "url": "https://photos.zillowstatic.com/fp/b1bc35951ff42eb57427caac0d36e5a0-p_e.jpg"
            },
            {
                "url": "https://photos.zillowstatic.com/fp/b10cb57cae3080d43da6223ee55dd78d-p_e.jpg"
            },
            {
                "url": "https://photos.zillowstatic.com/fp/09dc460abfa51b0aeea739c6dc858f66-p_e.jpg"
            },
            {
                "url": "https://photos.zillowstatic.com/fp/4b2d7273d1ffed278ca93edca3c7df9c-p_e.jpg"
            },
            {
                "url": "https://photos.zillowstatic.com/fp/751009cf064ffb3593798bc6a76a465f-p_e.jpg"
            },
            {
                "url": "https://photos.zillowstatic.com/fp/2e122ecefd6ae5e3364162980344f5d9-p_e.jpg"
            }
        ],
        "rooms": []
    },
    {
        "zpid": "70787281",
        "id": "70787281",
        "rawHomeStatusCd": "ForSale",
        "marketingStatusSimplifiedCd": "For Sale by Agent",
        "imgSrc": "https://photos.zillowstatic.com/fp/c9ad5ee76b30fe08554c0119650b1abb-p_e.jpg",
        "hasImage": true,
        "detailUrl": "https://www.zillow.com/homedetails/3901-SW-109th-Ave-12-Miami-FL-33165/70787281_zpid/",
        "statusType": "FOR_SALE",
        "statusText": "Condo for sale",
        "countryCurrency": "$",
        "price": "$245,000",
        "unformattedPrice": 245000,
        "address": "3901 SW 109th Ave #12, Miami, FL 33165",
        "addressStreet": "3901 SW 109th Ave #12",
        "addressCity": "Miami",
        "addressState": "FL",
        "addressZipcode": "33165",
        "isUndisclosedAddress": false,
        "beds": 1,
        "baths": 1.0,
        "area": 654,
        "latLong": {
            "latitude": 25.733316,
            "longitude": -80.37106
        },
        "isZillowOwned": false,
        "variableData": {
            "type": "DAYS_ON",
            "text": "130 days on Zillow"
        },
        "hdpData": {
            "homeInfo": {
                "zpid": 70787281,
                "streetAddress": "3901 SW 109th Ave #12",
                "zipcode": "33165",
                "city": "Miami",
                "state": "FL",
                "latitude": 25.733316,
                "longitude": -80.37106,
                "price": 245000.0,
                "bathrooms": 1.0,
                "bedrooms": 1.0,
                "livingArea": 654.0,
                "homeType": "CONDO",
                "homeStatus": "FOR_SALE",
                "daysOnZillow": 130,
                "isFeatured": false,
                "shouldHighlight": false,
                "rentZestimate": 1900,
                "listing_sub_type": {
                    "is_FSBA": true
                },
                "isUnmappable": false,
                "isPreforeclosureAuction": false,
                "homeStatusForHDP": "FOR_SALE",
                "priceForHDP": 245000.0,
                "timeOnZillow": 11239055000,
                "isNonOwnerOccupied": true,
                "isPremierBuilder": false,
                "isZillowOwned": false,
                "currency": "USD",
                "country": "USA",
                "taxAssessedValue": 120644.0,
                "unit": "# 12",
                "lotAreaValue": 0.0,
                "lotAreaUnit": "sqft",
                "isShowcaseListing": false
            }
        },
        "isSaved": false,
        "isUserClaimingOwner": false,
        "isUserConfirmedClaim": false,
        "pgapt": "ForSale",
        "sgapt": "For Sale (Broker)",
        "shouldShowZestimateAsPrice": false,
        "has3DModel": false,
        "hasVideo": false,
        "isHomeRec": false,
        "hasAdditionalAttributions": true,
        "isFeaturedListing": false,
        "isShowcaseListing": false,
        "list": true,
        "relaxed": false,
        "info3String": "https://photos.zillowstatic.com/fp/a8b02d5ac61ac8b9a11bda64382b4f89-zillow_web_48_23.jpg",
        "brokerName": "Keller Williams Realty International Lifestyles",
        "carouselPhotos": [
            {
                "url": "https://photos.zillowstatic.com/fp/c9ad5ee76b30fe08554c0119650b1abb-p_e.jpg"
            },
            {
                "url": "https://photos.zillowstatic.com/fp/fe78ca851c8319e9777be7e70586732c-p_e.jpg"
            },
            {
                "url": "https://photos.zillowstatic.com/fp/affdaeacb65231644708187a3299473d-p_e.jpg"
            },
            {
                "url": "https://photos.zillowstatic.com/fp/40db020037d9d0514eaf5f22dcda0d9b-p_e.jpg"
            },
            {
                "url": "https://photos.zillowstatic.com/fp/2ede8eff0de8dc2dfc7e8f670e2f661d-p_e.jpg"
            },
            {
                "url": "https://photos.zillowstatic.com/fp/f18389731c8d170f095d8c845dcdb3b9-p_e.jpg"
            },
            {
                "url": "https://photos.zillowstatic.com/fp/5e4d88e526eeea2458bf11abfd9d2f20-p_e.jpg"
            },
            {
                "url": "https://photos.zillowstatic.com/fp/cfb9ebd497300dfd6d9b55900e88e57d-p_e.jpg"
            },
            {
                "url": "https://photos.zillowstatic.com/fp/fac4d537bf03a543acedfdb1cd09cdc6-p_e.jpg"
            },
            {
                "url": "https://photos.zillowstatic.com/fp/48a16a326ef0cd3743e2d313a4861015-p_e.jpg"
            },
            {
                "url": "https://photos.zillowstatic.com/fp/c353c870aa5f1311080c123e20cb5393-p_e.jpg"
            },
            {
                "url": "https://photos.zillowstatic.com/fp/3d36bbb0d8748b24492a6b42d0b1c444-p_e.jpg"
            },
            {
                "url": "https://photos.zillowstatic.com/fp/92dde3d48a264c3d95a251ab616cf8be-p_e.jpg"
            },
            {
                "url": "https://photos.zillowstatic.com/fp/618c02401caa64b9ea25100d00e553db-p_e.jpg"
            },
            {
                "url": "https://photos.zillowstatic.com/fp/960be5ad976e324bbdc6526b1553e084-p_e.jpg"
            },
            {
                "url": "https://photos.zillowstatic.com/fp/239660e5ceb57d2ba751afad67a1ed44-p_e.jpg"
            },
            {
                "url": "https://photos.zillowstatic.com/fp/687ec89bdeb5bd149d785ed1fd483411-p_e.jpg"
            },
            {
                "url": "https://photos.zillowstatic.com/fp/5502c118080c43db4f95de68b232afb4-p_e.jpg"
            },
            {
                "url": "https://photos.zillowstatic.com/fp/00e1af6e9dbd12d29f2a89dfda38e57c-p_e.jpg"
            }
        ],
        "rooms": []
    },
    {
        "zpid": "44196283",
        "id": "44196283",
        "rawHomeStatusCd": "ForSale",
        "marketingStatusSimplifiedCd": "For Sale by Agent",
        "imgSrc": "https://photos.zillowstatic.com/fp/f987f2a4e75a0ac63030d668d6e376d2-p_e.jpg",
        "hasImage": true,
        "detailUrl": "https://www.zillow.com/homedetails/10300-Coral-Way-B16-Miami-FL-33165/44196283_zpid/",
        "statusType": "FOR_SALE",
        "statusText": "Condo for sale",
        "countryCurrency": "$",
        "price": "$430,000",
        "unformattedPrice": 430000,
        "address": "10300 Coral Way #B16, Miami, FL 33165",
        "addressStreet": "10300 Coral Way #B16",
        "addressCity": "Miami",
        "addressState": "FL",
        "addressZipcode": "33165",
        "isUndisclosedAddress": false,
        "beds": 2,
        "baths": 2.0,
        "area": 830,
        "latLong": {
            "latitude": 25.745945,
            "longitude": -80.362144
        },
        "isZillowOwned": false,
        "variableData": {
            "type": "DAYS_ON",
            "text": "145 days on Zillow"
        },
        "hdpData": {
            "homeInfo": {
                "zpid": 44196283,
                "streetAddress": "10300 Coral Way #B16",
                "zipcode": "33165",
                "city": "Miami",
                "state": "FL",
                "latitude": 25.745945,
                "longitude": -80.362144,
                "price": 430000.0,
                "bathrooms": 2.0,
                "bedrooms": 2.0,
                "livingArea": 830.0,
                "homeType": "CONDO",
                "homeStatus": "FOR_SALE",
                "daysOnZillow": 145,
                "isFeatured": false,
                "shouldHighlight": false,
                "listing_sub_type": {
                    "is_FSBA": true
                },
                "isUnmappable": false,
                "isPreforeclosureAuction": false,
                "homeStatusForHDP": "FOR_SALE",
                "priceForHDP": 430000.0,
                "timeOnZillow": 12535055000,
                "isNonOwnerOccupied": true,
                "isPremierBuilder": false,
                "isZillowOwned": false,
                "currency": "USD",
                "country": "USA",
                "taxAssessedValue": 161667.0,
                "unit": "# B16",
                "lotAreaValue": 0.0,
                "lotAreaUnit": "sqft",
                "isShowcaseListing": false
            }
        },
        "isSaved": false,
        "isUserClaimingOwner": false,
        "isUserConfirmedClaim": false,
        "pgapt": "ForSale",
        "sgapt": "For Sale (Broker)",
        "shouldShowZestimateAsPrice": false,
        "has3DModel": false,
        "hasVideo": false,
        "isHomeRec": false,
        "hasAdditionalAttributions": true,
        "isFeaturedListing": false,
        "isShowcaseListing": false,
        "list": true,
        "relaxed": false,
        "info3String": "https://photos.zillowstatic.com/fp/a8b02d5ac61ac8b9a11bda64382b4f89-zillow_web_48_23.jpg",
        "brokerName": "The Keyes Company",
        "carouselPhotos": [
            {
                "url": "https://photos.zillowstatic.com/fp/f987f2a4e75a0ac63030d668d6e376d2-p_e.jpg"
            },
            {
                "url": "https://photos.zillowstatic.com/fp/d9d37a2f9384dbe0cc37a97fc4a2d099-p_e.jpg"
            },
            {
                "url": "https://photos.zillowstatic.com/fp/11303d1cf2c93aaaf153661407375d57-p_e.jpg"
            },
            {
                "url": "https://photos.zillowstatic.com/fp/d73b779daee2138e03cc21e2607adef3-p_e.jpg"
            },
            {
                "url": "https://photos.zillowstatic.com/fp/543f828bc2c66da76cf67ba78ca821b4-p_e.jpg"
            },
            {
                "url": "https://photos.zillowstatic.com/fp/fae732e4def941890b582980a0b5325a-p_e.jpg"
            },
            {
                "url": "https://photos.zillowstatic.com/fp/7bc859350aa56ddccbdf13db31de9626-p_e.jpg"
            },
            {
                "url": "https://photos.zillowstatic.com/fp/4d74e1ca107c84c573871096b98e3fbb-p_e.jpg"
            },
            {
                "url": "https://photos.zillowstatic.com/fp/7ca3ecabc3ed1e1fd94a12d552d1bd31-p_e.jpg"
            },
            {
                "url": "https://photos.zillowstatic.com/fp/1fac533b84f08c2ea120a59f3cce10ff-p_e.jpg"
            },
            {
                "url": "https://photos.zillowstatic.com/fp/746c7bec0e35df5e16d1205c54ebe0e5-p_e.jpg"
            },
            {
                "url": "https://photos.zillowstatic.com/fp/2af812d5629ad1711cbad659f3eb9deb-p_e.jpg"
            },
            {
                "url": "https://photos.zillowstatic.com/fp/979b3a72d03982f165f246afccc26191-p_e.jpg"
            },
            {
                "url": "https://photos.zillowstatic.com/fp/dd05c18ff7ef161615d7227ceea489c1-p_e.jpg"
            },
            {
                "url": "https://photos.zillowstatic.com/fp/2a7ae765d467d3fb83214d3fe38412aa-p_e.jpg"
            },
            {
                "url": "https://photos.zillowstatic.com/fp/2ea64dfd356cecaba3c5e1a50bc594e2-p_e.jpg"
            },
            {
                "url": "https://photos.zillowstatic.com/fp/46dfbe3416a0c7d2b47cc7ea4711749d-p_e.jpg"
            },
            {
                "url": "https://photos.zillowstatic.com/fp/a5a806fa78c769ada9ac6108091ac178-p_e.jpg"
            },
            {
                "url": "https://photos.zillowstatic.com/fp/159ef712ae745041d7604e3f5b5d7571-p_e.jpg"
            },
            {
                "url": "https://photos.zillowstatic.com/fp/f0d8ecf54d8219d064bac33d5358082f-p_e.jpg"
            },
            {
                "url": "https://photos.zillowstatic.com/fp/73a1376a0e21553dd0fd3dd8cde59e69-p_e.jpg"
            },
            {
                "url": "https://photos.zillowstatic.com/fp/81947a9f92b8261309249578a5381504-p_e.jpg"
            },
            {
                "url": "https://photos.zillowstatic.com/fp/327b5f3e05c2a1f158db627d14c12614-p_e.jpg"
            },
            {
                "url": "https://photos.zillowstatic.com/fp/68fc94d115cc8d920e4a87bb791dc356-p_e.jpg"
            },
            {
                "url": "https://photos.zillowstatic.com/fp/b2855ebd42c1b3cfcc0ebaa84e46746f-p_e.jpg"
            },
            {
                "url": "https://photos.zillowstatic.com/fp/d38ad363bc5e06cea0eb440102609c62-p_e.jpg"
            },
            {
                "url": "https://photos.zillowstatic.com/fp/182e489604ded609a11d2f79f45e818c-p_e.jpg"
            },
            {
                "url": "https://photos.zillowstatic.com/fp/b6e216a5e1537a4f08e11c59c34db5f7-p_e.jpg"
            },
            {
                "url": "https://photos.zillowstatic.com/fp/d05c5c2aff3d52b657d840f3813988d7-p_e.jpg"
            },
            {
                "url": "https://photos.zillowstatic.com/fp/1ba0e104fd42c199e3b28ad6318a673e-p_e.jpg"
            },
            {
                "url": "https://photos.zillowstatic.com/fp/df08934ce1237ba4ef5f0b6deb7174ba-p_e.jpg"
            }
        ],
        "rooms": []
    }
]