{
    "user_info": {
        "isLoggedIn": false,
        "hasHousingConnectorPermission": false,
        "savedHomesCount": 0,
        "personalizedSearchTraceID": "11b822297d19e943d552a5e019160b53",
        "guid": "58815f63-ca1d-4391-a33e-38bbe008bbdf",
        "zuid": "",
        "isBot": false,
        "email": "",
        "displayName": ""
    },
    "map_state": {
        "customRegionPolygonWkt": null,
        "schoolPolygonWkt": null,
        "isCurrentLocationSearch": false,
        "userPosition": {
            "lat": null,
            "lon": null
        }
    },
    "region_state": {
        "regionInfo": [
            {
                "regionId": 72468,
                "regionType": 7,
                "regionName": "33165",
                "displayName": "Miami FL 33165",
                "isPointRegion": false
            }
        ],
        "regionBounds": {
            "north": 25.755784,
            "south": 25.71363,
            "east": -80.334192,
            "west": -80.384255
        }
    },
    "search_page_seo": {
        "baseUrl": "/miami-fl-33165/",
        "windowTitle": "33165 Real Estate - 33165 Homes For Sale | Zillow",
        "metaDescription": "Zillow has 6 homes for sale in 33165. View listing photos, review sales history, and use our detailed real estate filters to find the perfect place."
    },
    "request_id": 4
}