{
    "user_info": {
        "isLoggedIn": false,
        "hasHousingConnectorPermission": false,
        "savedHomesCount": 0,
        "personalizedSearchTraceID": "d8151ca01d058cda1a9c882410e1d9ab",
        "guid": "9cad004f-4097-4551-9eef-52512028decd",
        "zuid": "",
        "isBot": false,
        "email": "",
        "displayName": ""
    },
    "map_state": {
        "customRegionPolygonWkt": null,
        "schoolPolygonWkt": null,
        "isCurrentLocationSearch": false,
        "userPosition": {
            "lat": null,
            "lon": null
        }
    },
    "region_state": {
        "regionInfo": [
            {
                "regionId": 72480,
                "regionType": 7,
                "regionName": "33178",
                "displayName": "Doral FL 33178",
                "isPointRegion": false
            }
        ],
        "regionBounds": {
            "north": 25.995288,
            "south": 25.760935,
            "east": -80.335794,
            "west": -80.856068
        }
    },
    "search_page_seo": {
        "baseUrl": "/doral-fl-33178/",
        "windowTitle": "33178 Real Estate - 33178 Homes For Sale | Zillow",
        "metaDescription": "Zillow has 70 homes for sale in 33178. View listing photos, review sales history, and use our detailed real estate filters to find the perfect place."
    },
    "request_id": 4
}