{
    "user_info": {
        "isLoggedIn": false,
        "hasHousingConnectorPermission": false,
        "savedHomesCount": 0,
        "personalizedSearchTraceID": "b9bc46ce2e3a95926360edc07f7a6824",
        "guid": "c4a61e64-a52d-4532-a9e4-d032690ac52b",
        "zuid": "",
        "isBot": false,
        "email": "",
        "displayName": ""
    },
    "map_state": {
        "customRegionPolygonWkt": null,
        "schoolPolygonWkt": null,
        "isCurrentLocationSearch": false,
        "userPosition": {
            "lat": null,
            "lon": null
        }
    },
    "region_state": {
        "regionInfo": [
            {
                "regionId": 72355,
                "regionType": 7,
                "regionName": "33017",
                "displayName": "Country Club FL 33017",
                "isPointRegion": true
            }
        ],
        "regionBounds": {
            "north": 25.959315,
            "south": 25.923084999999997,
            "east": -80.28298500000001,
            "west": -80.319215
        }
    },
    "search_page_seo": {
        "baseUrl": "/country-club-fl-33017/",
        "windowTitle": "33017 Real Estate - 33017 Homes For Sale | Zillow",
        "metaDescription": "Zillow has 118 homes for sale in 33017. View listing photos, review sales history, and use our detailed real estate filters to find the perfect place."
    },
    "request_id": 4
}