{
    "user_info": {
        "isLoggedIn": false,
        "hasHousingConnectorPermission": false,
        "savedHomesCount": 0,
        "personalizedSearchTraceID": "57e3556b8905c8e26f14a9dd40d7d834",
        "guid": "7cf78c54-1256-44b5-983b-f96caa0e266c",
        "zuid": "",
        "isBot": false,
        "email": "",
        "displayName": ""
    },
    "map_state": {
        "customRegionPolygonWkt": null,
        "schoolPolygonWkt": null,
        "isCurrentLocationSearch": false,
        "userPosition": {
            "lat": null,
            "lon": null
        }
    },
    "region_state": {
        "regionInfo": [
            {
                "regionId": 72610,
                "regionType": 7,
                "regionName": "33444",
                "displayName": "Delray Beach FL 33444",
                "isPointRegion": false
            }
        ],
        "regionBounds": {
            "north": 26.491537,
            "south": 26.422787,
            "east": -80.065423,
            "west": -80.093564
        }
    },
    "search_page_seo": {
        "baseUrl": "/delray-beach-fl-33444/",
        "windowTitle": "33444 Real Estate - 33444 Homes For Sale | Zillow",
        "metaDescription": "Zillow has 41 homes for sale in 33444. View listing photos, review sales history, and use our detailed real estate filters to find the perfect place."
    },
    "request_id": 4
}