{
    "user_info": {
        "isLoggedIn": false,
        "hasHousingConnectorPermission": false,
        "savedHomesCount": 0,
        "personalizedSearchTraceID": "f770d1a75d6ff1b864699b782e39e131",
        "guid": "a7b4be80-5ed3-4474-a517-c5e36ba981b1",
        "zuid": "",
        "isBot": false,
        "email": "",
        "displayName": ""
    },
    "map_state": {
        "customRegionPolygonWkt": null,
        "schoolPolygonWkt": null,
        "isCurrentLocationSearch": false,
        "userPosition": {
            "lat": null,
            "lon": null
        }
    },
    "region_state": {
        "regionInfo": [
            {
                "regionId": 72344,
                "regionType": 7,
                "regionName": "33002",
                "displayName": "Miami Lakes FL 33002",
                "isPointRegion": true
            }
        ],
        "regionBounds": {
            "north": 25.916815000000003,
            "south": 25.880585,
            "east": -80.284885,
            "west": -80.32111499999999
        }
    },
    "search_page_seo": {
        "baseUrl": "/miami-lakes-fl-33002/",
        "windowTitle": "33002 Real Estate - 33002 Homes For Sale | Zillow",
        "metaDescription": "Zillow has 113 homes for sale in 33002. View listing photos, review sales history, and use our detailed real estate filters to find the perfect place."
    },
    "request_id": 4
}