{
    "user_info": {
        "isLoggedIn": false,
        "hasHousingConnectorPermission": false,
        "savedHomesCount": 0,
        "personalizedSearchTraceID": "f862da18820d33c3c0bf14da93e37f59",
        "guid": "f025bc47-aeee-42ea-9f6e-0a6602421f0a",
        "zuid": "",
        "isBot": false,
        "email": "",
        "displayName": ""
    },
    "map_state": {
        "customRegionPolygonWkt": null,
        "schoolPolygonWkt": null,
        "isCurrentLocationSearch": false,
        "userPosition": {
            "lat": null,
            "lon": null
        }
    },
    "region_state": {
        "regionInfo": [
            {
                "regionId": 72404,
                "regionType": 7,
                "regionName": "33075",
                "displayName": "Coral Springs FL 33075",
                "isPointRegion": true
            }
        ],
        "regionBounds": {
            "north": 26.305215,
            "south": 26.268984999999997,
            "east": -80.232185,
            "west": -80.26841499999999
        }
    },
    "search_page_seo": {
        "baseUrl": "/coral-springs-fl-33075/",
        "windowTitle": "33075 Real Estate - 33075 Homes For Sale | Zillow",
        "metaDescription": "Zillow has 155 homes for sale in 33075. View listing photos, review sales history, and use our detailed real estate filters to find the perfect place."
    },
    "request_id": 4
}