[
    {
        "zpid": "2071312374",
        "id": "2071312374",
        "rawHomeStatusCd": "ForSale",
        "marketingStatusSimplifiedCd": "New Construction",
        "imgSrc": "https://photos.zillowstatic.com/fp/b7535b3624f7a46af591f5d746b20340-p_e.jpg",
        "hasImage": true,
        "detailUrl": "https://www.zillow.com/homedetails/711-NW-42nd-Ave-711-Fort-Lauderdale-FL-33317/2071312374_zpid/",
        "statusType": "FOR_SALE",
        "statusText": "New construction",
        "countryCurrency": "$",
        "price": "$425,000",
        "unformattedPrice": 425000,
        "address": "711 NW 42nd Ave #711, Fort Lauderdale, FL 33317",
        "addressStreet": "711 NW 42nd Ave #711",
        "addressCity": "Fort Lauderdale",
        "addressState": "FL",
        "addressZipcode": "33317",
        "isUndisclosedAddress": false,
        "beds": 3,
        "baths": 3.0,
        "area": 1672,
        "latLong": {
            "latitude": 26.133638,
            "longitude": -80.20485
        },
        "isZillowOwned": false,
        "variableData": {
            "type": "DAYS_ON",
            "text": "2 days on Zillow"
        },
        "hdpData": {
            "homeInfo": {
                "zpid": 2071312374,
                "streetAddress": "711 NW 42nd Ave #711",
                "zipcode": "33317",
                "city": "Fort Lauderdale",
                "state": "FL",
                "latitude": 26.133638,
                "longitude": -80.20485,
                "price": 425000.0,
                "bathrooms": 3.0,
                "bedrooms": 3.0,
                "livingArea": 1672.0,
                "homeType": "TOWNHOUSE",
                "homeStatus": "FOR_SALE",
                "daysOnZillow": 2,
                "isFeatured": false,
                "shouldHighlight": false,
                "rentZestimate": 1650,
                "listing_sub_type": {
                    "is_newHome": true
                },
                "isUnmappable": false,
                "isPreforeclosureAuction": false,
                "homeStatusForHDP": "FOR_SALE",
                "priceForHDP": 425000.0,
                "timeOnZillow": 195023000,
                "newConstructionType": "NEW_CONSTRUCTION_TYPE_OTHER",
                "isNonOwnerOccupied": true,
                "isPremierBuilder": false,
                "isZillowOwned": false,
                "currency": "USD",
                "country": "USA",
                "unit": "# 711",
                "isShowcaseListing": false
            }
        },
        "isSaved": false,
        "isUserClaimingOwner": false,
        "isUserConfirmedClaim": false,
        "pgapt": "ForSale",
        "sgapt": "New Construction",
        "shouldShowZestimateAsPrice": false,
        "has3DModel": false,
        "hasVideo": false,
        "isHomeRec": false,
        "hasAdditionalAttributions": true,
        "isFeaturedListing": false,
        "isShowcaseListing": false,
        "list": true,
        "relaxed": false,
        "info3String": "https://photos.zillowstatic.com/fp/11470fbfca6bd246a8708da0ff0e5603-zillow_web_48_23.jpg",
        "brokerName": "Hertz Realty Network",
        "carouselPhotos": [
            {
                "url": "https://photos.zillowstatic.com/fp/b7535b3624f7a46af591f5d746b20340-p_e.jpg"
            },
            {
                "url": "https://photos.zillowstatic.com/fp/30738f9e0b944df0213a2a7c9fe000d0-p_e.jpg"
            },
            {
                "url": "https://photos.zillowstatic.com/fp/003d7687de4c8f199d2ee8b3fc2ee5a4-p_e.jpg"
            }
        ],
        "rooms": [
            {
                "roomArea": null,
                "roomAreaUnits": null
            },
            {
                "roomArea": null,
                "roomAreaUnits": null
            }
        ]
    },
    {
        "zpid": "43167408",
        "id": "43167408",
        "rawHomeStatusCd": "ForSale",
        "marketingStatusSimplifiedCd": "For Sale by Agent",
        "imgSrc": "https://photos.zillowstatic.com/fp/199fed0d4065f4fcb8a4c2b4c58b38d6-p_e.jpg",
        "hasImage": true,
        "detailUrl": "https://www.zillow.com/homedetails/5381-SW-6th-St-Plantation-FL-33317/43167408_zpid/",
        "statusType": "FOR_SALE",
        "statusText": "House for sale",
        "countryCurrency": "$",
        "price": "$645,000",
        "unformattedPrice": 645000,
        "address": "5381 SW 6th St, Plantation, FL 33317",
        "addressStreet": "5381 SW 6th St",
        "addressCity": "Plantation",
        "addressState": "FL",
        "addressZipcode": "33317",
        "isUndisclosedAddress": false,
        "beds": 3,
        "baths": 2.0,
        "area": 2053,
        "latLong": {
            "latitude": 26.113094,
            "longitude": -80.221634
        },
        "isZillowOwned": false,
        "variableData": {
            "type": "OPEN_HOUSE",
            "text": "Open: Tue. 4-7pm"
        },
        "hdpData": {
            "homeInfo": {
                "zpid": 43167408,
                "streetAddress": "5381 SW 6th St",
                "zipcode": "33317",
                "city": "Plantation",
                "state": "FL",
                "latitude": 26.113094,
                "longitude": -80.221634,
                "price": 645000.0,
                "bathrooms": 2.0,
                "bedrooms": 3.0,
                "livingArea": 2053.0,
                "homeType": "SINGLE_FAMILY",
                "homeStatus": "FOR_SALE",
                "daysOnZillow": 8,
                "isFeatured": false,
                "shouldHighlight": false,
                "zestimate": 638300,
                "rentZestimate": 3857,
                "listing_sub_type": {
                    "is_FSBA": true,
                    "is_openHouse": true
                },
                "openHouse": "Tue. 4-7pm",
                "isUnmappable": false,
                "isPreforeclosureAuction": false,
                "homeStatusForHDP": "FOR_SALE",
                "priceForHDP": 645000.0,
                "open_house_info": {
                    "open_house_showing": [
                        {
                            "open_house_start": 1706659200000,
                            "open_house_end": 1706670000000
                        },
                        {
                            "open_house_start": 1706994000000,
                            "open_house_end": 1707004800000
                        },
                        {
                            "open_house_start": 1707080400000,
                            "open_house_end": 1707091200000
                        }
                    ]
                },
                "timeOnZillow": 769745000,
                "isNonOwnerOccupied": true,
                "isPremierBuilder": false,
                "isZillowOwned": false,
                "currency": "USD",
                "country": "USA",
                "taxAssessedValue": 410880.0,
                "lotAreaValue": 0.2516069788797062,
                "lotAreaUnit": "acres",
                "isShowcaseListing": false
            }
        },
        "isSaved": false,
        "isUserClaimingOwner": false,
        "isUserConfirmedClaim": false,
        "pgapt": "ForSale",
        "sgapt": "For Sale (Broker)",
        "zestimate": 638300,
        "shouldShowZestimateAsPrice": false,
        "has3DModel": false,
        "hasVideo": false,
        "isHomeRec": false,
        "hasAdditionalAttributions": true,
        "isFeaturedListing": false,
        "isShowcaseListing": false,
        "list": true,
        "relaxed": false,
        "info2String": "Listing provided by BeachesMLS",
        "info3String": "https://photos.zillowstatic.com/fp/11470fbfca6bd246a8708da0ff0e5603-zillow_web_48_23.jpg",
        "brokerName": "Real - ativity",
        "carouselPhotos": [
            {
                "url": "https://photos.zillowstatic.com/fp/199fed0d4065f4fcb8a4c2b4c58b38d6-p_e.jpg"
            },
            {
                "url": "https://photos.zillowstatic.com/fp/fafb5effa818ea9f0d11a6f4eb2f118d-p_e.jpg"
            },
            {
                "url": "https://photos.zillowstatic.com/fp/8279f2a351b3f43bf42e235b597807f1-p_e.jpg"
            },
            {
                "url": "https://photos.zillowstatic.com/fp/57116f2cbf3671d264df046654ce13f4-p_e.jpg"
            },
            {
                "url": "https://photos.zillowstatic.com/fp/406745a20b9134bf080f03a7096e0652-p_e.jpg"
            },
            {
                "url": "https://photos.zillowstatic.com/fp/d84e19286cb52adefd7f5f672de17d9a-p_e.jpg"
            },
            {
                "url": "https://photos.zillowstatic.com/fp/25d86127975dcda30702d08b7d041ad7-p_e.jpg"
            },
            {
                "url": "https://photos.zillowstatic.com/fp/f64ee189d8800417d052f74cfb48e4e8-p_e.jpg"
            },
            {
                "url": "https://photos.zillowstatic.com/fp/619ab6c596038dc6a33604b56553a3b7-p_e.jpg"
            },
            {
                "url": "https://photos.zillowstatic.com/fp/d52cb9d1cdcb0272e3d7ca28a0689462-p_e.jpg"
            },
            {
                "url": "https://photos.zillowstatic.com/fp/c0715f172bb34ba0628289e8a35ec4a8-p_e.jpg"
            },
            {
                "url": "https://photos.zillowstatic.com/fp/af78e22ac9ba76c563760bb81907a875-p_e.jpg"
            },
            {
                "url": "https://photos.zillowstatic.com/fp/d21e61b696160a5b16c01a82973896aa-p_e.jpg"
            },
            {
                "url": "https://photos.zillowstatic.com/fp/724170983717258c7d7161585f013bc3-p_e.jpg"
            },
            {
                "url": "https://photos.zillowstatic.com/fp/7f03d7ff83133c73d1cdc53bf4e6bd69-p_e.jpg"
            },
            {
                "url": "https://photos.zillowstatic.com/fp/806e3faae0e422072fee38efbcbece78-p_e.jpg"
            },
            {
                "url": "https://photos.zillowstatic.com/fp/cc262af0b1cfde10096fb4594ad418d2-p_e.jpg"
            },
            {
                "url": "https://photos.zillowstatic.com/fp/84b64bc16a552eaf42443f7b86279a05-p_e.jpg"
            },
            {
                "url": "https://photos.zillowstatic.com/fp/de13fca55f757e205d55a4e4205b31a6-p_e.jpg"
            },
            {
                "url": "https://photos.zillowstatic.com/fp/38a03f17e77233b4d7687dacd44a2d86-p_e.jpg"
            },
            {
                "url": "https://photos.zillowstatic.com/fp/9d9278259716929b77c16ef91f339b34-p_e.jpg"
            },
            {
                "url": "https://photos.zillowstatic.com/fp/322ed76e4ce9c0a26af21acdabe089fd-p_e.jpg"
            },
            {
                "url": "https://photos.zillowstatic.com/fp/cbf30e756863b2496ab62c542644abc2-p_e.jpg"
            }
        ],
        "hasOpenHouse": true,
        "openHouseStartDate": "2024-01-30T16:00:00",
        "openHouseEndDate": "2024-01-30T19:00:00",
        "openHouseDescription": "Open House - 4:00 - 7:00 PM",
        "rooms": [
            {
                "roomArea": 308.0,
                "roomAreaUnits": null
            },
            {
                "roomArea": 266.0,
                "roomAreaUnits": null
            },
            {
                "roomArea": 176.0,
                "roomAreaUnits": null
            },
            {
                "roomArea": 286.0,
                "roomAreaUnits": null
            },
            {
                "roomArea": 120.0,
                "roomAreaUnits": null
            },
            {
                "roomArea": 121.0,
                "roomAreaUnits": null
            },
            {
                "roomArea": 154.0,
                "roomAreaUnits": null
            },
            {
                "roomArea": 525.0,
                "roomAreaUnits": null
            },
            {
                "roomArea": 40.0,
                "roomAreaUnits": null
            }
        ]
    },
    {
        "zpid": "43165992",
        "id": "43165992",
        "rawHomeStatusCd": "ForSale",
        "marketingStatusSimplifiedCd": "For Sale by Agent",
        "imgSrc": "https://photos.zillowstatic.com/fp/d8b7bcdb5a3712e535dc240c259b2535-p_e.jpg",
        "hasImage": true,
        "detailUrl": "https://www.zillow.com/homedetails/7361-SW-10th-St-Plantation-FL-33317/43165992_zpid/",
        "statusType": "FOR_SALE",
        "statusText": "House for sale",
        "countryCurrency": "$",
        "price": "$769,900",
        "unformattedPrice": 769900,
        "address": "7361 SW 10th St, Plantation, FL 33317",
        "addressStreet": "7361 SW 10th St",
        "addressCity": "Plantation",
        "addressState": "FL",
        "addressZipcode": "33317",
        "isUndisclosedAddress": false,
        "beds": 4,
        "baths": 3.0,
        "area": 2619,
        "latLong": {
            "latitude": 26.107641,
            "longitude": -80.24586
        },
        "isZillowOwned": false,
        "variableData": {
            "type": "DAYS_ON",
            "text": "13 days on Zillow"
        },
        "hdpData": {
            "homeInfo": {
                "zpid": 43165992,
                "streetAddress": "7361 SW 10th St",
                "zipcode": "33317",
                "city": "Plantation",
                "state": "FL",
                "latitude": 26.107641,
                "longitude": -80.24586,
                "price": 769900.0,
                "bathrooms": 3.0,
                "bedrooms": 4.0,
                "livingArea": 2619.0,
                "homeType": "SINGLE_FAMILY",
                "homeStatus": "FOR_SALE",
                "daysOnZillow": 13,
                "isFeatured": false,
                "shouldHighlight": false,
                "listing_sub_type": {
                    "is_FSBA": true
                },
                "isUnmappable": false,
                "isPreforeclosureAuction": false,
                "homeStatusForHDP": "FOR_SALE",
                "priceForHDP": 769900.0,
                "timeOnZillow": 1131269000,
                "isNonOwnerOccupied": true,
                "isPremierBuilder": false,
                "isZillowOwned": false,
                "currency": "USD",
                "country": "USA",
                "taxAssessedValue": 536480.0,
                "lotAreaValue": 0.27548209366391185,
                "lotAreaUnit": "acres",
                "isShowcaseListing": false
            }
        },
        "isSaved": false,
        "isUserClaimingOwner": false,
        "isUserConfirmedClaim": false,
        "pgapt": "ForSale",
        "sgapt": "For Sale (Broker)",
        "shouldShowZestimateAsPrice": false,
        "has3DModel": false,
        "hasVideo": false,
        "isHomeRec": false,
        "hasAdditionalAttributions": true,
        "isFeaturedListing": false,
        "isShowcaseListing": false,
        "list": true,
        "relaxed": false,
        "info3String": "https://photos.zillowstatic.com/fp/a8b02d5ac61ac8b9a11bda64382b4f89-zillow_web_48_23.jpg",
        "brokerName": "Bridgestone Realty LLC",
        "carouselPhotos": [
            {
                "url": "https://photos.zillowstatic.com/fp/d8b7bcdb5a3712e535dc240c259b2535-p_e.jpg"
            },
            {
                "url": "https://photos.zillowstatic.com/fp/638983ea83127ad86d54871822057fc5-p_e.jpg"
            },
            {
                "url": "https://photos.zillowstatic.com/fp/865e72d78cb9bba0ecb9c092e404d023-p_e.jpg"
            },
            {
                "url": "https://photos.zillowstatic.com/fp/905463e11df4ad65945ae0f5d5031024-p_e.jpg"
            },
            {
                "url": "https://photos.zillowstatic.com/fp/70a01c03ac2266b5e347abe69a54b636-p_e.jpg"
            },
            {
                "url": "https://photos.zillowstatic.com/fp/330d6350675cd91cb86542c2a288c6cb-p_e.jpg"
            },
            {
                "url": "https://photos.zillowstatic.com/fp/5d3a97b48ad2c8da4e3b761a469cd787-p_e.jpg"
            },
            {
                "url": "https://photos.zillowstatic.com/fp/901c01900539b49866e33e5fe946fa50-p_e.jpg"
            },
            {
                "url": "https://photos.zillowstatic.com/fp/d0e6feaed3f2deb90986fadeeefa7038-p_e.jpg"
            },
            {
                "url": "https://photos.zillowstatic.com/fp/fb34f626cb391c1cbd71d70f4bb2583d-p_e.jpg"
            },
            {
                "url": "https://photos.zillowstatic.com/fp/a5349bc3f85ae790b867ed491f56b73b-p_e.jpg"
            },
            {
                "url": "https://photos.zillowstatic.com/fp/8d9ba1b33c75ce3af77dc1281a496f40-p_e.jpg"
            },
            {
                "url": "https://photos.zillowstatic.com/fp/f602eb916c79668244f42fd76d03338a-p_e.jpg"
            },
            {
                "url": "https://photos.zillowstatic.com/fp/4265d8c5ba839179fa0e0a506ee8dd9d-p_e.jpg"
            },
            {
                "url": "https://photos.zillowstatic.com/fp/8ab85051c871343a22743fead5cb64d5-p_e.jpg"
            },
            {
                "url": "https://photos.zillowstatic.com/fp/82afafef72c898e0cda55da8a0308e91-p_e.jpg"
            },
            {
                "url": "https://photos.zillowstatic.com/fp/c2ebe2a9f36abecc1950b27ad359e836-p_e.jpg"
            },
            {
                "url": "https://photos.zillowstatic.com/fp/f85ccf56602b740363c2bbf0b7291ec0-p_e.jpg"
            },
            {
                "url": "https://photos.zillowstatic.com/fp/65651832887cb98dc210ca293100f76a-p_e.jpg"
            },
            {
                "url": "https://photos.zillowstatic.com/fp/50c66b40a7ab23fcf42bcd811a40ead9-p_e.jpg"
            },
            {
                "url": "https://photos.zillowstatic.com/fp/0a1ad70900d2ddf9baf08e9043008cd3-p_e.jpg"
            },
            {
                "url": "https://photos.zillowstatic.com/fp/8632b00b503c887224fcef8fb232f945-p_e.jpg"
            },
            {
                "url": "https://photos.zillowstatic.com/fp/3b2013f7b0d455df5764ba2c9a2ec198-p_e.jpg"
            },
            {
                "url": "https://photos.zillowstatic.com/fp/ebeada7ae1b0799e4c32d24a96a615e3-p_e.jpg"
            },
            {
                "url": "https://photos.zillowstatic.com/fp/73824d1273b788e794a0e050f5321024-p_e.jpg"
            },
            {
                "url": "https://photos.zillowstatic.com/fp/99a4c3c60fb10c98405e2825bbbe0e34-p_e.jpg"
            },
            {
                "url": "https://photos.zillowstatic.com/fp/647f3c249cb8a56960d79237f5a13654-p_e.jpg"
            },
            {
                "url": "https://photos.zillowstatic.com/fp/8564d279b9c9d1fac7a870edd7128330-p_e.jpg"
            },
            {
                "url": "https://photos.zillowstatic.com/fp/d3bb1d1a62528ae6d1fa366098916346-p_e.jpg"
            },
            {
                "url": "https://photos.zillowstatic.com/fp/1de5a56ae2a8aaea3c989f0f115fdcf5-p_e.jpg"
            },
            {
                "url": "https://photos.zillowstatic.com/fp/45e25e80e27cc1638af51d0d60d05ecc-p_e.jpg"
            },
            {
                "url": "https://photos.zillowstatic.com/fp/01d33bd123d1e33ce4d12c74858d1967-p_e.jpg"
            },
            {
                "url": "https://photos.zillowstatic.com/fp/fd08fb700f2fa69cf810e119636486cf-p_e.jpg"
            },
            {
                "url": "https://photos.zillowstatic.com/fp/fbe49dae51c0290d267f2c5fbefae60e-p_e.jpg"
            },
            {
                "url": "https://photos.zillowstatic.com/fp/eb3983bd54f3e4e7310eab18c47d33ae-p_e.jpg"
            },
            {
                "url": "https://photos.zillowstatic.com/fp/b68950fd4355a434e74549be10f4ae9f-p_e.jpg"
            },
            {
                "url": "https://photos.zillowstatic.com/fp/bb3566e7c96b48a563a6c318a17e0eba-p_e.jpg"
            },
            {
                "url": "https://photos.zillowstatic.com/fp/6076a663da4c2a2f756b597d4237cd88-p_e.jpg"
            },
            {
                "url": "https://photos.zillowstatic.com/fp/79dc0b4b62d47ac680839a8cc8754d85-p_e.jpg"
            },
            {
                "url": "https://photos.zillowstatic.com/fp/cc7cfc54e4d57747d49cf640ffe3f27c-p_e.jpg"
            },
            {
                "url": "https://photos.zillowstatic.com/fp/64443c011849e911b0f2026fd3fa3af8-p_e.jpg"
            },
            {
                "url": "https://photos.zillowstatic.com/fp/36b9ca8cb417889cc9130d9ef5fafa9e-p_e.jpg"
            },
            {
                "url": "https://photos.zillowstatic.com/fp/5db969cfad1e69ca5512cd40fe182904-p_e.jpg"
            },
            {
                "url": "https://photos.zillowstatic.com/fp/37ee5aa52c5ed84b3ec5cb4d82682489-p_e.jpg"
            },
            {
                "url": "https://photos.zillowstatic.com/fp/6c629aa1debf6d8c8b849917c44adaa1-p_e.jpg"
            },
            {
                "url": "https://photos.zillowstatic.com/fp/4b0de84de8dd7f142cab01b6e19edbbc-p_e.jpg"
            },
            {
                "url": "https://photos.zillowstatic.com/fp/acfe9aba2d158d1da39ba902977a28c8-p_e.jpg"
            },
            {
                "url": "https://photos.zillowstatic.com/fp/78f72296befbe3a975383d9edb1392ba-p_e.jpg"
            },
            {
                "url": "https://photos.zillowstatic.com/fp/2a5b19ce96fbec692a80f0ad92f864d7-p_e.jpg"
            },
            {
                "url": "https://photos.zillowstatic.com/fp/05c65a5893345697977664af210cd5e6-p_e.jpg"
            },
            {
                "url": "https://photos.zillowstatic.com/fp/dd5b00d1a5a7c5933cf2b0da1e441d5f-p_e.jpg"
            },
            {
                "url": "https://photos.zillowstatic.com/fp/218fab8c3c92a4c40a6627e248a54732-p_e.jpg"
            }
        ],
        "rooms": []
    },
    {
        "zpid": "2138365730",
        "id": "2138365730",
        "rawHomeStatusCd": "ForSale",
        "marketingStatusSimplifiedCd": "For Sale by Agent",
        "imgSrc": "https://photos.zillowstatic.com/fp/1c45891e0708ecbae20f53d556c86142-p_e.jpg",
        "hasImage": true,
        "detailUrl": "https://www.zillow.com/homedetails/2509-SW-74th-Ter-Davie-FL-33317/2138365730_zpid/",
        "statusType": "FOR_SALE",
        "statusText": "Townhouse for sale",
        "countryCurrency": "$",
        "price": "$469,000",
        "unformattedPrice": 469000,
        "address": "2509 SW 74th Ter, Davie, FL 33317",
        "addressStreet": "2509 SW 74th Ter",
        "addressCity": "Davie",
        "addressState": "FL",
        "addressZipcode": "33317",
        "isUndisclosedAddress": false,
        "beds": 3,
        "baths": 3.0,
        "area": 2020,
        "latLong": {
            "latitude": 26.089918,
            "longitude": -80.24658
        },
        "isZillowOwned": false,
        "variableData": {
            "type": "DAYS_ON",
            "text": "13 days on Zillow"
        },
        "hdpData": {
            "homeInfo": {
                "zpid": 2138365730,
                "streetAddress": "2509 SW 74th Ter",
                "zipcode": "33317",
                "city": "Davie",
                "state": "FL",
                "latitude": 26.089918,
                "longitude": -80.24658,
                "price": 469000.0,
                "bathrooms": 3.0,
                "bedrooms": 3.0,
                "livingArea": 2020.0,
                "homeType": "TOWNHOUSE",
                "homeStatus": "FOR_SALE",
                "daysOnZillow": 13,
                "isFeatured": false,
                "shouldHighlight": false,
                "zestimate": 466800,
                "rentZestimate": 3200,
                "listing_sub_type": {
                    "is_FSBA": true
                },
                "isUnmappable": false,
                "isPreforeclosureAuction": false,
                "homeStatusForHDP": "FOR_SALE",
                "priceForHDP": 469000.0,
                "timeOnZillow": 1147946000,
                "isNonOwnerOccupied": true,
                "isPremierBuilder": false,
                "isZillowOwned": false,
                "currency": "USD",
                "country": "USA",
                "isShowcaseListing": false
            }
        },
        "isSaved": false,
        "isUserClaimingOwner": false,
        "isUserConfirmedClaim": false,
        "pgapt": "ForSale",
        "sgapt": "For Sale (Broker)",
        "zestimate": 466800,
        "shouldShowZestimateAsPrice": false,
        "has3DModel": false,
        "hasVideo": false,
        "isHomeRec": false,
        "hasAdditionalAttributions": true,
        "isFeaturedListing": false,
        "isShowcaseListing": false,
        "list": true,
        "relaxed": false,
        "info3String": "https://photos.zillowstatic.com/fp/11470fbfca6bd246a8708da0ff0e5603-zillow_web_48_23.jpg",
        "brokerName": "RE/MAX Consultants Realty 1",
        "carouselPhotos": [
            {
                "url": "https://photos.zillowstatic.com/fp/1c45891e0708ecbae20f53d556c86142-p_e.jpg"
            },
            {
                "url": "https://photos.zillowstatic.com/fp/ee08505171aa03b8ef40963d5233e966-p_e.jpg"
            },
            {
                "url": "https://photos.zillowstatic.com/fp/52b8b8fbab0caee9f649557cbdd77e8d-p_e.jpg"
            },
            {
                "url": "https://photos.zillowstatic.com/fp/b0b90455abadaebe45688026a1a613d9-p_e.jpg"
            },
            {
                "url": "https://photos.zillowstatic.com/fp/1cac7acb6001c4f8f3ba55b7b8d8aa81-p_e.jpg"
            },
            {
                "url": "https://photos.zillowstatic.com/fp/f3f5d24dd40acbc346b297b4e5efe9b5-p_e.jpg"
            },
            {
                "url": "https://photos.zillowstatic.com/fp/d87be61e08af926b42dbecb92c6ba129-p_e.jpg"
            },
            {
                "url": "https://photos.zillowstatic.com/fp/b225584afe3f00a12eee4bf54dc3cb0e-p_e.jpg"
            },
            {
                "url": "https://photos.zillowstatic.com/fp/0af3b48e2d4b4620134873662527387b-p_e.jpg"
            },
            {
                "url": "https://photos.zillowstatic.com/fp/9d564939d0bfcb0bda97d6cefd9bb871-p_e.jpg"
            },
            {
                "url": "https://photos.zillowstatic.com/fp/e05ea4844fd10e693f5aceeade70e858-p_e.jpg"
            },
            {
                "url": "https://photos.zillowstatic.com/fp/e3802b05557960173150fa2ecad518a9-p_e.jpg"
            },
            {
                "url": "https://photos.zillowstatic.com/fp/72fdfbdb56106db90a6ad5510f28e07d-p_e.jpg"
            },
            {
                "url": "https://photos.zillowstatic.com/fp/b43f5b5689f6f33a7c5a2d8e1ba907c3-p_e.jpg"
            },
            {
                "url": "https://photos.zillowstatic.com/fp/67cef1155b73efbadd2a82175bcdafd9-p_e.jpg"
            },
            {
                "url": "https://photos.zillowstatic.com/fp/b5322d09b36cd1c04dbb9b49ebd1f2bc-p_e.jpg"
            },
            {
                "url": "https://photos.zillowstatic.com/fp/12b9b361baf383802d4edd154df68531-p_e.jpg"
            },
            {
                "url": "https://photos.zillowstatic.com/fp/170a123aaf0e8ecac860c394c26f5fe6-p_e.jpg"
            },
            {
                "url": "https://photos.zillowstatic.com/fp/f562b27da6ea64e02921eafaa2d491d9-p_e.jpg"
            },
            {
                "url": "https://photos.zillowstatic.com/fp/26cb6a013ff683848e45ad6a17f1186f-p_e.jpg"
            },
            {
                "url": "https://photos.zillowstatic.com/fp/21ec176fd5641a2842663cfd38bacaf1-p_e.jpg"
            },
            {
                "url": "https://photos.zillowstatic.com/fp/92b9930c978656e4ecc581d265314e03-p_e.jpg"
            },
            {
                "url": "https://photos.zillowstatic.com/fp/a02fd2de6111be50c41b258d7196231e-p_e.jpg"
            },
            {
                "url": "https://photos.zillowstatic.com/fp/e9e13efc438811ff7665ecd0eae2dfd6-p_e.jpg"
            },
            {
                "url": "https://photos.zillowstatic.com/fp/fec8e38b44a17658040ae7de83cfca2a-p_e.jpg"
            },
            {
                "url": "https://photos.zillowstatic.com/fp/37f97b0ce3e3808601e46b5b3a70d205-p_e.jpg"
            },
            {
                "url": "https://photos.zillowstatic.com/fp/766c71b262042cf40a33e2c28810dc4b-p_e.jpg"
            },
            {
                "url": "https://photos.zillowstatic.com/fp/3c0ebea9285d9f3108fafdc84e289fa5-p_e.jpg"
            },
            {
                "url": "https://photos.zillowstatic.com/fp/2158494e2bbf356b4b05fd46dc1086e4-p_e.jpg"
            },
            {
                "url": "https://photos.zillowstatic.com/fp/d60543ce32c4309f71f70bd27a8f77b9-p_e.jpg"
            },
            {
                "url": "https://photos.zillowstatic.com/fp/0454777aab23b1877e49f3bd6fe2e256-p_e.jpg"
            },
            {
                "url": "https://photos.zillowstatic.com/fp/7bde5b7bedb9c38adb1a7de2ebecc260-p_e.jpg"
            },
            {
                "url": "https://photos.zillowstatic.com/fp/4f14b5c29ef326ba76608d847b63cd6b-p_e.jpg"
            },
            {
                "url": "https://photos.zillowstatic.com/fp/d7f558cedfc5c6b4c096d0c15211489a-p_e.jpg"
            }
        ],
        "rooms": [
            {
                "roomArea": null,
                "roomAreaUnits": null
            },
            {
                "roomArea": null,
                "roomAreaUnits": null
            },
            {
                "roomArea": null,
                "roomAreaUnits": null
            }
        ]
    },
    {
        "zpid": "2080022537",
        "id": "2080022537",
        "rawHomeStatusCd": "ForSale",
        "marketingStatusSimplifiedCd": "For Sale by Agent",
        "imgSrc": "https://photos.zillowstatic.com/fp/b0cfb4db9cacba76557ae3bbb09d9757-p_e.jpg",
        "hasImage": true,
        "detailUrl": "https://www.zillow.com/homedetails/807-NW-45th-Ter-807-Fort-Lauderdale-FL-33317/2080022537_zpid/",
        "statusType": "FOR_SALE",
        "statusText": "Townhouse for sale",
        "countryCurrency": "$",
        "price": "$517,000",
        "unformattedPrice": 517000,
        "address": "807 NW 45th Ter #807, Fort Lauderdale, FL 33317",
        "addressStreet": "807 NW 45th Ter #807",
        "addressCity": "Fort Lauderdale",
        "addressState": "FL",
        "addressZipcode": "33317",
        "isUndisclosedAddress": false,
        "beds": 2,
        "baths": 3.0,
        "area": 1520,
        "latLong": {
            "latitude": 26.133137,
            "longitude": -80.21026
        },
        "isZillowOwned": false,
        "variableData": {
            "type": "OPEN_HOUSE",
            "text": "Open: Sat. 12-2pm"
        },
        "hdpData": {
            "homeInfo": {
                "zpid": 2080022537,
                "streetAddress": "807 NW 45th Ter #807",
                "zipcode": "33317",
                "city": "Fort Lauderdale",
                "state": "FL",
                "latitude": 26.133137,
                "longitude": -80.21026,
                "price": 517000.0,
                "bathrooms": 3.0,
                "bedrooms": 2.0,
                "livingArea": 1520.0,
                "homeType": "TOWNHOUSE",
                "homeStatus": "FOR_SALE",
                "daysOnZillow": 17,
                "isFeatured": false,
                "shouldHighlight": false,
                "listing_sub_type": {
                    "is_FSBA": true,
                    "is_openHouse": true
                },
                "openHouse": "Sat. 12-2pm",
                "isUnmappable": false,
                "isPreforeclosureAuction": false,
                "homeStatusForHDP": "FOR_SALE",
                "priceForHDP": 517000.0,
                "open_house_info": {
                    "open_house_showing": [
                        {
                            "open_house_start": 1706990400000,
                            "open_house_end": 1706997600000
                        },
                        {
                            "open_house_start": 1707076800000,
                            "open_house_end": 1707084000000
                        }
                    ]
                },
                "timeOnZillow": 1476869000,
                "isNonOwnerOccupied": true,
                "isPremierBuilder": false,
                "isZillowOwned": false,
                "currency": "USD",
                "country": "USA",
                "unit": "# 807",
                "lotAreaValue": 0.0,
                "lotAreaUnit": "sqft",
                "isShowcaseListing": false
            }
        },
        "isSaved": false,
        "isUserClaimingOwner": false,
        "isUserConfirmedClaim": false,
        "pgapt": "ForSale",
        "sgapt": "For Sale (Broker)",
        "shouldShowZestimateAsPrice": false,
        "has3DModel": false,
        "hasVideo": false,
        "isHomeRec": false,
        "hasAdditionalAttributions": true,
        "isFeaturedListing": false,
        "isShowcaseListing": false,
        "list": true,
        "relaxed": false,
        "info3String": "https://photos.zillowstatic.com/fp/a8b02d5ac61ac8b9a11bda64382b4f89-zillow_web_48_23.jpg",
        "brokerName": "Luxe Properties",
        "carouselPhotos": [
            {
                "url": "https://photos.zillowstatic.com/fp/b0cfb4db9cacba76557ae3bbb09d9757-p_e.jpg"
            },
            {
                "url": "https://photos.zillowstatic.com/fp/82790ef9541ddbd9c26304cf02c8345f-p_e.jpg"
            },
            {
                "url": "https://photos.zillowstatic.com/fp/4aab46ced7431af40a15698c66fecf42-p_e.jpg"
            },
            {
                "url": "https://photos.zillowstatic.com/fp/88728ce03dd4c3ca40f45a7a2673d681-p_e.jpg"
            },
            {
                "url": "https://photos.zillowstatic.com/fp/4733524b62c50ff9307ca8c6819f71bb-p_e.jpg"
            },
            {
                "url": "https://photos.zillowstatic.com/fp/4569522ad5a1cef4d896290fbca2306b-p_e.jpg"
            },
            {
                "url": "https://photos.zillowstatic.com/fp/b3e697b743c90f03354abef8abe7f50f-p_e.jpg"
            },
            {
                "url": "https://photos.zillowstatic.com/fp/2fe6a88f1840730cd358b1c5d13afe6a-p_e.jpg"
            },
            {
                "url": "https://photos.zillowstatic.com/fp/ed9bbfa54296e54ad47fee1b0c222c72-p_e.jpg"
            },
            {
                "url": "https://photos.zillowstatic.com/fp/e5c2ad045940452e879798014fb11596-p_e.jpg"
            },
            {
                "url": "https://photos.zillowstatic.com/fp/c1ac92c52c5b548da055821c26aa37ca-p_e.jpg"
            },
            {
                "url": "https://photos.zillowstatic.com/fp/4de4058d839e4bcee956bf07a0417c68-p_e.jpg"
            },
            {
                "url": "https://photos.zillowstatic.com/fp/77e01dc378eaa6e325c50ae4c418a221-p_e.jpg"
            },
            {
                "url": "https://photos.zillowstatic.com/fp/3d40afd6248f8dd39f12ba9914dcdbc1-p_e.jpg"
            },
            {
                "url": "https://photos.zillowstatic.com/fp/a5d260877053f754e0cad34818aba224-p_e.jpg"
            },
            {
                "url": "https://photos.zillowstatic.com/fp/bea32c8d59ae5499bf27bcacaf56ed15-p_e.jpg"
            },
            {
                "url": "https://photos.zillowstatic.com/fp/6e7f2c696c4cedae3fb1f2376988d0ce-p_e.jpg"
            },
            {
                "url": "https://photos.zillowstatic.com/fp/38cb02b445ee04fc0748aa30adceeb8f-p_e.jpg"
            },
            {
                "url": "https://photos.zillowstatic.com/fp/f7938c0673c8c13a0aeda5b25a67be7f-p_e.jpg"
            },
            {
                "url": "https://photos.zillowstatic.com/fp/bd32ce3ba77b4b0aaac9438fd7afb28b-p_e.jpg"
            },
            {
                "url": "https://photos.zillowstatic.com/fp/033ae5d4a05cf080abde8bca6a91d279-p_e.jpg"
            },
            {
                "url": "https://photos.zillowstatic.com/fp/1f540805b7081311bd35e3b1a62744b0-p_e.jpg"
            },
            {
                "url": "https://photos.zillowstatic.com/fp/a16bdc93a0267c0c0d1c7a1213fc1abe-p_e.jpg"
            },
            {
                "url": "https://photos.zillowstatic.com/fp/52ae40bbd6f0a9c7d94cf54e9d861d99-p_e.jpg"
            }
        ],
        "hasOpenHouse": true,
        "openHouseStartDate": "2024-02-03T12:00:00",
        "openHouseEndDate": "2024-02-03T14:00:00",
        "openHouseDescription": "Open House - 0:00 - 2:00 PM",
        "rooms": []
    },
    {
        "zpid": "43156431",
        "id": "43156431",
        "rawHomeStatusCd": "ForSale",
        "marketingStatusSimplifiedCd": "For Sale by Agent",
        "imgSrc": "https://photos.zillowstatic.com/fp/bea187b8b48beca58411b956c7882a9e-p_e.jpg",
        "hasImage": true,
        "detailUrl": "https://www.zillow.com/homedetails/6731-Cypress-Rd-APT-110-Plantation-FL-33317/43156431_zpid/",
        "statusType": "FOR_SALE",
        "statusText": "Condo for sale",
        "countryCurrency": "$",
        "price": "$167,000",
        "unformattedPrice": 167000,
        "address": "6731 Cypress Rd APT 110, Plantation, FL 33317",
        "addressStreet": "6731 Cypress Rd APT 110",
        "addressCity": "Plantation",
        "addressState": "FL",
        "addressZipcode": "33317",
        "isUndisclosedAddress": false,
        "beds": 2,
        "baths": 2.0,
        "area": 1242,
        "latLong": {
            "latitude": 26.124447,
            "longitude": -80.23799
        },
        "isZillowOwned": false,
        "variableData": {
            "type": "DAYS_ON",
            "text": "31 days on Zillow"
        },
        "hdpData": {
            "homeInfo": {
                "zpid": 43156431,
                "streetAddress": "6731 Cypress Rd APT 110",
                "zipcode": "33317",
                "city": "Plantation",
                "state": "FL",
                "latitude": 26.124447,
                "longitude": -80.23799,
                "price": 167000.0,
                "bathrooms": 2.0,
                "bedrooms": 2.0,
                "livingArea": 1242.0,
                "homeType": "CONDO",
                "homeStatus": "FOR_SALE",
                "daysOnZillow": 31,
                "isFeatured": false,
                "shouldHighlight": false,
                "listing_sub_type": {
                    "is_FSBA": true
                },
                "isUnmappable": false,
                "isPreforeclosureAuction": false,
                "homeStatusForHDP": "FOR_SALE",
                "priceForHDP": 167000.0,
                "timeOnZillow": 2686469000,
                "isNonOwnerOccupied": true,
                "isPremierBuilder": false,
                "isZillowOwned": false,
                "currency": "USD",
                "country": "USA",
                "taxAssessedValue": 126710.0,
                "unit": "Apt 110",
                "lotAreaValue": 0.0,
                "lotAreaUnit": "sqft",
                "isShowcaseListing": false
            }
        },
        "isSaved": false,
        "isUserClaimingOwner": false,
        "isUserConfirmedClaim": false,
        "pgapt": "ForSale",
        "sgapt": "For Sale (Broker)",
        "shouldShowZestimateAsPrice": false,
        "has3DModel": false,
        "hasVideo": false,
        "isHomeRec": false,
        "hasAdditionalAttributions": true,
        "isFeaturedListing": false,
        "isShowcaseListing": false,
        "list": true,
        "relaxed": false,
        "info3String": "https://photos.zillowstatic.com/fp/a8b02d5ac61ac8b9a11bda64382b4f89-zillow_web_48_23.jpg",
        "brokerName": "J C Investment Realty",
        "carouselPhotos": [
            {
                "url": "https://photos.zillowstatic.com/fp/bea187b8b48beca58411b956c7882a9e-p_e.jpg"
            },
            {
                "url": "https://photos.zillowstatic.com/fp/109f91eaa36310c3b1b4749799003291-p_e.jpg"
            },
            {
                "url": "https://photos.zillowstatic.com/fp/1a00a020fb5291d268085820bea726a4-p_e.jpg"
            },
            {
                "url": "https://photos.zillowstatic.com/fp/419dc69836c2554acb1c75283b522784-p_e.jpg"
            },
            {
                "url": "https://photos.zillowstatic.com/fp/94204e44c74e1d5ff09fa9b204cc9ead-p_e.jpg"
            },
            {
                "url": "https://photos.zillowstatic.com/fp/d37ea563f30d73639920a7b9dcae9163-p_e.jpg"
            },
            {
                "url": "https://photos.zillowstatic.com/fp/98b22e60a9d3fd9af7eb525a29212387-p_e.jpg"
            },
            {
                "url": "https://photos.zillowstatic.com/fp/9144dc49860ae15c491784a0aec59b9e-p_e.jpg"
            },
            {
                "url": "https://photos.zillowstatic.com/fp/6bf992812cb34b2f5716ef2bb981d629-p_e.jpg"
            },
            {
                "url": "https://photos.zillowstatic.com/fp/5b0385b7fcb240db8e06d957f33439f6-p_e.jpg"
            },
            {
                "url": "https://photos.zillowstatic.com/fp/8d28c8b5abf8f51652d555ded647ebf5-p_e.jpg"
            },
            {
                "url": "https://photos.zillowstatic.com/fp/cc4e685e1e360231067f377f9fa9e9bf-p_e.jpg"
            },
            {
                "url": "https://photos.zillowstatic.com/fp/b2abfabaf4046b987c6f525eff92d85b-p_e.jpg"
            },
            {
                "url": "https://photos.zillowstatic.com/fp/937fffd932262eef786c1e34de6067de-p_e.jpg"
            },
            {
                "url": "https://photos.zillowstatic.com/fp/ebf7cc040a362fbcbe5fd43fc136cc17-p_e.jpg"
            },
            {
                "url": "https://photos.zillowstatic.com/fp/91163caffa2d7b93148874cd25387828-p_e.jpg"
            },
            {
                "url": "https://photos.zillowstatic.com/fp/47aff25aa4601805721c36d500620f05-p_e.jpg"
            },
            {
                "url": "https://photos.zillowstatic.com/fp/ba0f2e6a425832b80367eeb767925ecc-p_e.jpg"
            },
            {
                "url": "https://photos.zillowstatic.com/fp/bed316bdc160e67f84bcdf5864232d9f-p_e.jpg"
            },
            {
                "url": "https://photos.zillowstatic.com/fp/20322cfa2b0dcd975ae8676cfa5dbc5c-p_e.jpg"
            },
            {
                "url": "https://photos.zillowstatic.com/fp/63d8f77d32d2f820595ca38b6a731e88-p_e.jpg"
            },
            {
                "url": "https://photos.zillowstatic.com/fp/8a4ac7835cc990f6bb8798e489012879-p_e.jpg"
            },
            {
                "url": "https://photos.zillowstatic.com/fp/fa9a684daf94f8456897159a857a5f47-p_e.jpg"
            },
            {
                "url": "https://photos.zillowstatic.com/fp/6c9b16ba0db9afbc1ac90ee315004b4b-p_e.jpg"
            },
            {
                "url": "https://photos.zillowstatic.com/fp/dcc3d15d1152d11c525bd0ebc2d841b3-p_e.jpg"
            },
            {
                "url": "https://photos.zillowstatic.com/fp/a8e81cb14d9010e35228f05d6e61482f-p_e.jpg"
            },
            {
                "url": "https://photos.zillowstatic.com/fp/623f680e87806a941db3e1cb76d96a00-p_e.jpg"
            },
            {
                "url": "https://photos.zillowstatic.com/fp/b76623ee89802c79cece938ec3d90034-p_e.jpg"
            },
            {
                "url": "https://photos.zillowstatic.com/fp/6a9cef14a90c90869aa037108e126c00-p_e.jpg"
            },
            {
                "url": "https://photos.zillowstatic.com/fp/7c331c3c1c27af38907a58230a444e61-p_e.jpg"
            }
        ],
        "rooms": []
    },
    {
        "zpid": "43166128",
        "id": "43166128",
        "rawHomeStatusCd": "ForSale",
        "marketingStatusSimplifiedCd": "For Sale by Agent",
        "imgSrc": "https://photos.zillowstatic.com/fp/36c8041399f461d8f5410d9bb3635f21-p_e.jpg",
        "hasImage": true,
        "detailUrl": "https://www.zillow.com/homedetails/7320-SW-7th-St-Plantation-FL-33317/43166128_zpid/",
        "statusType": "FOR_SALE",
        "statusText": "House for sale",
        "countryCurrency": "$",
        "price": "$825,000",
        "unformattedPrice": 825000,
        "address": "7320 SW 7th St, Plantation, FL 33317",
        "addressStreet": "7320 SW 7th St",
        "addressCity": "Plantation",
        "addressState": "FL",
        "addressZipcode": "33317",
        "isUndisclosedAddress": false,
        "beds": 4,
        "baths": 3.0,
        "area": 2200,
        "latLong": {
            "latitude": 26.11141,
            "longitude": -80.24594
        },
        "isZillowOwned": false,
        "variableData": {
            "type": "PRICE_REDUCTION",
            "text": "$24,000 (Jan 4)"
        },
        "hdpData": {
            "homeInfo": {
                "zpid": 43166128,
                "streetAddress": "7320 SW 7th St",
                "zipcode": "33317",
                "city": "Plantation",
                "state": "FL",
                "latitude": 26.11141,
                "longitude": -80.24594,
                "price": 825000.0,
                "datePriceChanged": 1704355200000,
                "bathrooms": 3.0,
                "bedrooms": 4.0,
                "livingArea": 2200.0,
                "homeType": "SINGLE_FAMILY",
                "homeStatus": "FOR_SALE",
                "daysOnZillow": 47,
                "isFeatured": false,
                "shouldHighlight": false,
                "zestimate": 791400,
                "rentZestimate": 4500,
                "listing_sub_type": {
                    "is_FSBA": true
                },
                "priceReduction": "$24,000 (Jan 4)",
                "isUnmappable": false,
                "isPreforeclosureAuction": false,
                "homeStatusForHDP": "FOR_SALE",
                "priceForHDP": 825000.0,
                "priceChange": -24000,
                "timeOnZillow": 4061294000,
                "isNonOwnerOccupied": true,
                "isPremierBuilder": false,
                "isZillowOwned": false,
                "currency": "USD",
                "country": "USA",
                "taxAssessedValue": 464510.0,
                "lotAreaValue": 0.3558310376492195,
                "lotAreaUnit": "acres",
                "isShowcaseListing": false
            }
        },
        "isSaved": false,
        "isUserClaimingOwner": false,
        "isUserConfirmedClaim": false,
        "pgapt": "ForSale",
        "sgapt": "For Sale (Broker)",
        "zestimate": 791400,
        "shouldShowZestimateAsPrice": false,
        "has3DModel": false,
        "hasVideo": false,
        "isHomeRec": false,
        "hasAdditionalAttributions": true,
        "isFeaturedListing": false,
        "isShowcaseListing": false,
        "list": true,
        "relaxed": false,
        "info2String": "Listing provided by BeachesMLS",
        "info3String": "https://photos.zillowstatic.com/fp/11470fbfca6bd246a8708da0ff0e5603-zillow_web_48_23.jpg",
        "brokerName": "United Realty Group Inc",
        "carouselPhotos": [
            {
                "url": "https://photos.zillowstatic.com/fp/36c8041399f461d8f5410d9bb3635f21-p_e.jpg"
            },
            {
                "url": "https://photos.zillowstatic.com/fp/762d6219c17d7b6444d05980383ad24a-p_e.jpg"
            },
            {
                "url": "https://photos.zillowstatic.com/fp/a5e8d7466133deec120ef63378db3931-p_e.jpg"
            },
            {
                "url": "https://photos.zillowstatic.com/fp/a9aafb292e068e0e7374cb591f694cbc-p_e.jpg"
            },
            {
                "url": "https://photos.zillowstatic.com/fp/409ea2669265943ff19bbfb8a07a96c8-p_e.jpg"
            },
            {
                "url": "https://photos.zillowstatic.com/fp/7fa633701da408a6a85b9852636aa2d9-p_e.jpg"
            },
            {
                "url": "https://photos.zillowstatic.com/fp/9507c9ca9674875ca4d3afb3747fe0fc-p_e.jpg"
            },
            {
                "url": "https://photos.zillowstatic.com/fp/51c599db99effa59a9a8006f9e8d3370-p_e.jpg"
            },
            {
                "url": "https://photos.zillowstatic.com/fp/f04313cdcd105122cc5b8f7a94c168c0-p_e.jpg"
            },
            {
                "url": "https://photos.zillowstatic.com/fp/77bcbfc54510e7fc902fd66b38408365-p_e.jpg"
            },
            {
                "url": "https://photos.zillowstatic.com/fp/612fe678b2d0da66baee86b7ea026015-p_e.jpg"
            },
            {
                "url": "https://photos.zillowstatic.com/fp/3475a1eff02714b17f6b7eb50a538ae1-p_e.jpg"
            }
        ],
        "rooms": [
            {
                "roomArea": 243.0,
                "roomAreaUnits": null
            },
            {
                "roomArea": 99.0,
                "roomAreaUnits": null
            },
            {
                "roomArea": 180.0,
                "roomAreaUnits": null
            }
        ]
    },
    {
        "zpid": "43165940",
        "id": "43165940",
        "rawHomeStatusCd": "ForSale",
        "marketingStatusSimplifiedCd": "For Sale by Agent",
        "imgSrc": "https://photos.zillowstatic.com/fp/cfe0962549e921f99cf1690f60218d66-p_e.jpg",
        "hasImage": true,
        "detailUrl": "https://www.zillow.com/homedetails/1100-SW-68th-Ave-Plantation-FL-33317/43165940_zpid/",
        "statusType": "FOR_SALE",
        "statusText": "House for sale",
        "countryCurrency": "$",
        "price": "$699,900",
        "unformattedPrice": 699900,
        "address": "1100 SW 68th Ave, Plantation, FL 33317",
        "addressStreet": "1100 SW 68th Ave",
        "addressCity": "Plantation",
        "addressState": "FL",
        "addressZipcode": "33317",
        "isUndisclosedAddress": false,
        "beds": 3,
        "baths": 2.0,
        "area": 1968,
        "latLong": {
            "latitude": 26.106419,
            "longitude": -80.23903
        },
        "isZillowOwned": false,
        "variableData": {
            "type": "3D_HOME",
            "text": "3D Tour"
        },
        "hdpData": {
            "homeInfo": {
                "zpid": 43165940,
                "streetAddress": "1100 SW 68th Ave",
                "zipcode": "33317",
                "city": "Plantation",
                "state": "FL",
                "latitude": 26.106419,
                "longitude": -80.23903,
                "price": 699900.0,
                "bathrooms": 2.0,
                "bedrooms": 3.0,
                "livingArea": 1968.0,
                "homeType": "SINGLE_FAMILY",
                "homeStatus": "FOR_SALE",
                "daysOnZillow": 59,
                "isFeatured": false,
                "shouldHighlight": false,
                "zestimate": 697500,
                "rentZestimate": 3969,
                "listing_sub_type": {
                    "is_FSBA": true
                },
                "isUnmappable": false,
                "isPreforeclosureAuction": false,
                "homeStatusForHDP": "FOR_SALE",
                "priceForHDP": 699900.0,
                "timeOnZillow": 5122610000,
                "isNonOwnerOccupied": true,
                "isPremierBuilder": false,
                "isZillowOwned": false,
                "currency": "USD",
                "country": "USA",
                "taxAssessedValue": 548150.0,
                "lotAreaValue": 0.33213957759412305,
                "lotAreaUnit": "acres",
                "isShowcaseListing": false
            }
        },
        "isSaved": false,
        "isUserClaimingOwner": false,
        "isUserConfirmedClaim": false,
        "pgapt": "ForSale",
        "sgapt": "For Sale (Broker)",
        "zestimate": 697500,
        "shouldShowZestimateAsPrice": false,
        "has3DModel": true,
        "hasVideo": false,
        "isHomeRec": false,
        "hasAdditionalAttributions": true,
        "isFeaturedListing": false,
        "isShowcaseListing": false,
        "list": true,
        "relaxed": false,
        "info2String": "Listing provided by BeachesMLS",
        "info3String": "https://photos.zillowstatic.com/fp/11470fbfca6bd246a8708da0ff0e5603-zillow_web_48_23.jpg",
        "brokerName": "KW Reserve Palm Beach",
        "carouselPhotos": [
            {
                "url": "https://photos.zillowstatic.com/fp/cfe0962549e921f99cf1690f60218d66-p_e.jpg"
            },
            {
                "url": "https://photos.zillowstatic.com/fp/793b777bf5fc39698eedc5480ba6b63e-p_e.jpg"
            },
            {
                "url": "https://photos.zillowstatic.com/fp/cf0e226d67f4e3d706e550e9c1a6b460-p_e.jpg"
            },
            {
                "url": "https://photos.zillowstatic.com/fp/bb0417ca6115d0c144512419e282444b-p_e.jpg"
            },
            {
                "url": "https://photos.zillowstatic.com/fp/3e36e192db23c413636efabb6c27be0a-p_e.jpg"
            },
            {
                "url": "https://photos.zillowstatic.com/fp/acc32fa37ea73a6e7ef5634eaba6c14f-p_e.jpg"
            },
            {
                "url": "https://photos.zillowstatic.com/fp/0e10576fafe46b7747d471e97b0412eb-p_e.jpg"
            },
            {
                "url": "https://photos.zillowstatic.com/fp/81a509f2d9cf3a2c90d015e05ad1026b-p_e.jpg"
            },
            {
                "url": "https://photos.zillowstatic.com/fp/8bf88d119e905330107c51cf43d949e8-p_e.jpg"
            },
            {
                "url": "https://photos.zillowstatic.com/fp/84a724a9bbfb4697e90a1861656283ff-p_e.jpg"
            },
            {
                "url": "https://photos.zillowstatic.com/fp/6792db8501007c347ad695b79b0f3d64-p_e.jpg"
            },
            {
                "url": "https://photos.zillowstatic.com/fp/e9f32380eab27c27154df497e40be26f-p_e.jpg"
            },
            {
                "url": "https://photos.zillowstatic.com/fp/8b6bb9a707596548a246e9aa3b888d82-p_e.jpg"
            },
            {
                "url": "https://photos.zillowstatic.com/fp/d0060b8807b76c9b64e3c6e6c03515d2-p_e.jpg"
            },
            {
                "url": "https://photos.zillowstatic.com/fp/03375e85754bd80f4ca7156f8952c7d9-p_e.jpg"
            },
            {
                "url": "https://photos.zillowstatic.com/fp/d99427ff58424bd3c8522d1c56e74e7e-p_e.jpg"
            },
            {
                "url": "https://photos.zillowstatic.com/fp/d3db694c49413e1b08f3c88b476122e2-p_e.jpg"
            },
            {
                "url": "https://photos.zillowstatic.com/fp/91eef547426ba07f69b28a6d93a92dc8-p_e.jpg"
            },
            {
                "url": "https://photos.zillowstatic.com/fp/6ab409edb69913889169b2823b2f9e4f-p_e.jpg"
            },
            {
                "url": "https://photos.zillowstatic.com/fp/d82161e0aff5856d11640b10cdeae0fc-p_e.jpg"
            },
            {
                "url": "https://photos.zillowstatic.com/fp/066524253d729d82d2dda7c1a9ad47f3-p_e.jpg"
            },
            {
                "url": "https://photos.zillowstatic.com/fp/842ad1d0a28c73fe26967c220804cb20-p_e.jpg"
            },
            {
                "url": "https://photos.zillowstatic.com/fp/26fb239cf9c0d400baf2cb9c0d7991f9-p_e.jpg"
            },
            {
                "url": "https://photos.zillowstatic.com/fp/689ec2ecad49439bc0e583b84502cf51-p_e.jpg"
            },
            {
                "url": "https://photos.zillowstatic.com/fp/738b41e3727794ab1f0f49de9d71ce55-p_e.jpg"
            },
            {
                "url": "https://photos.zillowstatic.com/fp/b09758a6166ba37903536ce9fd922c19-p_e.jpg"
            },
            {
                "url": "https://photos.zillowstatic.com/fp/8a64e52df10684ec609ea33014a778a2-p_e.jpg"
            },
            {
                "url": "https://photos.zillowstatic.com/fp/c9765577bb0c57bfd5cabca32f477e6d-p_e.jpg"
            },
            {
                "url": "https://photos.zillowstatic.com/fp/ff01734291eeeb367353263f524d8fde-p_e.jpg"
            },
            {
                "url": "https://photos.zillowstatic.com/fp/736d0e26661a9225852d7987d657770e-p_e.jpg"
            },
            {
                "url": "https://photos.zillowstatic.com/fp/f298a54e3fff2203413fd0f1a3d08df3-p_e.jpg"
            },
            {
                "url": "https://photos.zillowstatic.com/fp/e7021704c463e6b15269ea4256efb267-p_e.jpg"
            },
            {
                "url": "https://photos.zillowstatic.com/fp/59455c4e36ffded7c685ad7ca3de4ca2-p_e.jpg"
            },
            {
                "url": "https://photos.zillowstatic.com/fp/6a620d341d2e31d63885365f2ab1d8d5-p_e.jpg"
            },
            {
                "url": "https://photos.zillowstatic.com/fp/83b86835914856ceda1eb36ab4966d96-p_e.jpg"
            },
            {
                "url": "https://photos.zillowstatic.com/fp/60a314245031f9cdf3108a09d6b32891-p_e.jpg"
            },
            {
                "url": "https://photos.zillowstatic.com/fp/0f9c2773c5307203c03c1a56db3fd7e3-p_e.jpg"
            },
            {
                "url": "https://photos.zillowstatic.com/fp/52e463973bc156f903d81d4eedcccf3d-p_e.jpg"
            },
            {
                "url": "https://photos.zillowstatic.com/fp/8425fcb3d46252f8c0b9b7d6c704692a-p_e.jpg"
            },
            {
                "url": "https://photos.zillowstatic.com/fp/433b0d5ba3fade29ee3eda5505db2a76-p_e.jpg"
            },
            {
                "url": "https://photos.zillowstatic.com/fp/872761fd8a5eb41368ef3d6b2216cf31-p_e.jpg"
            },
            {
                "url": "https://photos.zillowstatic.com/fp/0b146acca865dc5ba2b7fa9ba06685d1-p_e.jpg"
            },
            {
                "url": "https://photos.zillowstatic.com/fp/58c2e4749c3e064f44329c925ef3e813-p_e.jpg"
            },
            {
                "url": "https://photos.zillowstatic.com/fp/4a609cb2d87d46eff5376e665e1fdfec-p_e.jpg"
            },
            {
                "url": "https://photos.zillowstatic.com/fp/4a5b89fa1051169a4fdfc84a88ab348c-p_e.jpg"
            },
            {
                "url": "https://photos.zillowstatic.com/fp/a135993e1aa4d47bf1f1862e4f6def8a-p_e.jpg"
            },
            {
                "url": "https://photos.zillowstatic.com/fp/1acb49af5327e68873cd35f36532d3e4-p_e.jpg"
            },
            {
                "url": "https://photos.zillowstatic.com/fp/085375b65d93e989b70bdc18a3bce30f-p_e.jpg"
            },
            {
                "url": "https://photos.zillowstatic.com/fp/6146e901890904d86488b7666e82e2b5-p_e.jpg"
            }
        ],
        "rooms": [
            {
                "roomArea": 166.75,
                "roomAreaUnits": null
            },
            {
                "roomArea": 456.0,
                "roomAreaUnits": null
            },
            {
                "roomArea": 600.0,
                "roomAreaUnits": null
            }
        ]
    },
    {
        "zpid": "43157519",
        "id": "43157519",
        "rawHomeStatusCd": "ForSale",
        "marketingStatusSimplifiedCd": "For Sale by Agent",
        "imgSrc": "https://photos.zillowstatic.com/fp/3c5a936844e430835a0ea36583376b6e-p_e.jpg",
        "hasImage": true,
        "detailUrl": "https://www.zillow.com/homedetails/6500-Cypress-Rd-APT-410-Fort-Lauderdale-FL-33317/43157519_zpid/",
        "statusType": "FOR_SALE",
        "statusText": "Condo for sale",
        "countryCurrency": "$",
        "price": "$165,000",
        "unformattedPrice": 165000,
        "address": "6500 Cypress Rd APT 410, Fort Lauderdale, FL 33317",
        "addressStreet": "6500 Cypress Rd APT 410",
        "addressCity": "Fort Lauderdale",
        "addressState": "FL",
        "addressZipcode": "33317",
        "isUndisclosedAddress": false,
        "beds": 1,
        "baths": 2.0,
        "area": 680,
        "latLong": {
            "latitude": 26.12271,
            "longitude": -80.235794
        },
        "isZillowOwned": false,
        "variableData": {
            "type": "DAYS_ON",
            "text": "70 days on Zillow"
        },
        "hdpData": {
            "homeInfo": {
                "zpid": 43157519,
                "streetAddress": "6500 Cypress Rd APT 410",
                "zipcode": "33317",
                "city": "Fort Lauderdale",
                "state": "FL",
                "latitude": 26.12271,
                "longitude": -80.235794,
                "price": 165000.0,
                "bathrooms": 2.0,
                "bedrooms": 1.0,
                "livingArea": 680.0,
                "homeType": "CONDO",
                "homeStatus": "FOR_SALE",
                "daysOnZillow": 70,
                "isFeatured": false,
                "shouldHighlight": false,
                "zestimate": 156100,
                "rentZestimate": 1650,
                "listing_sub_type": {
                    "is_FSBA": true
                },
                "isUnmappable": false,
                "isPreforeclosureAuction": false,
                "homeStatusForHDP": "FOR_SALE",
                "priceForHDP": 165000.0,
                "timeOnZillow": 6056069000,
                "isNonOwnerOccupied": true,
                "isPremierBuilder": false,
                "isZillowOwned": false,
                "currency": "USD",
                "country": "USA",
                "taxAssessedValue": 101240.0,
                "unit": "Apt 410",
                "lotAreaValue": 0.0,
                "lotAreaUnit": "sqft",
                "isShowcaseListing": false
            }
        },
        "isSaved": false,
        "isUserClaimingOwner": false,
        "isUserConfirmedClaim": false,
        "pgapt": "ForSale",
        "sgapt": "For Sale (Broker)",
        "zestimate": 156100,
        "shouldShowZestimateAsPrice": false,
        "has3DModel": false,
        "hasVideo": false,
        "isHomeRec": false,
        "hasAdditionalAttributions": true,
        "isFeaturedListing": false,
        "isShowcaseListing": false,
        "list": true,
        "relaxed": false,
        "info3String": "https://photos.zillowstatic.com/fp/a8b02d5ac61ac8b9a11bda64382b4f89-zillow_web_48_23.jpg",
        "brokerName": "Willard Realty Team Corp",
        "carouselPhotos": [
            {
                "url": "https://photos.zillowstatic.com/fp/3c5a936844e430835a0ea36583376b6e-p_e.jpg"
            },
            {
                "url": "https://photos.zillowstatic.com/fp/7910a2184b89b1b3d732f5bb0fd548bf-p_e.jpg"
            },
            {
                "url": "https://photos.zillowstatic.com/fp/f03158fb60b240c42c90bb32b65059cd-p_e.jpg"
            },
            {
                "url": "https://photos.zillowstatic.com/fp/227f38d6c3c0e37affadca93313876bc-p_e.jpg"
            },
            {
                "url": "https://photos.zillowstatic.com/fp/62fdeeaefae69b828673cb81d49732a3-p_e.jpg"
            },
            {
                "url": "https://photos.zillowstatic.com/fp/7a5295452b76eafdf3392d2d73284917-p_e.jpg"
            },
            {
                "url": "https://photos.zillowstatic.com/fp/13f9badb2b40cea88622f10d42ba4d88-p_e.jpg"
            },
            {
                "url": "https://photos.zillowstatic.com/fp/0847dc4e186f19406c86e9495d5cacdb-p_e.jpg"
            },
            {
                "url": "https://photos.zillowstatic.com/fp/883139dd5a839c9ed9ddc209aee49b1a-p_e.jpg"
            },
            {
                "url": "https://photos.zillowstatic.com/fp/cf2553e7a2442076d19a62eb154df546-p_e.jpg"
            },
            {
                "url": "https://photos.zillowstatic.com/fp/ee9b59dab65b64651a2ae1276901bd6c-p_e.jpg"
            },
            {
                "url": "https://photos.zillowstatic.com/fp/e8668880c4701a8ada06fa33e3f21582-p_e.jpg"
            },
            {
                "url": "https://photos.zillowstatic.com/fp/759410243c857f818003d3f0b7aa338b-p_e.jpg"
            },
            {
                "url": "https://photos.zillowstatic.com/fp/3ff07f909293c8f779d9e8c7699d452c-p_e.jpg"
            },
            {
                "url": "https://photos.zillowstatic.com/fp/e687e74c1d45326a07ad434cb183ea4b-p_e.jpg"
            },
            {
                "url": "https://photos.zillowstatic.com/fp/699d5a3857f59688d06e04bef4635a73-p_e.jpg"
            },
            {
                "url": "https://photos.zillowstatic.com/fp/b8c8f7e0564a795839cdd632ac90d551-p_e.jpg"
            },
            {
                "url": "https://photos.zillowstatic.com/fp/dbdd31c8e876a81f468e9eed0309be20-p_e.jpg"
            },
            {
                "url": "https://photos.zillowstatic.com/fp/8322d9c27fdeb22db075a0e53d9713a7-p_e.jpg"
            },
            {
                "url": "https://photos.zillowstatic.com/fp/8cdb2e1c0d7e6e53961c16e16b28d9fe-p_e.jpg"
            },
            {
                "url": "https://photos.zillowstatic.com/fp/ac9c4d263ba31a4f9058bb23cc753329-p_e.jpg"
            },
            {
                "url": "https://photos.zillowstatic.com/fp/df7a0a7039ae9638408f2ffddbea7f48-p_e.jpg"
            },
            {
                "url": "https://photos.zillowstatic.com/fp/99eb27d0cdca9643babff12cc0b0969e-p_e.jpg"
            },
            {
                "url": "https://photos.zillowstatic.com/fp/f46ebba692883342f2f72aabff62797e-p_e.jpg"
            }
        ],
        "rooms": []
    },
    {
        "zpid": "43170913",
        "id": "43170913",
        "rawHomeStatusCd": "ForSale",
        "marketingStatusSimplifiedCd": "For Sale by Agent",
        "imgSrc": "https://photos.zillowstatic.com/fp/72126446e15a6c1521902723e1bc0e18-p_e.jpg",
        "hasImage": true,
        "detailUrl": "https://www.zillow.com/homedetails/7070-SW-20th-St-Plantation-FL-33317/43170913_zpid/",
        "statusType": "FOR_SALE",
        "statusText": "House for sale",
        "countryCurrency": "$",
        "price": "$765,000",
        "unformattedPrice": 765000,
        "address": "7070 SW 20th St, Plantation, FL 33317",
        "addressStreet": "7070 SW 20th St",
        "addressCity": "Plantation",
        "addressState": "FL",
        "addressZipcode": "33317",
        "isUndisclosedAddress": false,
        "beds": 4,
        "baths": 2.0,
        "area": 2191,
        "latLong": {
            "latitude": 26.098406,
            "longitude": -80.24223
        },
        "isZillowOwned": false,
        "variableData": {
            "type": "PRICE_REDUCTION",
            "text": "$20,000 (Jan 22)"
        },
        "hdpData": {
            "homeInfo": {
                "zpid": 43170913,
                "streetAddress": "7070 SW 20th St",
                "zipcode": "33317",
                "city": "Plantation",
                "state": "FL",
                "latitude": 26.098406,
                "longitude": -80.24223,
                "price": 765000.0,
                "datePriceChanged": 1705910400000,
                "bathrooms": 2.0,
                "bedrooms": 4.0,
                "livingArea": 2191.0,
                "homeType": "SINGLE_FAMILY",
                "homeStatus": "FOR_SALE",
                "daysOnZillow": 72,
                "isFeatured": false,
                "shouldHighlight": false,
                "zestimate": 731800,
                "rentZestimate": 3499,
                "listing_sub_type": {
                    "is_FSBA": true
                },
                "priceReduction": "$20,000 (Jan 22)",
                "isUnmappable": false,
                "isPreforeclosureAuction": false,
                "homeStatusForHDP": "FOR_SALE",
                "priceForHDP": 765000.0,
                "priceChange": -20000,
                "timeOnZillow": 6244618000,
                "isNonOwnerOccupied": true,
                "isPremierBuilder": false,
                "isZillowOwned": false,
                "currency": "USD",
                "country": "USA",
                "taxAssessedValue": 529310.0,
                "lotAreaValue": 0.0,
                "lotAreaUnit": "sqft",
                "isShowcaseListing": false
            }
        },
        "isSaved": false,
        "isUserClaimingOwner": false,
        "isUserConfirmedClaim": false,
        "pgapt": "ForSale",
        "sgapt": "For Sale (Broker)",
        "zestimate": 731800,
        "shouldShowZestimateAsPrice": false,
        "has3DModel": false,
        "hasVideo": false,
        "isHomeRec": false,
        "hasAdditionalAttributions": true,
        "isFeaturedListing": false,
        "isShowcaseListing": false,
        "list": true,
        "relaxed": false,
        "info2String": "Listing provided by BeachesMLS",
        "info3String": "https://photos.zillowstatic.com/fp/11470fbfca6bd246a8708da0ff0e5603-zillow_web_48_23.jpg",
        "brokerName": "KW Innovations",
        "carouselPhotos": [
            {
                "url": "https://photos.zillowstatic.com/fp/72126446e15a6c1521902723e1bc0e18-p_e.jpg"
            },
            {
                "url": "https://photos.zillowstatic.com/fp/dfaa4e094d2bea8b1dd9be06d03b0f1a-p_e.jpg"
            },
            {
                "url": "https://photos.zillowstatic.com/fp/03544910d29585ac3110c8f3f8c270e6-p_e.jpg"
            },
            {
                "url": "https://photos.zillowstatic.com/fp/d6bb61122ac025e70a6b2720512b8cbc-p_e.jpg"
            },
            {
                "url": "https://photos.zillowstatic.com/fp/1584c526afc70aef9be87b2a6eb35ad5-p_e.jpg"
            },
            {
                "url": "https://photos.zillowstatic.com/fp/46bf90cb60c813bb533f6fab8139ba86-p_e.jpg"
            },
            {
                "url": "https://photos.zillowstatic.com/fp/c29546d1acf77b81174942ec35d27b6a-p_e.jpg"
            },
            {
                "url": "https://photos.zillowstatic.com/fp/16e2ea2eba9ea4ed1ca0ba0bf5cdebce-p_e.jpg"
            },
            {
                "url": "https://photos.zillowstatic.com/fp/ad8df63435eb39774f979038cd8ce3a1-p_e.jpg"
            },
            {
                "url": "https://photos.zillowstatic.com/fp/3e4816268da72844c5f43efbada7461f-p_e.jpg"
            },
            {
                "url": "https://photos.zillowstatic.com/fp/eab837a0acf88f4cfc63d6e4d6b12c64-p_e.jpg"
            },
            {
                "url": "https://photos.zillowstatic.com/fp/43d2b46733665b576a8c652a74cea880-p_e.jpg"
            },
            {
                "url": "https://photos.zillowstatic.com/fp/dc97c133189fbf5116c9b76bbb366a02-p_e.jpg"
            },
            {
                "url": "https://photos.zillowstatic.com/fp/ab4898be02d57bc5b2528ca3b4482298-p_e.jpg"
            },
            {
                "url": "https://photos.zillowstatic.com/fp/6937850d252823d7449910af3e522a6a-p_e.jpg"
            },
            {
                "url": "https://photos.zillowstatic.com/fp/11ab391d8dab16e8c1d4bf93f1dce552-p_e.jpg"
            },
            {
                "url": "https://photos.zillowstatic.com/fp/ff3a1d6c176dc613a6b64a0ae369cf37-p_e.jpg"
            },
            {
                "url": "https://photos.zillowstatic.com/fp/410d27900a9138ac2909e03929f53703-p_e.jpg"
            },
            {
                "url": "https://photos.zillowstatic.com/fp/d79e8d29fd1ff0e7949089dd3d0b729c-p_e.jpg"
            },
            {
                "url": "https://photos.zillowstatic.com/fp/89d11cc4d33ca4d755d3676c64279b5a-p_e.jpg"
            },
            {
                "url": "https://photos.zillowstatic.com/fp/b1895e36ae06cfeb86e53b91b49128a1-p_e.jpg"
            },
            {
                "url": "https://photos.zillowstatic.com/fp/eb9af62ab8d0ecf9f4fa691715ab2217-p_e.jpg"
            },
            {
                "url": "https://photos.zillowstatic.com/fp/8f8e993aec5d42c9923999290e7fed83-p_e.jpg"
            },
            {
                "url": "https://photos.zillowstatic.com/fp/32b64909d65de4e09d2540c837bcf0c9-p_e.jpg"
            },
            {
                "url": "https://photos.zillowstatic.com/fp/3f6265ca7e34289c37b2e1210f9ce6aa-p_e.jpg"
            },
            {
                "url": "https://photos.zillowstatic.com/fp/344c8545bb5248a48c1d0b6ba0207263-p_e.jpg"
            },
            {
                "url": "https://photos.zillowstatic.com/fp/774d986e79555d658e0f1414ab39c500-p_e.jpg"
            },
            {
                "url": "https://photos.zillowstatic.com/fp/371cbcebb5bd3573b68658400098150a-p_e.jpg"
            },
            {
                "url": "https://photos.zillowstatic.com/fp/a8f3909a17b73f0e4be34c4a6cc2a8ac-p_e.jpg"
            },
            {
                "url": "https://photos.zillowstatic.com/fp/a9825224eab3d08e46a304bd87f16746-p_e.jpg"
            },
            {
                "url": "https://photos.zillowstatic.com/fp/49f6849c31a96d2527138e0be2f95551-p_e.jpg"
            },
            {
                "url": "https://photos.zillowstatic.com/fp/985226b159ab062f5b31f5434d587410-p_e.jpg"
            },
            {
                "url": "https://photos.zillowstatic.com/fp/cbede28a992aaf6471c232883d1e6fc4-p_e.jpg"
            },
            {
                "url": "https://photos.zillowstatic.com/fp/e19234004bf903a0c0618af5854e8712-p_e.jpg"
            },
            {
                "url": "https://photos.zillowstatic.com/fp/5e9d2b121d69183ade076d4e966f1d99-p_e.jpg"
            },
            {
                "url": "https://photos.zillowstatic.com/fp/7e0ab3524d22ea5e53622fd1bb3a97be-p_e.jpg"
            },
            {
                "url": "https://photos.zillowstatic.com/fp/8607c2070437bf885bdf2f0f46eb07d4-p_e.jpg"
            },
            {
                "url": "https://photos.zillowstatic.com/fp/f2a26b15289ce886caae4744ff948ad9-p_e.jpg"
            },
            {
                "url": "https://photos.zillowstatic.com/fp/b325ddcf581f887a1f8303e4b1d2c413-p_e.jpg"
            },
            {
                "url": "https://photos.zillowstatic.com/fp/cee458c48df8cd0016b56efb8de6cd82-p_e.jpg"
            },
            {
                "url": "https://photos.zillowstatic.com/fp/d479a7c22c1e8cc48e3dc5e73a198227-p_e.jpg"
            }
        ],
        "rooms": [
            {
                "roomArea": 196.0,
                "roomAreaUnits": null
            },
            {
                "roomArea": 168.0,
                "roomAreaUnits": null
            },
            {
                "roomArea": 182.0,
                "roomAreaUnits": null
            }
        ]
    },
    {
        "zpid": "43167772",
        "id": "43167772",
        "rawHomeStatusCd": "ForSale",
        "marketingStatusSimplifiedCd": "For Sale by Agent",
        "imgSrc": "https://photos.zillowstatic.com/fp/1e0cbf61308db9070f8c11f0f9822dde-p_e.jpg",
        "hasImage": true,
        "detailUrl": "https://www.zillow.com/homedetails/4181-SW-6th-St-Plantation-FL-33317/43167772_zpid/",
        "statusType": "FOR_SALE",
        "statusText": "House for sale",
        "countryCurrency": "$",
        "price": "$739,900",
        "unformattedPrice": 739900,
        "address": "4181 SW 6th St, Plantation, FL 33317",
        "addressStreet": "4181 SW 6th St",
        "addressCity": "Plantation",
        "addressState": "FL",
        "addressZipcode": "33317",
        "isUndisclosedAddress": false,
        "beds": 3,
        "baths": 3.0,
        "area": 1962,
        "latLong": {
            "latitude": 26.114532,
            "longitude": -80.203804
        },
        "isZillowOwned": false,
        "variableData": {
            "type": "DAYS_ON",
            "text": "129 days on Zillow"
        },
        "hdpData": {
            "homeInfo": {
                "zpid": 43167772,
                "streetAddress": "4181 SW 6th St",
                "zipcode": "33317",
                "city": "Plantation",
                "state": "FL",
                "latitude": 26.114532,
                "longitude": -80.203804,
                "price": 739900.0,
                "bathrooms": 3.0,
                "bedrooms": 3.0,
                "livingArea": 1962.0,
                "homeType": "SINGLE_FAMILY",
                "homeStatus": "FOR_SALE",
                "daysOnZillow": 129,
                "isFeatured": false,
                "shouldHighlight": false,
                "listing_sub_type": {
                    "is_FSBA": true
                },
                "isUnmappable": false,
                "isPreforeclosureAuction": false,
                "homeStatusForHDP": "FOR_SALE",
                "priceForHDP": 739900.0,
                "timeOnZillow": 11160924000,
                "isNonOwnerOccupied": true,
                "isPremierBuilder": false,
                "isZillowOwned": false,
                "currency": "USD",
                "country": "USA",
                "taxAssessedValue": 367980.0,
                "lotAreaValue": 0.3609044995408632,
                "lotAreaUnit": "acres",
                "isShowcaseListing": false
            }
        },
        "isSaved": false,
        "isUserClaimingOwner": false,
        "isUserConfirmedClaim": false,
        "pgapt": "ForSale",
        "sgapt": "For Sale (Broker)",
        "shouldShowZestimateAsPrice": false,
        "has3DModel": false,
        "hasVideo": false,
        "isHomeRec": false,
        "hasAdditionalAttributions": true,
        "isFeaturedListing": false,
        "isShowcaseListing": false,
        "list": true,
        "relaxed": false,
        "info2String": "Listing provided by BeachesMLS",
        "info3String": "https://photos.zillowstatic.com/fp/11470fbfca6bd246a8708da0ff0e5603-zillow_web_48_23.jpg",
        "brokerName": "Florida Homes Realty & Mortgage",
        "carouselPhotos": [
            {
                "url": "https://photos.zillowstatic.com/fp/1e0cbf61308db9070f8c11f0f9822dde-p_e.jpg"
            },
            {
                "url": "https://photos.zillowstatic.com/fp/94272f20e8995dad599824df6e9334b2-p_e.jpg"
            },
            {
                "url": "https://photos.zillowstatic.com/fp/fa79e75c7819445490c1c512dc75b4e7-p_e.jpg"
            },
            {
                "url": "https://photos.zillowstatic.com/fp/aa18b5145b3611bd2b06c362b8160cf3-p_e.jpg"
            },
            {
                "url": "https://photos.zillowstatic.com/fp/75c7e3fcc6648c861d1ca2a741ca056f-p_e.jpg"
            },
            {
                "url": "https://photos.zillowstatic.com/fp/5ac36492f169e435f91eb36d8d5d2908-p_e.jpg"
            },
            {
                "url": "https://photos.zillowstatic.com/fp/73329f072b45718b7eb67bb5312c9171-p_e.jpg"
            },
            {
                "url": "https://photos.zillowstatic.com/fp/ea45a4ce3b81381fbdf2747effb83d7e-p_e.jpg"
            },
            {
                "url": "https://photos.zillowstatic.com/fp/711d49e2e284c63861987dd99102104c-p_e.jpg"
            },
            {
                "url": "https://photos.zillowstatic.com/fp/5ae7eb8eb1a0383117826e7d65104726-p_e.jpg"
            },
            {
                "url": "https://photos.zillowstatic.com/fp/c4b48352db2c9159bb977447e8060390-p_e.jpg"
            },
            {
                "url": "https://photos.zillowstatic.com/fp/20bb4d8a71a0a9c83c8619deaa47aeb9-p_e.jpg"
            },
            {
                "url": "https://photos.zillowstatic.com/fp/1349bf93673bb02e07082a5b6927817a-p_e.jpg"
            },
            {
                "url": "https://photos.zillowstatic.com/fp/8d39698d9e27f531e1e0817afbc4b993-p_e.jpg"
            },
            {
                "url": "https://photos.zillowstatic.com/fp/1aa9e06f488ad97ad6f229aad1987104-p_e.jpg"
            },
            {
                "url": "https://photos.zillowstatic.com/fp/a5cdfcd14f11d97e6d5802f87a8c418a-p_e.jpg"
            },
            {
                "url": "https://photos.zillowstatic.com/fp/7e7550d46b170df02bc95da543fb34a5-p_e.jpg"
            },
            {
                "url": "https://photos.zillowstatic.com/fp/bb4cd99d409b25346c58e3249a547b06-p_e.jpg"
            },
            {
                "url": "https://photos.zillowstatic.com/fp/6dd39e31a8974aea12dd453d7f7b6f01-p_e.jpg"
            },
            {
                "url": "https://photos.zillowstatic.com/fp/90eda15cc7c934402c78bb7b497c819f-p_e.jpg"
            },
            {
                "url": "https://photos.zillowstatic.com/fp/86b5a11554446b0d8b7e1506b67e1349-p_e.jpg"
            },
            {
                "url": "https://photos.zillowstatic.com/fp/14ea11114fe0c56f358d96383cc4722a-p_e.jpg"
            },
            {
                "url": "https://photos.zillowstatic.com/fp/6d8a523cf0ae6a40d95bf189f9849bae-p_e.jpg"
            },
            {
                "url": "https://photos.zillowstatic.com/fp/68b11a6a3f264a1e48d66b27641f658b-p_e.jpg"
            },
            {
                "url": "https://photos.zillowstatic.com/fp/65c256140eae21f997dde45c9a9f951b-p_e.jpg"
            },
            {
                "url": "https://photos.zillowstatic.com/fp/dfbd9fc41448197ea8e19d298a640bfc-p_e.jpg"
            },
            {
                "url": "https://photos.zillowstatic.com/fp/77d12cabd4d82a683ad4f70feeef3fad-p_e.jpg"
            },
            {
                "url": "https://photos.zillowstatic.com/fp/af4b15130e3ed83ff044d21e91c2b16b-p_e.jpg"
            },
            {
                "url": "https://photos.zillowstatic.com/fp/a10c7e757d18b051a74a37782f6cd0ff-p_e.jpg"
            },
            {
                "url": "https://photos.zillowstatic.com/fp/cd1ac6db5d8b6a616c0bd2963201032b-p_e.jpg"
            },
            {
                "url": "https://photos.zillowstatic.com/fp/c6330343ea8ef667ec24454b969fdeac-p_e.jpg"
            },
            {
                "url": "https://photos.zillowstatic.com/fp/c5e9970008c32944ec87f2de60abf2d7-p_e.jpg"
            },
            {
                "url": "https://photos.zillowstatic.com/fp/e7c02450c24a1f1a2a85ff5986887f63-p_e.jpg"
            },
            {
                "url": "https://photos.zillowstatic.com/fp/48558a1f8f739f09afa8cd5b261e7c36-p_e.jpg"
            },
            {
                "url": "https://photos.zillowstatic.com/fp/a8f996b4b694771225e0eda81054accf-p_e.jpg"
            },
            {
                "url": "https://photos.zillowstatic.com/fp/814cd8e95edcdfafb517883df800dbd9-p_e.jpg"
            },
            {
                "url": "https://photos.zillowstatic.com/fp/cfd9fbd4430b3579590bb99e912bbea3-p_e.jpg"
            },
            {
                "url": "https://photos.zillowstatic.com/fp/1c4a661e36a3c041b386a291d9db4ecd-p_e.jpg"
            },
            {
                "url": "https://photos.zillowstatic.com/fp/0f83e5e01ec29477b2aaabe8bdad020a-p_e.jpg"
            },
            {
                "url": "https://photos.zillowstatic.com/fp/f7e67ae77391520a9b73c09b9a17de3c-p_e.jpg"
            },
            {
                "url": "https://photos.zillowstatic.com/fp/dc83e267a32f66321fe6e6b400355a37-p_e.jpg"
            },
            {
                "url": "https://photos.zillowstatic.com/fp/d4e3957e74fba49ed97d9f3ce7027168-p_e.jpg"
            },
            {
                "url": "https://photos.zillowstatic.com/fp/418d06e8084899753c5c4c9270624ecc-p_e.jpg"
            },
            {
                "url": "https://photos.zillowstatic.com/fp/35d262694f9244ab483faafb59f91b4c-p_e.jpg"
            },
            {
                "url": "https://photos.zillowstatic.com/fp/11c250aabc61b9e38acbef2cd0830fd9-p_e.jpg"
            },
            {
                "url": "https://photos.zillowstatic.com/fp/bd8c706c3807f1ccda38bf8b494ea600-p_e.jpg"
            },
            {
                "url": "https://photos.zillowstatic.com/fp/ef7956b957b6c87756460bcebf091f2e-p_e.jpg"
            },
            {
                "url": "https://photos.zillowstatic.com/fp/ca7a61aff910cfc2437da8cfb71ee68d-p_e.jpg"
            },
            {
                "url": "https://photos.zillowstatic.com/fp/bd604817b1026804ae9fdfbc04fb0b6b-p_e.jpg"
            },
            {
                "url": "https://photos.zillowstatic.com/fp/3ef4d4bd21df39d02be8b5e2bdf5bfe0-p_e.jpg"
            },
            {
                "url": "https://photos.zillowstatic.com/fp/872a4c766333c7c330898f30b8f2017f-p_e.jpg"
            },
            {
                "url": "https://photos.zillowstatic.com/fp/0dd857939d9d81f1cd6e3392e2db5ee8-p_e.jpg"
            }
        ],
        "rooms": [
            {
                "roomArea": 224.0,
                "roomAreaUnits": null
            },
            {
                "roomArea": 224.0,
                "roomAreaUnits": null
            },
            {
                "roomArea": 144.0,
                "roomAreaUnits": null
            },
            {
                "roomArea": 96.0,
                "roomAreaUnits": null
            },
            {
                "roomArea": 110.0,
                "roomAreaUnits": null
            },
            {
                "roomArea": 120.0,
                "roomAreaUnits": null
            }
        ]
    },
    {
        "zpid": "43180762",
        "id": "43180762",
        "rawHomeStatusCd": "ForSale",
        "marketingStatusSimplifiedCd": "For Sale by Agent",
        "imgSrc": "https://photos.zillowstatic.com/fp/b346f154cba5f710c363be4598adf6c2-p_e.jpg",
        "hasImage": true,
        "detailUrl": "https://www.zillow.com/homedetails/2361-SW-70th-Ave-47-Davie-FL-33317/43180762_zpid/",
        "statusType": "FOR_SALE",
        "statusText": "Condo for sale",
        "countryCurrency": "$",
        "price": "$370,000",
        "unformattedPrice": 370000,
        "address": "2361 SW 70th Ave #47, Davie, FL 33317",
        "addressStreet": "2361 SW 70th Ave #47",
        "addressCity": "Davie",
        "addressState": "FL",
        "addressZipcode": "33317",
        "isUndisclosedAddress": false,
        "beds": 2,
        "baths": 2.0,
        "area": 1112,
        "latLong": {
            "latitude": 26.088858,
            "longitude": -80.23993
        },
        "isZillowOwned": false,
        "variableData": {
            "type": "DAYS_ON",
            "text": "143 days on Zillow"
        },
        "hdpData": {
            "homeInfo": {
                "zpid": 43180762,
                "streetAddress": "2361 SW 70th Ave #47",
                "zipcode": "33317",
                "city": "Davie",
                "state": "FL",
                "latitude": 26.088858,
                "longitude": -80.23993,
                "price": 370000.0,
                "bathrooms": 2.0,
                "bedrooms": 2.0,
                "livingArea": 1112.0,
                "homeType": "CONDO",
                "homeStatus": "FOR_SALE",
                "daysOnZillow": 143,
                "isFeatured": false,
                "shouldHighlight": false,
                "listing_sub_type": {
                    "is_FSBA": true
                },
                "isUnmappable": false,
                "isPreforeclosureAuction": false,
                "homeStatusForHDP": "FOR_SALE",
                "priceForHDP": 370000.0,
                "timeOnZillow": 12363269000,
                "isNonOwnerOccupied": true,
                "isPremierBuilder": false,
                "isZillowOwned": false,
                "currency": "USD",
                "country": "USA",
                "taxAssessedValue": 186340.0,
                "unit": "# 47",
                "lotAreaValue": 0.0,
                "lotAreaUnit": "sqft",
                "isShowcaseListing": false
            }
        },
        "isSaved": false,
        "isUserClaimingOwner": false,
        "isUserConfirmedClaim": false,
        "pgapt": "ForSale",
        "sgapt": "For Sale (Broker)",
        "shouldShowZestimateAsPrice": false,
        "has3DModel": false,
        "hasVideo": false,
        "isHomeRec": false,
        "hasAdditionalAttributions": true,
        "isFeaturedListing": false,
        "isShowcaseListing": false,
        "list": true,
        "relaxed": false,
        "info3String": "https://photos.zillowstatic.com/fp/a8b02d5ac61ac8b9a11bda64382b4f89-zillow_web_48_23.jpg",
        "brokerName": "The Keyes Company",
        "carouselPhotos": [
            {
                "url": "https://photos.zillowstatic.com/fp/b346f154cba5f710c363be4598adf6c2-p_e.jpg"
            },
            {
                "url": "https://photos.zillowstatic.com/fp/cb86f12a3e6826077d1a56757d89b745-p_e.jpg"
            },
            {
                "url": "https://photos.zillowstatic.com/fp/fb4ba93891a8099ee25690fdaac158ed-p_e.jpg"
            },
            {
                "url": "https://photos.zillowstatic.com/fp/4f448c36f295785bbf26eb86d82063ab-p_e.jpg"
            },
            {
                "url": "https://photos.zillowstatic.com/fp/bb204a0711d320331313c12bcf4dc826-p_e.jpg"
            },
            {
                "url": "https://photos.zillowstatic.com/fp/df05c2d6283500b595fe2539dd6d3bb3-p_e.jpg"
            },
            {
                "url": "https://photos.zillowstatic.com/fp/2915706b48ea3e7af2f570db40c4d58f-p_e.jpg"
            },
            {
                "url": "https://photos.zillowstatic.com/fp/0b80257d9702f305af31f51fb1a6dfb9-p_e.jpg"
            },
            {
                "url": "https://photos.zillowstatic.com/fp/d07deba296fa0523200fa80f5fd46d3f-p_e.jpg"
            },
            {
                "url": "https://photos.zillowstatic.com/fp/a5a76f9f27491aba320c5339a23a6554-p_e.jpg"
            },
            {
                "url": "https://photos.zillowstatic.com/fp/7467ef6c3dbaf324860e7fe1a36ed4df-p_e.jpg"
            },
            {
                "url": "https://photos.zillowstatic.com/fp/611cd49d5cdf03a922f98db54ec003a4-p_e.jpg"
            },
            {
                "url": "https://photos.zillowstatic.com/fp/9b360a9ec199f577ed15a4beb5d09569-p_e.jpg"
            },
            {
                "url": "https://photos.zillowstatic.com/fp/bb9968fb9116cfc48ab0cbb18a498ecf-p_e.jpg"
            },
            {
                "url": "https://photos.zillowstatic.com/fp/998096088fdfb3d53137dfd17bc4435d-p_e.jpg"
            },
            {
                "url": "https://photos.zillowstatic.com/fp/d6b84a94478ee27c2196692adc425f26-p_e.jpg"
            },
            {
                "url": "https://photos.zillowstatic.com/fp/c3dbf684ff7e659d563cd2cd385dd27f-p_e.jpg"
            },
            {
                "url": "https://photos.zillowstatic.com/fp/4c9ecde8308e2a30c52cf020675b1bac-p_e.jpg"
            },
            {
                "url": "https://photos.zillowstatic.com/fp/ea14574ccd24a953e62274392a00abb3-p_e.jpg"
            },
            {
                "url": "https://photos.zillowstatic.com/fp/725b961d69a4afc3ebf73840a535f248-p_e.jpg"
            },
            {
                "url": "https://photos.zillowstatic.com/fp/a7b75aaf449c8b119e179d9882bf6ae3-p_e.jpg"
            },
            {
                "url": "https://photos.zillowstatic.com/fp/1248306eec2c815bcd666208485a4941-p_e.jpg"
            },
            {
                "url": "https://photos.zillowstatic.com/fp/36af2669cc746f6f163604b10e3effd9-p_e.jpg"
            },
            {
                "url": "https://photos.zillowstatic.com/fp/93b7e704ba6f746dd9732aebd4e840da-p_e.jpg"
            }
        ],
        "rooms": []
    }
]