{
    "user_info": {
        "isLoggedIn": false,
        "hasHousingConnectorPermission": false,
        "savedHomesCount": 0,
        "personalizedSearchTraceID": "8a16bf08636b05558701dadfcb67d6cb",
        "guid": "16455798-f5ce-465e-aef2-6697780016e9",
        "zuid": "",
        "isBot": false,
        "email": "",
        "displayName": ""
    },
    "map_state": {
        "customRegionPolygonWkt": null,
        "schoolPolygonWkt": null,
        "isCurrentLocationSearch": false,
        "userPosition": {
            "lat": null,
            "lon": null
        }
    },
    "region_state": {
        "regionInfo": [
            {
                "regionId": 72536,
                "regionType": 7,
                "regionName": "33317",
                "displayName": "Davie FL 33317",
                "isPointRegion": false
            }
        ],
        "regionBounds": {
            "north": 26.137502,
            "south": 26.077876,
            "east": -80.200729,
            "west": -80.252545
        }
    },
    "search_page_seo": {
        "baseUrl": "/davie-fl-33317/",
        "windowTitle": "33317 Real Estate - 33317 Homes For Sale | Zillow",
        "metaDescription": "Zillow has 12 homes for sale in 33317. View listing photos, review sales history, and use our detailed real estate filters to find the perfect place."
    },
    "request_id": 4
}