{
    "user_info": {
        "isLoggedIn": false,
        "hasHousingConnectorPermission": false,
        "savedHomesCount": 0,
        "personalizedSearchTraceID": "6ad85ddf356be68c17df7ec17f76aabd",
        "guid": "85957936-cf26-4524-a04d-4b035a01ec48",
        "zuid": "",
        "isBot": false,
        "email": "",
        "displayName": ""
    },
    "map_state": {
        "customRegionPolygonWkt": null,
        "schoolPolygonWkt": null,
        "isCurrentLocationSearch": false,
        "userPosition": {
            "lat": null,
            "lon": null
        }
    },
    "region_state": {
        "regionInfo": [
            {
                "regionId": 72492,
                "regionType": 7,
                "regionName": "33190",
                "displayName": "Miami FL 33190",
                "isPointRegion": false
            }
        ],
        "regionBounds": {
            "north": 25.57012,
            "south": 25.541445,
            "east": -80.328225,
            "west": -80.363421
        }
    },
    "search_page_seo": {
        "baseUrl": "/miami-fl-33190/",
        "windowTitle": "33190 Real Estate - 33190 Homes For Sale | Zillow",
        "metaDescription": "Zillow has 40 homes for sale in 33190. View listing photos, review sales history, and use our detailed real estate filters to find the perfect place."
    },
    "request_id": 4
}