{
    "user_info": {
        "isLoggedIn": false,
        "hasHousingConnectorPermission": false,
        "savedHomesCount": 0,
        "personalizedSearchTraceID": "41289dc9a9ee1ac643e71b7a5ead2e00",
        "guid": "ff9e2e03-3015-4925-b505-5f09494e0b95",
        "zuid": "",
        "isBot": false,
        "email": "",
        "displayName": ""
    },
    "map_state": {
        "customRegionPolygonWkt": null,
        "schoolPolygonWkt": null,
        "isCurrentLocationSearch": false,
        "userPosition": {
            "lat": null,
            "lon": null
        }
    },
    "region_state": {
        "regionInfo": [
            {
                "regionId": 72521,
                "regionType": 7,
                "regionName": "33302",
                "displayName": "Fort Lauderdale FL 33302",
                "isPointRegion": true
            }
        ],
        "regionBounds": {
            "north": 26.155315,
            "south": 26.119085,
            "east": -80.10488500000001,
            "west": -80.141115
        }
    },
    "search_page_seo": {
        "baseUrl": "/fort-lauderdale-fl-33302/",
        "windowTitle": "33302 Real Estate - 33302 Homes For Sale | Zillow",
        "metaDescription": "Zillow has 222 homes for sale in 33302. View listing photos, review sales history, and use our detailed real estate filters to find the perfect place."
    },
    "request_id": 4
}