{
    "data": {
        "property": {
            "homeValueChartData": [
                {
                    "points": [
                        {
                            "x": 1685516400000,
                            "y": 1400500
                        },
                        {
                            "x": 1688108400000,
                            "y": 1422000
                        },
                        {
                            "x": 1690786800000,
                            "y": 1420500
                        },
                        {
                            "x": 1693465200000,
                            "y": 1417400
                        },
                        {
                            "x": 1696057200000,
                            "y": 1419200
                        },
                        {
                            "x": 1698735600000,
                            "y": 1415000
                        },
                        {
                            "x": 1701331200000,
                            "y": 1413400
                        },
                        {
                            "x": 1704009600000,
                            "y": 1415800
                        },
                        {
                            "x": 1706688000000,
                            "y": 1413800
                        },
                        {
                            "x": 1707206400000,
                            "y": 1410500
                        }
                    ],
                    "name": "This home"
                }
            ]
        }
    }
}