{
    "data": {
        "property": {
            "homeValueChartData": [
                {
                    "points": [
                        {
                            "x": 1393574400000,
                            "y": 115344
                        },
                        {
                            "x": 1396249200000,
                            "y": 115689
                        },
                        {
                            "x": 1398841200000,
                            "y": 110703
                        },
                        {
                            "x": 1401519600000,
                            "y": 107913
                        },
                        {
                            "x": 1404111600000,
                            "y": 111519
                        },
                        {
                            "x": 1406790000000,
                            "y": 119845
                        },
                        {
                            "x": 1409468400000,
                            "y": 122742
                        },
                        {
                            "x": 1412060400000,
                            "y": 127499
                        },
                        {
                            "x": 1414738800000,
                            "y": 148431
                        },
                        {
                            "x": 1417334400000,
                            "y": 153367
                        },
                        {
                            "x": 1420012800000,
                            "y": 156306
                        },
                        {
                            "x": 1422691200000,
                            "y": 152742
                        },
                        {
                            "x": 1425110400000,
                            "y": 153488
                        },
                        {
                            "x": 1427785200000,
                            "y": 150838
                        },
                        {
                            "x": 1430377200000,
                            "y": 152645
                        },
                        {
                            "x": 1433055600000,
                            "y": 152288
                        },
                        {
                            "x": 1435647600000,
                            "y": 149014
                        },
                        {
                            "x": 1438326000000,
                            "y": 146403
                        },
                        {
                            "x": 1441004400000,
                            "y": 144310
                        },
                        {
                            "x": 1443596400000,
                            "y": 146116
                        },
                        {
                            "x": 1446274800000,
                            "y": 151886
                        },
                        {
                            "x": 1448870400000,
                            "y": 152993
                        },
                        {
                            "x": 1451548800000,
                            "y": 147752
                        },
                        {
                            "x": 1454227200000,
                            "y": 156983
                        },
                        {
                            "x": 1456732800000,
                            "y": 158041
                        },
                        {
                            "x": 1459407600000,
                            "y": 159912
                        },
                        {
                            "x": 1461999600000,
                            "y": 164992
                        },
                        {
                            "x": 1464678000000,
                            "y": 162385
                        },
                        {
                            "x": 1467270000000,
                            "y": 165831
                        },
                        {
                            "x": 1469948400000,
                            "y": 165479
                        },
                        {
                            "x": 1472626800000,
                            "y": 166452
                        },
                        {
                            "x": 1475218800000,
                            "y": 172679
                        },
                        {
                            "x": 1477897200000,
                            "y": 172482
                        },
                        {
                            "x": 1480492800000,
                            "y": 178434
                        },
                        {
                            "x": 1483171200000,
                            "y": 182717
                        },
                        {
                            "x": 1485849600000,
                            "y": 179912
                        },
                        {
                            "x": 1488268800000,
                            "y": 183003
                        },
                        {
                            "x": 1490943600000,
                            "y": 181232
                        },
                        {
                            "x": 1493535600000,
                            "y": 186227
                        },
                        {
                            "x": 1496214000000,
                            "y": 185149
                        },
                        {
                            "x": 1498806000000,
                            "y": 184230
                        },
                        {
                            "x": 1501484400000,
                            "y": 181051
                        },
                        {
                            "x": 1504162800000,
                            "y": 189121
                        },
                        {
                            "x": 1506754800000,
                            "y": 186325
                        },
                        {
                            "x": 1509433200000,
                            "y": 187791
                        },
                        {
                            "x": 1512028800000,
                            "y": 189877
                        },
                        {
                            "x": 1514707200000,
                            "y": 188637
                        },
                        {
                            "x": 1517385600000,
                            "y": 190824
                        },
                        {
                            "x": 1519804800000,
                            "y": 187065
                        },
                        {
                            "x": 1522479600000,
                            "y": 190072
                        },
                        {
                            "x": 1525071600000,
                            "y": 190392
                        },
                        {
                            "x": 1527750000000,
                            "y": 186829
                        },
                        {
                            "x": 1530342000000,
                            "y": 186551
                        },
                        {
                            "x": 1533020400000,
                            "y": 191045
                        },
                        {
                            "x": 1535698800000,
                            "y": 190718
                        },
                        {
                            "x": 1538290800000,
                            "y": 191918
                        },
                        {
                            "x": 1540969200000,
                            "y": 191796
                        },
                        {
                            "x": 1543564800000,
                            "y": 195875
                        },
                        {
                            "x": 1546243200000,
                            "y": 199275
                        },
                        {
                            "x": 1548921600000,
                            "y": 195238
                        },
                        {
                            "x": 1551340800000,
                            "y": 203245
                        },
                        {
                            "x": 1554015600000,
                            "y": 201673
                        },
                        {
                            "x": 1556607600000,
                            "y": 216572
                        },
                        {
                            "x": 1559286000000,
                            "y": 205805
                        },
                        {
                            "x": 1561878000000,
                            "y": 206036
                        },
                        {
                            "x": 1564556400000,
                            "y": 216082
                        },
                        {
                            "x": 1567234800000,
                            "y": 214710
                        },
                        {
                            "x": 1569826800000,
                            "y": 214217
                        },
                        {
                            "x": 1572505200000,
                            "y": 209492
                        },
                        {
                            "x": 1575100800000,
                            "y": 214318
                        },
                        {
                            "x": 1577779200000,
                            "y": 226402
                        },
                        {
                            "x": 1580457600000,
                            "y": 214848
                        },
                        {
                            "x": 1582963200000,
                            "y": 215426
                        },
                        {
                            "x": 1585638000000,
                            "y": 222725
                        },
                        {
                            "x": 1588230000000,
                            "y": 217945
                        },
                        {
                            "x": 1590908400000,
                            "y": 215352
                        },
                        {
                            "x": 1593500400000,
                            "y": 214140
                        },
                        {
                            "x": 1596178800000,
                            "y": 211913
                        },
                        {
                            "x": 1598857200000,
                            "y": 211209
                        },
                        {
                            "x": 1601449200000,
                            "y": 215615
                        },
                        {
                            "x": 1604127600000,
                            "y": 216411
                        },
                        {
                            "x": 1606723200000,
                            "y": 216271
                        },
                        {
                            "x": 1609401600000,
                            "y": 218858
                        },
                        {
                            "x": 1612080000000,
                            "y": 223875
                        },
                        {
                            "x": 1614499200000,
                            "y": 226098
                        },
                        {
                            "x": 1617174000000,
                            "y": 233671
                        },
                        {
                            "x": 1619766000000,
                            "y": 232845
                        },
                        {
                            "x": 1622444400000,
                            "y": 235401
                        },
                        {
                            "x": 1625036400000,
                            "y": 225300
                        },
                        {
                            "x": 1627714800000,
                            "y": 222700
                        },
                        {
                            "x": 1630393200000,
                            "y": 220500
                        },
                        {
                            "x": 1632985200000,
                            "y": 223400
                        },
                        {
                            "x": 1635663600000,
                            "y": 225600
                        },
                        {
                            "x": 1638259200000,
                            "y": 228300
                        },
                        {
                            "x": 1640937600000,
                            "y": 231300
                        },
                        {
                            "x": 1643616000000,
                            "y": 232900
                        },
                        {
                            "x": 1646035200000,
                            "y": 235700
                        },
                        {
                            "x": 1648710000000,
                            "y": 248900
                        },
                        {
                            "x": 1651302000000,
                            "y": 253900
                        },
                        {
                            "x": 1653980400000,
                            "y": 259000
                        },
                        {
                            "x": 1656572400000,
                            "y": 263600
                        },
                        {
                            "x": 1659250800000,
                            "y": 267100
                        },
                        {
                            "x": 1661929200000,
                            "y": 269900
                        },
                        {
                            "x": 1664521200000,
                            "y": 272800
                        },
                        {
                            "x": 1667199600000,
                            "y": 274500
                        },
                        {
                            "x": 1669795200000,
                            "y": 274400
                        },
                        {
                            "x": 1672473600000,
                            "y": 275500
                        },
                        {
                            "x": 1675152000000,
                            "y": 275000
                        },
                        {
                            "x": 1677571200000,
                            "y": 278700
                        },
                        {
                            "x": 1680246000000,
                            "y": 285600
                        },
                        {
                            "x": 1682838000000,
                            "y": 288400
                        },
                        {
                            "x": 1685516400000,
                            "y": 293300
                        },
                        {
                            "x": 1688108400000,
                            "y": 302700
                        },
                        {
                            "x": 1690786800000,
                            "y": 299300
                        },
                        {
                            "x": 1693465200000,
                            "y": 303000
                        },
                        {
                            "x": 1696057200000,
                            "y": 309100
                        },
                        {
                            "x": 1698735600000,
                            "y": 309500
                        },
                        {
                            "x": 1701331200000,
                            "y": 310600
                        },
                        {
                            "x": 1704009600000,
                            "y": 306900
                        },
                        {
                            "x": 1706688000000,
                            "y": 304100
                        },
                        {
                            "x": 1707379200000,
                            "y": 295700
                        }
                    ],
                    "name": "This home"
                }
            ]
        }
    }
}