{
    "data": {
        "property": {
            "homeValueChartData": [
                {
                    "points": [
                        {
                            "x": 1393574400000,
                            "y": 163520
                        },
                        {
                            "x": 1396249200000,
                            "y": 160698
                        },
                        {
                            "x": 1398841200000,
                            "y": 166248
                        },
                        {
                            "x": 1401519600000,
                            "y": 162889
                        },
                        {
                            "x": 1404111600000,
                            "y": 172305
                        },
                        {
                            "x": 1406790000000,
                            "y": 172045
                        },
                        {
                            "x": 1409468400000,
                            "y": 168170
                        },
                        {
                            "x": 1412060400000,
                            "y": 168805
                        },
                        {
                            "x": 1414738800000,
                            "y": 171181
                        },
                        {
                            "x": 1417334400000,
                            "y": 167346
                        },
                        {
                            "x": 1420012800000,
                            "y": 168316
                        },
                        {
                            "x": 1422691200000,
                            "y": 164751
                        },
                        {
                            "x": 1425110400000,
                            "y": 172193
                        },
                        {
                            "x": 1427785200000,
                            "y": 178019
                        },
                        {
                            "x": 1430377200000,
                            "y": 181513
                        },
                        {
                            "x": 1433055600000,
                            "y": 176607
                        },
                        {
                            "x": 1435647600000,
                            "y": 177327
                        },
                        {
                            "x": 1438326000000,
                            "y": 182469
                        },
                        {
                            "x": 1441004400000,
                            "y": 183308
                        },
                        {
                            "x": 1443596400000,
                            "y": 188732
                        },
                        {
                            "x": 1446274800000,
                            "y": 179985
                        },
                        {
                            "x": 1448870400000,
                            "y": 180677
                        },
                        {
                            "x": 1451548800000,
                            "y": 179312
                        },
                        {
                            "x": 1454227200000,
                            "y": 194374
                        },
                        {
                            "x": 1456732800000,
                            "y": 185906
                        },
                        {
                            "x": 1459407600000,
                            "y": 194611
                        },
                        {
                            "x": 1461999600000,
                            "y": 194272
                        },
                        {
                            "x": 1464678000000,
                            "y": 195534
                        },
                        {
                            "x": 1467270000000,
                            "y": 194380
                        },
                        {
                            "x": 1469948400000,
                            "y": 190603
                        },
                        {
                            "x": 1472626800000,
                            "y": 193176
                        },
                        {
                            "x": 1475218800000,
                            "y": 192531
                        },
                        {
                            "x": 1477897200000,
                            "y": 192726
                        },
                        {
                            "x": 1480492800000,
                            "y": 195052
                        },
                        {
                            "x": 1483171200000,
                            "y": 194848
                        },
                        {
                            "x": 1485849600000,
                            "y": 216124
                        },
                        {
                            "x": 1488268800000,
                            "y": 209652
                        },
                        {
                            "x": 1490943600000,
                            "y": 214818
                        },
                        {
                            "x": 1493535600000,
                            "y": 218485
                        },
                        {
                            "x": 1496214000000,
                            "y": 209832
                        },
                        {
                            "x": 1498806000000,
                            "y": 216527
                        },
                        {
                            "x": 1501484400000,
                            "y": 215148
                        },
                        {
                            "x": 1504162800000,
                            "y": 215028
                        },
                        {
                            "x": 1506754800000,
                            "y": 219672
                        },
                        {
                            "x": 1509433200000,
                            "y": 218009
                        },
                        {
                            "x": 1512028800000,
                            "y": 214465
                        },
                        {
                            "x": 1514707200000,
                            "y": 224186
                        },
                        {
                            "x": 1517385600000,
                            "y": 218686
                        },
                        {
                            "x": 1519804800000,
                            "y": 218249
                        },
                        {
                            "x": 1522479600000,
                            "y": 218080
                        },
                        {
                            "x": 1525071600000,
                            "y": 217035
                        },
                        {
                            "x": 1527750000000,
                            "y": 221786
                        },
                        {
                            "x": 1530342000000,
                            "y": 217842
                        },
                        {
                            "x": 1533020400000,
                            "y": 231871
                        },
                        {
                            "x": 1535698800000,
                            "y": 226287
                        },
                        {
                            "x": 1538290800000,
                            "y": 231516
                        },
                        {
                            "x": 1540969200000,
                            "y": 242243
                        },
                        {
                            "x": 1543564800000,
                            "y": 242869
                        },
                        {
                            "x": 1546243200000,
                            "y": 243027
                        },
                        {
                            "x": 1548921600000,
                            "y": 238613
                        },
                        {
                            "x": 1551340800000,
                            "y": 233044
                        },
                        {
                            "x": 1554015600000,
                            "y": 243330
                        },
                        {
                            "x": 1556607600000,
                            "y": 241944
                        },
                        {
                            "x": 1559286000000,
                            "y": 237940
                        },
                        {
                            "x": 1561878000000,
                            "y": 235221
                        },
                        {
                            "x": 1564556400000,
                            "y": 236171
                        },
                        {
                            "x": 1567234800000,
                            "y": 238077
                        },
                        {
                            "x": 1569826800000,
                            "y": 239013
                        },
                        {
                            "x": 1572505200000,
                            "y": 242573
                        },
                        {
                            "x": 1575100800000,
                            "y": 243678
                        },
                        {
                            "x": 1577779200000,
                            "y": 243885
                        },
                        {
                            "x": 1580457600000,
                            "y": 244194
                        },
                        {
                            "x": 1582963200000,
                            "y": 247172
                        },
                        {
                            "x": 1585638000000,
                            "y": 249148
                        },
                        {
                            "x": 1588230000000,
                            "y": 253476
                        },
                        {
                            "x": 1590908400000,
                            "y": 207512
                        },
                        {
                            "x": 1593500400000,
                            "y": 208250
                        },
                        {
                            "x": 1596178800000,
                            "y": 206770
                        },
                        {
                            "x": 1598857200000,
                            "y": 208622
                        },
                        {
                            "x": 1601449200000,
                            "y": 211437
                        },
                        {
                            "x": 1604127600000,
                            "y": 213409
                        },
                        {
                            "x": 1606723200000,
                            "y": 213487
                        },
                        {
                            "x": 1609401600000,
                            "y": 217981
                        },
                        {
                            "x": 1612080000000,
                            "y": 221914
                        },
                        {
                            "x": 1614499200000,
                            "y": 220759
                        },
                        {
                            "x": 1617174000000,
                            "y": 226232
                        },
                        {
                            "x": 1619766000000,
                            "y": 229541
                        },
                        {
                            "x": 1622444400000,
                            "y": 235224
                        },
                        {
                            "x": 1625036400000,
                            "y": 235600
                        },
                        {
                            "x": 1627714800000,
                            "y": 237400
                        },
                        {
                            "x": 1630393200000,
                            "y": 237800
                        },
                        {
                            "x": 1632985200000,
                            "y": 242300
                        },
                        {
                            "x": 1635663600000,
                            "y": 245400
                        },
                        {
                            "x": 1638259200000,
                            "y": 247900
                        },
                        {
                            "x": 1640937600000,
                            "y": 251500
                        },
                        {
                            "x": 1643616000000,
                            "y": 251700
                        },
                        {
                            "x": 1646035200000,
                            "y": 254600
                        },
                        {
                            "x": 1648710000000,
                            "y": 271900
                        },
                        {
                            "x": 1651302000000,
                            "y": 294000
                        },
                        {
                            "x": 1653980400000,
                            "y": 336200
                        },
                        {
                            "x": 1656572400000,
                            "y": 345100
                        },
                        {
                            "x": 1659250800000,
                            "y": 353700
                        },
                        {
                            "x": 1661929200000,
                            "y": 359200
                        },
                        {
                            "x": 1664521200000,
                            "y": 361600
                        },
                        {
                            "x": 1667199600000,
                            "y": 364300
                        },
                        {
                            "x": 1669795200000,
                            "y": 368600
                        },
                        {
                            "x": 1672473600000,
                            "y": 366300
                        },
                        {
                            "x": 1675152000000,
                            "y": 374300
                        },
                        {
                            "x": 1677571200000,
                            "y": 377400
                        },
                        {
                            "x": 1680246000000,
                            "y": 383600
                        },
                        {
                            "x": 1682838000000,
                            "y": 380200
                        },
                        {
                            "x": 1685516400000,
                            "y": 380900
                        },
                        {
                            "x": 1688108400000,
                            "y": 372400
                        },
                        {
                            "x": 1690786800000,
                            "y": 381500
                        },
                        {
                            "x": 1693465200000,
                            "y": 380300
                        },
                        {
                            "x": 1696057200000,
                            "y": 379300
                        },
                        {
                            "x": 1698735600000,
                            "y": 382000
                        },
                        {
                            "x": 1701331200000,
                            "y": 380400
                        },
                        {
                            "x": 1704009600000,
                            "y": 373700
                        },
                        {
                            "x": 1706688000000,
                            "y": 378000
                        },
                        {
                            "x": 1707379200000,
                            "y": 369600
                        }
                    ],
                    "name": "This home"
                },
                {
                    "points": [
                        {
                            "x": 1651561200000,
                            "y": 330000
                        }
                    ],
                    "name": "Sale"
                }
            ]
        }
    }
}