{
    "data": {
        "property": {
            "homeValueChartData": [
                {
                    "points": [
                        {
                            "x": 1393574400000,
                            "y": 70609
                        },
                        {
                            "x": 1396249200000,
                            "y": 71137
                        },
                        {
                            "x": 1398841200000,
                            "y": 70509
                        },
                        {
                            "x": 1401519600000,
                            "y": 70423
                        },
                        {
                            "x": 1404111600000,
                            "y": 71475
                        },
                        {
                            "x": 1406790000000,
                            "y": 72472
                        },
                        {
                            "x": 1409468400000,
                            "y": 76852
                        },
                        {
                            "x": 1412060400000,
                            "y": 79358
                        },
                        {
                            "x": 1414738800000,
                            "y": 78075
                        },
                        {
                            "x": 1417334400000,
                            "y": 76827
                        },
                        {
                            "x": 1420012800000,
                            "y": 82301
                        },
                        {
                            "x": 1422691200000,
                            "y": 81582
                        },
                        {
                            "x": 1425110400000,
                            "y": 78934
                        },
                        {
                            "x": 1427785200000,
                            "y": 80830
                        },
                        {
                            "x": 1430377200000,
                            "y": 78067
                        },
                        {
                            "x": 1433055600000,
                            "y": 80796
                        },
                        {
                            "x": 1435647600000,
                            "y": 78310
                        },
                        {
                            "x": 1438326000000,
                            "y": 78448
                        },
                        {
                            "x": 1441004400000,
                            "y": 68574
                        },
                        {
                            "x": 1443596400000,
                            "y": 67897
                        },
                        {
                            "x": 1446274800000,
                            "y": 76501
                        },
                        {
                            "x": 1448870400000,
                            "y": 79473
                        },
                        {
                            "x": 1451548800000,
                            "y": 82364
                        },
                        {
                            "x": 1454227200000,
                            "y": 71868
                        },
                        {
                            "x": 1456732800000,
                            "y": 82957
                        },
                        {
                            "x": 1459407600000,
                            "y": 84708
                        },
                        {
                            "x": 1461999600000,
                            "y": 87711
                        },
                        {
                            "x": 1464678000000,
                            "y": 92050
                        },
                        {
                            "x": 1467270000000,
                            "y": 92715
                        },
                        {
                            "x": 1469948400000,
                            "y": 93417
                        },
                        {
                            "x": 1472626800000,
                            "y": 93720
                        },
                        {
                            "x": 1475218800000,
                            "y": 93705
                        },
                        {
                            "x": 1477897200000,
                            "y": 97106
                        },
                        {
                            "x": 1480492800000,
                            "y": 98079
                        },
                        {
                            "x": 1483171200000,
                            "y": 99438
                        },
                        {
                            "x": 1485849600000,
                            "y": 100623
                        },
                        {
                            "x": 1488268800000,
                            "y": 101087
                        },
                        {
                            "x": 1490943600000,
                            "y": 100527
                        },
                        {
                            "x": 1493535600000,
                            "y": 105600
                        },
                        {
                            "x": 1496214000000,
                            "y": 103368
                        },
                        {
                            "x": 1498806000000,
                            "y": 102566
                        },
                        {
                            "x": 1501484400000,
                            "y": 108620
                        },
                        {
                            "x": 1504162800000,
                            "y": 106284
                        },
                        {
                            "x": 1506754800000,
                            "y": 119259
                        },
                        {
                            "x": 1509433200000,
                            "y": 117961
                        },
                        {
                            "x": 1512028800000,
                            "y": 121034
                        },
                        {
                            "x": 1514707200000,
                            "y": 119125
                        },
                        {
                            "x": 1517385600000,
                            "y": 114489
                        },
                        {
                            "x": 1519804800000,
                            "y": 129214
                        },
                        {
                            "x": 1522479600000,
                            "y": 129806
                        },
                        {
                            "x": 1525071600000,
                            "y": 130279
                        },
                        {
                            "x": 1527750000000,
                            "y": 130059
                        },
                        {
                            "x": 1530342000000,
                            "y": 130244
                        },
                        {
                            "x": 1533020400000,
                            "y": 128030
                        },
                        {
                            "x": 1535698800000,
                            "y": 118215
                        },
                        {
                            "x": 1538290800000,
                            "y": 109522
                        },
                        {
                            "x": 1540969200000,
                            "y": 116458
                        },
                        {
                            "x": 1543564800000,
                            "y": 120003
                        },
                        {
                            "x": 1546243200000,
                            "y": 116793
                        },
                        {
                            "x": 1548921600000,
                            "y": 119888
                        },
                        {
                            "x": 1551340800000,
                            "y": 119799
                        },
                        {
                            "x": 1554015600000,
                            "y": 120791
                        },
                        {
                            "x": 1556607600000,
                            "y": 121267
                        },
                        {
                            "x": 1559286000000,
                            "y": 121390
                        },
                        {
                            "x": 1561878000000,
                            "y": 122773
                        },
                        {
                            "x": 1564556400000,
                            "y": 122776
                        },
                        {
                            "x": 1567234800000,
                            "y": 116283
                        },
                        {
                            "x": 1569826800000,
                            "y": 107362
                        },
                        {
                            "x": 1572505200000,
                            "y": 118589
                        },
                        {
                            "x": 1575100800000,
                            "y": 119260
                        },
                        {
                            "x": 1577779200000,
                            "y": 116999
                        },
                        {
                            "x": 1580457600000,
                            "y": 117391
                        },
                        {
                            "x": 1582963200000,
                            "y": 118771
                        },
                        {
                            "x": 1585638000000,
                            "y": 119137
                        },
                        {
                            "x": 1588230000000,
                            "y": 120584
                        },
                        {
                            "x": 1590908400000,
                            "y": 125979
                        },
                        {
                            "x": 1593500400000,
                            "y": 125011
                        },
                        {
                            "x": 1596178800000,
                            "y": 126651
                        },
                        {
                            "x": 1598857200000,
                            "y": 126156
                        },
                        {
                            "x": 1677571200000,
                            "y": 173600
                        },
                        {
                            "x": 1680246000000,
                            "y": 177800
                        },
                        {
                            "x": 1682838000000,
                            "y": 179400
                        },
                        {
                            "x": 1685516400000,
                            "y": 181900
                        },
                        {
                            "x": 1688108400000,
                            "y": 187600
                        },
                        {
                            "x": 1690786800000,
                            "y": 190100
                        },
                        {
                            "x": 1693465200000,
                            "y": 190000
                        },
                        {
                            "x": 1696057200000,
                            "y": 192000
                        },
                        {
                            "x": 1698735600000,
                            "y": 194100
                        },
                        {
                            "x": 1701331200000,
                            "y": 191300
                        },
                        {
                            "x": 1704009600000,
                            "y": 212600
                        },
                        {
                            "x": 1706688000000,
                            "y": 213500
                        },
                        {
                            "x": 1707292800000,
                            "y": 204600
                        }
                    ],
                    "name": "This home"
                },
                {
                    "points": [
                        {
                            "x": 1464246000000,
                            "y": 90000
                        }
                    ],
                    "name": "Sale"
                }
            ]
        }
    }
}