{
    "data": {
        "property": {
            "homeValueChartData": [
                {
                    "points": [
                        {
                            "x": 1393574400000,
                            "y": 85531
                        },
                        {
                            "x": 1396249200000,
                            "y": 76779
                        },
                        {
                            "x": 1398841200000,
                            "y": 75863
                        },
                        {
                            "x": 1401519600000,
                            "y": 74556
                        },
                        {
                            "x": 1404111600000,
                            "y": 74163
                        },
                        {
                            "x": 1406790000000,
                            "y": 74438
                        },
                        {
                            "x": 1409468400000,
                            "y": 74475
                        },
                        {
                            "x": 1412060400000,
                            "y": 79342
                        },
                        {
                            "x": 1414738800000,
                            "y": 79854
                        },
                        {
                            "x": 1417334400000,
                            "y": 76740
                        },
                        {
                            "x": 1420012800000,
                            "y": 83686
                        },
                        {
                            "x": 1422691200000,
                            "y": 83432
                        },
                        {
                            "x": 1425110400000,
                            "y": 83105
                        },
                        {
                            "x": 1427785200000,
                            "y": 85961
                        },
                        {
                            "x": 1430377200000,
                            "y": 87611
                        },
                        {
                            "x": 1433055600000,
                            "y": 86552
                        },
                        {
                            "x": 1435647600000,
                            "y": 88039
                        },
                        {
                            "x": 1438326000000,
                            "y": 85664
                        },
                        {
                            "x": 1441004400000,
                            "y": 81757
                        },
                        {
                            "x": 1443596400000,
                            "y": 77353
                        },
                        {
                            "x": 1446274800000,
                            "y": 84002
                        },
                        {
                            "x": 1448870400000,
                            "y": 83734
                        },
                        {
                            "x": 1451548800000,
                            "y": 86006
                        },
                        {
                            "x": 1454227200000,
                            "y": 86784
                        },
                        {
                            "x": 1456732800000,
                            "y": 87040
                        },
                        {
                            "x": 1459407600000,
                            "y": 90487
                        },
                        {
                            "x": 1461999600000,
                            "y": 93258
                        },
                        {
                            "x": 1464678000000,
                            "y": 98373
                        },
                        {
                            "x": 1467270000000,
                            "y": 96049
                        },
                        {
                            "x": 1469948400000,
                            "y": 99510
                        },
                        {
                            "x": 1472626800000,
                            "y": 99798
                        },
                        {
                            "x": 1475218800000,
                            "y": 107275
                        },
                        {
                            "x": 1477897200000,
                            "y": 103261
                        },
                        {
                            "x": 1480492800000,
                            "y": 97021
                        },
                        {
                            "x": 1483171200000,
                            "y": 99884
                        },
                        {
                            "x": 1485849600000,
                            "y": 101526
                        },
                        {
                            "x": 1488268800000,
                            "y": 107584
                        },
                        {
                            "x": 1490943600000,
                            "y": 107580
                        },
                        {
                            "x": 1493535600000,
                            "y": 105680
                        },
                        {
                            "x": 1496214000000,
                            "y": 105850
                        },
                        {
                            "x": 1498806000000,
                            "y": 106116
                        },
                        {
                            "x": 1501484400000,
                            "y": 108662
                        },
                        {
                            "x": 1504162800000,
                            "y": 106284
                        },
                        {
                            "x": 1506754800000,
                            "y": 111449
                        },
                        {
                            "x": 1509433200000,
                            "y": 121537
                        },
                        {
                            "x": 1512028800000,
                            "y": 114893
                        },
                        {
                            "x": 1514707200000,
                            "y": 126188
                        },
                        {
                            "x": 1517385600000,
                            "y": 126890
                        },
                        {
                            "x": 1519804800000,
                            "y": 129214
                        },
                        {
                            "x": 1522479600000,
                            "y": 128207
                        },
                        {
                            "x": 1525071600000,
                            "y": 129887
                        },
                        {
                            "x": 1527750000000,
                            "y": 134219
                        },
                        {
                            "x": 1530342000000,
                            "y": 132400
                        },
                        {
                            "x": 1533020400000,
                            "y": 132063
                        },
                        {
                            "x": 1535698800000,
                            "y": 131924
                        },
                        {
                            "x": 1538290800000,
                            "y": 131400
                        },
                        {
                            "x": 1540969200000,
                            "y": 135904
                        },
                        {
                            "x": 1543564800000,
                            "y": 133408
                        },
                        {
                            "x": 1546243200000,
                            "y": 132633
                        },
                        {
                            "x": 1548921600000,
                            "y": 132250
                        },
                        {
                            "x": 1551340800000,
                            "y": 132633
                        },
                        {
                            "x": 1554015600000,
                            "y": 127084
                        },
                        {
                            "x": 1556607600000,
                            "y": 128769
                        },
                        {
                            "x": 1559286000000,
                            "y": 129479
                        },
                        {
                            "x": 1561878000000,
                            "y": 127509
                        },
                        {
                            "x": 1564556400000,
                            "y": 130912
                        },
                        {
                            "x": 1567234800000,
                            "y": 130116
                        },
                        {
                            "x": 1569826800000,
                            "y": 129976
                        },
                        {
                            "x": 1572505200000,
                            "y": 130712
                        },
                        {
                            "x": 1575100800000,
                            "y": 131893
                        },
                        {
                            "x": 1577779200000,
                            "y": 132974
                        },
                        {
                            "x": 1580457600000,
                            "y": 131707
                        },
                        {
                            "x": 1582963200000,
                            "y": 134250
                        },
                        {
                            "x": 1585638000000,
                            "y": 137614
                        },
                        {
                            "x": 1588230000000,
                            "y": 136370
                        },
                        {
                            "x": 1590908400000,
                            "y": 144802
                        },
                        {
                            "x": 1593500400000,
                            "y": 138055
                        },
                        {
                            "x": 1596178800000,
                            "y": 139203
                        },
                        {
                            "x": 1598857200000,
                            "y": 142459
                        },
                        {
                            "x": 1601449200000,
                            "y": 143209
                        },
                        {
                            "x": 1604127600000,
                            "y": 141331
                        },
                        {
                            "x": 1606723200000,
                            "y": 146806
                        },
                        {
                            "x": 1609401600000,
                            "y": 148309
                        },
                        {
                            "x": 1612080000000,
                            "y": 148381
                        },
                        {
                            "x": 1614499200000,
                            "y": 150467
                        },
                        {
                            "x": 1617174000000,
                            "y": 153565
                        },
                        {
                            "x": 1619766000000,
                            "y": 158104
                        },
                        {
                            "x": 1622444400000,
                            "y": 159235
                        },
                        {
                            "x": 1625036400000,
                            "y": 156800
                        },
                        {
                            "x": 1627714800000,
                            "y": 155100
                        },
                        {
                            "x": 1630393200000,
                            "y": 155100
                        },
                        {
                            "x": 1632985200000,
                            "y": 156700
                        },
                        {
                            "x": 1635663600000,
                            "y": 157900
                        },
                        {
                            "x": 1638259200000,
                            "y": 161800
                        },
                        {
                            "x": 1640937600000,
                            "y": 163300
                        },
                        {
                            "x": 1643616000000,
                            "y": 164100
                        },
                        {
                            "x": 1646035200000,
                            "y": 166000
                        },
                        {
                            "x": 1648710000000,
                            "y": 166600
                        },
                        {
                            "x": 1651302000000,
                            "y": 175000
                        },
                        {
                            "x": 1653980400000,
                            "y": 180200
                        },
                        {
                            "x": 1656572400000,
                            "y": 183500
                        },
                        {
                            "x": 1659250800000,
                            "y": 184300
                        },
                        {
                            "x": 1661929200000,
                            "y": 184900
                        },
                        {
                            "x": 1664521200000,
                            "y": 185100
                        },
                        {
                            "x": 1667199600000,
                            "y": 189300
                        },
                        {
                            "x": 1669795200000,
                            "y": 190500
                        },
                        {
                            "x": 1672473600000,
                            "y": 190400
                        },
                        {
                            "x": 1675152000000,
                            "y": 188300
                        },
                        {
                            "x": 1677571200000,
                            "y": 196700
                        },
                        {
                            "x": 1680246000000,
                            "y": 201100
                        },
                        {
                            "x": 1682838000000,
                            "y": 202300
                        },
                        {
                            "x": 1685516400000,
                            "y": 205900
                        },
                        {
                            "x": 1688108400000,
                            "y": 204400
                        },
                        {
                            "x": 1690786800000,
                            "y": 205900
                        },
                        {
                            "x": 1693465200000,
                            "y": 211100
                        },
                        {
                            "x": 1696057200000,
                            "y": 214700
                        },
                        {
                            "x": 1698735600000,
                            "y": 208600
                        },
                        {
                            "x": 1701331200000,
                            "y": 211700
                        },
                        {
                            "x": 1704009600000,
                            "y": 219500
                        },
                        {
                            "x": 1706688000000,
                            "y": 219300
                        },
                        {
                            "x": 1707206400000,
                            "y": 219300
                        }
                    ],
                    "name": "This home"
                },
                {
                    "points": [
                        {
                            "x": 1472540400000,
                            "y": 951000
                        }
                    ],
                    "name": "Sale"
                }
            ]
        }
    }
}