{
    "data": {
        "property": {
            "homeValueChartData": [
                {
                    "points": [
                        {
                            "x": 1393574400000,
                            "y": 86210
                        },
                        {
                            "x": 1396249200000,
                            "y": 77012
                        },
                        {
                            "x": 1398841200000,
                            "y": 75603
                        },
                        {
                            "x": 1401519600000,
                            "y": 74501
                        },
                        {
                            "x": 1404111600000,
                            "y": 74151
                        },
                        {
                            "x": 1406790000000,
                            "y": 74436
                        },
                        {
                            "x": 1409468400000,
                            "y": 74475
                        },
                        {
                            "x": 1412060400000,
                            "y": 79543
                        },
                        {
                            "x": 1414738800000,
                            "y": 82297
                        },
                        {
                            "x": 1417334400000,
                            "y": 78058
                        },
                        {
                            "x": 1420012800000,
                            "y": 86104
                        },
                        {
                            "x": 1422691200000,
                            "y": 83503
                        },
                        {
                            "x": 1425110400000,
                            "y": 83923
                        },
                        {
                            "x": 1427785200000,
                            "y": 92787
                        },
                        {
                            "x": 1430377200000,
                            "y": 93535
                        },
                        {
                            "x": 1433055600000,
                            "y": 96320
                        },
                        {
                            "x": 1435647600000,
                            "y": 97116
                        },
                        {
                            "x": 1438326000000,
                            "y": 95346
                        },
                        {
                            "x": 1441004400000,
                            "y": 93636
                        },
                        {
                            "x": 1443596400000,
                            "y": 92442
                        },
                        {
                            "x": 1446274800000,
                            "y": 90923
                        },
                        {
                            "x": 1448870400000,
                            "y": 94940
                        },
                        {
                            "x": 1451548800000,
                            "y": 95484
                        },
                        {
                            "x": 1454227200000,
                            "y": 97167
                        },
                        {
                            "x": 1456732800000,
                            "y": 99496
                        },
                        {
                            "x": 1459407600000,
                            "y": 100148
                        },
                        {
                            "x": 1461999600000,
                            "y": 100677
                        },
                        {
                            "x": 1464678000000,
                            "y": 101001
                        },
                        {
                            "x": 1467270000000,
                            "y": 99201
                        },
                        {
                            "x": 1469948400000,
                            "y": 101899
                        },
                        {
                            "x": 1472626800000,
                            "y": 102986
                        },
                        {
                            "x": 1475218800000,
                            "y": 105016
                        },
                        {
                            "x": 1477897200000,
                            "y": 95207
                        },
                        {
                            "x": 1480492800000,
                            "y": 91162
                        },
                        {
                            "x": 1483171200000,
                            "y": 98911
                        },
                        {
                            "x": 1485849600000,
                            "y": 105834
                        },
                        {
                            "x": 1488268800000,
                            "y": 111658
                        },
                        {
                            "x": 1490943600000,
                            "y": 108094
                        },
                        {
                            "x": 1493535600000,
                            "y": 109537
                        },
                        {
                            "x": 1496214000000,
                            "y": 106107
                        },
                        {
                            "x": 1498806000000,
                            "y": 107037
                        },
                        {
                            "x": 1501484400000,
                            "y": 110089
                        },
                        {
                            "x": 1504162800000,
                            "y": 108839
                        },
                        {
                            "x": 1506754800000,
                            "y": 115056
                        },
                        {
                            "x": 1509433200000,
                            "y": 122500
                        },
                        {
                            "x": 1512028800000,
                            "y": 117561
                        },
                        {
                            "x": 1514707200000,
                            "y": 127152
                        },
                        {
                            "x": 1517385600000,
                            "y": 127520
                        },
                        {
                            "x": 1519804800000,
                            "y": 129214
                        },
                        {
                            "x": 1522479600000,
                            "y": 128207
                        },
                        {
                            "x": 1525071600000,
                            "y": 129979
                        },
                        {
                            "x": 1527750000000,
                            "y": 134239
                        },
                        {
                            "x": 1530342000000,
                            "y": 131276
                        },
                        {
                            "x": 1533020400000,
                            "y": 131712
                        },
                        {
                            "x": 1535698800000,
                            "y": 133279
                        },
                        {
                            "x": 1538290800000,
                            "y": 134625
                        },
                        {
                            "x": 1540969200000,
                            "y": 134982
                        },
                        {
                            "x": 1543564800000,
                            "y": 133667
                        },
                        {
                            "x": 1546243200000,
                            "y": 133003
                        },
                        {
                            "x": 1548921600000,
                            "y": 141221
                        },
                        {
                            "x": 1551340800000,
                            "y": 133557
                        },
                        {
                            "x": 1554015600000,
                            "y": 132598
                        },
                        {
                            "x": 1556607600000,
                            "y": 130724
                        },
                        {
                            "x": 1559286000000,
                            "y": 130329
                        },
                        {
                            "x": 1561878000000,
                            "y": 132341
                        },
                        {
                            "x": 1564556400000,
                            "y": 135020
                        },
                        {
                            "x": 1567234800000,
                            "y": 134512
                        },
                        {
                            "x": 1569826800000,
                            "y": 133519
                        },
                        {
                            "x": 1572505200000,
                            "y": 132527
                        },
                        {
                            "x": 1575100800000,
                            "y": 132796
                        },
                        {
                            "x": 1577779200000,
                            "y": 133416
                        },
                        {
                            "x": 1580457600000,
                            "y": 132583
                        },
                        {
                            "x": 1582963200000,
                            "y": 134626
                        },
                        {
                            "x": 1585638000000,
                            "y": 137554
                        },
                        {
                            "x": 1588230000000,
                            "y": 137934
                        },
                        {
                            "x": 1590908400000,
                            "y": 145489
                        },
                        {
                            "x": 1593500400000,
                            "y": 139338
                        },
                        {
                            "x": 1596178800000,
                            "y": 140019
                        },
                        {
                            "x": 1598857200000,
                            "y": 142566
                        },
                        {
                            "x": 1601449200000,
                            "y": 142870
                        },
                        {
                            "x": 1604127600000,
                            "y": 140310
                        },
                        {
                            "x": 1606723200000,
                            "y": 156789
                        },
                        {
                            "x": 1609401600000,
                            "y": 155528
                        },
                        {
                            "x": 1612080000000,
                            "y": 156854
                        },
                        {
                            "x": 1614499200000,
                            "y": 154610
                        },
                        {
                            "x": 1617174000000,
                            "y": 155235
                        },
                        {
                            "x": 1619766000000,
                            "y": 158028
                        },
                        {
                            "x": 1622444400000,
                            "y": 160212
                        },
                        {
                            "x": 1625036400000,
                            "y": 157400
                        },
                        {
                            "x": 1627714800000,
                            "y": 158400
                        },
                        {
                            "x": 1630393200000,
                            "y": 157900
                        },
                        {
                            "x": 1632985200000,
                            "y": 160500
                        },
                        {
                            "x": 1635663600000,
                            "y": 160700
                        },
                        {
                            "x": 1638259200000,
                            "y": 162400
                        },
                        {
                            "x": 1640937600000,
                            "y": 164600
                        },
                        {
                            "x": 1643616000000,
                            "y": 164800
                        },
                        {
                            "x": 1646035200000,
                            "y": 166500
                        },
                        {
                            "x": 1648710000000,
                            "y": 172200
                        },
                        {
                            "x": 1651302000000,
                            "y": 178700
                        },
                        {
                            "x": 1653980400000,
                            "y": 182800
                        },
                        {
                            "x": 1656572400000,
                            "y": 185900
                        },
                        {
                            "x": 1659250800000,
                            "y": 188100
                        },
                        {
                            "x": 1661929200000,
                            "y": 190300
                        },
                        {
                            "x": 1664521200000,
                            "y": 192600
                        },
                        {
                            "x": 1667199600000,
                            "y": 194300
                        },
                        {
                            "x": 1669795200000,
                            "y": 194000
                        },
                        {
                            "x": 1672473600000,
                            "y": 194700
                        },
                        {
                            "x": 1675152000000,
                            "y": 194100
                        },
                        {
                            "x": 1677571200000,
                            "y": 196500
                        },
                        {
                            "x": 1680246000000,
                            "y": 197300
                        },
                        {
                            "x": 1682838000000,
                            "y": 199900
                        },
                        {
                            "x": 1685516400000,
                            "y": 202600
                        },
                        {
                            "x": 1688108400000,
                            "y": 211500
                        },
                        {
                            "x": 1690786800000,
                            "y": 210800
                        },
                        {
                            "x": 1693465200000,
                            "y": 213300
                        },
                        {
                            "x": 1696057200000,
                            "y": 216700
                        },
                        {
                            "x": 1698735600000,
                            "y": 219500
                        },
                        {
                            "x": 1701331200000,
                            "y": 214800
                        },
                        {
                            "x": 1704009600000,
                            "y": 214500
                        },
                        {
                            "x": 1706688000000,
                            "y": 214400
                        },
                        {
                            "x": 1707292800000,
                            "y": 207200
                        }
                    ],
                    "name": "This home"
                }
            ]
        }
    }
}