{
    "user_info": {
        "isLoggedIn": false,
        "hasHousingConnectorPermission": false,
        "savedHomesCount": 0,
        "personalizedSearchTraceID": "4327c627ec8aad8fe2d1ce6cfea6cd37",
        "guid": "f4765827-dc1c-412e-bbec-a06bd6ec1624",
        "zuid": "",
        "isBot": false,
        "email": "",
        "displayName": ""
    },
    "map_state": {
        "customRegionPolygonWkt": null,
        "schoolPolygonWkt": null,
        "isCurrentLocationSearch": false,
        "userPosition": {
            "lat": null,
            "lon": null
        }
    },
    "region_state": {
        "regionInfo": [
            {
                "regionId": 72567,
                "regionType": 7,
                "regionName": "33394",
                "displayName": "Fort Lauderdale FL 33394",
                "isPointRegion": false
            }
        ],
        "regionBounds": {
            "north": 26.122365,
            "south": 26.120633,
            "east": -80.137168,
            "west": -80.140507
        }
    },
    "search_page_seo": {
        "baseUrl": "/fort-lauderdale-fl-33394/",
        "windowTitle": "33394 Real Estate - 33394 Homes For Sale | Zillow",
        "metaDescription": "Zillow has 0 homes for sale in 33394. View listing photos, review sales history, and use our detailed real estate filters to find the perfect place."
    },
    "request_id": 4
}