{
    "user_info": {
        "isLoggedIn": false,
        "hasHousingConnectorPermission": false,
        "savedHomesCount": 0,
        "personalizedSearchTraceID": "74dcbed9820770d6e8871f00287c2ee9",
        "guid": "1fe23258-879a-42dd-9170-6c65b528d530",
        "zuid": "",
        "isBot": false,
        "email": "",
        "displayName": ""
    },
    "map_state": {
        "customRegionPolygonWkt": null,
        "schoolPolygonWkt": null,
        "isCurrentLocationSearch": false,
        "userPosition": {
            "lat": null,
            "lon": null
        }
    },
    "region_state": {
        "regionInfo": [
            {
                "regionId": 72457,
                "regionType": 7,
                "regionName": "33154",
                "displayName": "Surfside FL 33154",
                "isPointRegion": false
            }
        ],
        "regionBounds": {
            "north": 25.922846,
            "south": 25.870981,
            "east": -80.115224,
            "west": -80.155805
        }
    },
    "search_page_seo": {
        "baseUrl": "/surfside-fl-33154/",
        "windowTitle": "33154 Real Estate - 33154 Homes For Sale | Zillow",
        "metaDescription": "Zillow has 35 homes for sale in 33154. View listing photos, review sales history, and use our detailed real estate filters to find the perfect place."
    },
    "request_id": 4
}