[
    {
        "zpid": "79856898",
        "id": "79856898",
        "rawHomeStatusCd": "ForSale",
        "marketingStatusSimplifiedCd": "For Sale by Agent",
        "imgSrc": "https://photos.zillowstatic.com/fp/c586de3f7c85659320ffc7a4c43834af-p_e.jpg",
        "hasImage": true,
        "detailUrl": "https://www.zillow.com/homedetails/1245-W-24th-St-APT-114-Hialeah-FL-33010/79856898_zpid/",
        "statusType": "FOR_SALE",
        "statusText": "Condo for sale",
        "countryCurrency": "$",
        "price": "$220,000",
        "unformattedPrice": 220000,
        "address": "1245 W 24th St APT 114, Hialeah, FL 33010",
        "addressStreet": "1245 W 24th St APT 114",
        "addressCity": "Hialeah",
        "addressState": "FL",
        "addressZipcode": "33010",
        "isUndisclosedAddress": false,
        "beds": 2,
        "baths": 1.0,
        "area": 797,
        "latLong": {
            "latitude": 25.843853,
            "longitude": -80.3066
        },
        "isZillowOwned": false,
        "variableData": {
            "type": "DAYS_ON",
            "text": "4 days on Zillow"
        },
        "hdpData": {
            "homeInfo": {
                "zpid": 79856898,
                "streetAddress": "1245 W 24th St APT 114",
                "zipcode": "33010",
                "city": "Hialeah",
                "state": "FL",
                "latitude": 25.843853,
                "longitude": -80.3066,
                "price": 220000.0,
                "bathrooms": 1.0,
                "bedrooms": 2.0,
                "livingArea": 797.0,
                "homeType": "CONDO",
                "homeStatus": "FOR_SALE",
                "daysOnZillow": 4,
                "isFeatured": false,
                "shouldHighlight": false,
                "zestimate": 217100,
                "rentZestimate": 2250,
                "listing_sub_type": {
                    "is_FSBA": true
                },
                "isUnmappable": false,
                "isPreforeclosureAuction": false,
                "homeStatusForHDP": "FOR_SALE",
                "priceForHDP": 220000.0,
                "timeOnZillow": 349797000,
                "isNonOwnerOccupied": true,
                "isPremierBuilder": false,
                "isZillowOwned": false,
                "currency": "USD",
                "country": "USA",
                "taxAssessedValue": 124000.0,
                "unit": "Apt 114",
                "lotAreaValue": 0.0,
                "lotAreaUnit": "sqft",
                "isShowcaseListing": false
            }
        },
        "isSaved": false,
        "isUserClaimingOwner": false,
        "isUserConfirmedClaim": false,
        "pgapt": "ForSale",
        "sgapt": "For Sale (Broker)",
        "zestimate": 217100,
        "shouldShowZestimateAsPrice": false,
        "has3DModel": false,
        "hasVideo": false,
        "isHomeRec": false,
        "hasAdditionalAttributions": true,
        "isFeaturedListing": false,
        "isShowcaseListing": false,
        "list": true,
        "relaxed": false,
        "info3String": "https://photos.zillowstatic.com/fp/a8b02d5ac61ac8b9a11bda64382b4f89-zillow_web_48_23.jpg",
        "brokerName": "477 Group, LLC.",
        "carouselPhotos": [
            {
                "url": "https://photos.zillowstatic.com/fp/c586de3f7c85659320ffc7a4c43834af-p_e.jpg"
            },
            {
                "url": "https://photos.zillowstatic.com/fp/60ea94522c17543d0e8a7052d3c05477-p_e.jpg"
            },
            {
                "url": "https://photos.zillowstatic.com/fp/331f1d60d64ac07b6f97bf9042914a65-p_e.jpg"
            },
            {
                "url": "https://photos.zillowstatic.com/fp/f9dead3e8614af9b4ceee339c420d266-p_e.jpg"
            }
        ],
        "rooms": []
    },
    {
        "zpid": "58451345",
        "id": "58451345",
        "rawHomeStatusCd": "ForSale",
        "marketingStatusSimplifiedCd": "For Sale by Agent",
        "imgSrc": "https://photos.zillowstatic.com/fp/66a3a3a836ed1349b40a30267984a0c9-p_e.jpg",
        "hasImage": true,
        "detailUrl": "https://www.zillow.com/homedetails/21-E-3rd-St-APT-403-Hialeah-FL-33010/58451345_zpid/",
        "statusType": "FOR_SALE",
        "statusText": "Condo for sale",
        "countryCurrency": "$",
        "price": "$305,000",
        "unformattedPrice": 305000,
        "address": "21 E 3rd St APT 403, Hialeah, FL 33010",
        "addressStreet": "21 E 3rd St APT 403",
        "addressCity": "Hialeah",
        "addressState": "FL",
        "addressZipcode": "33010",
        "isUndisclosedAddress": false,
        "beds": 2,
        "baths": 2.0,
        "area": 1100,
        "latLong": {
            "latitude": 25.82474,
            "longitude": -80.28082
        },
        "isZillowOwned": false,
        "variableData": {
            "type": "DAYS_ON",
            "text": "5 days on Zillow"
        },
        "hdpData": {
            "homeInfo": {
                "zpid": 58451345,
                "streetAddress": "21 E 3rd St APT 403",
                "zipcode": "33010",
                "city": "Hialeah",
                "state": "FL",
                "latitude": 25.82474,
                "longitude": -80.28082,
                "price": 305000.0,
                "bathrooms": 2.0,
                "bedrooms": 2.0,
                "livingArea": 1100.0,
                "homeType": "CONDO",
                "homeStatus": "FOR_SALE",
                "daysOnZillow": 5,
                "isFeatured": false,
                "shouldHighlight": false,
                "listing_sub_type": {
                    "is_FSBA": true
                },
                "isUnmappable": false,
                "isPreforeclosureAuction": false,
                "homeStatusForHDP": "FOR_SALE",
                "priceForHDP": 305000.0,
                "timeOnZillow": 436197000,
                "isNonOwnerOccupied": true,
                "isPremierBuilder": false,
                "isZillowOwned": false,
                "currency": "USD",
                "country": "USA",
                "taxAssessedValue": 186000.0,
                "unit": "Apt 403",
                "lotAreaValue": 0.0,
                "lotAreaUnit": "sqft",
                "isShowcaseListing": false
            }
        },
        "isSaved": false,
        "isUserClaimingOwner": false,
        "isUserConfirmedClaim": false,
        "pgapt": "ForSale",
        "sgapt": "For Sale (Broker)",
        "shouldShowZestimateAsPrice": false,
        "has3DModel": false,
        "hasVideo": false,
        "isHomeRec": false,
        "hasAdditionalAttributions": true,
        "isFeaturedListing": false,
        "isShowcaseListing": false,
        "list": true,
        "relaxed": false,
        "info3String": "https://photos.zillowstatic.com/fp/a8b02d5ac61ac8b9a11bda64382b4f89-zillow_web_48_23.jpg",
        "brokerName": "Avanti Way Realty LLC",
        "carouselPhotos": [
            {
                "url": "https://photos.zillowstatic.com/fp/66a3a3a836ed1349b40a30267984a0c9-p_e.jpg"
            },
            {
                "url": "https://photos.zillowstatic.com/fp/c114ba0a80603a54667b2181b748d371-p_e.jpg"
            },
            {
                "url": "https://photos.zillowstatic.com/fp/e4bcbbba5b8192990b4c79770772d2e3-p_e.jpg"
            },
            {
                "url": "https://photos.zillowstatic.com/fp/e1ed1e6c3cc0115d21a6bdbe7f5d3c9f-p_e.jpg"
            },
            {
                "url": "https://photos.zillowstatic.com/fp/3f8873495239671556998add40741404-p_e.jpg"
            },
            {
                "url": "https://photos.zillowstatic.com/fp/547d8bd9d2fdb85b83827f6132c28afa-p_e.jpg"
            },
            {
                "url": "https://photos.zillowstatic.com/fp/ad08d4eda5b61bf51764970c450d2dee-p_e.jpg"
            },
            {
                "url": "https://photos.zillowstatic.com/fp/5d76974bb907d6253bdd059564046c7e-p_e.jpg"
            },
            {
                "url": "https://photos.zillowstatic.com/fp/71e0ef72adef9986f25354cfaf6cf561-p_e.jpg"
            },
            {
                "url": "https://photos.zillowstatic.com/fp/38035531aa09123b77226ee60e462799-p_e.jpg"
            },
            {
                "url": "https://photos.zillowstatic.com/fp/d85ce7845062f2441e8ad640ed37bc2f-p_e.jpg"
            },
            {
                "url": "https://photos.zillowstatic.com/fp/fedebe1961dc3bf596bbc293ba34c76d-p_e.jpg"
            },
            {
                "url": "https://photos.zillowstatic.com/fp/feef48d32d6337745fd21f192c2f3386-p_e.jpg"
            },
            {
                "url": "https://photos.zillowstatic.com/fp/eb59d40895a083ca6a33d3f0c7d2c9ab-p_e.jpg"
            },
            {
                "url": "https://photos.zillowstatic.com/fp/7cefc1b31ee4afbd47043b8d2912a974-p_e.jpg"
            },
            {
                "url": "https://photos.zillowstatic.com/fp/fbf7fadb52d73dfa70499086a0e3f973-p_e.jpg"
            },
            {
                "url": "https://photos.zillowstatic.com/fp/44b6c8fe14a8eea039ebf86a2368d0b9-p_e.jpg"
            },
            {
                "url": "https://photos.zillowstatic.com/fp/5475a4a1c12418d5c8ce327c305f2667-p_e.jpg"
            },
            {
                "url": "https://photos.zillowstatic.com/fp/0a974eaf4371b4e49f727b0e7915d5b6-p_e.jpg"
            },
            {
                "url": "https://photos.zillowstatic.com/fp/08377b5820c27b52bac385742f76598b-p_e.jpg"
            },
            {
                "url": "https://photos.zillowstatic.com/fp/d4ecbb51b87fdef25ad38411bc0fb855-p_e.jpg"
            },
            {
                "url": "https://photos.zillowstatic.com/fp/d5c004878e9213c21228e8ea1e1d37a4-p_e.jpg"
            },
            {
                "url": "https://photos.zillowstatic.com/fp/d8ade808ff16cc215aa9fd125ebd8d43-p_e.jpg"
            },
            {
                "url": "https://photos.zillowstatic.com/fp/e6e389f733a62a3cc94231cae4534378-p_e.jpg"
            },
            {
                "url": "https://photos.zillowstatic.com/fp/6662f8f2d5436ba224e4ffca439cc981-p_e.jpg"
            },
            {
                "url": "https://photos.zillowstatic.com/fp/de07ab481f0366fe2a1b7a958aa5cac6-p_e.jpg"
            },
            {
                "url": "https://photos.zillowstatic.com/fp/757e32e77222ea3fc625b96274a4e2a5-p_e.jpg"
            },
            {
                "url": "https://photos.zillowstatic.com/fp/96c8cc1e6627c2098d4d6b1ad2300dce-p_e.jpg"
            },
            {
                "url": "https://photos.zillowstatic.com/fp/a4fa3dfaca9783267be0c2b12a4fd631-p_e.jpg"
            },
            {
                "url": "https://photos.zillowstatic.com/fp/6485a646c36492f6aa5c7202cbd2b813-p_e.jpg"
            },
            {
                "url": "https://photos.zillowstatic.com/fp/79e84b605bc33c2efbb41c974a582fd8-p_e.jpg"
            }
        ],
        "rooms": []
    },
    {
        "zpid": "79852944",
        "id": "79852944",
        "rawHomeStatusCd": "ForSale",
        "marketingStatusSimplifiedCd": "For Sale by Agent",
        "imgSrc": "https://photos.zillowstatic.com/fp/1eaf789ff2ce91770891e359a4e2a11a-p_e.jpg",
        "hasImage": true,
        "detailUrl": "https://www.zillow.com/homedetails/Hialeah-FL-33010/79852944_zpid/",
        "statusType": "FOR_SALE",
        "statusText": "Condo for sale",
        "countryCurrency": "$",
        "price": "$215,000",
        "unformattedPrice": 215000,
        "address": "(undisclosed Address), Hialeah, FL 33010",
        "addressStreet": "(undisclosed Address)",
        "addressCity": "Hialeah",
        "addressState": "FL",
        "addressZipcode": "33010",
        "isUndisclosedAddress": true,
        "beds": 2,
        "baths": 1.0,
        "area": 794,
        "latLong": {},
        "isZillowOwned": false,
        "variableData": {
            "type": "DAYS_ON",
            "text": "7 days on Zillow"
        },
        "hdpData": {
            "homeInfo": {
                "zpid": 79852944,
                "streetAddress": "(undisclosed Address)",
                "zipcode": "33010",
                "city": "Hialeah",
                "state": "FL",
                "price": 215000.0,
                "bathrooms": 1.0,
                "bedrooms": 2.0,
                "livingArea": 794.0,
                "homeType": "CONDO",
                "homeStatus": "FOR_SALE",
                "daysOnZillow": 7,
                "isFeatured": false,
                "shouldHighlight": false,
                "listing_sub_type": {
                    "is_FSBA": true
                },
                "isUnmappable": false,
                "isPreforeclosureAuction": false,
                "homeStatusForHDP": "FOR_SALE",
                "priceForHDP": 215000.0,
                "timeOnZillow": 608997000,
                "isNonOwnerOccupied": true,
                "isPremierBuilder": false,
                "isZillowOwned": false,
                "currency": "USD",
                "country": "USA",
                "lotAreaValue": 0.0,
                "lotAreaUnit": "sqft",
                "isShowcaseListing": false
            }
        },
        "isSaved": false,
        "isUserClaimingOwner": false,
        "isUserConfirmedClaim": false,
        "pgapt": "ForSale",
        "sgapt": "For Sale (Broker)",
        "shouldShowZestimateAsPrice": false,
        "has3DModel": false,
        "hasVideo": false,
        "isHomeRec": false,
        "hasAdditionalAttributions": true,
        "isFeaturedListing": false,
        "isShowcaseListing": false,
        "list": true,
        "relaxed": false,
        "info3String": "https://photos.zillowstatic.com/fp/a8b02d5ac61ac8b9a11bda64382b4f89-zillow_web_48_23.jpg",
        "brokerName": "Real Estate Empire Group, Inc.",
        "carouselPhotos": [
            {
                "url": "https://photos.zillowstatic.com/fp/1eaf789ff2ce91770891e359a4e2a11a-p_e.jpg"
            },
            {
                "url": "https://photos.zillowstatic.com/fp/58a838ef39711721845a1a324e3b8c3b-p_e.jpg"
            },
            {
                "url": "https://photos.zillowstatic.com/fp/ba6a66d3c3e8291e1c8a275d12445ea3-p_e.jpg"
            },
            {
                "url": "https://photos.zillowstatic.com/fp/fa8f87124b7d2d1afacea4ac59445a1d-p_e.jpg"
            },
            {
                "url": "https://photos.zillowstatic.com/fp/03457fc41edce7fc837085d2f46bd4ee-p_e.jpg"
            },
            {
                "url": "https://photos.zillowstatic.com/fp/428bb50fdf82121983321993c1eeea33-p_e.jpg"
            },
            {
                "url": "https://photos.zillowstatic.com/fp/cc1adf64b47b335eb30752f069f4ba83-p_e.jpg"
            },
            {
                "url": "https://photos.zillowstatic.com/fp/31b8467032a8a0238222e1af05eb1420-p_e.jpg"
            },
            {
                "url": "https://photos.zillowstatic.com/fp/10c36923912f13ca862e45ce0ae8eff5-p_e.jpg"
            },
            {
                "url": "https://photos.zillowstatic.com/fp/1d54c7d8bd535d7714fc3794914c9c99-p_e.jpg"
            },
            {
                "url": "https://photos.zillowstatic.com/fp/c8bbe9397d7a43b36e732bcea4736708-p_e.jpg"
            },
            {
                "url": "https://photos.zillowstatic.com/fp/9e3ef82dfdfc6714957acc7b86e3cc29-p_e.jpg"
            },
            {
                "url": "https://photos.zillowstatic.com/fp/20209eb5de52993577238f4bf045a5c7-p_e.jpg"
            },
            {
                "url": "https://photos.zillowstatic.com/fp/0ddbc84977303163cec5ff8196ea7c25-p_e.jpg"
            }
        ],
        "rooms": []
    },
    {
        "zpid": "63616781",
        "id": "63616781",
        "rawHomeStatusCd": "ForSale",
        "marketingStatusSimplifiedCd": "For Sale by Agent",
        "imgSrc": "https://photos.zillowstatic.com/fp/b77d3fd7976bfaeebe0e33e1f58a8adb-p_e.jpg",
        "hasImage": true,
        "detailUrl": "https://www.zillow.com/homedetails/2455-W-4th-Ct-2455-Hialeah-FL-33010/63616781_zpid/",
        "statusType": "FOR_SALE",
        "statusText": "Townhouse for sale",
        "countryCurrency": "$",
        "price": "$378,900",
        "unformattedPrice": 378900,
        "address": "2455 W 4th Ct #2455, Hialeah, FL 33010",
        "addressStreet": "2455 W 4th Ct #2455",
        "addressCity": "Hialeah",
        "addressState": "FL",
        "addressZipcode": "33010",
        "isUndisclosedAddress": false,
        "beds": 3,
        "baths": 3.0,
        "area": 1368,
        "latLong": {
            "latitude": 25.843687,
            "longitude": -80.2909
        },
        "isZillowOwned": false,
        "variableData": {
            "type": "PRICE_REDUCTION",
            "text": "$100 (Jan 24)"
        },
        "hdpData": {
            "homeInfo": {
                "zpid": 63616781,
                "streetAddress": "2455 W 4th Ct #2455",
                "zipcode": "33010",
                "city": "Hialeah",
                "state": "FL",
                "latitude": 25.843687,
                "longitude": -80.2909,
                "price": 378900.0,
                "datePriceChanged": 1706083200000,
                "bathrooms": 3.0,
                "bedrooms": 3.0,
                "livingArea": 1368.0,
                "homeType": "TOWNHOUSE",
                "homeStatus": "FOR_SALE",
                "daysOnZillow": 10,
                "isFeatured": false,
                "shouldHighlight": false,
                "listing_sub_type": {
                    "is_FSBA": true
                },
                "priceReduction": "$100 (Jan 24)",
                "isUnmappable": false,
                "isPreforeclosureAuction": false,
                "homeStatusForHDP": "FOR_SALE",
                "priceForHDP": 378900.0,
                "priceChange": -100,
                "timeOnZillow": 868197000,
                "isNonOwnerOccupied": true,
                "isPremierBuilder": false,
                "isZillowOwned": false,
                "currency": "USD",
                "country": "USA",
                "taxAssessedValue": 200000.0,
                "unit": "# 2455",
                "lotAreaValue": 0.0,
                "lotAreaUnit": "sqft",
                "isShowcaseListing": false
            }
        },
        "isSaved": false,
        "isUserClaimingOwner": false,
        "isUserConfirmedClaim": false,
        "pgapt": "ForSale",
        "sgapt": "For Sale (Broker)",
        "shouldShowZestimateAsPrice": false,
        "has3DModel": false,
        "hasVideo": false,
        "isHomeRec": false,
        "hasAdditionalAttributions": true,
        "isFeaturedListing": false,
        "isShowcaseListing": false,
        "list": true,
        "relaxed": false,
        "info3String": "https://photos.zillowstatic.com/fp/a8b02d5ac61ac8b9a11bda64382b4f89-zillow_web_48_23.jpg",
        "brokerName": "Realty One Group Royal Oaks",
        "carouselPhotos": [
            {
                "url": "https://photos.zillowstatic.com/fp/b77d3fd7976bfaeebe0e33e1f58a8adb-p_e.jpg"
            },
            {
                "url": "https://photos.zillowstatic.com/fp/75cf2a3708c1e566766360c950f9e988-p_e.jpg"
            },
            {
                "url": "https://photos.zillowstatic.com/fp/5e5c6c95c52459402b03054ed1623257-p_e.jpg"
            },
            {
                "url": "https://photos.zillowstatic.com/fp/39a991befe00dcee2064a3058b083fb8-p_e.jpg"
            },
            {
                "url": "https://photos.zillowstatic.com/fp/4c2a199407b44a72186d6c796cba0fcc-p_e.jpg"
            },
            {
                "url": "https://photos.zillowstatic.com/fp/2a24ec50b18b6327776b8940d99c104e-p_e.jpg"
            },
            {
                "url": "https://photos.zillowstatic.com/fp/3b654255200941bdbef7a0d16b2c9e45-p_e.jpg"
            },
            {
                "url": "https://photos.zillowstatic.com/fp/3086015b49073eb098abc383fa39dbe6-p_e.jpg"
            },
            {
                "url": "https://photos.zillowstatic.com/fp/458dc5d7838d8e6217932ecb39258c01-p_e.jpg"
            },
            {
                "url": "https://photos.zillowstatic.com/fp/c2391dbf87dff92963238e88030c3594-p_e.jpg"
            },
            {
                "url": "https://photos.zillowstatic.com/fp/944bd66d35c12724c1f6c66f585ba274-p_e.jpg"
            },
            {
                "url": "https://photos.zillowstatic.com/fp/3934170a5d798d409f397ccd44d62409-p_e.jpg"
            },
            {
                "url": "https://photos.zillowstatic.com/fp/6f58f492594863dc57e8fbfa4dd151a7-p_e.jpg"
            },
            {
                "url": "https://photos.zillowstatic.com/fp/2ae508aa786250595b10804c88f33dfd-p_e.jpg"
            },
            {
                "url": "https://photos.zillowstatic.com/fp/89abd74895583dd2052d9aef2547a93b-p_e.jpg"
            },
            {
                "url": "https://photos.zillowstatic.com/fp/cc31a8c4528b57db3b9d2c1fe6f27152-p_e.jpg"
            },
            {
                "url": "https://photos.zillowstatic.com/fp/c3f3feb1f99d93cd6fc2ce6898e4e78e-p_e.jpg"
            },
            {
                "url": "https://photos.zillowstatic.com/fp/f3fd3b505bbd9e39ea915549d2e36bcc-p_e.jpg"
            },
            {
                "url": "https://photos.zillowstatic.com/fp/6ff00196bace647732e458370d581658-p_e.jpg"
            },
            {
                "url": "https://photos.zillowstatic.com/fp/65cb9fa4480ff396f9a3d181d6897b7b-p_e.jpg"
            },
            {
                "url": "https://photos.zillowstatic.com/fp/4c4157d58596479076a622b6e01aff78-p_e.jpg"
            },
            {
                "url": "https://photos.zillowstatic.com/fp/a7c850959c95a210556dabcab9fd8016-p_e.jpg"
            }
        ],
        "rooms": []
    },
    {
        "zpid": "79859367",
        "id": "79859367",
        "rawHomeStatusCd": "ForSale",
        "marketingStatusSimplifiedCd": "For Sale by Agent",
        "imgSrc": "https://photos.zillowstatic.com/fp/3f7f36a0cbf360a8645afb82d544739d-p_e.jpg",
        "hasImage": true,
        "detailUrl": "https://www.zillow.com/homedetails/1245-W-24th-St-APT-218-Hialeah-FL-33010/79859367_zpid/",
        "statusType": "FOR_SALE",
        "statusText": "Condo for sale",
        "countryCurrency": "$",
        "price": "$215,000",
        "unformattedPrice": 215000,
        "address": "1245 W 24th St APT 218, Hialeah, FL 33010",
        "addressStreet": "1245 W 24th St APT 218",
        "addressCity": "Hialeah",
        "addressState": "FL",
        "addressZipcode": "33010",
        "isUndisclosedAddress": false,
        "beds": 1,
        "baths": 1.0,
        "area": 629,
        "latLong": {
            "latitude": 25.843853,
            "longitude": -80.3066
        },
        "isZillowOwned": false,
        "variableData": {
            "type": "PRICE_REDUCTION",
            "text": "$5,000 (Dec 14)"
        },
        "hdpData": {
            "homeInfo": {
                "zpid": 79859367,
                "streetAddress": "1245 W 24th St APT 218",
                "zipcode": "33010",
                "city": "Hialeah",
                "state": "FL",
                "latitude": 25.843853,
                "longitude": -80.3066,
                "price": 215000.0,
                "datePriceChanged": 1702540800000,
                "bathrooms": 1.0,
                "bedrooms": 1.0,
                "livingArea": 629.0,
                "homeType": "CONDO",
                "homeStatus": "FOR_SALE",
                "daysOnZillow": 55,
                "isFeatured": false,
                "shouldHighlight": false,
                "zestimate": 205000,
                "rentZestimate": 1849,
                "listing_sub_type": {
                    "is_FSBA": true
                },
                "priceReduction": "$5,000 (Dec 14)",
                "isUnmappable": false,
                "isPreforeclosureAuction": false,
                "homeStatusForHDP": "FOR_SALE",
                "priceForHDP": 215000.0,
                "priceChange": -5000,
                "timeOnZillow": 4756197000,
                "isNonOwnerOccupied": true,
                "isPremierBuilder": false,
                "isZillowOwned": false,
                "currency": "USD",
                "country": "USA",
                "taxAssessedValue": 108000.0,
                "unit": "Apt 218",
                "lotAreaValue": 0.0,
                "lotAreaUnit": "sqft",
                "isShowcaseListing": false
            }
        },
        "isSaved": false,
        "isUserClaimingOwner": false,
        "isUserConfirmedClaim": false,
        "pgapt": "ForSale",
        "sgapt": "For Sale (Broker)",
        "zestimate": 205000,
        "shouldShowZestimateAsPrice": false,
        "has3DModel": false,
        "hasVideo": false,
        "isHomeRec": false,
        "hasAdditionalAttributions": true,
        "isFeaturedListing": false,
        "isShowcaseListing": false,
        "list": true,
        "relaxed": false,
        "info3String": "https://photos.zillowstatic.com/fp/a8b02d5ac61ac8b9a11bda64382b4f89-zillow_web_48_23.jpg",
        "brokerName": "Weichert, Realtors \u2013 Capella Estates",
        "carouselPhotos": [
            {
                "url": "https://photos.zillowstatic.com/fp/3f7f36a0cbf360a8645afb82d544739d-p_e.jpg"
            },
            {
                "url": "https://photos.zillowstatic.com/fp/bd9cf570edd0a17ba85dd3e8c20dc0ae-p_e.jpg"
            },
            {
                "url": "https://photos.zillowstatic.com/fp/ba984a7940a5c1881aa397f71b599fd2-p_e.jpg"
            },
            {
                "url": "https://photos.zillowstatic.com/fp/471f0b81db2ea77aaad239ec78b58c54-p_e.jpg"
            },
            {
                "url": "https://photos.zillowstatic.com/fp/1b0c1a4c02b67019390fdd32c8c61af1-p_e.jpg"
            },
            {
                "url": "https://photos.zillowstatic.com/fp/17bdc0dc84fd471ab8f7d9a71bf1e262-p_e.jpg"
            },
            {
                "url": "https://photos.zillowstatic.com/fp/ccc3a6af2086be278943c85618bbbf49-p_e.jpg"
            },
            {
                "url": "https://photos.zillowstatic.com/fp/1141ce891004135243e3f002253b4bd2-p_e.jpg"
            },
            {
                "url": "https://photos.zillowstatic.com/fp/1757694b0b9a10d63b226370615d9f4c-p_e.jpg"
            },
            {
                "url": "https://photos.zillowstatic.com/fp/94383fed60deded58c54e51d509eba9a-p_e.jpg"
            },
            {
                "url": "https://photos.zillowstatic.com/fp/34847913a4c92366a071eaad29926f5b-p_e.jpg"
            },
            {
                "url": "https://photos.zillowstatic.com/fp/9ea1d82351aa16b3c69397dc3d6dbbae-p_e.jpg"
            },
            {
                "url": "https://photos.zillowstatic.com/fp/7186b5ff439e532c1825618250dcc8cf-p_e.jpg"
            },
            {
                "url": "https://photos.zillowstatic.com/fp/760c1694d4bf2eacc9a540f12454237f-p_e.jpg"
            },
            {
                "url": "https://photos.zillowstatic.com/fp/93d6a32dc4299fb3142854d06fe27689-p_e.jpg"
            },
            {
                "url": "https://photos.zillowstatic.com/fp/5bc9468973af44802dffc2e900e825a5-p_e.jpg"
            },
            {
                "url": "https://photos.zillowstatic.com/fp/9af95cd173d9e825080ddffe805523a2-p_e.jpg"
            },
            {
                "url": "https://photos.zillowstatic.com/fp/695c4353ac5299046b6ff2ef303fd2f3-p_e.jpg"
            },
            {
                "url": "https://photos.zillowstatic.com/fp/37de83c8beec66ae8b7086814af62aba-p_e.jpg"
            },
            {
                "url": "https://photos.zillowstatic.com/fp/5233e6b69def448650489df0a59b5c31-p_e.jpg"
            },
            {
                "url": "https://photos.zillowstatic.com/fp/394fe27253ba06226e12bb2034c6d1d2-p_e.jpg"
            },
            {
                "url": "https://photos.zillowstatic.com/fp/3723fe9b3604d09c033569055f019e3f-p_e.jpg"
            },
            {
                "url": "https://photos.zillowstatic.com/fp/d1165ff5c001f42c028585ac31489184-p_e.jpg"
            },
            {
                "url": "https://photos.zillowstatic.com/fp/94d432e7e3885af1e0a977d0a685e821-p_e.jpg"
            },
            {
                "url": "https://photos.zillowstatic.com/fp/a838fd7e98793ef22ae2c55995e82547-p_e.jpg"
            },
            {
                "url": "https://photos.zillowstatic.com/fp/03d48188483b2bc39475125e3009f7c4-p_e.jpg"
            },
            {
                "url": "https://photos.zillowstatic.com/fp/3af0c578e2d0e99c76aee0b943063a01-p_e.jpg"
            },
            {
                "url": "https://photos.zillowstatic.com/fp/9bb7221fe5278020b565bcfe3092a3e7-p_e.jpg"
            },
            {
                "url": "https://photos.zillowstatic.com/fp/2739aff05bc6fdd618cf24100d493906-p_e.jpg"
            },
            {
                "url": "https://photos.zillowstatic.com/fp/4a40487814676d94789f74e96aafb6ff-p_e.jpg"
            },
            {
                "url": "https://photos.zillowstatic.com/fp/8deb64fd87b961a1bf9cfb3ab4666a8d-p_e.jpg"
            },
            {
                "url": "https://photos.zillowstatic.com/fp/7f36007f0125b403acc0ec05e0d23d50-p_e.jpg"
            },
            {
                "url": "https://photos.zillowstatic.com/fp/4ae8a61fa20dd5e7d6d1bbcd6152182e-p_e.jpg"
            },
            {
                "url": "https://photos.zillowstatic.com/fp/2768cb810db3c53bc1792705ef8e37bd-p_e.jpg"
            }
        ],
        "rooms": []
    },
    {
        "zpid": "2058278487",
        "id": "2058278487",
        "rawHomeStatusCd": "ForSale",
        "marketingStatusSimplifiedCd": "For Sale by Agent",
        "imgSrc": "https://photos.zillowstatic.com/fp/c2ffd25c8f338767c7a80c3683a17907-p_e.jpg",
        "hasImage": true,
        "detailUrl": "https://www.zillow.com/homedetails/190-W-11th-St-Hialeah-FL-33010/2058278487_zpid/",
        "statusType": "FOR_SALE",
        "statusText": "House for sale",
        "countryCurrency": "$",
        "price": "$1,500,000",
        "unformattedPrice": 1500000,
        "address": "190 W 11th St, Hialeah, FL 33010",
        "addressStreet": "190 W 11th St",
        "addressCity": "Hialeah",
        "addressState": "FL",
        "addressZipcode": "33010",
        "isUndisclosedAddress": false,
        "beds": 8,
        "baths": 4.0,
        "area": 2965,
        "latLong": {
            "latitude": 25.831474,
            "longitude": -80.285416
        },
        "isZillowOwned": false,
        "variableData": {
            "type": "DAYS_ON",
            "text": "306 days on Zillow"
        },
        "hdpData": {
            "homeInfo": {
                "zpid": 2058278487,
                "streetAddress": "190 W 11th St",
                "zipcode": "33010",
                "city": "Hialeah",
                "state": "FL",
                "latitude": 25.831474,
                "longitude": -80.285416,
                "price": 1500000.0,
                "datePriceChanged": 1684825200000,
                "bathrooms": 4.0,
                "bedrooms": 8.0,
                "livingArea": 2965.0,
                "homeType": "SINGLE_FAMILY",
                "homeStatus": "FOR_SALE",
                "daysOnZillow": 306,
                "isFeatured": false,
                "shouldHighlight": false,
                "zestimate": 1420600,
                "rentZestimate": 6000,
                "listing_sub_type": {
                    "is_FSBA": true
                },
                "priceReduction": "",
                "isUnmappable": false,
                "isPreforeclosureAuction": false,
                "homeStatusForHDP": "FOR_SALE",
                "priceForHDP": 1500000.0,
                "priceChange": -200000,
                "timeOnZillow": 26442597000,
                "isNonOwnerOccupied": true,
                "isPremierBuilder": false,
                "isZillowOwned": false,
                "currency": "USD",
                "country": "USA",
                "lotAreaValue": 6480.0,
                "lotAreaUnit": "sqft",
                "isShowcaseListing": false
            }
        },
        "isSaved": false,
        "isUserClaimingOwner": false,
        "isUserConfirmedClaim": false,
        "pgapt": "ForSale",
        "sgapt": "For Sale (Broker)",
        "zestimate": 1420600,
        "shouldShowZestimateAsPrice": false,
        "has3DModel": false,
        "hasVideo": false,
        "isHomeRec": false,
        "hasAdditionalAttributions": true,
        "isFeaturedListing": false,
        "isShowcaseListing": false,
        "list": true,
        "relaxed": false,
        "info3String": "https://photos.zillowstatic.com/fp/a8b02d5ac61ac8b9a11bda64382b4f89-zillow_web_48_23.jpg",
        "brokerName": "La Playa Properties Group Inc",
        "carouselPhotos": [
            {
                "url": "https://photos.zillowstatic.com/fp/c2ffd25c8f338767c7a80c3683a17907-p_e.jpg"
            },
            {
                "url": "https://photos.zillowstatic.com/fp/d4ad1e5fd54c1b28204e01f92fd7be08-p_e.jpg"
            },
            {
                "url": "https://photos.zillowstatic.com/fp/0d6dc863cc8f19ba9279a747956d9c09-p_e.jpg"
            },
            {
                "url": "https://photos.zillowstatic.com/fp/b9ca63d9aad9c86be510d64c5dddf2f0-p_e.jpg"
            },
            {
                "url": "https://photos.zillowstatic.com/fp/d3165fa36aa4a94de1485e8a76309432-p_e.jpg"
            },
            {
                "url": "https://photos.zillowstatic.com/fp/179cd8871b1f67fdbf7749ca403bec5d-p_e.jpg"
            },
            {
                "url": "https://photos.zillowstatic.com/fp/ace4e3d99e82cf197ddbb0a19143467a-p_e.jpg"
            },
            {
                "url": "https://photos.zillowstatic.com/fp/fab976239df93b0108c7790edadbc0db-p_e.jpg"
            },
            {
                "url": "https://photos.zillowstatic.com/fp/01e9710c9f8500d76fabce851c065ea1-p_e.jpg"
            },
            {
                "url": "https://photos.zillowstatic.com/fp/550785396b0a7d270695f217de207ab8-p_e.jpg"
            },
            {
                "url": "https://photos.zillowstatic.com/fp/5c91db71025b28f29395abb6c459108d-p_e.jpg"
            },
            {
                "url": "https://photos.zillowstatic.com/fp/004427c6ba2b2773a3897b1eaed4b0e4-p_e.jpg"
            },
            {
                "url": "https://photos.zillowstatic.com/fp/0366d0452bd96626d2a95c877d98a2c0-p_e.jpg"
            },
            {
                "url": "https://photos.zillowstatic.com/fp/86dca3e594786c81b43f137b0d71ed2a-p_e.jpg"
            },
            {
                "url": "https://photos.zillowstatic.com/fp/ece6b18a8c03a4a0a105cb68b6eead92-p_e.jpg"
            },
            {
                "url": "https://photos.zillowstatic.com/fp/bcf978c847ca64553580b0fdd209dc49-p_e.jpg"
            }
        ],
        "rooms": []
    }
]