{
    "user_info": {
        "isLoggedIn": false,
        "hasHousingConnectorPermission": false,
        "savedHomesCount": 0,
        "personalizedSearchTraceID": "09f3d02c25ba126e613b256af30cc894",
        "guid": "071b5379-7eed-4b1f-8a10-ca1a484eae1f",
        "zuid": "",
        "isBot": false,
        "email": "",
        "displayName": ""
    },
    "map_state": {
        "customRegionPolygonWkt": null,
        "schoolPolygonWkt": null,
        "isCurrentLocationSearch": false,
        "userPosition": {
            "lat": null,
            "lon": null
        }
    },
    "region_state": {
        "regionInfo": [
            {
                "regionId": 72348,
                "regionType": 7,
                "regionName": "33010",
                "displayName": "Hialeah FL 33010",
                "isPointRegion": false
            }
        ],
        "regionBounds": {
            "north": 25.851203,
            "south": 25.808488,
            "east": -80.258733,
            "west": -80.313664
        }
    },
    "search_page_seo": {
        "baseUrl": "/hialeah-fl-33010/",
        "windowTitle": "33010 Real Estate - 33010 Homes For Sale | Zillow",
        "metaDescription": "Zillow has 6 homes for sale in 33010. View listing photos, review sales history, and use our detailed real estate filters to find the perfect place."
    },
    "request_id": 4
}