{
    "user_info": {
        "isLoggedIn": false,
        "hasHousingConnectorPermission": false,
        "savedHomesCount": 0,
        "personalizedSearchTraceID": "127132725c3312565479d4ff75b84b0c",
        "guid": "d96a0d67-9738-49d6-b58d-2f55b3cf93bc",
        "zuid": "",
        "isBot": false,
        "email": "",
        "displayName": ""
    },
    "map_state": {
        "customRegionPolygonWkt": null,
        "schoolPolygonWkt": null,
        "isCurrentLocationSearch": false,
        "userPosition": {
            "lat": null,
            "lon": null
        }
    },
    "region_state": {
        "regionInfo": [
            {
                "regionId": 72456,
                "regionType": 7,
                "regionName": "33153",
                "displayName": "Miami Shores FL 33153",
                "isPointRegion": true
            }
        ],
        "regionBounds": {
            "north": 25.883415000000003,
            "south": 25.847185,
            "east": -80.17548500000001,
            "west": -80.211715
        }
    },
    "search_page_seo": {
        "baseUrl": "/miami-shores-fl-33153/",
        "windowTitle": "33153 Real Estate - 33153 Homes For Sale | Zillow",
        "metaDescription": "Zillow has 32 homes for sale in 33153. View listing photos, review sales history, and use our detailed real estate filters to find the perfect place."
    },
    "request_id": 4
}