{
    "data": {
        "property": {
            "homeValueChartData": [
                {
                    "points": [
                        {
                            "x": 1701331200000,
                            "y": 425500
                        },
                        {
                            "x": 1704009600000,
                            "y": 423900
                        },
                        {
                            "x": 1706688000000,
                            "y": 423000
                        },
                        {
                            "x": 1707206400000,
                            "y": 422400
                        }
                    ],
                    "name": "This home"
                }
            ]
        }
    }
}