{
    "data": {
        "property": {
            "homeValueChartData": [
                {
                    "points": [
                        {
                            "x": 1685516400000,
                            "y": 358600
                        },
                        {
                            "x": 1688108400000,
                            "y": 462400
                        },
                        {
                            "x": 1690786800000,
                            "y": 388800
                        },
                        {
                            "x": 1706688000000,
                            "y": 363700
                        },
                        {
                            "x": 1707206400000,
                            "y": 365300
                        }
                    ],
                    "name": "This home"
                }
            ]
        }
    }
}