{
    "data": {
        "property": {
            "homeValueChartData": [
                {
                    "points": [
                        {
                            "x": 1685516400000,
                            "y": 371200
                        },
                        {
                            "x": 1688108400000,
                            "y": 408300
                        },
                        {
                            "x": 1690786800000,
                            "y": 407800
                        },
                        {
                            "x": 1693465200000,
                            "y": 408700
                        },
                        {
                            "x": 1696057200000,
                            "y": 416400
                        },
                        {
                            "x": 1698735600000,
                            "y": 400500
                        },
                        {
                            "x": 1701331200000,
                            "y": 396100
                        },
                        {
                            "x": 1704009600000,
                            "y": 397600
                        },
                        {
                            "x": 1706688000000,
                            "y": 395300
                        },
                        {
                            "x": 1707206400000,
                            "y": 396200
                        }
                    ],
                    "name": "This home"
                }
            ]
        }
    }
}