{
    "data": {
        "property": {
            "homeValueChartData": [
                {
                    "points": [
                        {
                            "x": 1612080000000,
                            "y": 284764
                        },
                        {
                            "x": 1617174000000,
                            "y": 202653
                        },
                        {
                            "x": 1619766000000,
                            "y": 279249
                        },
                        {
                            "x": 1682838000000,
                            "y": 319500
                        },
                        {
                            "x": 1685516400000,
                            "y": 348000
                        },
                        {
                            "x": 1688108400000,
                            "y": 371600
                        },
                        {
                            "x": 1690786800000,
                            "y": 373500
                        },
                        {
                            "x": 1693465200000,
                            "y": 384100
                        },
                        {
                            "x": 1696057200000,
                            "y": 379500
                        },
                        {
                            "x": 1698735600000,
                            "y": 384100
                        },
                        {
                            "x": 1701331200000,
                            "y": 385700
                        },
                        {
                            "x": 1704009600000,
                            "y": 383500
                        },
                        {
                            "x": 1706688000000,
                            "y": 382400
                        },
                        {
                            "x": 1707206400000,
                            "y": 381700
                        }
                    ],
                    "name": "This home"
                }
            ]
        }
    }
}