{
    "data": {
        "property": {
            "homeValueChartData": [
                {
                    "points": [
                        {
                            "x": 1393574400000,
                            "y": 379954
                        },
                        {
                            "x": 1396249200000,
                            "y": 387600
                        },
                        {
                            "x": 1398841200000,
                            "y": 381649
                        },
                        {
                            "x": 1401519600000,
                            "y": 386970
                        },
                        {
                            "x": 1404111600000,
                            "y": 388572
                        },
                        {
                            "x": 1406790000000,
                            "y": 388967
                        },
                        {
                            "x": 1409468400000,
                            "y": 386198
                        },
                        {
                            "x": 1412060400000,
                            "y": 387399
                        },
                        {
                            "x": 1414738800000,
                            "y": 385773
                        },
                        {
                            "x": 1417334400000,
                            "y": 393607
                        },
                        {
                            "x": 1420012800000,
                            "y": 398110
                        },
                        {
                            "x": 1422691200000,
                            "y": 397320
                        },
                        {
                            "x": 1425110400000,
                            "y": 403642
                        },
                        {
                            "x": 1427785200000,
                            "y": 406433
                        },
                        {
                            "x": 1430377200000,
                            "y": 406203
                        },
                        {
                            "x": 1433055600000,
                            "y": 401938
                        },
                        {
                            "x": 1435647600000,
                            "y": 404114
                        },
                        {
                            "x": 1438326000000,
                            "y": 409929
                        },
                        {
                            "x": 1441004400000,
                            "y": 410378
                        },
                        {
                            "x": 1443596400000,
                            "y": 417838
                        },
                        {
                            "x": 1446274800000,
                            "y": 414789
                        },
                        {
                            "x": 1448870400000,
                            "y": 416869
                        },
                        {
                            "x": 1451548800000,
                            "y": 420470
                        },
                        {
                            "x": 1454227200000,
                            "y": 418491
                        },
                        {
                            "x": 1456732800000,
                            "y": 418808
                        },
                        {
                            "x": 1459407600000,
                            "y": 417732
                        },
                        {
                            "x": 1461999600000,
                            "y": 419915
                        },
                        {
                            "x": 1464678000000,
                            "y": 432224
                        },
                        {
                            "x": 1467270000000,
                            "y": 434379
                        },
                        {
                            "x": 1469948400000,
                            "y": 431600
                        },
                        {
                            "x": 1472626800000,
                            "y": 431217
                        },
                        {
                            "x": 1475218800000,
                            "y": 432376
                        },
                        {
                            "x": 1477897200000,
                            "y": 431781
                        },
                        {
                            "x": 1480492800000,
                            "y": 441773
                        },
                        {
                            "x": 1483171200000,
                            "y": 438764
                        },
                        {
                            "x": 1485849600000,
                            "y": 441456
                        },
                        {
                            "x": 1488268800000,
                            "y": 442079
                        },
                        {
                            "x": 1490943600000,
                            "y": 445464
                        },
                        {
                            "x": 1493535600000,
                            "y": 449784
                        },
                        {
                            "x": 1496214000000,
                            "y": 447200
                        },
                        {
                            "x": 1498806000000,
                            "y": 441984
                        },
                        {
                            "x": 1501484400000,
                            "y": 455135
                        },
                        {
                            "x": 1504162800000,
                            "y": 455409
                        },
                        {
                            "x": 1506754800000,
                            "y": 460971
                        },
                        {
                            "x": 1509433200000,
                            "y": 453423
                        },
                        {
                            "x": 1512028800000,
                            "y": 465419
                        },
                        {
                            "x": 1514707200000,
                            "y": 465324
                        },
                        {
                            "x": 1517385600000,
                            "y": 462538
                        },
                        {
                            "x": 1519804800000,
                            "y": 470110
                        },
                        {
                            "x": 1522479600000,
                            "y": 477153
                        },
                        {
                            "x": 1525071600000,
                            "y": 478895
                        },
                        {
                            "x": 1527750000000,
                            "y": 484558
                        },
                        {
                            "x": 1530342000000,
                            "y": 477547
                        },
                        {
                            "x": 1533020400000,
                            "y": 479276
                        },
                        {
                            "x": 1535698800000,
                            "y": 476968
                        },
                        {
                            "x": 1538290800000,
                            "y": 476459
                        },
                        {
                            "x": 1540969200000,
                            "y": 473603
                        },
                        {
                            "x": 1543564800000,
                            "y": 480061
                        },
                        {
                            "x": 1546243200000,
                            "y": 480142
                        },
                        {
                            "x": 1548921600000,
                            "y": 483930
                        },
                        {
                            "x": 1551340800000,
                            "y": 482220
                        },
                        {
                            "x": 1554015600000,
                            "y": 484129
                        },
                        {
                            "x": 1556607600000,
                            "y": 485775
                        },
                        {
                            "x": 1559286000000,
                            "y": 483588
                        },
                        {
                            "x": 1561878000000,
                            "y": 488811
                        },
                        {
                            "x": 1564556400000,
                            "y": 489841
                        },
                        {
                            "x": 1567234800000,
                            "y": 491546
                        },
                        {
                            "x": 1569826800000,
                            "y": 503214
                        },
                        {
                            "x": 1572505200000,
                            "y": 501139
                        },
                        {
                            "x": 1575100800000,
                            "y": 501694
                        },
                        {
                            "x": 1577779200000,
                            "y": 499300
                        },
                        {
                            "x": 1580457600000,
                            "y": 499342
                        },
                        {
                            "x": 1582963200000,
                            "y": 493750
                        },
                        {
                            "x": 1585638000000,
                            "y": 495831
                        },
                        {
                            "x": 1588230000000,
                            "y": 499920
                        },
                        {
                            "x": 1590908400000,
                            "y": 510496
                        },
                        {
                            "x": 1593500400000,
                            "y": 513155
                        },
                        {
                            "x": 1596178800000,
                            "y": 512790
                        },
                        {
                            "x": 1598857200000,
                            "y": 513952
                        },
                        {
                            "x": 1601449200000,
                            "y": 521119
                        },
                        {
                            "x": 1604127600000,
                            "y": 528986
                        },
                        {
                            "x": 1606723200000,
                            "y": 535159
                        },
                        {
                            "x": 1609401600000,
                            "y": 544514
                        },
                        {
                            "x": 1612080000000,
                            "y": 553397
                        },
                        {
                            "x": 1614499200000,
                            "y": 561739
                        },
                        {
                            "x": 1617174000000,
                            "y": 564001
                        },
                        {
                            "x": 1619766000000,
                            "y": 582285
                        },
                        {
                            "x": 1622444400000,
                            "y": 602306
                        },
                        {
                            "x": 1625036400000,
                            "y": 603600
                        },
                        {
                            "x": 1627714800000,
                            "y": 613600
                        },
                        {
                            "x": 1630393200000,
                            "y": 609400
                        },
                        {
                            "x": 1632985200000,
                            "y": 613600
                        },
                        {
                            "x": 1635663600000,
                            "y": 622900
                        },
                        {
                            "x": 1638259200000,
                            "y": 630500
                        },
                        {
                            "x": 1640937600000,
                            "y": 639900
                        },
                        {
                            "x": 1643616000000,
                            "y": 644600
                        },
                        {
                            "x": 1646035200000,
                            "y": 650900
                        },
                        {
                            "x": 1648710000000,
                            "y": 697300
                        },
                        {
                            "x": 1651302000000,
                            "y": 731700
                        },
                        {
                            "x": 1653980400000,
                            "y": 747800
                        },
                        {
                            "x": 1656572400000,
                            "y": 761400
                        },
                        {
                            "x": 1659250800000,
                            "y": 770800
                        },
                        {
                            "x": 1661929200000,
                            "y": 765700
                        },
                        {
                            "x": 1664521200000,
                            "y": 756600
                        },
                        {
                            "x": 1667199600000,
                            "y": 751200
                        },
                        {
                            "x": 1669795200000,
                            "y": 737800
                        },
                        {
                            "x": 1672473600000,
                            "y": 730900
                        },
                        {
                            "x": 1675152000000,
                            "y": 725400
                        },
                        {
                            "x": 1677571200000,
                            "y": 732600
                        },
                        {
                            "x": 1680246000000,
                            "y": 757300
                        },
                        {
                            "x": 1682838000000,
                            "y": 763900
                        },
                        {
                            "x": 1685516400000,
                            "y": 772900
                        },
                        {
                            "x": 1688108400000,
                            "y": 787900
                        },
                        {
                            "x": 1690786800000,
                            "y": 794100
                        },
                        {
                            "x": 1693465200000,
                            "y": 785500
                        },
                        {
                            "x": 1696057200000,
                            "y": 798400
                        },
                        {
                            "x": 1698735600000,
                            "y": 804800
                        },
                        {
                            "x": 1701331200000,
                            "y": 809000
                        },
                        {
                            "x": 1704009600000,
                            "y": 849900
                        },
                        {
                            "x": 1706688000000,
                            "y": 847100
                        },
                        {
                            "x": 1707206400000,
                            "y": 795400
                        }
                    ],
                    "name": "This home"
                }
            ]
        }
    }
}