{
    "data": {
        "property": {
            "homeValueChartData": [
                {
                    "points": [
                        {
                            "x": 1393574400000,
                            "y": 371022
                        },
                        {
                            "x": 1396249200000,
                            "y": 379651
                        },
                        {
                            "x": 1398841200000,
                            "y": 374568
                        },
                        {
                            "x": 1401519600000,
                            "y": 377465
                        },
                        {
                            "x": 1404111600000,
                            "y": 370952
                        },
                        {
                            "x": 1406790000000,
                            "y": 375686
                        },
                        {
                            "x": 1409468400000,
                            "y": 374662
                        },
                        {
                            "x": 1412060400000,
                            "y": 369462
                        },
                        {
                            "x": 1414738800000,
                            "y": 380707
                        },
                        {
                            "x": 1417334400000,
                            "y": 360069
                        },
                        {
                            "x": 1420012800000,
                            "y": 364425
                        },
                        {
                            "x": 1422691200000,
                            "y": 364836
                        },
                        {
                            "x": 1425110400000,
                            "y": 365450
                        },
                        {
                            "x": 1427785200000,
                            "y": 373593
                        },
                        {
                            "x": 1430377200000,
                            "y": 375561
                        },
                        {
                            "x": 1433055600000,
                            "y": 382228
                        },
                        {
                            "x": 1435647600000,
                            "y": 386530
                        },
                        {
                            "x": 1438326000000,
                            "y": 386793
                        },
                        {
                            "x": 1441004400000,
                            "y": 395478
                        },
                        {
                            "x": 1443596400000,
                            "y": 396029
                        },
                        {
                            "x": 1446274800000,
                            "y": 393285
                        },
                        {
                            "x": 1448870400000,
                            "y": 404094
                        },
                        {
                            "x": 1451548800000,
                            "y": 402905
                        },
                        {
                            "x": 1454227200000,
                            "y": 408333
                        },
                        {
                            "x": 1456732800000,
                            "y": 408903
                        },
                        {
                            "x": 1459407600000,
                            "y": 405306
                        },
                        {
                            "x": 1461999600000,
                            "y": 408499
                        },
                        {
                            "x": 1464678000000,
                            "y": 410013
                        },
                        {
                            "x": 1467270000000,
                            "y": 414770
                        },
                        {
                            "x": 1469948400000,
                            "y": 409863
                        },
                        {
                            "x": 1472626800000,
                            "y": 408883
                        },
                        {
                            "x": 1475218800000,
                            "y": 414062
                        },
                        {
                            "x": 1477897200000,
                            "y": 419368
                        },
                        {
                            "x": 1480492800000,
                            "y": 418129
                        },
                        {
                            "x": 1483171200000,
                            "y": 414812
                        },
                        {
                            "x": 1485849600000,
                            "y": 420188
                        },
                        {
                            "x": 1488268800000,
                            "y": 418841
                        },
                        {
                            "x": 1490943600000,
                            "y": 504237
                        },
                        {
                            "x": 1493535600000,
                            "y": 505160
                        },
                        {
                            "x": 1496214000000,
                            "y": 499867
                        },
                        {
                            "x": 1498806000000,
                            "y": 497816
                        },
                        {
                            "x": 1501484400000,
                            "y": 495761
                        },
                        {
                            "x": 1504162800000,
                            "y": 495934
                        },
                        {
                            "x": 1506754800000,
                            "y": 500240
                        },
                        {
                            "x": 1509433200000,
                            "y": 503614
                        },
                        {
                            "x": 1512028800000,
                            "y": 500844
                        },
                        {
                            "x": 1514707200000,
                            "y": 500844
                        },
                        {
                            "x": 1517385600000,
                            "y": 492918
                        },
                        {
                            "x": 1519804800000,
                            "y": 436684
                        },
                        {
                            "x": 1522479600000,
                            "y": 436532
                        },
                        {
                            "x": 1525071600000,
                            "y": 444449
                        },
                        {
                            "x": 1527750000000,
                            "y": 453864
                        },
                        {
                            "x": 1530342000000,
                            "y": 453444
                        },
                        {
                            "x": 1533020400000,
                            "y": 455364
                        },
                        {
                            "x": 1535698800000,
                            "y": 442930
                        },
                        {
                            "x": 1538290800000,
                            "y": 445166
                        },
                        {
                            "x": 1540969200000,
                            "y": 450566
                        },
                        {
                            "x": 1543564800000,
                            "y": 454767
                        },
                        {
                            "x": 1546243200000,
                            "y": 461526
                        },
                        {
                            "x": 1548921600000,
                            "y": 467782
                        },
                        {
                            "x": 1551340800000,
                            "y": 469949
                        },
                        {
                            "x": 1554015600000,
                            "y": 470799
                        },
                        {
                            "x": 1556607600000,
                            "y": 475446
                        },
                        {
                            "x": 1559286000000,
                            "y": 472985
                        },
                        {
                            "x": 1561878000000,
                            "y": 470827
                        },
                        {
                            "x": 1564556400000,
                            "y": 466268
                        },
                        {
                            "x": 1567234800000,
                            "y": 461486
                        },
                        {
                            "x": 1569826800000,
                            "y": 470825
                        },
                        {
                            "x": 1572505200000,
                            "y": 472572
                        },
                        {
                            "x": 1575100800000,
                            "y": 472648
                        },
                        {
                            "x": 1577779200000,
                            "y": 470253
                        },
                        {
                            "x": 1580457600000,
                            "y": 472252
                        },
                        {
                            "x": 1582963200000,
                            "y": 459123
                        },
                        {
                            "x": 1585638000000,
                            "y": 462063
                        },
                        {
                            "x": 1588230000000,
                            "y": 473929
                        },
                        {
                            "x": 1590908400000,
                            "y": 480183
                        },
                        {
                            "x": 1593500400000,
                            "y": 477178
                        },
                        {
                            "x": 1596178800000,
                            "y": 478350
                        },
                        {
                            "x": 1598857200000,
                            "y": 481256
                        },
                        {
                            "x": 1601449200000,
                            "y": 492798
                        },
                        {
                            "x": 1604127600000,
                            "y": 499134
                        },
                        {
                            "x": 1606723200000,
                            "y": 486288
                        },
                        {
                            "x": 1609401600000,
                            "y": 490041
                        },
                        {
                            "x": 1612080000000,
                            "y": 487339
                        },
                        {
                            "x": 1614499200000,
                            "y": 492886
                        },
                        {
                            "x": 1617174000000,
                            "y": 496440
                        },
                        {
                            "x": 1619766000000,
                            "y": 514889
                        },
                        {
                            "x": 1622444400000,
                            "y": 556090
                        },
                        {
                            "x": 1625036400000,
                            "y": 540100
                        },
                        {
                            "x": 1627714800000,
                            "y": 530300
                        },
                        {
                            "x": 1630393200000,
                            "y": 530000
                        },
                        {
                            "x": 1632985200000,
                            "y": 533500
                        },
                        {
                            "x": 1635663600000,
                            "y": 539100
                        },
                        {
                            "x": 1638259200000,
                            "y": 544500
                        },
                        {
                            "x": 1640937600000,
                            "y": 552500
                        },
                        {
                            "x": 1643616000000,
                            "y": 563400
                        },
                        {
                            "x": 1646035200000,
                            "y": 570000
                        },
                        {
                            "x": 1648710000000,
                            "y": 611200
                        },
                        {
                            "x": 1651302000000,
                            "y": 640100
                        },
                        {
                            "x": 1653980400000,
                            "y": 655300
                        },
                        {
                            "x": 1656572400000,
                            "y": 664400
                        },
                        {
                            "x": 1659250800000,
                            "y": 667900
                        },
                        {
                            "x": 1661929200000,
                            "y": 660700
                        },
                        {
                            "x": 1664521200000,
                            "y": 655000
                        },
                        {
                            "x": 1667199600000,
                            "y": 654400
                        },
                        {
                            "x": 1669795200000,
                            "y": 643700
                        },
                        {
                            "x": 1672473600000,
                            "y": 638600
                        },
                        {
                            "x": 1675152000000,
                            "y": 634000
                        },
                        {
                            "x": 1677571200000,
                            "y": 629200
                        },
                        {
                            "x": 1680246000000,
                            "y": 639200
                        },
                        {
                            "x": 1682838000000,
                            "y": 644100
                        },
                        {
                            "x": 1685516400000,
                            "y": 652100
                        },
                        {
                            "x": 1688108400000,
                            "y": 659600
                        },
                        {
                            "x": 1690786800000,
                            "y": 670000
                        },
                        {
                            "x": 1693465200000,
                            "y": 677600
                        },
                        {
                            "x": 1696057200000,
                            "y": 683300
                        },
                        {
                            "x": 1698735600000,
                            "y": 690600
                        },
                        {
                            "x": 1701331200000,
                            "y": 685000
                        },
                        {
                            "x": 1704009600000,
                            "y": 690700
                        },
                        {
                            "x": 1706688000000,
                            "y": 698800
                        },
                        {
                            "x": 1707292800000,
                            "y": 677600
                        }
                    ],
                    "name": "This home"
                }
            ]
        }
    }
}