{
    "data": {
        "property": {
            "homeValueChartData": [
                {
                    "points": [
                        {
                            "x": 1393574400000,
                            "y": 297391
                        },
                        {
                            "x": 1396249200000,
                            "y": 295981
                        },
                        {
                            "x": 1398841200000,
                            "y": 297748
                        },
                        {
                            "x": 1401519600000,
                            "y": 302511
                        },
                        {
                            "x": 1404111600000,
                            "y": 295136
                        },
                        {
                            "x": 1406790000000,
                            "y": 301700
                        },
                        {
                            "x": 1409468400000,
                            "y": 302401
                        },
                        {
                            "x": 1412060400000,
                            "y": 310002
                        },
                        {
                            "x": 1414738800000,
                            "y": 309578
                        },
                        {
                            "x": 1417334400000,
                            "y": 308123
                        },
                        {
                            "x": 1420012800000,
                            "y": 312001
                        },
                        {
                            "x": 1422691200000,
                            "y": 312930
                        },
                        {
                            "x": 1425110400000,
                            "y": 309008
                        },
                        {
                            "x": 1427785200000,
                            "y": 309830
                        },
                        {
                            "x": 1430377200000,
                            "y": 312151
                        },
                        {
                            "x": 1433055600000,
                            "y": 315670
                        },
                        {
                            "x": 1435647600000,
                            "y": 322361
                        },
                        {
                            "x": 1438326000000,
                            "y": 319820
                        },
                        {
                            "x": 1441004400000,
                            "y": 316235
                        },
                        {
                            "x": 1443596400000,
                            "y": 322949
                        },
                        {
                            "x": 1446274800000,
                            "y": 321544
                        },
                        {
                            "x": 1448870400000,
                            "y": 322918
                        },
                        {
                            "x": 1451548800000,
                            "y": 324292
                        },
                        {
                            "x": 1454227200000,
                            "y": 326463
                        },
                        {
                            "x": 1456732800000,
                            "y": 327780
                        },
                        {
                            "x": 1459407600000,
                            "y": 330097
                        },
                        {
                            "x": 1461999600000,
                            "y": 332690
                        },
                        {
                            "x": 1464678000000,
                            "y": 334791
                        },
                        {
                            "x": 1467270000000,
                            "y": 338888
                        },
                        {
                            "x": 1469948400000,
                            "y": 339846
                        },
                        {
                            "x": 1472626800000,
                            "y": 342333
                        },
                        {
                            "x": 1475218800000,
                            "y": 345274
                        },
                        {
                            "x": 1477897200000,
                            "y": 347092
                        },
                        {
                            "x": 1480492800000,
                            "y": 353670
                        },
                        {
                            "x": 1483171200000,
                            "y": 351203
                        },
                        {
                            "x": 1485849600000,
                            "y": 347867
                        },
                        {
                            "x": 1488268800000,
                            "y": 354348
                        },
                        {
                            "x": 1490943600000,
                            "y": 353297
                        },
                        {
                            "x": 1493535600000,
                            "y": 359183
                        },
                        {
                            "x": 1496214000000,
                            "y": 355815
                        },
                        {
                            "x": 1498806000000,
                            "y": 354556
                        },
                        {
                            "x": 1501484400000,
                            "y": 361014
                        },
                        {
                            "x": 1504162800000,
                            "y": 363112
                        },
                        {
                            "x": 1506754800000,
                            "y": 363740
                        },
                        {
                            "x": 1509433200000,
                            "y": 366910
                        },
                        {
                            "x": 1512028800000,
                            "y": 365157
                        },
                        {
                            "x": 1514707200000,
                            "y": 369686
                        },
                        {
                            "x": 1517385600000,
                            "y": 374942
                        },
                        {
                            "x": 1519804800000,
                            "y": 373954
                        },
                        {
                            "x": 1522479600000,
                            "y": 374777
                        },
                        {
                            "x": 1525071600000,
                            "y": 370933
                        },
                        {
                            "x": 1527750000000,
                            "y": 370504
                        },
                        {
                            "x": 1530342000000,
                            "y": 369600
                        },
                        {
                            "x": 1533020400000,
                            "y": 372077
                        },
                        {
                            "x": 1535698800000,
                            "y": 375681
                        },
                        {
                            "x": 1538290800000,
                            "y": 379067
                        },
                        {
                            "x": 1540969200000,
                            "y": 378620
                        },
                        {
                            "x": 1543564800000,
                            "y": 386859
                        },
                        {
                            "x": 1546243200000,
                            "y": 386909
                        },
                        {
                            "x": 1548921600000,
                            "y": 385394
                        },
                        {
                            "x": 1551340800000,
                            "y": 388129
                        },
                        {
                            "x": 1554015600000,
                            "y": 390409
                        },
                        {
                            "x": 1556607600000,
                            "y": 390573
                        },
                        {
                            "x": 1559286000000,
                            "y": 392548
                        },
                        {
                            "x": 1561878000000,
                            "y": 394373
                        },
                        {
                            "x": 1564556400000,
                            "y": 393753
                        },
                        {
                            "x": 1567234800000,
                            "y": 393779
                        },
                        {
                            "x": 1569826800000,
                            "y": 397031
                        },
                        {
                            "x": 1572505200000,
                            "y": 395540
                        },
                        {
                            "x": 1575100800000,
                            "y": 397189
                        },
                        {
                            "x": 1577779200000,
                            "y": 394716
                        },
                        {
                            "x": 1580457600000,
                            "y": 395330
                        },
                        {
                            "x": 1582963200000,
                            "y": 396401
                        },
                        {
                            "x": 1585638000000,
                            "y": 395197
                        },
                        {
                            "x": 1588230000000,
                            "y": 390545
                        },
                        {
                            "x": 1590908400000,
                            "y": 394034
                        },
                        {
                            "x": 1593500400000,
                            "y": 392273
                        },
                        {
                            "x": 1596178800000,
                            "y": 393007
                        },
                        {
                            "x": 1598857200000,
                            "y": 397926
                        },
                        {
                            "x": 1601449200000,
                            "y": 397600
                        },
                        {
                            "x": 1604127600000,
                            "y": 403839
                        },
                        {
                            "x": 1606723200000,
                            "y": 411151
                        },
                        {
                            "x": 1609401600000,
                            "y": 413695
                        },
                        {
                            "x": 1612080000000,
                            "y": 416146
                        },
                        {
                            "x": 1614499200000,
                            "y": 425606
                        },
                        {
                            "x": 1617174000000,
                            "y": 430549
                        },
                        {
                            "x": 1619766000000,
                            "y": 433237
                        },
                        {
                            "x": 1622444400000,
                            "y": 443860
                        },
                        {
                            "x": 1625036400000,
                            "y": 451400
                        },
                        {
                            "x": 1627714800000,
                            "y": 462200
                        },
                        {
                            "x": 1630393200000,
                            "y": 474300
                        },
                        {
                            "x": 1632985200000,
                            "y": 487200
                        },
                        {
                            "x": 1635663600000,
                            "y": 492300
                        },
                        {
                            "x": 1638259200000,
                            "y": 496500
                        },
                        {
                            "x": 1640937600000,
                            "y": 509100
                        },
                        {
                            "x": 1643616000000,
                            "y": 519600
                        },
                        {
                            "x": 1646035200000,
                            "y": 524900
                        },
                        {
                            "x": 1648710000000,
                            "y": 545400
                        },
                        {
                            "x": 1651302000000,
                            "y": 570300
                        },
                        {
                            "x": 1653980400000,
                            "y": 582900
                        },
                        {
                            "x": 1656572400000,
                            "y": 597200
                        },
                        {
                            "x": 1659250800000,
                            "y": 604600
                        },
                        {
                            "x": 1661929200000,
                            "y": 601900
                        },
                        {
                            "x": 1664521200000,
                            "y": 591900
                        },
                        {
                            "x": 1667199600000,
                            "y": 576700
                        },
                        {
                            "x": 1669795200000,
                            "y": 568000
                        },
                        {
                            "x": 1672473600000,
                            "y": 565900
                        },
                        {
                            "x": 1675152000000,
                            "y": 563000
                        },
                        {
                            "x": 1677571200000,
                            "y": 566900
                        },
                        {
                            "x": 1680246000000,
                            "y": 584500
                        },
                        {
                            "x": 1682838000000,
                            "y": 585700
                        },
                        {
                            "x": 1685516400000,
                            "y": 589800
                        },
                        {
                            "x": 1688108400000,
                            "y": 609600
                        },
                        {
                            "x": 1690786800000,
                            "y": 610000
                        },
                        {
                            "x": 1693465200000,
                            "y": 608200
                        },
                        {
                            "x": 1696057200000,
                            "y": 616400
                        },
                        {
                            "x": 1698735600000,
                            "y": 618300
                        },
                        {
                            "x": 1701331200000,
                            "y": 620900
                        },
                        {
                            "x": 1704009600000,
                            "y": 615200
                        },
                        {
                            "x": 1706688000000,
                            "y": 652700
                        },
                        {
                            "x": 1707379200000,
                            "y": 631700
                        }
                    ],
                    "name": "This home"
                },
                {
                    "points": [
                        {
                            "x": 1490166000000,
                            "y": 193400
                        },
                        {
                            "x": 1613030400000,
                            "y": 425400
                        }
                    ],
                    "name": "Sale"
                }
            ]
        }
    }
}