{
    "data": {
        "property": {
            "homeValueChartData": [
                {
                    "points": [
                        {
                            "x": 1393574400000,
                            "y": 315563
                        },
                        {
                            "x": 1396249200000,
                            "y": 319802
                        },
                        {
                            "x": 1398841200000,
                            "y": 316279
                        },
                        {
                            "x": 1401519600000,
                            "y": 322129
                        },
                        {
                            "x": 1404111600000,
                            "y": 319677
                        },
                        {
                            "x": 1406790000000,
                            "y": 324567
                        },
                        {
                            "x": 1409468400000,
                            "y": 322381
                        },
                        {
                            "x": 1412060400000,
                            "y": 328287
                        },
                        {
                            "x": 1414738800000,
                            "y": 325153
                        },
                        {
                            "x": 1417334400000,
                            "y": 321287
                        },
                        {
                            "x": 1420012800000,
                            "y": 328420
                        },
                        {
                            "x": 1422691200000,
                            "y": 332368
                        },
                        {
                            "x": 1425110400000,
                            "y": 339268
                        },
                        {
                            "x": 1427785200000,
                            "y": 333037
                        },
                        {
                            "x": 1430377200000,
                            "y": 338214
                        },
                        {
                            "x": 1433055600000,
                            "y": 335756
                        },
                        {
                            "x": 1435647600000,
                            "y": 341926
                        },
                        {
                            "x": 1438326000000,
                            "y": 340972
                        },
                        {
                            "x": 1441004400000,
                            "y": 342242
                        },
                        {
                            "x": 1443596400000,
                            "y": 345012
                        },
                        {
                            "x": 1446274800000,
                            "y": 348644
                        },
                        {
                            "x": 1448870400000,
                            "y": 351263
                        },
                        {
                            "x": 1451548800000,
                            "y": 352775
                        },
                        {
                            "x": 1454227200000,
                            "y": 354353
                        },
                        {
                            "x": 1456732800000,
                            "y": 355585
                        },
                        {
                            "x": 1459407600000,
                            "y": 357542
                        },
                        {
                            "x": 1461999600000,
                            "y": 358307
                        },
                        {
                            "x": 1464678000000,
                            "y": 365454
                        },
                        {
                            "x": 1467270000000,
                            "y": 366965
                        },
                        {
                            "x": 1469948400000,
                            "y": 367184
                        },
                        {
                            "x": 1472626800000,
                            "y": 369669
                        },
                        {
                            "x": 1475218800000,
                            "y": 370347
                        },
                        {
                            "x": 1477897200000,
                            "y": 372878
                        },
                        {
                            "x": 1480492800000,
                            "y": 380734
                        },
                        {
                            "x": 1483171200000,
                            "y": 379359
                        },
                        {
                            "x": 1485849600000,
                            "y": 379280
                        },
                        {
                            "x": 1488268800000,
                            "y": 379173
                        },
                        {
                            "x": 1490943600000,
                            "y": 373503
                        },
                        {
                            "x": 1493535600000,
                            "y": 376508
                        },
                        {
                            "x": 1496214000000,
                            "y": 375265
                        },
                        {
                            "x": 1498806000000,
                            "y": 376773
                        },
                        {
                            "x": 1501484400000,
                            "y": 377310
                        },
                        {
                            "x": 1504162800000,
                            "y": 380764
                        },
                        {
                            "x": 1506754800000,
                            "y": 384786
                        },
                        {
                            "x": 1509433200000,
                            "y": 385869
                        },
                        {
                            "x": 1512028800000,
                            "y": 387854
                        },
                        {
                            "x": 1514707200000,
                            "y": 389376
                        },
                        {
                            "x": 1517385600000,
                            "y": 388718
                        },
                        {
                            "x": 1519804800000,
                            "y": 391482
                        },
                        {
                            "x": 1522479600000,
                            "y": 397877
                        },
                        {
                            "x": 1525071600000,
                            "y": 399765
                        },
                        {
                            "x": 1527750000000,
                            "y": 398365
                        },
                        {
                            "x": 1530342000000,
                            "y": 402231
                        },
                        {
                            "x": 1533020400000,
                            "y": 403270
                        },
                        {
                            "x": 1535698800000,
                            "y": 402844
                        },
                        {
                            "x": 1538290800000,
                            "y": 404028
                        },
                        {
                            "x": 1540969200000,
                            "y": 400886
                        },
                        {
                            "x": 1543564800000,
                            "y": 406129
                        },
                        {
                            "x": 1546243200000,
                            "y": 409632
                        },
                        {
                            "x": 1548921600000,
                            "y": 408438
                        },
                        {
                            "x": 1551340800000,
                            "y": 411976
                        },
                        {
                            "x": 1554015600000,
                            "y": 409528
                        },
                        {
                            "x": 1556607600000,
                            "y": 410668
                        },
                        {
                            "x": 1559286000000,
                            "y": 407716
                        },
                        {
                            "x": 1561878000000,
                            "y": 408831
                        },
                        {
                            "x": 1564556400000,
                            "y": 411765
                        },
                        {
                            "x": 1567234800000,
                            "y": 414669
                        },
                        {
                            "x": 1569826800000,
                            "y": 422059
                        },
                        {
                            "x": 1572505200000,
                            "y": 423247
                        },
                        {
                            "x": 1575100800000,
                            "y": 422845
                        },
                        {
                            "x": 1577779200000,
                            "y": 423446
                        },
                        {
                            "x": 1580457600000,
                            "y": 425701
                        },
                        {
                            "x": 1582963200000,
                            "y": 428624
                        },
                        {
                            "x": 1585638000000,
                            "y": 426953
                        },
                        {
                            "x": 1588230000000,
                            "y": 428532
                        },
                        {
                            "x": 1590908400000,
                            "y": 431787
                        },
                        {
                            "x": 1593500400000,
                            "y": 429067
                        },
                        {
                            "x": 1596178800000,
                            "y": 429932
                        },
                        {
                            "x": 1598857200000,
                            "y": 434181
                        },
                        {
                            "x": 1601449200000,
                            "y": 436448
                        },
                        {
                            "x": 1604127600000,
                            "y": 438093
                        },
                        {
                            "x": 1606723200000,
                            "y": 439830
                        },
                        {
                            "x": 1609401600000,
                            "y": 446421
                        },
                        {
                            "x": 1612080000000,
                            "y": 452870
                        },
                        {
                            "x": 1614499200000,
                            "y": 461378
                        },
                        {
                            "x": 1617174000000,
                            "y": 463773
                        },
                        {
                            "x": 1619766000000,
                            "y": 479806
                        },
                        {
                            "x": 1622444400000,
                            "y": 504512
                        },
                        {
                            "x": 1625036400000,
                            "y": 523100
                        },
                        {
                            "x": 1627714800000,
                            "y": 539300
                        },
                        {
                            "x": 1630393200000,
                            "y": 544100
                        },
                        {
                            "x": 1632985200000,
                            "y": 551900
                        },
                        {
                            "x": 1635663600000,
                            "y": 559900
                        },
                        {
                            "x": 1638259200000,
                            "y": 569600
                        },
                        {
                            "x": 1640937600000,
                            "y": 580600
                        },
                        {
                            "x": 1643616000000,
                            "y": 587400
                        },
                        {
                            "x": 1646035200000,
                            "y": 598700
                        },
                        {
                            "x": 1648710000000,
                            "y": 624600
                        },
                        {
                            "x": 1651302000000,
                            "y": 643300
                        },
                        {
                            "x": 1653980400000,
                            "y": 655900
                        },
                        {
                            "x": 1656572400000,
                            "y": 664900
                        },
                        {
                            "x": 1659250800000,
                            "y": 667900
                        },
                        {
                            "x": 1661929200000,
                            "y": 661700
                        },
                        {
                            "x": 1664521200000,
                            "y": 656900
                        },
                        {
                            "x": 1667199600000,
                            "y": 654600
                        },
                        {
                            "x": 1669795200000,
                            "y": 642400
                        },
                        {
                            "x": 1672473600000,
                            "y": 640500
                        },
                        {
                            "x": 1675152000000,
                            "y": 635600
                        },
                        {
                            "x": 1677571200000,
                            "y": 641200
                        },
                        {
                            "x": 1680246000000,
                            "y": 659400
                        },
                        {
                            "x": 1682838000000,
                            "y": 663900
                        },
                        {
                            "x": 1685516400000,
                            "y": 668500
                        },
                        {
                            "x": 1688108400000,
                            "y": 695100
                        },
                        {
                            "x": 1690786800000,
                            "y": 694100
                        },
                        {
                            "x": 1693465200000,
                            "y": 698900
                        },
                        {
                            "x": 1696057200000,
                            "y": 738000
                        },
                        {
                            "x": 1698735600000,
                            "y": 679500
                        },
                        {
                            "x": 1701331200000,
                            "y": 646300
                        },
                        {
                            "x": 1704009600000,
                            "y": 647300
                        },
                        {
                            "x": 1706688000000,
                            "y": 639300
                        },
                        {
                            "x": 1707379200000,
                            "y": 636300
                        }
                    ],
                    "name": "This home"
                }
            ]
        }
    }
}