{
    "data": {
        "property": {
            "homeValueChartData": [
                {
                    "points": [
                        {
                            "x": 1393574400000,
                            "y": 132439
                        },
                        {
                            "x": 1396249200000,
                            "y": 132743
                        },
                        {
                            "x": 1398841200000,
                            "y": 129365
                        },
                        {
                            "x": 1401519600000,
                            "y": 131508
                        },
                        {
                            "x": 1404111600000,
                            "y": 138618
                        },
                        {
                            "x": 1406790000000,
                            "y": 139424
                        },
                        {
                            "x": 1409468400000,
                            "y": 132141
                        },
                        {
                            "x": 1412060400000,
                            "y": 135737
                        },
                        {
                            "x": 1414738800000,
                            "y": 139661
                        },
                        {
                            "x": 1417334400000,
                            "y": 139384
                        },
                        {
                            "x": 1420012800000,
                            "y": 140580
                        },
                        {
                            "x": 1422691200000,
                            "y": 141750
                        },
                        {
                            "x": 1425110400000,
                            "y": 143901
                        },
                        {
                            "x": 1427785200000,
                            "y": 141841
                        },
                        {
                            "x": 1430377200000,
                            "y": 143646
                        },
                        {
                            "x": 1433055600000,
                            "y": 142756
                        },
                        {
                            "x": 1435647600000,
                            "y": 145392
                        },
                        {
                            "x": 1438326000000,
                            "y": 145122
                        },
                        {
                            "x": 1441004400000,
                            "y": 145759
                        },
                        {
                            "x": 1443596400000,
                            "y": 146352
                        },
                        {
                            "x": 1446274800000,
                            "y": 148693
                        },
                        {
                            "x": 1448870400000,
                            "y": 149143
                        },
                        {
                            "x": 1451548800000,
                            "y": 149528
                        },
                        {
                            "x": 1454227200000,
                            "y": 150241
                        },
                        {
                            "x": 1456732800000,
                            "y": 150778
                        },
                        {
                            "x": 1459407600000,
                            "y": 150854
                        },
                        {
                            "x": 1461999600000,
                            "y": 151271
                        },
                        {
                            "x": 1464678000000,
                            "y": 154501
                        },
                        {
                            "x": 1467270000000,
                            "y": 155341
                        },
                        {
                            "x": 1469948400000,
                            "y": 155297
                        },
                        {
                            "x": 1472626800000,
                            "y": 156353
                        },
                        {
                            "x": 1475218800000,
                            "y": 157280
                        },
                        {
                            "x": 1477897200000,
                            "y": 158138
                        },
                        {
                            "x": 1480492800000,
                            "y": 161396
                        },
                        {
                            "x": 1483171200000,
                            "y": 160908
                        },
                        {
                            "x": 1485849600000,
                            "y": 162071
                        },
                        {
                            "x": 1488268800000,
                            "y": 163270
                        },
                        {
                            "x": 1490943600000,
                            "y": 163044
                        },
                        {
                            "x": 1493535600000,
                            "y": 166603
                        },
                        {
                            "x": 1496214000000,
                            "y": 164748
                        },
                        {
                            "x": 1498806000000,
                            "y": 164730
                        },
                        {
                            "x": 1501484400000,
                            "y": 167635
                        },
                        {
                            "x": 1504162800000,
                            "y": 168443
                        },
                        {
                            "x": 1506754800000,
                            "y": 168779
                        },
                        {
                            "x": 1509433200000,
                            "y": 181364
                        },
                        {
                            "x": 1512028800000,
                            "y": 191067
                        },
                        {
                            "x": 1514707200000,
                            "y": 213813
                        },
                        {
                            "x": 1517385600000,
                            "y": 225415
                        },
                        {
                            "x": 1519804800000,
                            "y": 222201
                        },
                        {
                            "x": 1522479600000,
                            "y": 224072
                        },
                        {
                            "x": 1525071600000,
                            "y": 222879
                        },
                        {
                            "x": 1527750000000,
                            "y": 226540
                        },
                        {
                            "x": 1530342000000,
                            "y": 227847
                        },
                        {
                            "x": 1533020400000,
                            "y": 235749
                        },
                        {
                            "x": 1535698800000,
                            "y": 243188
                        },
                        {
                            "x": 1538290800000,
                            "y": 231684
                        },
                        {
                            "x": 1540969200000,
                            "y": 231848
                        },
                        {
                            "x": 1543564800000,
                            "y": 223420
                        },
                        {
                            "x": 1546243200000,
                            "y": 226872
                        },
                        {
                            "x": 1548921600000,
                            "y": 228848
                        },
                        {
                            "x": 1551340800000,
                            "y": 230725
                        },
                        {
                            "x": 1554015600000,
                            "y": 234291
                        },
                        {
                            "x": 1556607600000,
                            "y": 228809
                        },
                        {
                            "x": 1559286000000,
                            "y": 229183
                        },
                        {
                            "x": 1561878000000,
                            "y": 227977
                        },
                        {
                            "x": 1564556400000,
                            "y": 229648
                        },
                        {
                            "x": 1567234800000,
                            "y": 232761
                        },
                        {
                            "x": 1569826800000,
                            "y": 229971
                        },
                        {
                            "x": 1572505200000,
                            "y": 231718
                        },
                        {
                            "x": 1575100800000,
                            "y": 227410
                        },
                        {
                            "x": 1577779200000,
                            "y": 226111
                        },
                        {
                            "x": 1580457600000,
                            "y": 235123
                        },
                        {
                            "x": 1582963200000,
                            "y": 248657
                        },
                        {
                            "x": 1585638000000,
                            "y": 253747
                        },
                        {
                            "x": 1588230000000,
                            "y": 250664
                        },
                        {
                            "x": 1590908400000,
                            "y": 231208
                        },
                        {
                            "x": 1593500400000,
                            "y": 223422
                        },
                        {
                            "x": 1596178800000,
                            "y": 224942
                        },
                        {
                            "x": 1598857200000,
                            "y": 221571
                        },
                        {
                            "x": 1601449200000,
                            "y": 205994
                        },
                        {
                            "x": 1604127600000,
                            "y": 232114
                        },
                        {
                            "x": 1606723200000,
                            "y": 227014
                        },
                        {
                            "x": 1609401600000,
                            "y": 229724
                        },
                        {
                            "x": 1612080000000,
                            "y": 255901
                        },
                        {
                            "x": 1614499200000,
                            "y": 277208
                        },
                        {
                            "x": 1617174000000,
                            "y": 274460
                        },
                        {
                            "x": 1619766000000,
                            "y": 263506
                        },
                        {
                            "x": 1622444400000,
                            "y": 293282
                        },
                        {
                            "x": 1625036400000,
                            "y": 269600
                        },
                        {
                            "x": 1627714800000,
                            "y": 262600
                        },
                        {
                            "x": 1630393200000,
                            "y": 262000
                        },
                        {
                            "x": 1632985200000,
                            "y": 263300
                        },
                        {
                            "x": 1635663600000,
                            "y": 272600
                        },
                        {
                            "x": 1638259200000,
                            "y": 277600
                        },
                        {
                            "x": 1640937600000,
                            "y": 281500
                        },
                        {
                            "x": 1643616000000,
                            "y": 286100
                        },
                        {
                            "x": 1646035200000,
                            "y": 292000
                        },
                        {
                            "x": 1648710000000,
                            "y": 285200
                        },
                        {
                            "x": 1651302000000,
                            "y": 290100
                        },
                        {
                            "x": 1653980400000,
                            "y": 297700
                        },
                        {
                            "x": 1656572400000,
                            "y": 303600
                        },
                        {
                            "x": 1659250800000,
                            "y": 309300
                        },
                        {
                            "x": 1661929200000,
                            "y": 311500
                        },
                        {
                            "x": 1664521200000,
                            "y": 314300
                        },
                        {
                            "x": 1667199600000,
                            "y": 317300
                        },
                        {
                            "x": 1669795200000,
                            "y": 311100
                        },
                        {
                            "x": 1672473600000,
                            "y": 311900
                        },
                        {
                            "x": 1675152000000,
                            "y": 314400
                        },
                        {
                            "x": 1677571200000,
                            "y": 315700
                        },
                        {
                            "x": 1680246000000,
                            "y": 319900
                        },
                        {
                            "x": 1682838000000,
                            "y": 316600
                        },
                        {
                            "x": 1685516400000,
                            "y": 318800
                        },
                        {
                            "x": 1688108400000,
                            "y": 328700
                        },
                        {
                            "x": 1690786800000,
                            "y": 325800
                        },
                        {
                            "x": 1693465200000,
                            "y": 325700
                        },
                        {
                            "x": 1696057200000,
                            "y": 329900
                        },
                        {
                            "x": 1698735600000,
                            "y": 334600
                        },
                        {
                            "x": 1701331200000,
                            "y": 338300
                        },
                        {
                            "x": 1704009600000,
                            "y": 336300
                        },
                        {
                            "x": 1706688000000,
                            "y": 324300
                        },
                        {
                            "x": 1707292800000,
                            "y": 314900
                        }
                    ],
                    "name": "This home"
                },
                {
                    "points": [
                        {
                            "x": 1413356400000,
                            "y": 139500
                        }
                    ],
                    "name": "Sale"
                }
            ]
        }
    }
}