{
    "data": {
        "property": {
            "homeValueChartData": [
                {
                    "points": [
                        {
                            "x": 1393574400000,
                            "y": 171662
                        },
                        {
                            "x": 1396249200000,
                            "y": 170060
                        },
                        {
                            "x": 1398841200000,
                            "y": 172423
                        },
                        {
                            "x": 1401519600000,
                            "y": 172967
                        },
                        {
                            "x": 1404111600000,
                            "y": 174569
                        },
                        {
                            "x": 1406790000000,
                            "y": 176852
                        },
                        {
                            "x": 1409468400000,
                            "y": 174184
                        },
                        {
                            "x": 1412060400000,
                            "y": 176872
                        },
                        {
                            "x": 1414738800000,
                            "y": 180296
                        },
                        {
                            "x": 1417334400000,
                            "y": 181819
                        },
                        {
                            "x": 1420012800000,
                            "y": 184466
                        },
                        {
                            "x": 1422691200000,
                            "y": 179595
                        },
                        {
                            "x": 1425110400000,
                            "y": 181706
                        },
                        {
                            "x": 1427785200000,
                            "y": 187289
                        },
                        {
                            "x": 1430377200000,
                            "y": 188736
                        },
                        {
                            "x": 1433055600000,
                            "y": 189777
                        },
                        {
                            "x": 1435647600000,
                            "y": 192392
                        },
                        {
                            "x": 1438326000000,
                            "y": 194299
                        },
                        {
                            "x": 1441004400000,
                            "y": 192215
                        },
                        {
                            "x": 1443596400000,
                            "y": 196339
                        },
                        {
                            "x": 1446274800000,
                            "y": 204529
                        },
                        {
                            "x": 1448870400000,
                            "y": 203213
                        },
                        {
                            "x": 1451548800000,
                            "y": 207222
                        },
                        {
                            "x": 1454227200000,
                            "y": 208804
                        },
                        {
                            "x": 1456732800000,
                            "y": 206895
                        },
                        {
                            "x": 1459407600000,
                            "y": 208994
                        },
                        {
                            "x": 1461999600000,
                            "y": 210853
                        },
                        {
                            "x": 1464678000000,
                            "y": 213518
                        },
                        {
                            "x": 1467270000000,
                            "y": 217678
                        },
                        {
                            "x": 1469948400000,
                            "y": 216842
                        },
                        {
                            "x": 1472626800000,
                            "y": 218583
                        },
                        {
                            "x": 1475218800000,
                            "y": 221021
                        },
                        {
                            "x": 1477897200000,
                            "y": 220350
                        },
                        {
                            "x": 1480492800000,
                            "y": 224161
                        },
                        {
                            "x": 1483171200000,
                            "y": 225486
                        },
                        {
                            "x": 1485849600000,
                            "y": 229178
                        },
                        {
                            "x": 1488268800000,
                            "y": 231772
                        },
                        {
                            "x": 1490943600000,
                            "y": 232076
                        },
                        {
                            "x": 1493535600000,
                            "y": 232994
                        },
                        {
                            "x": 1496214000000,
                            "y": 232713
                        },
                        {
                            "x": 1498806000000,
                            "y": 234955
                        },
                        {
                            "x": 1501484400000,
                            "y": 239462
                        },
                        {
                            "x": 1504162800000,
                            "y": 244636
                        },
                        {
                            "x": 1506754800000,
                            "y": 242837
                        },
                        {
                            "x": 1509433200000,
                            "y": 243096
                        },
                        {
                            "x": 1512028800000,
                            "y": 244141
                        },
                        {
                            "x": 1514707200000,
                            "y": 249199
                        },
                        {
                            "x": 1517385600000,
                            "y": 251190
                        },
                        {
                            "x": 1519804800000,
                            "y": 251285
                        },
                        {
                            "x": 1522479600000,
                            "y": 263025
                        },
                        {
                            "x": 1525071600000,
                            "y": 261941
                        },
                        {
                            "x": 1527750000000,
                            "y": 257671
                        },
                        {
                            "x": 1530342000000,
                            "y": 257595
                        },
                        {
                            "x": 1533020400000,
                            "y": 260476
                        },
                        {
                            "x": 1535698800000,
                            "y": 263451
                        },
                        {
                            "x": 1538290800000,
                            "y": 259596
                        },
                        {
                            "x": 1540969200000,
                            "y": 255733
                        },
                        {
                            "x": 1543564800000,
                            "y": 259122
                        },
                        {
                            "x": 1546243200000,
                            "y": 260204
                        },
                        {
                            "x": 1548921600000,
                            "y": 260765
                        },
                        {
                            "x": 1551340800000,
                            "y": 262687
                        },
                        {
                            "x": 1554015600000,
                            "y": 263410
                        },
                        {
                            "x": 1556607600000,
                            "y": 263790
                        },
                        {
                            "x": 1559286000000,
                            "y": 261972
                        },
                        {
                            "x": 1561878000000,
                            "y": 262876
                        },
                        {
                            "x": 1564556400000,
                            "y": 261140
                        },
                        {
                            "x": 1567234800000,
                            "y": 260551
                        },
                        {
                            "x": 1569826800000,
                            "y": 269714
                        },
                        {
                            "x": 1572505200000,
                            "y": 270516
                        },
                        {
                            "x": 1575100800000,
                            "y": 269840
                        },
                        {
                            "x": 1577779200000,
                            "y": 269349
                        },
                        {
                            "x": 1580457600000,
                            "y": 269324
                        },
                        {
                            "x": 1582963200000,
                            "y": 275074
                        },
                        {
                            "x": 1585638000000,
                            "y": 274452
                        },
                        {
                            "x": 1588230000000,
                            "y": 270488
                        },
                        {
                            "x": 1590908400000,
                            "y": 275467
                        },
                        {
                            "x": 1593500400000,
                            "y": 275677
                        },
                        {
                            "x": 1596178800000,
                            "y": 273616
                        },
                        {
                            "x": 1598857200000,
                            "y": 275363
                        },
                        {
                            "x": 1601449200000,
                            "y": 267976
                        },
                        {
                            "x": 1604127600000,
                            "y": 281585
                        },
                        {
                            "x": 1606723200000,
                            "y": 282280
                        },
                        {
                            "x": 1609401600000,
                            "y": 283885
                        },
                        {
                            "x": 1612080000000,
                            "y": 290190
                        },
                        {
                            "x": 1614499200000,
                            "y": 295505
                        },
                        {
                            "x": 1617174000000,
                            "y": 298102
                        },
                        {
                            "x": 1619766000000,
                            "y": 309443
                        },
                        {
                            "x": 1622444400000,
                            "y": 321757
                        },
                        {
                            "x": 1625036400000,
                            "y": 330600
                        },
                        {
                            "x": 1627714800000,
                            "y": 336800
                        },
                        {
                            "x": 1630393200000,
                            "y": 330600
                        },
                        {
                            "x": 1632985200000,
                            "y": 331400
                        },
                        {
                            "x": 1635663600000,
                            "y": 336700
                        },
                        {
                            "x": 1638259200000,
                            "y": 341500
                        },
                        {
                            "x": 1640937600000,
                            "y": 346300
                        },
                        {
                            "x": 1643616000000,
                            "y": 347500
                        },
                        {
                            "x": 1646035200000,
                            "y": 351400
                        },
                        {
                            "x": 1648710000000,
                            "y": 352400
                        },
                        {
                            "x": 1651302000000,
                            "y": 358800
                        },
                        {
                            "x": 1653980400000,
                            "y": 362100
                        },
                        {
                            "x": 1656572400000,
                            "y": 369000
                        },
                        {
                            "x": 1659250800000,
                            "y": 376400
                        },
                        {
                            "x": 1661929200000,
                            "y": 378500
                        },
                        {
                            "x": 1664521200000,
                            "y": 379700
                        },
                        {
                            "x": 1667199600000,
                            "y": 382200
                        },
                        {
                            "x": 1669795200000,
                            "y": 378200
                        },
                        {
                            "x": 1672473600000,
                            "y": 376800
                        },
                        {
                            "x": 1675152000000,
                            "y": 373100
                        },
                        {
                            "x": 1677571200000,
                            "y": 376100
                        },
                        {
                            "x": 1680246000000,
                            "y": 389900
                        },
                        {
                            "x": 1682838000000,
                            "y": 394400
                        },
                        {
                            "x": 1685516400000,
                            "y": 399600
                        },
                        {
                            "x": 1688108400000,
                            "y": 407500
                        },
                        {
                            "x": 1690786800000,
                            "y": 416500
                        },
                        {
                            "x": 1693465200000,
                            "y": 410600
                        },
                        {
                            "x": 1696057200000,
                            "y": 481200
                        },
                        {
                            "x": 1698735600000,
                            "y": 462800
                        },
                        {
                            "x": 1701331200000,
                            "y": 452400
                        },
                        {
                            "x": 1704009600000,
                            "y": 453700
                        },
                        {
                            "x": 1706688000000,
                            "y": 452500
                        },
                        {
                            "x": 1707206400000,
                            "y": 451700
                        }
                    ],
                    "name": "This home"
                }
            ]
        }
    }
}