{
    "data": {
        "property": {
            "homeValueChartData": [
                {
                    "points": [
                        {
                            "x": 1393574400000,
                            "y": 268048
                        },
                        {
                            "x": 1396249200000,
                            "y": 278296
                        },
                        {
                            "x": 1398841200000,
                            "y": 272556
                        },
                        {
                            "x": 1401519600000,
                            "y": 273550
                        },
                        {
                            "x": 1404111600000,
                            "y": 272055
                        },
                        {
                            "x": 1406790000000,
                            "y": 276041
                        },
                        {
                            "x": 1409468400000,
                            "y": 278258
                        },
                        {
                            "x": 1412060400000,
                            "y": 278817
                        },
                        {
                            "x": 1414738800000,
                            "y": 280296
                        },
                        {
                            "x": 1417334400000,
                            "y": 277099
                        },
                        {
                            "x": 1420012800000,
                            "y": 279713
                        },
                        {
                            "x": 1422691200000,
                            "y": 278741
                        },
                        {
                            "x": 1425110400000,
                            "y": 283750
                        },
                        {
                            "x": 1427785200000,
                            "y": 280149
                        },
                        {
                            "x": 1430377200000,
                            "y": 282801
                        },
                        {
                            "x": 1433055600000,
                            "y": 279305
                        },
                        {
                            "x": 1435647600000,
                            "y": 281002
                        },
                        {
                            "x": 1438326000000,
                            "y": 286636
                        },
                        {
                            "x": 1441004400000,
                            "y": 288184
                        },
                        {
                            "x": 1443596400000,
                            "y": 290247
                        },
                        {
                            "x": 1446274800000,
                            "y": 294031
                        },
                        {
                            "x": 1448870400000,
                            "y": 305156
                        },
                        {
                            "x": 1451548800000,
                            "y": 303152
                        },
                        {
                            "x": 1454227200000,
                            "y": 304234
                        },
                        {
                            "x": 1456732800000,
                            "y": 301675
                        },
                        {
                            "x": 1459407600000,
                            "y": 299943
                        },
                        {
                            "x": 1461999600000,
                            "y": 303729
                        },
                        {
                            "x": 1464678000000,
                            "y": 308450
                        },
                        {
                            "x": 1467270000000,
                            "y": 319238
                        },
                        {
                            "x": 1469948400000,
                            "y": 316285
                        },
                        {
                            "x": 1472626800000,
                            "y": 310808
                        },
                        {
                            "x": 1475218800000,
                            "y": 315972
                        },
                        {
                            "x": 1477897200000,
                            "y": 319519
                        },
                        {
                            "x": 1480492800000,
                            "y": 317994
                        },
                        {
                            "x": 1483171200000,
                            "y": 319583
                        },
                        {
                            "x": 1485849600000,
                            "y": 320573
                        },
                        {
                            "x": 1488268800000,
                            "y": 314700
                        },
                        {
                            "x": 1490943600000,
                            "y": 317040
                        },
                        {
                            "x": 1493535600000,
                            "y": 321754
                        },
                        {
                            "x": 1496214000000,
                            "y": 323089
                        },
                        {
                            "x": 1498806000000,
                            "y": 356438
                        },
                        {
                            "x": 1501484400000,
                            "y": 360098
                        },
                        {
                            "x": 1504162800000,
                            "y": 360098
                        },
                        {
                            "x": 1506754800000,
                            "y": 321555
                        },
                        {
                            "x": 1509433200000,
                            "y": 326834
                        },
                        {
                            "x": 1512028800000,
                            "y": 328524
                        },
                        {
                            "x": 1514707200000,
                            "y": 331957
                        },
                        {
                            "x": 1517385600000,
                            "y": 319749
                        },
                        {
                            "x": 1519804800000,
                            "y": 324825
                        },
                        {
                            "x": 1522479600000,
                            "y": 326984
                        },
                        {
                            "x": 1525071600000,
                            "y": 327567
                        },
                        {
                            "x": 1527750000000,
                            "y": 332470
                        },
                        {
                            "x": 1530342000000,
                            "y": 330687
                        },
                        {
                            "x": 1533020400000,
                            "y": 328262
                        },
                        {
                            "x": 1535698800000,
                            "y": 329799
                        },
                        {
                            "x": 1538290800000,
                            "y": 335687
                        },
                        {
                            "x": 1540969200000,
                            "y": 335874
                        },
                        {
                            "x": 1543564800000,
                            "y": 341557
                        },
                        {
                            "x": 1546243200000,
                            "y": 344170
                        },
                        {
                            "x": 1548921600000,
                            "y": 344004
                        },
                        {
                            "x": 1551340800000,
                            "y": 355008
                        },
                        {
                            "x": 1554015600000,
                            "y": 356045
                        },
                        {
                            "x": 1556607600000,
                            "y": 358648
                        },
                        {
                            "x": 1559286000000,
                            "y": 354039
                        },
                        {
                            "x": 1561878000000,
                            "y": 349535
                        },
                        {
                            "x": 1564556400000,
                            "y": 350684
                        },
                        {
                            "x": 1567234800000,
                            "y": 351283
                        },
                        {
                            "x": 1569826800000,
                            "y": 356594
                        },
                        {
                            "x": 1572505200000,
                            "y": 358981
                        },
                        {
                            "x": 1575100800000,
                            "y": 358431
                        },
                        {
                            "x": 1577779200000,
                            "y": 355867
                        },
                        {
                            "x": 1580457600000,
                            "y": 356713
                        },
                        {
                            "x": 1582963200000,
                            "y": 386301
                        },
                        {
                            "x": 1585638000000,
                            "y": 384490
                        },
                        {
                            "x": 1588230000000,
                            "y": 369264
                        },
                        {
                            "x": 1590908400000,
                            "y": 373401
                        },
                        {
                            "x": 1593500400000,
                            "y": 373405
                        },
                        {
                            "x": 1596178800000,
                            "y": 373061
                        },
                        {
                            "x": 1598857200000,
                            "y": 377013
                        },
                        {
                            "x": 1601449200000,
                            "y": 388039
                        },
                        {
                            "x": 1604127600000,
                            "y": 381960
                        },
                        {
                            "x": 1606723200000,
                            "y": 383976
                        },
                        {
                            "x": 1609401600000,
                            "y": 389909
                        },
                        {
                            "x": 1612080000000,
                            "y": 395264
                        },
                        {
                            "x": 1614499200000,
                            "y": 402647
                        },
                        {
                            "x": 1617174000000,
                            "y": 401651
                        },
                        {
                            "x": 1619766000000,
                            "y": 415910
                        },
                        {
                            "x": 1622444400000,
                            "y": 433168
                        },
                        {
                            "x": 1625036400000,
                            "y": 443200
                        },
                        {
                            "x": 1627714800000,
                            "y": 452500
                        },
                        {
                            "x": 1630393200000,
                            "y": 453900
                        },
                        {
                            "x": 1632985200000,
                            "y": 457900
                        },
                        {
                            "x": 1635663600000,
                            "y": 465700
                        },
                        {
                            "x": 1638259200000,
                            "y": 470900
                        },
                        {
                            "x": 1640937600000,
                            "y": 479500
                        },
                        {
                            "x": 1643616000000,
                            "y": 483300
                        },
                        {
                            "x": 1646035200000,
                            "y": 491700
                        },
                        {
                            "x": 1648710000000,
                            "y": 510600
                        },
                        {
                            "x": 1651302000000,
                            "y": 526400
                        },
                        {
                            "x": 1653980400000,
                            "y": 536600
                        },
                        {
                            "x": 1656572400000,
                            "y": 541600
                        },
                        {
                            "x": 1659250800000,
                            "y": 545700
                        },
                        {
                            "x": 1661929200000,
                            "y": 541600
                        },
                        {
                            "x": 1664521200000,
                            "y": 538400
                        },
                        {
                            "x": 1667199600000,
                            "y": 538300
                        },
                        {
                            "x": 1669795200000,
                            "y": 532700
                        },
                        {
                            "x": 1672473600000,
                            "y": 640400
                        },
                        {
                            "x": 1675152000000,
                            "y": 653400
                        },
                        {
                            "x": 1677571200000,
                            "y": 664600
                        },
                        {
                            "x": 1680246000000,
                            "y": 655700
                        },
                        {
                            "x": 1682838000000,
                            "y": 653800
                        },
                        {
                            "x": 1685516400000,
                            "y": 650900
                        },
                        {
                            "x": 1688108400000,
                            "y": 655400
                        },
                        {
                            "x": 1690786800000,
                            "y": 642500
                        },
                        {
                            "x": 1693465200000,
                            "y": 616500
                        },
                        {
                            "x": 1696057200000,
                            "y": 629400
                        },
                        {
                            "x": 1698735600000,
                            "y": 632500
                        },
                        {
                            "x": 1701331200000,
                            "y": 624800
                        },
                        {
                            "x": 1704009600000,
                            "y": 597400
                        },
                        {
                            "x": 1706688000000,
                            "y": 584000
                        },
                        {
                            "x": 1707206400000,
                            "y": 580000
                        }
                    ],
                    "name": "This home"
                },
                {
                    "points": [
                        {
                            "x": 1505199600000,
                            "y": 329500
                        }
                    ],
                    "name": "Sale"
                }
            ]
        }
    }
}