{
    "data": {
        "property": {
            "homeValueChartData": [
                {
                    "points": [
                        {
                            "x": 1393574400000,
                            "y": 183759
                        },
                        {
                            "x": 1396249200000,
                            "y": 188795
                        },
                        {
                            "x": 1398841200000,
                            "y": 185166
                        },
                        {
                            "x": 1401519600000,
                            "y": 192868
                        },
                        {
                            "x": 1404111600000,
                            "y": 202420
                        },
                        {
                            "x": 1406790000000,
                            "y": 205759
                        },
                        {
                            "x": 1409468400000,
                            "y": 209813
                        },
                        {
                            "x": 1412060400000,
                            "y": 212417
                        },
                        {
                            "x": 1414738800000,
                            "y": 211951
                        },
                        {
                            "x": 1417334400000,
                            "y": 206452
                        },
                        {
                            "x": 1420012800000,
                            "y": 207353
                        },
                        {
                            "x": 1422691200000,
                            "y": 213600
                        },
                        {
                            "x": 1425110400000,
                            "y": 216976
                        },
                        {
                            "x": 1427785200000,
                            "y": 214330
                        },
                        {
                            "x": 1430377200000,
                            "y": 213792
                        },
                        {
                            "x": 1433055600000,
                            "y": 214781
                        },
                        {
                            "x": 1435647600000,
                            "y": 217769
                        },
                        {
                            "x": 1438326000000,
                            "y": 218096
                        },
                        {
                            "x": 1441004400000,
                            "y": 223169
                        },
                        {
                            "x": 1443596400000,
                            "y": 222907
                        },
                        {
                            "x": 1446274800000,
                            "y": 223695
                        },
                        {
                            "x": 1448870400000,
                            "y": 222135
                        },
                        {
                            "x": 1451548800000,
                            "y": 222691
                        },
                        {
                            "x": 1454227200000,
                            "y": 222746
                        },
                        {
                            "x": 1456732800000,
                            "y": 223489
                        },
                        {
                            "x": 1459407600000,
                            "y": 223326
                        },
                        {
                            "x": 1461999600000,
                            "y": 223380
                        },
                        {
                            "x": 1464678000000,
                            "y": 228441
                        },
                        {
                            "x": 1467270000000,
                            "y": 228697
                        },
                        {
                            "x": 1469948400000,
                            "y": 230241
                        },
                        {
                            "x": 1472626800000,
                            "y": 232260
                        },
                        {
                            "x": 1475218800000,
                            "y": 232275
                        },
                        {
                            "x": 1477897200000,
                            "y": 235450
                        },
                        {
                            "x": 1480492800000,
                            "y": 246609
                        },
                        {
                            "x": 1483171200000,
                            "y": 245763
                        },
                        {
                            "x": 1485849600000,
                            "y": 246350
                        },
                        {
                            "x": 1488268800000,
                            "y": 248912
                        },
                        {
                            "x": 1490943600000,
                            "y": 250115
                        },
                        {
                            "x": 1493535600000,
                            "y": 252187
                        },
                        {
                            "x": 1496214000000,
                            "y": 251655
                        },
                        {
                            "x": 1498806000000,
                            "y": 252378
                        },
                        {
                            "x": 1501484400000,
                            "y": 254821
                        },
                        {
                            "x": 1504162800000,
                            "y": 258265
                        },
                        {
                            "x": 1506754800000,
                            "y": 257833
                        },
                        {
                            "x": 1509433200000,
                            "y": 260478
                        },
                        {
                            "x": 1512028800000,
                            "y": 263278
                        },
                        {
                            "x": 1514707200000,
                            "y": 260323
                        },
                        {
                            "x": 1517385600000,
                            "y": 262031
                        },
                        {
                            "x": 1519804800000,
                            "y": 264810
                        },
                        {
                            "x": 1522479600000,
                            "y": 265374
                        },
                        {
                            "x": 1525071600000,
                            "y": 266972
                        },
                        {
                            "x": 1527750000000,
                            "y": 268499
                        },
                        {
                            "x": 1530342000000,
                            "y": 270968
                        },
                        {
                            "x": 1533020400000,
                            "y": 273059
                        },
                        {
                            "x": 1535698800000,
                            "y": 271099
                        },
                        {
                            "x": 1538290800000,
                            "y": 268329
                        },
                        {
                            "x": 1540969200000,
                            "y": 265397
                        },
                        {
                            "x": 1543564800000,
                            "y": 271102
                        },
                        {
                            "x": 1546243200000,
                            "y": 271052
                        },
                        {
                            "x": 1548921600000,
                            "y": 273163
                        },
                        {
                            "x": 1551340800000,
                            "y": 273781
                        },
                        {
                            "x": 1554015600000,
                            "y": 276646
                        },
                        {
                            "x": 1556607600000,
                            "y": 278403
                        },
                        {
                            "x": 1559286000000,
                            "y": 277231
                        },
                        {
                            "x": 1561878000000,
                            "y": 282586
                        },
                        {
                            "x": 1564556400000,
                            "y": 279764
                        },
                        {
                            "x": 1567234800000,
                            "y": 279951
                        },
                        {
                            "x": 1569826800000,
                            "y": 285515
                        },
                        {
                            "x": 1572505200000,
                            "y": 286492
                        },
                        {
                            "x": 1575100800000,
                            "y": 286865
                        },
                        {
                            "x": 1577779200000,
                            "y": 285020
                        },
                        {
                            "x": 1580457600000,
                            "y": 287023
                        },
                        {
                            "x": 1582963200000,
                            "y": 290153
                        },
                        {
                            "x": 1585638000000,
                            "y": 288270
                        },
                        {
                            "x": 1588230000000,
                            "y": 289994
                        },
                        {
                            "x": 1590908400000,
                            "y": 296231
                        },
                        {
                            "x": 1593500400000,
                            "y": 294807
                        },
                        {
                            "x": 1596178800000,
                            "y": 293583
                        },
                        {
                            "x": 1598857200000,
                            "y": 302858
                        },
                        {
                            "x": 1601449200000,
                            "y": 315248
                        },
                        {
                            "x": 1604127600000,
                            "y": 315903
                        },
                        {
                            "x": 1606723200000,
                            "y": 319126
                        },
                        {
                            "x": 1609401600000,
                            "y": 322360
                        },
                        {
                            "x": 1612080000000,
                            "y": 323885
                        },
                        {
                            "x": 1614499200000,
                            "y": 328039
                        },
                        {
                            "x": 1617174000000,
                            "y": 326724
                        },
                        {
                            "x": 1619766000000,
                            "y": 338377
                        },
                        {
                            "x": 1622444400000,
                            "y": 356352
                        },
                        {
                            "x": 1625036400000,
                            "y": 357400
                        },
                        {
                            "x": 1627714800000,
                            "y": 359900
                        },
                        {
                            "x": 1630393200000,
                            "y": 359300
                        },
                        {
                            "x": 1632985200000,
                            "y": 362700
                        },
                        {
                            "x": 1635663600000,
                            "y": 366800
                        },
                        {
                            "x": 1638259200000,
                            "y": 372500
                        },
                        {
                            "x": 1640937600000,
                            "y": 380000
                        },
                        {
                            "x": 1643616000000,
                            "y": 384800
                        },
                        {
                            "x": 1646035200000,
                            "y": 390100
                        },
                        {
                            "x": 1648710000000,
                            "y": 399500
                        },
                        {
                            "x": 1651302000000,
                            "y": 406800
                        },
                        {
                            "x": 1653980400000,
                            "y": 413400
                        },
                        {
                            "x": 1656572400000,
                            "y": 420200
                        },
                        {
                            "x": 1659250800000,
                            "y": 422600
                        },
                        {
                            "x": 1661929200000,
                            "y": 419500
                        },
                        {
                            "x": 1664521200000,
                            "y": 419500
                        },
                        {
                            "x": 1667199600000,
                            "y": 419400
                        },
                        {
                            "x": 1669795200000,
                            "y": 414100
                        },
                        {
                            "x": 1672473600000,
                            "y": 412200
                        },
                        {
                            "x": 1675152000000,
                            "y": 411500
                        },
                        {
                            "x": 1677571200000,
                            "y": 418000
                        },
                        {
                            "x": 1680246000000,
                            "y": 432600
                        },
                        {
                            "x": 1682838000000,
                            "y": 435800
                        },
                        {
                            "x": 1685516400000,
                            "y": 440200
                        },
                        {
                            "x": 1688108400000,
                            "y": 448600
                        },
                        {
                            "x": 1690786800000,
                            "y": 452300
                        },
                        {
                            "x": 1693465200000,
                            "y": 452000
                        },
                        {
                            "x": 1696057200000,
                            "y": 451600
                        },
                        {
                            "x": 1698735600000,
                            "y": 475800
                        },
                        {
                            "x": 1701331200000,
                            "y": 464100
                        },
                        {
                            "x": 1704009600000,
                            "y": 462300
                        },
                        {
                            "x": 1706688000000,
                            "y": 459900
                        },
                        {
                            "x": 1707379200000,
                            "y": 448300
                        }
                    ],
                    "name": "This home"
                },
                {
                    "points": [
                        {
                            "x": 1435042800000,
                            "y": 219000
                        },
                        {
                            "x": 1696575600000,
                            "y": 425600
                        }
                    ],
                    "name": "Sale"
                }
            ]
        }
    }
}