{
    "data": {
        "property": {
            "homeValueChartData": [
                {
                    "points": [
                        {
                            "x": 1393574400000,
                            "y": 439637
                        },
                        {
                            "x": 1396249200000,
                            "y": 437340
                        },
                        {
                            "x": 1398841200000,
                            "y": 431356
                        },
                        {
                            "x": 1401519600000,
                            "y": 435407
                        },
                        {
                            "x": 1404111600000,
                            "y": 437230
                        },
                        {
                            "x": 1406790000000,
                            "y": 437947
                        },
                        {
                            "x": 1409468400000,
                            "y": 440626
                        },
                        {
                            "x": 1412060400000,
                            "y": 447520
                        },
                        {
                            "x": 1414738800000,
                            "y": 444821
                        },
                        {
                            "x": 1417334400000,
                            "y": 425496
                        },
                        {
                            "x": 1420012800000,
                            "y": 433600
                        },
                        {
                            "x": 1422691200000,
                            "y": 437274
                        },
                        {
                            "x": 1425110400000,
                            "y": 441804
                        },
                        {
                            "x": 1427785200000,
                            "y": 440014
                        },
                        {
                            "x": 1430377200000,
                            "y": 449588
                        },
                        {
                            "x": 1433055600000,
                            "y": 439764
                        },
                        {
                            "x": 1435647600000,
                            "y": 441831
                        },
                        {
                            "x": 1438326000000,
                            "y": 439695
                        },
                        {
                            "x": 1441004400000,
                            "y": 457877
                        },
                        {
                            "x": 1443596400000,
                            "y": 464734
                        },
                        {
                            "x": 1446274800000,
                            "y": 465737
                        },
                        {
                            "x": 1448870400000,
                            "y": 469941
                        },
                        {
                            "x": 1451548800000,
                            "y": 470292
                        },
                        {
                            "x": 1454227200000,
                            "y": 471904
                        },
                        {
                            "x": 1456732800000,
                            "y": 470543
                        },
                        {
                            "x": 1459407600000,
                            "y": 478370
                        },
                        {
                            "x": 1461999600000,
                            "y": 478932
                        },
                        {
                            "x": 1464678000000,
                            "y": 483222
                        },
                        {
                            "x": 1467270000000,
                            "y": 484769
                        },
                        {
                            "x": 1469948400000,
                            "y": 482267
                        },
                        {
                            "x": 1472626800000,
                            "y": 485673
                        },
                        {
                            "x": 1475218800000,
                            "y": 490852
                        },
                        {
                            "x": 1477897200000,
                            "y": 489620
                        },
                        {
                            "x": 1480492800000,
                            "y": 491554
                        },
                        {
                            "x": 1483171200000,
                            "y": 491405
                        },
                        {
                            "x": 1485849600000,
                            "y": 499146
                        },
                        {
                            "x": 1488268800000,
                            "y": 497240
                        },
                        {
                            "x": 1490943600000,
                            "y": 496659
                        },
                        {
                            "x": 1493535600000,
                            "y": 512383
                        },
                        {
                            "x": 1496214000000,
                            "y": 514622
                        },
                        {
                            "x": 1498806000000,
                            "y": 504402
                        },
                        {
                            "x": 1501484400000,
                            "y": 506787
                        },
                        {
                            "x": 1504162800000,
                            "y": 511155
                        },
                        {
                            "x": 1506754800000,
                            "y": 517225
                        },
                        {
                            "x": 1509433200000,
                            "y": 522628
                        },
                        {
                            "x": 1512028800000,
                            "y": 523044
                        },
                        {
                            "x": 1514707200000,
                            "y": 524362
                        },
                        {
                            "x": 1517385600000,
                            "y": 536020
                        },
                        {
                            "x": 1519804800000,
                            "y": 540221
                        },
                        {
                            "x": 1522479600000,
                            "y": 551308
                        },
                        {
                            "x": 1525071600000,
                            "y": 546031
                        },
                        {
                            "x": 1527750000000,
                            "y": 552844
                        },
                        {
                            "x": 1530342000000,
                            "y": 552069
                        },
                        {
                            "x": 1533020400000,
                            "y": 550902
                        },
                        {
                            "x": 1535698800000,
                            "y": 548048
                        },
                        {
                            "x": 1538290800000,
                            "y": 530929
                        },
                        {
                            "x": 1540969200000,
                            "y": 525261
                        },
                        {
                            "x": 1543564800000,
                            "y": 553922
                        },
                        {
                            "x": 1546243200000,
                            "y": 549680
                        },
                        {
                            "x": 1548921600000,
                            "y": 557349
                        },
                        {
                            "x": 1551340800000,
                            "y": 545745
                        },
                        {
                            "x": 1554015600000,
                            "y": 553289
                        },
                        {
                            "x": 1556607600000,
                            "y": 558239
                        },
                        {
                            "x": 1559286000000,
                            "y": 555661
                        },
                        {
                            "x": 1561878000000,
                            "y": 556678
                        },
                        {
                            "x": 1564556400000,
                            "y": 556547
                        },
                        {
                            "x": 1567234800000,
                            "y": 551798
                        },
                        {
                            "x": 1569826800000,
                            "y": 567709
                        },
                        {
                            "x": 1572505200000,
                            "y": 566070
                        },
                        {
                            "x": 1575100800000,
                            "y": 561929
                        },
                        {
                            "x": 1577779200000,
                            "y": 561239
                        },
                        {
                            "x": 1580457600000,
                            "y": 568454
                        },
                        {
                            "x": 1582963200000,
                            "y": 573041
                        },
                        {
                            "x": 1585638000000,
                            "y": 572412
                        },
                        {
                            "x": 1588230000000,
                            "y": 572006
                        },
                        {
                            "x": 1590908400000,
                            "y": 579815
                        },
                        {
                            "x": 1593500400000,
                            "y": 581206
                        },
                        {
                            "x": 1596178800000,
                            "y": 583410
                        },
                        {
                            "x": 1598857200000,
                            "y": 587222
                        },
                        {
                            "x": 1601449200000,
                            "y": 599749
                        },
                        {
                            "x": 1604127600000,
                            "y": 608524
                        },
                        {
                            "x": 1606723200000,
                            "y": 611808
                        },
                        {
                            "x": 1609401600000,
                            "y": 620367
                        },
                        {
                            "x": 1612080000000,
                            "y": 625443
                        },
                        {
                            "x": 1614499200000,
                            "y": 633165
                        },
                        {
                            "x": 1617174000000,
                            "y": 635218
                        },
                        {
                            "x": 1619766000000,
                            "y": 656318
                        },
                        {
                            "x": 1622444400000,
                            "y": 674684
                        },
                        {
                            "x": 1625036400000,
                            "y": 681700
                        },
                        {
                            "x": 1627714800000,
                            "y": 696600
                        },
                        {
                            "x": 1630393200000,
                            "y": 692400
                        },
                        {
                            "x": 1632985200000,
                            "y": 694600
                        },
                        {
                            "x": 1635663600000,
                            "y": 703500
                        },
                        {
                            "x": 1638259200000,
                            "y": 714300
                        },
                        {
                            "x": 1640937600000,
                            "y": 723700
                        },
                        {
                            "x": 1643616000000,
                            "y": 727600
                        },
                        {
                            "x": 1646035200000,
                            "y": 730000
                        },
                        {
                            "x": 1648710000000,
                            "y": 789900
                        },
                        {
                            "x": 1651302000000,
                            "y": 836600
                        },
                        {
                            "x": 1653980400000,
                            "y": 861900
                        },
                        {
                            "x": 1656572400000,
                            "y": 878200
                        },
                        {
                            "x": 1659250800000,
                            "y": 880200
                        },
                        {
                            "x": 1661929200000,
                            "y": 864400
                        },
                        {
                            "x": 1664521200000,
                            "y": 855900
                        },
                        {
                            "x": 1667199600000,
                            "y": 851000
                        },
                        {
                            "x": 1669795200000,
                            "y": 843500
                        },
                        {
                            "x": 1672473600000,
                            "y": 840400
                        },
                        {
                            "x": 1675152000000,
                            "y": 833800
                        },
                        {
                            "x": 1677571200000,
                            "y": 841300
                        },
                        {
                            "x": 1680246000000,
                            "y": 860200
                        },
                        {
                            "x": 1682838000000,
                            "y": 860800
                        },
                        {
                            "x": 1685516400000,
                            "y": 866700
                        },
                        {
                            "x": 1688108400000,
                            "y": 896900
                        },
                        {
                            "x": 1690786800000,
                            "y": 904100
                        },
                        {
                            "x": 1693465200000,
                            "y": 893000
                        },
                        {
                            "x": 1696057200000,
                            "y": 902500
                        },
                        {
                            "x": 1698735600000,
                            "y": 916900
                        },
                        {
                            "x": 1701331200000,
                            "y": 910200
                        },
                        {
                            "x": 1704009600000,
                            "y": 1173000
                        },
                        {
                            "x": 1706688000000,
                            "y": 1168600
                        },
                        {
                            "x": 1707206400000,
                            "y": 1167400
                        }
                    ],
                    "name": "This home"
                }
            ]
        }
    }
}