{
    "data": {
        "property": {
            "homeValueChartData": [
                {
                    "points": [
                        {
                            "x": 1393574400000,
                            "y": 423319
                        },
                        {
                            "x": 1396249200000,
                            "y": 431933
                        },
                        {
                            "x": 1398841200000,
                            "y": 441632
                        },
                        {
                            "x": 1401519600000,
                            "y": 416359
                        },
                        {
                            "x": 1404111600000,
                            "y": 405409
                        },
                        {
                            "x": 1406790000000,
                            "y": 386801
                        },
                        {
                            "x": 1409468400000,
                            "y": 389775
                        },
                        {
                            "x": 1412060400000,
                            "y": 387799
                        },
                        {
                            "x": 1414738800000,
                            "y": 386039
                        },
                        {
                            "x": 1417334400000,
                            "y": 385278
                        },
                        {
                            "x": 1420012800000,
                            "y": 384201
                        },
                        {
                            "x": 1422691200000,
                            "y": 382730
                        },
                        {
                            "x": 1425110400000,
                            "y": 385331
                        },
                        {
                            "x": 1427785200000,
                            "y": 384319
                        },
                        {
                            "x": 1430377200000,
                            "y": 387150
                        },
                        {
                            "x": 1433055600000,
                            "y": 390925
                        },
                        {
                            "x": 1435647600000,
                            "y": 393925
                        },
                        {
                            "x": 1438326000000,
                            "y": 393306
                        },
                        {
                            "x": 1441004400000,
                            "y": 393547
                        },
                        {
                            "x": 1443596400000,
                            "y": 397598
                        },
                        {
                            "x": 1446274800000,
                            "y": 399944
                        },
                        {
                            "x": 1448870400000,
                            "y": 403221
                        },
                        {
                            "x": 1451548800000,
                            "y": 404712
                        },
                        {
                            "x": 1454227200000,
                            "y": 406394
                        },
                        {
                            "x": 1456732800000,
                            "y": 407609
                        },
                        {
                            "x": 1459407600000,
                            "y": 408027
                        },
                        {
                            "x": 1461999600000,
                            "y": 408580
                        },
                        {
                            "x": 1464678000000,
                            "y": 418036
                        },
                        {
                            "x": 1467270000000,
                            "y": 419868
                        },
                        {
                            "x": 1469948400000,
                            "y": 419072
                        },
                        {
                            "x": 1472626800000,
                            "y": 421848
                        },
                        {
                            "x": 1475218800000,
                            "y": 424574
                        },
                        {
                            "x": 1477897200000,
                            "y": 427392
                        },
                        {
                            "x": 1480492800000,
                            "y": 435703
                        },
                        {
                            "x": 1483171200000,
                            "y": 435165
                        },
                        {
                            "x": 1485849600000,
                            "y": 436569
                        },
                        {
                            "x": 1488268800000,
                            "y": 439798
                        },
                        {
                            "x": 1490943600000,
                            "y": 439412
                        },
                        {
                            "x": 1493535600000,
                            "y": 450327
                        },
                        {
                            "x": 1496214000000,
                            "y": 445713
                        },
                        {
                            "x": 1498806000000,
                            "y": 445667
                        },
                        {
                            "x": 1501484400000,
                            "y": 454308
                        },
                        {
                            "x": 1504162800000,
                            "y": 454511
                        },
                        {
                            "x": 1506754800000,
                            "y": 455233
                        },
                        {
                            "x": 1509433200000,
                            "y": 463023
                        },
                        {
                            "x": 1512028800000,
                            "y": 460583
                        },
                        {
                            "x": 1514707200000,
                            "y": 461654
                        },
                        {
                            "x": 1517385600000,
                            "y": 464726
                        },
                        {
                            "x": 1519804800000,
                            "y": 467641
                        },
                        {
                            "x": 1522479600000,
                            "y": 479805
                        },
                        {
                            "x": 1525071600000,
                            "y": 473799
                        },
                        {
                            "x": 1527750000000,
                            "y": 495018
                        },
                        {
                            "x": 1530342000000,
                            "y": 504318
                        },
                        {
                            "x": 1533020400000,
                            "y": 508791
                        },
                        {
                            "x": 1535698800000,
                            "y": 502008
                        },
                        {
                            "x": 1538290800000,
                            "y": 498087
                        },
                        {
                            "x": 1540969200000,
                            "y": 495430
                        },
                        {
                            "x": 1543564800000,
                            "y": 498480
                        },
                        {
                            "x": 1546243200000,
                            "y": 501565
                        },
                        {
                            "x": 1548921600000,
                            "y": 504436
                        },
                        {
                            "x": 1551340800000,
                            "y": 507406
                        },
                        {
                            "x": 1554015600000,
                            "y": 509950
                        },
                        {
                            "x": 1556607600000,
                            "y": 507296
                        },
                        {
                            "x": 1559286000000,
                            "y": 499962
                        },
                        {
                            "x": 1561878000000,
                            "y": 496759
                        },
                        {
                            "x": 1564556400000,
                            "y": 495447
                        },
                        {
                            "x": 1567234800000,
                            "y": 490921
                        },
                        {
                            "x": 1569826800000,
                            "y": 501597
                        },
                        {
                            "x": 1572505200000,
                            "y": 504266
                        },
                        {
                            "x": 1575100800000,
                            "y": 507992
                        },
                        {
                            "x": 1577779200000,
                            "y": 508334
                        },
                        {
                            "x": 1580457600000,
                            "y": 514415
                        },
                        {
                            "x": 1582963200000,
                            "y": 526481
                        },
                        {
                            "x": 1585638000000,
                            "y": 527078
                        },
                        {
                            "x": 1588230000000,
                            "y": 527470
                        },
                        {
                            "x": 1590908400000,
                            "y": 533010
                        },
                        {
                            "x": 1593500400000,
                            "y": 530600
                        },
                        {
                            "x": 1596178800000,
                            "y": 532634
                        },
                        {
                            "x": 1598857200000,
                            "y": 533700
                        },
                        {
                            "x": 1601449200000,
                            "y": 545414
                        },
                        {
                            "x": 1604127600000,
                            "y": 546014
                        },
                        {
                            "x": 1606723200000,
                            "y": 551853
                        },
                        {
                            "x": 1609401600000,
                            "y": 556531
                        },
                        {
                            "x": 1612080000000,
                            "y": 563223
                        },
                        {
                            "x": 1614499200000,
                            "y": 571217
                        },
                        {
                            "x": 1617174000000,
                            "y": 575407
                        },
                        {
                            "x": 1619766000000,
                            "y": 616723
                        },
                        {
                            "x": 1622444400000,
                            "y": 634589
                        },
                        {
                            "x": 1625036400000,
                            "y": 653700
                        },
                        {
                            "x": 1627714800000,
                            "y": 669000
                        },
                        {
                            "x": 1630393200000,
                            "y": 670400
                        },
                        {
                            "x": 1632985200000,
                            "y": 680200
                        },
                        {
                            "x": 1635663600000,
                            "y": 692600
                        },
                        {
                            "x": 1638259200000,
                            "y": 707100
                        },
                        {
                            "x": 1640937600000,
                            "y": 722400
                        },
                        {
                            "x": 1643616000000,
                            "y": 732000
                        },
                        {
                            "x": 1646035200000,
                            "y": 746400
                        },
                        {
                            "x": 1648710000000,
                            "y": 774100
                        },
                        {
                            "x": 1651302000000,
                            "y": 796800
                        },
                        {
                            "x": 1653980400000,
                            "y": 812900
                        },
                        {
                            "x": 1656572400000,
                            "y": 825200
                        },
                        {
                            "x": 1659250800000,
                            "y": 828600
                        },
                        {
                            "x": 1661929200000,
                            "y": 816800
                        },
                        {
                            "x": 1664521200000,
                            "y": 809800
                        },
                        {
                            "x": 1667199600000,
                            "y": 806900
                        },
                        {
                            "x": 1669795200000,
                            "y": 793500
                        },
                        {
                            "x": 1672473600000,
                            "y": 790300
                        },
                        {
                            "x": 1675152000000,
                            "y": 784800
                        },
                        {
                            "x": 1677571200000,
                            "y": 780400
                        },
                        {
                            "x": 1680246000000,
                            "y": 786800
                        },
                        {
                            "x": 1682838000000,
                            "y": 792300
                        },
                        {
                            "x": 1685516400000,
                            "y": 800200
                        },
                        {
                            "x": 1688108400000,
                            "y": 821000
                        },
                        {
                            "x": 1690786800000,
                            "y": 827900
                        },
                        {
                            "x": 1693465200000,
                            "y": 830400
                        },
                        {
                            "x": 1696057200000,
                            "y": 1152200
                        },
                        {
                            "x": 1698735600000,
                            "y": 1021000
                        },
                        {
                            "x": 1701331200000,
                            "y": 946900
                        },
                        {
                            "x": 1704009600000,
                            "y": 942900
                        },
                        {
                            "x": 1706688000000,
                            "y": 932700
                        },
                        {
                            "x": 1707206400000,
                            "y": 936900
                        }
                    ],
                    "name": "This home"
                },
                {
                    "points": [
                        {
                            "x": 1430722800000,
                            "y": 390000
                        }
                    ],
                    "name": "Sale"
                }
            ]
        }
    }
}