{
    "data": {
        "property": {
            "homeValueChartData": [
                {
                    "points": [
                        {
                            "x": 1393574400000,
                            "y": 430687
                        },
                        {
                            "x": 1396249200000,
                            "y": 436075
                        },
                        {
                            "x": 1398841200000,
                            "y": 433169
                        },
                        {
                            "x": 1401519600000,
                            "y": 440469
                        },
                        {
                            "x": 1404111600000,
                            "y": 437754
                        },
                        {
                            "x": 1406790000000,
                            "y": 444046
                        },
                        {
                            "x": 1409468400000,
                            "y": 441349
                        },
                        {
                            "x": 1412060400000,
                            "y": 448921
                        },
                        {
                            "x": 1414738800000,
                            "y": 444826
                        },
                        {
                            "x": 1417334400000,
                            "y": 439613
                        },
                        {
                            "x": 1420012800000,
                            "y": 449488
                        },
                        {
                            "x": 1422691200000,
                            "y": 454993
                        },
                        {
                            "x": 1425110400000,
                            "y": 464482
                        },
                        {
                            "x": 1427785200000,
                            "y": 455638
                        },
                        {
                            "x": 1430377200000,
                            "y": 462744
                        },
                        {
                            "x": 1433055600000,
                            "y": 459268
                        },
                        {
                            "x": 1435647600000,
                            "y": 467811
                        },
                        {
                            "x": 1438326000000,
                            "y": 466669
                        },
                        {
                            "x": 1441004400000,
                            "y": 468471
                        },
                        {
                            "x": 1443596400000,
                            "y": 471972
                        },
                        {
                            "x": 1446274800000,
                            "y": 477125
                        },
                        {
                            "x": 1448870400000,
                            "y": 480583
                        },
                        {
                            "x": 1451548800000,
                            "y": 482678
                        },
                        {
                            "x": 1454227200000,
                            "y": 484814
                        },
                        {
                            "x": 1456732800000,
                            "y": 486545
                        },
                        {
                            "x": 1459407600000,
                            "y": 489026
                        },
                        {
                            "x": 1461999600000,
                            "y": 490175
                        },
                        {
                            "x": 1464678000000,
                            "y": 499915
                        },
                        {
                            "x": 1467270000000,
                            "y": 502068
                        },
                        {
                            "x": 1469948400000,
                            "y": 502390
                        },
                        {
                            "x": 1472626800000,
                            "y": 505797
                        },
                        {
                            "x": 1475218800000,
                            "y": 506825
                        },
                        {
                            "x": 1477897200000,
                            "y": 510157
                        },
                        {
                            "x": 1480492800000,
                            "y": 521142
                        },
                        {
                            "x": 1483171200000,
                            "y": 518968
                        },
                        {
                            "x": 1485849600000,
                            "y": 522422
                        },
                        {
                            "x": 1488268800000,
                            "y": 514820
                        },
                        {
                            "x": 1490943600000,
                            "y": 501300
                        },
                        {
                            "x": 1493535600000,
                            "y": 493636
                        },
                        {
                            "x": 1496214000000,
                            "y": 495517
                        },
                        {
                            "x": 1498806000000,
                            "y": 491967
                        },
                        {
                            "x": 1501484400000,
                            "y": 495137
                        },
                        {
                            "x": 1504162800000,
                            "y": 495088
                        },
                        {
                            "x": 1506754800000,
                            "y": 509281
                        },
                        {
                            "x": 1509433200000,
                            "y": 511824
                        },
                        {
                            "x": 1512028800000,
                            "y": 514345
                        },
                        {
                            "x": 1514707200000,
                            "y": 510121
                        },
                        {
                            "x": 1517385600000,
                            "y": 527584
                        },
                        {
                            "x": 1519804800000,
                            "y": 536216
                        },
                        {
                            "x": 1522479600000,
                            "y": 539246
                        },
                        {
                            "x": 1525071600000,
                            "y": 530578
                        },
                        {
                            "x": 1527750000000,
                            "y": 540814
                        },
                        {
                            "x": 1530342000000,
                            "y": 537315
                        },
                        {
                            "x": 1533020400000,
                            "y": 535198
                        },
                        {
                            "x": 1535698800000,
                            "y": 534115
                        },
                        {
                            "x": 1538290800000,
                            "y": 532190
                        },
                        {
                            "x": 1540969200000,
                            "y": 525587
                        },
                        {
                            "x": 1543564800000,
                            "y": 554572
                        },
                        {
                            "x": 1546243200000,
                            "y": 546463
                        },
                        {
                            "x": 1548921600000,
                            "y": 550899
                        },
                        {
                            "x": 1551340800000,
                            "y": 539089
                        },
                        {
                            "x": 1554015600000,
                            "y": 547658
                        },
                        {
                            "x": 1556607600000,
                            "y": 550015
                        },
                        {
                            "x": 1559286000000,
                            "y": 548022
                        },
                        {
                            "x": 1561878000000,
                            "y": 548754
                        },
                        {
                            "x": 1564556400000,
                            "y": 549747
                        },
                        {
                            "x": 1567234800000,
                            "y": 550010
                        },
                        {
                            "x": 1569826800000,
                            "y": 562652
                        },
                        {
                            "x": 1572505200000,
                            "y": 562567
                        },
                        {
                            "x": 1575100800000,
                            "y": 559775
                        },
                        {
                            "x": 1577779200000,
                            "y": 556122
                        },
                        {
                            "x": 1580457600000,
                            "y": 560902
                        },
                        {
                            "x": 1582963200000,
                            "y": 568288
                        },
                        {
                            "x": 1585638000000,
                            "y": 568060
                        },
                        {
                            "x": 1588230000000,
                            "y": 567687
                        },
                        {
                            "x": 1590908400000,
                            "y": 576783
                        },
                        {
                            "x": 1593500400000,
                            "y": 576078
                        },
                        {
                            "x": 1596178800000,
                            "y": 572509
                        },
                        {
                            "x": 1598857200000,
                            "y": 576637
                        },
                        {
                            "x": 1601449200000,
                            "y": 558834
                        },
                        {
                            "x": 1604127600000,
                            "y": 573561
                        },
                        {
                            "x": 1606723200000,
                            "y": 591520
                        },
                        {
                            "x": 1609401600000,
                            "y": 603006
                        },
                        {
                            "x": 1612080000000,
                            "y": 614580
                        },
                        {
                            "x": 1614499200000,
                            "y": 624826
                        },
                        {
                            "x": 1617174000000,
                            "y": 630081
                        },
                        {
                            "x": 1619766000000,
                            "y": 656273
                        },
                        {
                            "x": 1622444400000,
                            "y": 692119
                        },
                        {
                            "x": 1625036400000,
                            "y": 701100
                        },
                        {
                            "x": 1627714800000,
                            "y": 717400
                        },
                        {
                            "x": 1630393200000,
                            "y": 723800
                        },
                        {
                            "x": 1632985200000,
                            "y": 734300
                        },
                        {
                            "x": 1635663600000,
                            "y": 747100
                        },
                        {
                            "x": 1638259200000,
                            "y": 763400
                        },
                        {
                            "x": 1640937600000,
                            "y": 779900
                        },
                        {
                            "x": 1643616000000,
                            "y": 788700
                        },
                        {
                            "x": 1646035200000,
                            "y": 803100
                        },
                        {
                            "x": 1648710000000,
                            "y": 832800
                        },
                        {
                            "x": 1651302000000,
                            "y": 858800
                        },
                        {
                            "x": 1653980400000,
                            "y": 880700
                        },
                        {
                            "x": 1656572400000,
                            "y": 894300
                        },
                        {
                            "x": 1659250800000,
                            "y": 896500
                        },
                        {
                            "x": 1661929200000,
                            "y": 882800
                        },
                        {
                            "x": 1664521200000,
                            "y": 876000
                        },
                        {
                            "x": 1667199600000,
                            "y": 872000
                        },
                        {
                            "x": 1669795200000,
                            "y": 860700
                        },
                        {
                            "x": 1672473600000,
                            "y": 860300
                        },
                        {
                            "x": 1675152000000,
                            "y": 854400
                        },
                        {
                            "x": 1677571200000,
                            "y": 863800
                        },
                        {
                            "x": 1680246000000,
                            "y": 886600
                        },
                        {
                            "x": 1682838000000,
                            "y": 887100
                        },
                        {
                            "x": 1685516400000,
                            "y": 894200
                        },
                        {
                            "x": 1688108400000,
                            "y": 919300
                        },
                        {
                            "x": 1690786800000,
                            "y": 925600
                        },
                        {
                            "x": 1693465200000,
                            "y": 923400
                        },
                        {
                            "x": 1696057200000,
                            "y": 930300
                        },
                        {
                            "x": 1698735600000,
                            "y": 943400
                        },
                        {
                            "x": 1701331200000,
                            "y": 928400
                        },
                        {
                            "x": 1704009600000,
                            "y": 926700
                        },
                        {
                            "x": 1706688000000,
                            "y": 927700
                        },
                        {
                            "x": 1707379200000,
                            "y": 896000
                        }
                    ],
                    "name": "This home"
                }
            ]
        }
    }
}