{
    "data": {
        "property": {
            "homeValueChartData": [
                {
                    "points": [
                        {
                            "x": 1393574400000,
                            "y": 414990
                        },
                        {
                            "x": 1396249200000,
                            "y": 423368
                        },
                        {
                            "x": 1398841200000,
                            "y": 417902
                        },
                        {
                            "x": 1401519600000,
                            "y": 432117
                        },
                        {
                            "x": 1404111600000,
                            "y": 431879
                        },
                        {
                            "x": 1406790000000,
                            "y": 438458
                        },
                        {
                            "x": 1409468400000,
                            "y": 437544
                        },
                        {
                            "x": 1412060400000,
                            "y": 439838
                        },
                        {
                            "x": 1414738800000,
                            "y": 439355
                        },
                        {
                            "x": 1417334400000,
                            "y": 432559
                        },
                        {
                            "x": 1420012800000,
                            "y": 429369
                        },
                        {
                            "x": 1422691200000,
                            "y": 442723
                        },
                        {
                            "x": 1425110400000,
                            "y": 446207
                        },
                        {
                            "x": 1427785200000,
                            "y": 447751
                        },
                        {
                            "x": 1430377200000,
                            "y": 449269
                        },
                        {
                            "x": 1433055600000,
                            "y": 449145
                        },
                        {
                            "x": 1435647600000,
                            "y": 450690
                        },
                        {
                            "x": 1438326000000,
                            "y": 452006
                        },
                        {
                            "x": 1441004400000,
                            "y": 463580
                        },
                        {
                            "x": 1443596400000,
                            "y": 464751
                        },
                        {
                            "x": 1446274800000,
                            "y": 468594
                        },
                        {
                            "x": 1448870400000,
                            "y": 452528
                        },
                        {
                            "x": 1451548800000,
                            "y": 448666
                        },
                        {
                            "x": 1454227200000,
                            "y": 460875
                        },
                        {
                            "x": 1456732800000,
                            "y": 459644
                        },
                        {
                            "x": 1459407600000,
                            "y": 462634
                        },
                        {
                            "x": 1461999600000,
                            "y": 450136
                        },
                        {
                            "x": 1464678000000,
                            "y": 454566
                        },
                        {
                            "x": 1467270000000,
                            "y": 459129
                        },
                        {
                            "x": 1469948400000,
                            "y": 472845
                        },
                        {
                            "x": 1472626800000,
                            "y": 469965
                        },
                        {
                            "x": 1475218800000,
                            "y": 476864
                        },
                        {
                            "x": 1477897200000,
                            "y": 472774
                        },
                        {
                            "x": 1480492800000,
                            "y": 475092
                        },
                        {
                            "x": 1483171200000,
                            "y": 476394
                        },
                        {
                            "x": 1485849600000,
                            "y": 482757
                        },
                        {
                            "x": 1488268800000,
                            "y": 484328
                        },
                        {
                            "x": 1490943600000,
                            "y": 485321
                        },
                        {
                            "x": 1493535600000,
                            "y": 490553
                        },
                        {
                            "x": 1496214000000,
                            "y": 493133
                        },
                        {
                            "x": 1498806000000,
                            "y": 495472
                        },
                        {
                            "x": 1501484400000,
                            "y": 493946
                        },
                        {
                            "x": 1504162800000,
                            "y": 494361
                        },
                        {
                            "x": 1506754800000,
                            "y": 498741
                        },
                        {
                            "x": 1509433200000,
                            "y": 501166
                        },
                        {
                            "x": 1512028800000,
                            "y": 503003
                        },
                        {
                            "x": 1514707200000,
                            "y": 504211
                        },
                        {
                            "x": 1517385600000,
                            "y": 496425
                        },
                        {
                            "x": 1519804800000,
                            "y": 497973
                        },
                        {
                            "x": 1522479600000,
                            "y": 496543
                        },
                        {
                            "x": 1525071600000,
                            "y": 494782
                        },
                        {
                            "x": 1527750000000,
                            "y": 497301
                        },
                        {
                            "x": 1530342000000,
                            "y": 496156
                        },
                        {
                            "x": 1533020400000,
                            "y": 496591
                        },
                        {
                            "x": 1535698800000,
                            "y": 495986
                        },
                        {
                            "x": 1538290800000,
                            "y": 492697
                        },
                        {
                            "x": 1540969200000,
                            "y": 499920
                        },
                        {
                            "x": 1543564800000,
                            "y": 499347
                        },
                        {
                            "x": 1546243200000,
                            "y": 502630
                        },
                        {
                            "x": 1548921600000,
                            "y": 504030
                        },
                        {
                            "x": 1551340800000,
                            "y": 505633
                        },
                        {
                            "x": 1554015600000,
                            "y": 509302
                        },
                        {
                            "x": 1556607600000,
                            "y": 506714
                        },
                        {
                            "x": 1559286000000,
                            "y": 504502
                        },
                        {
                            "x": 1561878000000,
                            "y": 503757
                        },
                        {
                            "x": 1564556400000,
                            "y": 502586
                        },
                        {
                            "x": 1567234800000,
                            "y": 497660
                        },
                        {
                            "x": 1569826800000,
                            "y": 509347
                        },
                        {
                            "x": 1572505200000,
                            "y": 503210
                        },
                        {
                            "x": 1575100800000,
                            "y": 504308
                        },
                        {
                            "x": 1577779200000,
                            "y": 500437
                        },
                        {
                            "x": 1580457600000,
                            "y": 508682
                        },
                        {
                            "x": 1582963200000,
                            "y": 514764
                        },
                        {
                            "x": 1585638000000,
                            "y": 511702
                        },
                        {
                            "x": 1588230000000,
                            "y": 506839
                        },
                        {
                            "x": 1590908400000,
                            "y": 514077
                        },
                        {
                            "x": 1593500400000,
                            "y": 512318
                        },
                        {
                            "x": 1596178800000,
                            "y": 511923
                        },
                        {
                            "x": 1598857200000,
                            "y": 515062
                        },
                        {
                            "x": 1601449200000,
                            "y": 518616
                        },
                        {
                            "x": 1604127600000,
                            "y": 523517
                        },
                        {
                            "x": 1606723200000,
                            "y": 529735
                        },
                        {
                            "x": 1609401600000,
                            "y": 537311
                        },
                        {
                            "x": 1612080000000,
                            "y": 546113
                        },
                        {
                            "x": 1614499200000,
                            "y": 557440
                        },
                        {
                            "x": 1617174000000,
                            "y": 560905
                        },
                        {
                            "x": 1619766000000,
                            "y": 584391
                        },
                        {
                            "x": 1622444400000,
                            "y": 612945
                        },
                        {
                            "x": 1625036400000,
                            "y": 613700
                        },
                        {
                            "x": 1627714800000,
                            "y": 623000
                        },
                        {
                            "x": 1630393200000,
                            "y": 609900
                        },
                        {
                            "x": 1632985200000,
                            "y": 608400
                        },
                        {
                            "x": 1635663600000,
                            "y": 615900
                        },
                        {
                            "x": 1638259200000,
                            "y": 621100
                        },
                        {
                            "x": 1640937600000,
                            "y": 630100
                        },
                        {
                            "x": 1643616000000,
                            "y": 630900
                        },
                        {
                            "x": 1646035200000,
                            "y": 637100
                        },
                        {
                            "x": 1648710000000,
                            "y": 670400
                        },
                        {
                            "x": 1651302000000,
                            "y": 693300
                        },
                        {
                            "x": 1653980400000,
                            "y": 703600
                        },
                        {
                            "x": 1656572400000,
                            "y": 707100
                        },
                        {
                            "x": 1659250800000,
                            "y": 700900
                        },
                        {
                            "x": 1661929200000,
                            "y": 695600
                        },
                        {
                            "x": 1664521200000,
                            "y": 692800
                        },
                        {
                            "x": 1667199600000,
                            "y": 692200
                        },
                        {
                            "x": 1669795200000,
                            "y": 680800
                        },
                        {
                            "x": 1672473600000,
                            "y": 673200
                        },
                        {
                            "x": 1675152000000,
                            "y": 670400
                        },
                        {
                            "x": 1677571200000,
                            "y": 688200
                        },
                        {
                            "x": 1680246000000,
                            "y": 725300
                        },
                        {
                            "x": 1682838000000,
                            "y": 719800
                        },
                        {
                            "x": 1685516400000,
                            "y": 718800
                        },
                        {
                            "x": 1688108400000,
                            "y": 836400
                        },
                        {
                            "x": 1690786800000,
                            "y": 836400
                        },
                        {
                            "x": 1693465200000,
                            "y": 832900
                        },
                        {
                            "x": 1696057200000,
                            "y": 807000
                        },
                        {
                            "x": 1698735600000,
                            "y": 817200
                        },
                        {
                            "x": 1701331200000,
                            "y": 827700
                        },
                        {
                            "x": 1704009600000,
                            "y": 1099200
                        },
                        {
                            "x": 1706688000000,
                            "y": 953100
                        },
                        {
                            "x": 1707379200000,
                            "y": 952000
                        }
                    ],
                    "name": "This home"
                }
            ]
        }
    }
}