{
    "data": {
        "property": {
            "homeValueChartData": [
                {
                    "points": [
                        {
                            "x": 1393574400000,
                            "y": 410445
                        },
                        {
                            "x": 1396249200000,
                            "y": 408811
                        },
                        {
                            "x": 1398841200000,
                            "y": 402276
                        },
                        {
                            "x": 1401519600000,
                            "y": 413603
                        },
                        {
                            "x": 1404111600000,
                            "y": 428955
                        },
                        {
                            "x": 1406790000000,
                            "y": 420594
                        },
                        {
                            "x": 1409468400000,
                            "y": 420254
                        },
                        {
                            "x": 1412060400000,
                            "y": 423687
                        },
                        {
                            "x": 1414738800000,
                            "y": 422303
                        },
                        {
                            "x": 1417334400000,
                            "y": 405236
                        },
                        {
                            "x": 1420012800000,
                            "y": 408116
                        },
                        {
                            "x": 1422691200000,
                            "y": 405297
                        },
                        {
                            "x": 1425110400000,
                            "y": 409589
                        },
                        {
                            "x": 1427785200000,
                            "y": 411915
                        },
                        {
                            "x": 1430377200000,
                            "y": 414442
                        },
                        {
                            "x": 1433055600000,
                            "y": 414000
                        },
                        {
                            "x": 1435647600000,
                            "y": 417702
                        },
                        {
                            "x": 1438326000000,
                            "y": 415573
                        },
                        {
                            "x": 1441004400000,
                            "y": 420063
                        },
                        {
                            "x": 1443596400000,
                            "y": 423425
                        },
                        {
                            "x": 1446274800000,
                            "y": 422351
                        },
                        {
                            "x": 1448870400000,
                            "y": 420554
                        },
                        {
                            "x": 1451548800000,
                            "y": 419648
                        },
                        {
                            "x": 1454227200000,
                            "y": 424683
                        },
                        {
                            "x": 1456732800000,
                            "y": 425299
                        },
                        {
                            "x": 1459407600000,
                            "y": 424477
                        },
                        {
                            "x": 1461999600000,
                            "y": 423202
                        },
                        {
                            "x": 1464678000000,
                            "y": 429382
                        },
                        {
                            "x": 1467270000000,
                            "y": 429381
                        },
                        {
                            "x": 1469948400000,
                            "y": 429812
                        },
                        {
                            "x": 1472626800000,
                            "y": 429984
                        },
                        {
                            "x": 1475218800000,
                            "y": 423319
                        },
                        {
                            "x": 1477897200000,
                            "y": 423411
                        },
                        {
                            "x": 1480492800000,
                            "y": 444918
                        },
                        {
                            "x": 1483171200000,
                            "y": 446521
                        },
                        {
                            "x": 1485849600000,
                            "y": 453059
                        },
                        {
                            "x": 1488268800000,
                            "y": 452041
                        },
                        {
                            "x": 1490943600000,
                            "y": 454302
                        },
                        {
                            "x": 1493535600000,
                            "y": 458207
                        },
                        {
                            "x": 1496214000000,
                            "y": 454584
                        },
                        {
                            "x": 1498806000000,
                            "y": 457076
                        },
                        {
                            "x": 1501484400000,
                            "y": 467833
                        },
                        {
                            "x": 1504162800000,
                            "y": 469002
                        },
                        {
                            "x": 1506754800000,
                            "y": 465212
                        },
                        {
                            "x": 1509433200000,
                            "y": 468209
                        },
                        {
                            "x": 1512028800000,
                            "y": 467359
                        },
                        {
                            "x": 1514707200000,
                            "y": 465612
                        },
                        {
                            "x": 1517385600000,
                            "y": 470391
                        },
                        {
                            "x": 1519804800000,
                            "y": 469862
                        },
                        {
                            "x": 1522479600000,
                            "y": 475574
                        },
                        {
                            "x": 1525071600000,
                            "y": 462905
                        },
                        {
                            "x": 1527750000000,
                            "y": 465625
                        },
                        {
                            "x": 1530342000000,
                            "y": 463743
                        },
                        {
                            "x": 1533020400000,
                            "y": 469970
                        },
                        {
                            "x": 1535698800000,
                            "y": 470780
                        },
                        {
                            "x": 1538290800000,
                            "y": 464271
                        },
                        {
                            "x": 1540969200000,
                            "y": 471324
                        },
                        {
                            "x": 1543564800000,
                            "y": 479027
                        },
                        {
                            "x": 1546243200000,
                            "y": 473545
                        },
                        {
                            "x": 1548921600000,
                            "y": 468457
                        },
                        {
                            "x": 1551340800000,
                            "y": 484706
                        },
                        {
                            "x": 1554015600000,
                            "y": 481405
                        },
                        {
                            "x": 1556607600000,
                            "y": 484952
                        },
                        {
                            "x": 1559286000000,
                            "y": 478971
                        },
                        {
                            "x": 1561878000000,
                            "y": 490579
                        },
                        {
                            "x": 1564556400000,
                            "y": 494091
                        },
                        {
                            "x": 1567234800000,
                            "y": 496951
                        },
                        {
                            "x": 1569826800000,
                            "y": 501464
                        },
                        {
                            "x": 1572505200000,
                            "y": 501453
                        },
                        {
                            "x": 1575100800000,
                            "y": 502234
                        },
                        {
                            "x": 1577779200000,
                            "y": 501364
                        },
                        {
                            "x": 1580457600000,
                            "y": 503491
                        },
                        {
                            "x": 1582963200000,
                            "y": 497418
                        },
                        {
                            "x": 1585638000000,
                            "y": 490811
                        },
                        {
                            "x": 1588230000000,
                            "y": 518123
                        },
                        {
                            "x": 1590908400000,
                            "y": 529916
                        },
                        {
                            "x": 1593500400000,
                            "y": 532349
                        },
                        {
                            "x": 1596178800000,
                            "y": 530918
                        },
                        {
                            "x": 1598857200000,
                            "y": 531915
                        },
                        {
                            "x": 1601449200000,
                            "y": 539666
                        },
                        {
                            "x": 1604127600000,
                            "y": 541985
                        },
                        {
                            "x": 1606723200000,
                            "y": 547549
                        },
                        {
                            "x": 1609401600000,
                            "y": 560293
                        },
                        {
                            "x": 1612080000000,
                            "y": 571026
                        },
                        {
                            "x": 1614499200000,
                            "y": 577627
                        },
                        {
                            "x": 1617174000000,
                            "y": 578755
                        },
                        {
                            "x": 1619766000000,
                            "y": 592129
                        },
                        {
                            "x": 1622444400000,
                            "y": 628249
                        },
                        {
                            "x": 1625036400000,
                            "y": 633500
                        },
                        {
                            "x": 1627714800000,
                            "y": 653300
                        },
                        {
                            "x": 1630393200000,
                            "y": 651600
                        },
                        {
                            "x": 1632985200000,
                            "y": 656200
                        },
                        {
                            "x": 1635663600000,
                            "y": 664100
                        },
                        {
                            "x": 1638259200000,
                            "y": 674100
                        },
                        {
                            "x": 1640937600000,
                            "y": 682700
                        },
                        {
                            "x": 1643616000000,
                            "y": 684100
                        },
                        {
                            "x": 1646035200000,
                            "y": 688300
                        },
                        {
                            "x": 1648710000000,
                            "y": 740200
                        },
                        {
                            "x": 1651302000000,
                            "y": 779000
                        },
                        {
                            "x": 1653980400000,
                            "y": 802500
                        },
                        {
                            "x": 1656572400000,
                            "y": 814500
                        },
                        {
                            "x": 1659250800000,
                            "y": 810500
                        },
                        {
                            "x": 1661929200000,
                            "y": 789900
                        },
                        {
                            "x": 1664521200000,
                            "y": 779900
                        },
                        {
                            "x": 1667199600000,
                            "y": 776300
                        },
                        {
                            "x": 1669795200000,
                            "y": 755900
                        },
                        {
                            "x": 1672473600000,
                            "y": 748300
                        },
                        {
                            "x": 1675152000000,
                            "y": 742800
                        },
                        {
                            "x": 1677571200000,
                            "y": 747500
                        },
                        {
                            "x": 1680246000000,
                            "y": 766300
                        },
                        {
                            "x": 1682838000000,
                            "y": 773300
                        },
                        {
                            "x": 1685516400000,
                            "y": 781400
                        },
                        {
                            "x": 1688108400000,
                            "y": 806100
                        },
                        {
                            "x": 1690786800000,
                            "y": 807500
                        },
                        {
                            "x": 1693465200000,
                            "y": 803600
                        },
                        {
                            "x": 1696057200000,
                            "y": 815300
                        },
                        {
                            "x": 1698735600000,
                            "y": 821300
                        },
                        {
                            "x": 1701331200000,
                            "y": 819000
                        },
                        {
                            "x": 1704009600000,
                            "y": 818000
                        },
                        {
                            "x": 1706688000000,
                            "y": 931300
                        },
                        {
                            "x": 1707379200000,
                            "y": 874800
                        }
                    ],
                    "name": "This home"
                }
            ]
        }
    }
}