{
    "user_info": {
        "isLoggedIn": false,
        "hasHousingConnectorPermission": false,
        "savedHomesCount": 0,
        "personalizedSearchTraceID": "d95c734efba941bcb9ae532feddc6904",
        "guid": "b0fd2988-a1b7-4b1e-852c-39a37c80b2ed",
        "zuid": "",
        "isBot": false,
        "email": "",
        "displayName": ""
    },
    "map_state": {
        "customRegionPolygonWkt": null,
        "schoolPolygonWkt": null,
        "isCurrentLocationSearch": false,
        "userPosition": {
            "lat": null,
            "lon": null
        }
    },
    "region_state": {
        "regionInfo": [
            {
                "regionId": 72364,
                "regionType": 7,
                "regionName": "33026",
                "displayName": "Pembroke Pines FL 33026",
                "isPointRegion": false
            }
        ],
        "regionBounds": {
            "north": 26.044605,
            "south": 26.005884,
            "east": -80.278981,
            "west": -80.314847
        }
    },
    "search_page_seo": {
        "baseUrl": "/pembroke-pines-fl-33026/",
        "windowTitle": "33026 Real Estate - 33026 Homes For Sale | Zillow",
        "metaDescription": "Zillow has 32 homes for sale in 33026. View listing photos, review sales history, and use our detailed real estate filters to find the perfect place."
    },
    "request_id": 4
}