{
    "user_info": {
        "isLoggedIn": false,
        "hasHousingConnectorPermission": false,
        "savedHomesCount": 0,
        "personalizedSearchTraceID": "409527cf02335f4f07c8915e50a22856",
        "guid": "1486f551-2d56-4542-ab43-cb40f07992ed",
        "zuid": "",
        "isBot": false,
        "email": "",
        "displayName": ""
    },
    "map_state": {
        "customRegionPolygonWkt": null,
        "schoolPolygonWkt": null,
        "isCurrentLocationSearch": false,
        "userPosition": {
            "lat": null,
            "lon": null
        }
    },
    "region_state": {
        "regionInfo": [
            {
                "regionId": 72367,
                "regionType": 7,
                "regionName": "33029",
                "displayName": "Pembroke Pines FL 33029",
                "isPointRegion": false
            }
        ],
        "regionBounds": {
            "north": 26.060883,
            "south": 25.942195,
            "east": -80.374373,
            "west": -80.518898
        }
    },
    "search_page_seo": {
        "baseUrl": "/pembroke-pines-fl-33029/",
        "windowTitle": "33029 Real Estate - 33029 Homes For Sale | Zillow",
        "metaDescription": "Zillow has 110 homes for sale in 33029. View listing photos, review sales history, and use our detailed real estate filters to find the perfect place."
    },
    "request_id": 4
}