{
    "user_info": {
        "isLoggedIn": false,
        "hasHousingConnectorPermission": false,
        "savedHomesCount": 0,
        "personalizedSearchTraceID": "67b70ca5f4b5efcbf9dbfdd5a5a190ef",
        "guid": "bdf35181-958d-4267-afe5-dbac0dbf5b23",
        "zuid": "",
        "isBot": false,
        "email": "",
        "displayName": ""
    },
    "map_state": {
        "customRegionPolygonWkt": null,
        "schoolPolygonWkt": null,
        "isCurrentLocationSearch": false,
        "userPosition": {
            "lat": null,
            "lon": null
        }
    },
    "region_state": {
        "regionInfo": [
            {
                "regionId": 72487,
                "regionType": 7,
                "regionName": "33185",
                "displayName": "FL 33185",
                "isPointRegion": false
            }
        ],
        "regionBounds": {
            "north": 25.755006,
            "south": 25.712371,
            "east": -80.427457,
            "west": -80.480709
        }
    },
    "search_page_seo": {
        "baseUrl": "/fl-33185/",
        "windowTitle": "33185 Real Estate - 33185 Homes For Sale | Zillow",
        "metaDescription": "Zillow has 25 homes for sale in 33185. View listing photos, review sales history, and use our detailed real estate filters to find the perfect place."
    },
    "request_id": 4
}