{
    "user_info": {
        "isLoggedIn": false,
        "hasHousingConnectorPermission": false,
        "savedHomesCount": 0,
        "personalizedSearchTraceID": "e23f6fb26a574e406b5766bce8126310",
        "guid": "50bcba85-123d-40a7-b42f-bbdb04ffb128",
        "zuid": "",
        "isBot": false,
        "email": "",
        "displayName": ""
    },
    "map_state": {
        "customRegionPolygonWkt": null,
        "schoolPolygonWkt": null,
        "isCurrentLocationSearch": false,
        "userPosition": {
            "lat": null,
            "lon": null
        }
    },
    "region_state": {
        "regionInfo": [
            {
                "regionId": 72637,
                "regionType": 7,
                "regionName": "33481",
                "displayName": "Boca Raton FL 33481",
                "isPointRegion": true
            }
        ],
        "regionBounds": {
            "north": 26.395615000000003,
            "south": 26.359385,
            "east": -80.100685,
            "west": -80.13691499999999
        }
    },
    "search_page_seo": {
        "baseUrl": "/boca-raton-fl-33481/",
        "windowTitle": "33481 Real Estate - 33481 Homes For Sale | Zillow",
        "metaDescription": "Zillow has 73 homes for sale in 33481. View listing photos, review sales history, and use our detailed real estate filters to find the perfect place."
    },
    "request_id": 4
}