[
    {
        "zpid": "70773525",
        "id": "70773525",
        "rawHomeStatusCd": "ForSale",
        "marketingStatusSimplifiedCd": "For Sale by Agent",
        "imgSrc": "https://photos.zillowstatic.com/fp/023830b9f634203a28a4be95bb25cf48-p_e.jpg",
        "hasImage": true,
        "detailUrl": "https://www.zillow.com/homedetails/1740-NW-North-River-Dr-APT-419-Miami-FL-33125/70773525_zpid/",
        "statusType": "FOR_SALE",
        "statusText": "Condo for sale",
        "countryCurrency": "$",
        "price": "$250,000",
        "unformattedPrice": 250000,
        "address": "1740 NW North River Dr APT 419, Miami, FL 33125",
        "addressStreet": "1740 NW North River Dr APT 419",
        "addressCity": "Miami",
        "addressState": "FL",
        "addressZipcode": "33125",
        "isUndisclosedAddress": false,
        "beds": 1,
        "baths": 1.0,
        "area": 634,
        "latLong": {
            "latitude": 25.787138,
            "longitude": -80.22477
        },
        "isZillowOwned": false,
        "variableData": {
            "type": "DAYS_ON",
            "text": "5 days on Zillow"
        },
        "hdpData": {
            "homeInfo": {
                "zpid": 70773525,
                "streetAddress": "1740 NW North River Dr APT 419",
                "zipcode": "33125",
                "city": "Miami",
                "state": "FL",
                "latitude": 25.787138,
                "longitude": -80.22477,
                "price": 250000.0,
                "bathrooms": 1.0,
                "bedrooms": 1.0,
                "livingArea": 634.0,
                "homeType": "CONDO",
                "homeStatus": "FOR_SALE",
                "daysOnZillow": 5,
                "isFeatured": false,
                "shouldHighlight": false,
                "zestimate": 245600,
                "rentZestimate": 1297,
                "listing_sub_type": {
                    "is_FSBA": true
                },
                "isUnmappable": false,
                "isPreforeclosureAuction": false,
                "homeStatusForHDP": "FOR_SALE",
                "priceForHDP": 250000.0,
                "timeOnZillow": 438448000,
                "isNonOwnerOccupied": true,
                "isPremierBuilder": false,
                "isZillowOwned": false,
                "currency": "USD",
                "country": "USA",
                "taxAssessedValue": 143914.0,
                "unit": "Apt 419",
                "lotAreaValue": 0.0,
                "lotAreaUnit": "sqft",
                "isShowcaseListing": false
            }
        },
        "isSaved": false,
        "isUserClaimingOwner": false,
        "isUserConfirmedClaim": false,
        "pgapt": "ForSale",
        "sgapt": "For Sale (Broker)",
        "zestimate": 245600,
        "shouldShowZestimateAsPrice": false,
        "has3DModel": false,
        "hasVideo": false,
        "isHomeRec": false,
        "hasAdditionalAttributions": true,
        "isFeaturedListing": false,
        "isShowcaseListing": false,
        "list": true,
        "relaxed": false,
        "info3String": "https://photos.zillowstatic.com/fp/a8b02d5ac61ac8b9a11bda64382b4f89-zillow_web_48_23.jpg",
        "brokerName": "Optimar International Realty",
        "carouselPhotos": [
            {
                "url": "https://photos.zillowstatic.com/fp/023830b9f634203a28a4be95bb25cf48-p_e.jpg"
            },
            {
                "url": "https://photos.zillowstatic.com/fp/55af5b9cc6114213f0f50cdc9812ae92-p_e.jpg"
            },
            {
                "url": "https://photos.zillowstatic.com/fp/5ab8d501da1fb906f3441c0dddc5074c-p_e.jpg"
            },
            {
                "url": "https://photos.zillowstatic.com/fp/3ccdc1a6019d5741361411f07d30c516-p_e.jpg"
            },
            {
                "url": "https://photos.zillowstatic.com/fp/4caf28fd96de411fed48d3f80958fc9f-p_e.jpg"
            },
            {
                "url": "https://photos.zillowstatic.com/fp/f00f62cb8c559e92e368464812305bdf-p_e.jpg"
            },
            {
                "url": "https://photos.zillowstatic.com/fp/846f4ed8addf32913a1884f8ba6006b2-p_e.jpg"
            },
            {
                "url": "https://photos.zillowstatic.com/fp/27f44735cf68e58d64237cc5498d44b6-p_e.jpg"
            },
            {
                "url": "https://photos.zillowstatic.com/fp/284858e683f0d180f3d927dc1c40e4a8-p_e.jpg"
            },
            {
                "url": "https://photos.zillowstatic.com/fp/a21712ecd98b5e15d6f4eb95ca7570f8-p_e.jpg"
            },
            {
                "url": "https://photos.zillowstatic.com/fp/6c50cdea9f395b57e43f43769a84886d-p_e.jpg"
            },
            {
                "url": "https://photos.zillowstatic.com/fp/9f5d62e49b9d663c77cf7f6ca6423198-p_e.jpg"
            },
            {
                "url": "https://photos.zillowstatic.com/fp/56bf734f07d3843e4068ef586eb8a627-p_e.jpg"
            },
            {
                "url": "https://photos.zillowstatic.com/fp/00c4b543aec815b54a28a671bdfa00e1-p_e.jpg"
            },
            {
                "url": "https://photos.zillowstatic.com/fp/9e501656783f38ea4c9db1433c7a9e4f-p_e.jpg"
            }
        ],
        "rooms": []
    },
    {
        "zpid": "64756430",
        "id": "64756430",
        "rawHomeStatusCd": "ForSale",
        "marketingStatusSimplifiedCd": "For Sale by Agent",
        "imgSrc": "https://photos.zillowstatic.com/fp/e4b1d531c001b06138d0ea437aba5760-p_e.jpg",
        "hasImage": true,
        "detailUrl": "https://www.zillow.com/homedetails/616-NW-26th-Ave-APT-504-Miami-FL-33125/64756430_zpid/",
        "statusType": "FOR_SALE",
        "statusText": "Condo for sale",
        "countryCurrency": "$",
        "price": "$300,000",
        "unformattedPrice": 300000,
        "address": "616 NW 26th Ave APT 504, Miami, FL 33125",
        "addressStreet": "616 NW 26th Ave APT 504",
        "addressCity": "Miami",
        "addressState": "FL",
        "addressZipcode": "33125",
        "isUndisclosedAddress": false,
        "beds": 2,
        "baths": 2.0,
        "area": 831,
        "latLong": {
            "latitude": 25.77893,
            "longitude": -80.238655
        },
        "isZillowOwned": false,
        "variableData": {
            "type": "3D_HOME",
            "text": "3D Tour"
        },
        "hdpData": {
            "homeInfo": {
                "zpid": 64756430,
                "streetAddress": "616 NW 26th Ave APT 504",
                "zipcode": "33125",
                "city": "Miami",
                "state": "FL",
                "latitude": 25.77893,
                "longitude": -80.238655,
                "price": 300000.0,
                "bathrooms": 2.0,
                "bedrooms": 2.0,
                "livingArea": 831.0,
                "homeType": "CONDO",
                "homeStatus": "FOR_SALE",
                "daysOnZillow": 11,
                "isFeatured": false,
                "shouldHighlight": false,
                "listing_sub_type": {
                    "is_FSBA": true
                },
                "isUnmappable": false,
                "isPreforeclosureAuction": false,
                "homeStatusForHDP": "FOR_SALE",
                "priceForHDP": 300000.0,
                "timeOnZillow": 956848000,
                "isNonOwnerOccupied": true,
                "isPremierBuilder": false,
                "isZillowOwned": false,
                "currency": "USD",
                "country": "USA",
                "taxAssessedValue": 165428.0,
                "unit": "Apt 504",
                "lotAreaValue": 0.0,
                "lotAreaUnit": "sqft",
                "isShowcaseListing": false
            }
        },
        "isSaved": false,
        "isUserClaimingOwner": false,
        "isUserConfirmedClaim": false,
        "pgapt": "ForSale",
        "sgapt": "For Sale (Broker)",
        "shouldShowZestimateAsPrice": false,
        "has3DModel": true,
        "hasVideo": false,
        "isHomeRec": false,
        "hasAdditionalAttributions": true,
        "isFeaturedListing": false,
        "isShowcaseListing": false,
        "list": true,
        "relaxed": false,
        "info3String": "https://photos.zillowstatic.com/fp/a8b02d5ac61ac8b9a11bda64382b4f89-zillow_web_48_23.jpg",
        "brokerName": "Redfin Corporation",
        "carouselPhotos": [
            {
                "url": "https://photos.zillowstatic.com/fp/e4b1d531c001b06138d0ea437aba5760-p_e.jpg"
            },
            {
                "url": "https://photos.zillowstatic.com/fp/00aa41e8274cd6e17d97f9405b582c82-p_e.jpg"
            },
            {
                "url": "https://photos.zillowstatic.com/fp/b16cc310a3d8d483013125da1d9d5a2c-p_e.jpg"
            },
            {
                "url": "https://photos.zillowstatic.com/fp/1aa86d50bf1b58e8acfb353dfe12620e-p_e.jpg"
            },
            {
                "url": "https://photos.zillowstatic.com/fp/4628b3184794a9878187800de07147d2-p_e.jpg"
            },
            {
                "url": "https://photos.zillowstatic.com/fp/a46d5efc90cb2bad3cd20fd9543825ae-p_e.jpg"
            },
            {
                "url": "https://photos.zillowstatic.com/fp/d669222d5e7d94946528608da33bec3a-p_e.jpg"
            },
            {
                "url": "https://photos.zillowstatic.com/fp/ae3a878c9a700ac5c76e0c7d9e2a91c5-p_e.jpg"
            },
            {
                "url": "https://photos.zillowstatic.com/fp/1a1b94db3a79a864480aadf0486a3a4b-p_e.jpg"
            },
            {
                "url": "https://photos.zillowstatic.com/fp/3fe68428c501d083fc088f5c06723eff-p_e.jpg"
            },
            {
                "url": "https://photos.zillowstatic.com/fp/9141b4b5ae217b8e4ccd123ebf42adbe-p_e.jpg"
            },
            {
                "url": "https://photos.zillowstatic.com/fp/0467ca1b0b7a24d376300e012887eadc-p_e.jpg"
            },
            {
                "url": "https://photos.zillowstatic.com/fp/6d527817b5725d36697ab2dd1ba410ca-p_e.jpg"
            },
            {
                "url": "https://photos.zillowstatic.com/fp/d35c4e11c26feb4f03f523056c7481c1-p_e.jpg"
            },
            {
                "url": "https://photos.zillowstatic.com/fp/7277eab2f911c6d6415752000f045ace-p_e.jpg"
            },
            {
                "url": "https://photos.zillowstatic.com/fp/6eba62428cc4baa2f78acea556124467-p_e.jpg"
            },
            {
                "url": "https://photos.zillowstatic.com/fp/20b449b6e55053a81d01862d57b68c15-p_e.jpg"
            },
            {
                "url": "https://photos.zillowstatic.com/fp/6bc296414454fb70dd4e5154c3c37f01-p_e.jpg"
            },
            {
                "url": "https://photos.zillowstatic.com/fp/582239744bf521715d69dc2b2b6b0297-p_e.jpg"
            },
            {
                "url": "https://photos.zillowstatic.com/fp/9c53fa424069726cc4a6cbb78aa6eded-p_e.jpg"
            },
            {
                "url": "https://photos.zillowstatic.com/fp/b4aa4c3c99c0ac54310f97d7f85eeef4-p_e.jpg"
            },
            {
                "url": "https://photos.zillowstatic.com/fp/bd648e7b8b829a917f875b8a76bbd1fc-p_e.jpg"
            },
            {
                "url": "https://photos.zillowstatic.com/fp/2b08487387614cb817f62158b5bd6539-p_e.jpg"
            },
            {
                "url": "https://photos.zillowstatic.com/fp/a003d5e71082d8bb9ea0595fa44928d9-p_e.jpg"
            },
            {
                "url": "https://photos.zillowstatic.com/fp/f9cd28afb1efcd4e0f32911303455058-p_e.jpg"
            },
            {
                "url": "https://photos.zillowstatic.com/fp/d1d86962c4d6b8b107aec4acc7d52e5b-p_e.jpg"
            },
            {
                "url": "https://photos.zillowstatic.com/fp/680149f7ebe3035e84d8fcce3ead8d16-p_e.jpg"
            },
            {
                "url": "https://photos.zillowstatic.com/fp/d1fcc7ddc730791f3a019136f0d6a5da-p_e.jpg"
            },
            {
                "url": "https://photos.zillowstatic.com/fp/004e313d4f91fc6d38964b634c3dccfb-p_e.jpg"
            },
            {
                "url": "https://photos.zillowstatic.com/fp/a810740e305520c505995efebd25db2c-p_e.jpg"
            }
        ],
        "rooms": []
    },
    {
        "zpid": "64426936",
        "id": "64426936",
        "rawHomeStatusCd": "ForSale",
        "marketingStatusSimplifiedCd": "For Sale by Agent",
        "imgSrc": "https://photos.zillowstatic.com/fp/27d178ecda68fbf80b45b00c79fa6ec1-p_e.jpg",
        "hasImage": true,
        "detailUrl": "https://www.zillow.com/homedetails/616-NW-26th-Ave-APT-303-Miami-FL-33125/64426936_zpid/",
        "statusType": "FOR_SALE",
        "statusText": "Condo for sale",
        "countryCurrency": "$",
        "price": "$330,000",
        "unformattedPrice": 330000,
        "address": "616 NW 26th Ave APT 303, Miami, FL 33125",
        "addressStreet": "616 NW 26th Ave APT 303",
        "addressCity": "Miami",
        "addressState": "FL",
        "addressZipcode": "33125",
        "isUndisclosedAddress": false,
        "beds": 2,
        "baths": 2.0,
        "area": 831,
        "latLong": {
            "latitude": 25.77893,
            "longitude": -80.238655
        },
        "isZillowOwned": false,
        "variableData": {
            "type": "DAYS_ON",
            "text": "13 days on Zillow"
        },
        "hdpData": {
            "homeInfo": {
                "zpid": 64426936,
                "streetAddress": "616 NW 26th Ave APT 303",
                "zipcode": "33125",
                "city": "Miami",
                "state": "FL",
                "latitude": 25.77893,
                "longitude": -80.238655,
                "price": 330000.0,
                "bathrooms": 2.0,
                "bedrooms": 2.0,
                "livingArea": 831.0,
                "homeType": "CONDO",
                "homeStatus": "FOR_SALE",
                "daysOnZillow": 13,
                "isFeatured": false,
                "shouldHighlight": false,
                "zestimate": 318200,
                "rentZestimate": 2500,
                "listing_sub_type": {
                    "is_FSBA": true
                },
                "isUnmappable": false,
                "isPreforeclosureAuction": false,
                "homeStatusForHDP": "FOR_SALE",
                "priceForHDP": 330000.0,
                "timeOnZillow": 1129648000,
                "isNonOwnerOccupied": true,
                "isPremierBuilder": false,
                "isZillowOwned": false,
                "currency": "USD",
                "country": "USA",
                "taxAssessedValue": 165428.0,
                "unit": "Apt 303",
                "lotAreaValue": 0.0,
                "lotAreaUnit": "sqft",
                "isShowcaseListing": false
            }
        },
        "isSaved": false,
        "isUserClaimingOwner": false,
        "isUserConfirmedClaim": false,
        "pgapt": "ForSale",
        "sgapt": "For Sale (Broker)",
        "zestimate": 318200,
        "shouldShowZestimateAsPrice": false,
        "has3DModel": false,
        "hasVideo": false,
        "isHomeRec": false,
        "hasAdditionalAttributions": true,
        "isFeaturedListing": false,
        "isShowcaseListing": false,
        "list": true,
        "relaxed": false,
        "info3String": "https://photos.zillowstatic.com/fp/a8b02d5ac61ac8b9a11bda64382b4f89-zillow_web_48_23.jpg",
        "brokerName": "Florida Realty of Miami Corp",
        "carouselPhotos": [
            {
                "url": "https://photos.zillowstatic.com/fp/27d178ecda68fbf80b45b00c79fa6ec1-p_e.jpg"
            },
            {
                "url": "https://photos.zillowstatic.com/fp/0f21d47834706f96f4ec4e49e1c1b8a5-p_e.jpg"
            },
            {
                "url": "https://photos.zillowstatic.com/fp/caa49acc0b3e7898c229629f988b9ce0-p_e.jpg"
            },
            {
                "url": "https://photos.zillowstatic.com/fp/916a301e398b07d20c8156d5738b8496-p_e.jpg"
            },
            {
                "url": "https://photos.zillowstatic.com/fp/cc57cb0219eabeb6bfa0cc7b5eee8933-p_e.jpg"
            },
            {
                "url": "https://photos.zillowstatic.com/fp/d620d4dcef737ac8f9f506403a05e0a5-p_e.jpg"
            },
            {
                "url": "https://photos.zillowstatic.com/fp/192b9aaf56c1a668ee00b2e97e2f32b4-p_e.jpg"
            },
            {
                "url": "https://photos.zillowstatic.com/fp/36e5d17bcfe28a7304d02c5d1542f546-p_e.jpg"
            },
            {
                "url": "https://photos.zillowstatic.com/fp/0d105c685e495c01cd0bb246fa65dfce-p_e.jpg"
            },
            {
                "url": "https://photos.zillowstatic.com/fp/936d84eae007b221a2208d2f784532e9-p_e.jpg"
            },
            {
                "url": "https://photos.zillowstatic.com/fp/fe4b461d83e861bfb25d2786a1402973-p_e.jpg"
            },
            {
                "url": "https://photos.zillowstatic.com/fp/81660da27e031d8b5bcaf85b98343ec2-p_e.jpg"
            },
            {
                "url": "https://photos.zillowstatic.com/fp/c503d389f2aeda0990943b917b86de1f-p_e.jpg"
            },
            {
                "url": "https://photos.zillowstatic.com/fp/1d4d3b9ab3f8f92686bf4efc205a1e74-p_e.jpg"
            },
            {
                "url": "https://photos.zillowstatic.com/fp/9eb112e00159852a3351f592c9262a30-p_e.jpg"
            },
            {
                "url": "https://photos.zillowstatic.com/fp/86d29b117902f4c8b5027c8de9cda65f-p_e.jpg"
            },
            {
                "url": "https://photos.zillowstatic.com/fp/3b27fa6ac41b0273d81002ba25725819-p_e.jpg"
            },
            {
                "url": "https://photos.zillowstatic.com/fp/ba0e4b5ab03074421692bff2914acad6-p_e.jpg"
            },
            {
                "url": "https://photos.zillowstatic.com/fp/8f4032c483c8cbe903d460cca00c4b3e-p_e.jpg"
            },
            {
                "url": "https://photos.zillowstatic.com/fp/f259f305f1dce75496347faccd2b8bc7-p_e.jpg"
            },
            {
                "url": "https://photos.zillowstatic.com/fp/f68d593280fe9519f3508b76ad136b95-p_e.jpg"
            },
            {
                "url": "https://photos.zillowstatic.com/fp/f1d12213db2528258b89b9ffe55264c0-p_e.jpg"
            },
            {
                "url": "https://photos.zillowstatic.com/fp/702833c014c8918cb6de3136deb45b15-p_e.jpg"
            },
            {
                "url": "https://photos.zillowstatic.com/fp/655c2abe954b056b3db0b2722e4ebe0f-p_e.jpg"
            },
            {
                "url": "https://photos.zillowstatic.com/fp/3720bbc7d8fee0ad30c5545db04b2832-p_e.jpg"
            },
            {
                "url": "https://photos.zillowstatic.com/fp/115d6b6c2796b5ce231aa4f2e52e8486-p_e.jpg"
            },
            {
                "url": "https://photos.zillowstatic.com/fp/693e2b9b6131802fc6b026d34382ddaf-p_e.jpg"
            },
            {
                "url": "https://photos.zillowstatic.com/fp/db1a76e9a6dbb17649dfc34f7d88cfe9-p_e.jpg"
            },
            {
                "url": "https://photos.zillowstatic.com/fp/9aeabc564fd75398c3f4a539e414055d-p_e.jpg"
            },
            {
                "url": "https://photos.zillowstatic.com/fp/53bb4f4d489c055e0e8e42bea7cca92a-p_e.jpg"
            },
            {
                "url": "https://photos.zillowstatic.com/fp/47166b88ac712aaf2bc62eff2ad0d953-p_e.jpg"
            },
            {
                "url": "https://photos.zillowstatic.com/fp/55a1d90f74f75b735918c5a71d25ab00-p_e.jpg"
            },
            {
                "url": "https://photos.zillowstatic.com/fp/bf4408f1591fdb37f55c6fdb280b1596-p_e.jpg"
            }
        ],
        "rooms": []
    },
    {
        "zpid": "43824886",
        "id": "43824886",
        "rawHomeStatusCd": "ForSale",
        "marketingStatusSimplifiedCd": "For Sale by Agent",
        "imgSrc": "https://photos.zillowstatic.com/fp/3bbe76abae61a78bf2bf22ccff977e1d-p_e.jpg",
        "hasImage": true,
        "detailUrl": "https://www.zillow.com/homedetails/1800-NW-24th-Ave-APT-518-Miami-FL-33125/43824886_zpid/",
        "statusType": "FOR_SALE",
        "statusText": "Condo for sale",
        "countryCurrency": "$",
        "price": "$350,000",
        "unformattedPrice": 350000,
        "address": "1800 NW 24th Ave APT 518, Miami, FL 33125",
        "addressStreet": "1800 NW 24th Ave APT 518",
        "addressCity": "Miami",
        "addressState": "FL",
        "addressZipcode": "33125",
        "isUndisclosedAddress": false,
        "beds": 1,
        "baths": 1.0,
        "area": 604,
        "latLong": {
            "latitude": 25.79107,
            "longitude": -80.23584
        },
        "isZillowOwned": false,
        "variableData": {
            "type": "DAYS_ON",
            "text": "16 days on Zillow"
        },
        "hdpData": {
            "homeInfo": {
                "zpid": 43824886,
                "streetAddress": "1800 NW 24th Ave APT 518",
                "zipcode": "33125",
                "city": "Miami",
                "state": "FL",
                "latitude": 25.79107,
                "longitude": -80.23584,
                "price": 350000.0,
                "bathrooms": 1.0,
                "bedrooms": 1.0,
                "livingArea": 604.0,
                "homeType": "CONDO",
                "homeStatus": "FOR_SALE",
                "daysOnZillow": 16,
                "isFeatured": false,
                "shouldHighlight": false,
                "zestimate": 332900,
                "rentZestimate": 1867,
                "listing_sub_type": {
                    "is_FSBA": true
                },
                "isUnmappable": false,
                "isPreforeclosureAuction": false,
                "homeStatusForHDP": "FOR_SALE",
                "priceForHDP": 350000.0,
                "timeOnZillow": 1388848000,
                "isNonOwnerOccupied": true,
                "isPremierBuilder": false,
                "isZillowOwned": false,
                "currency": "USD",
                "country": "USA",
                "taxAssessedValue": 116495.0,
                "unit": "Apt 518",
                "lotAreaValue": 0.0,
                "lotAreaUnit": "sqft",
                "isShowcaseListing": false
            }
        },
        "isSaved": false,
        "isUserClaimingOwner": false,
        "isUserConfirmedClaim": false,
        "pgapt": "ForSale",
        "sgapt": "For Sale (Broker)",
        "zestimate": 332900,
        "shouldShowZestimateAsPrice": false,
        "has3DModel": false,
        "hasVideo": false,
        "isHomeRec": false,
        "hasAdditionalAttributions": true,
        "isFeaturedListing": false,
        "isShowcaseListing": false,
        "list": true,
        "relaxed": false,
        "info3String": "https://photos.zillowstatic.com/fp/a8b02d5ac61ac8b9a11bda64382b4f89-zillow_web_48_23.jpg",
        "brokerName": "Malouf Int'l Realty, Inc.",
        "carouselPhotos": [
            {
                "url": "https://photos.zillowstatic.com/fp/3bbe76abae61a78bf2bf22ccff977e1d-p_e.jpg"
            },
            {
                "url": "https://photos.zillowstatic.com/fp/c692185dfaf2d6cc1a30ef7029f14600-p_e.jpg"
            },
            {
                "url": "https://photos.zillowstatic.com/fp/21d5e8401e90a948c773b479ab87e797-p_e.jpg"
            },
            {
                "url": "https://photos.zillowstatic.com/fp/820966508143412b61b4994ffc1db5ca-p_e.jpg"
            },
            {
                "url": "https://photos.zillowstatic.com/fp/0ee23c8b3111904e415a880800c7a844-p_e.jpg"
            },
            {
                "url": "https://photos.zillowstatic.com/fp/7ed378859789e8190e97fcb4b3b4b82a-p_e.jpg"
            },
            {
                "url": "https://photos.zillowstatic.com/fp/33fa374d0e2d1b81e567b945386102d5-p_e.jpg"
            },
            {
                "url": "https://photos.zillowstatic.com/fp/8efd2bc830866dbb7c3db6595fbc90e1-p_e.jpg"
            },
            {
                "url": "https://photos.zillowstatic.com/fp/c93fc373e9c6be2b93f0c152ecd9bcbe-p_e.jpg"
            },
            {
                "url": "https://photos.zillowstatic.com/fp/a2dfd4ff7f2a98f2238362df25768637-p_e.jpg"
            },
            {
                "url": "https://photos.zillowstatic.com/fp/ed2b884e047d084590340d60e8ab8e19-p_e.jpg"
            },
            {
                "url": "https://photos.zillowstatic.com/fp/db791d180d1d4627f1f76ba7942148e3-p_e.jpg"
            },
            {
                "url": "https://photos.zillowstatic.com/fp/a74108529270fe04a09dbc647d3455a9-p_e.jpg"
            },
            {
                "url": "https://photos.zillowstatic.com/fp/731b6ae013e309ae795aad2313888a90-p_e.jpg"
            },
            {
                "url": "https://photos.zillowstatic.com/fp/694b9b517c9dcddbd31ebb1e6e90db0c-p_e.jpg"
            },
            {
                "url": "https://photos.zillowstatic.com/fp/7afb021152a9e18cc33c597bc1e2e696-p_e.jpg"
            },
            {
                "url": "https://photos.zillowstatic.com/fp/c890f7b7025f07b6aec267efc036143f-p_e.jpg"
            },
            {
                "url": "https://photos.zillowstatic.com/fp/d900b3f7883b068cf1fd3dbec4f7f7cf-p_e.jpg"
            },
            {
                "url": "https://photos.zillowstatic.com/fp/b5908d4ffe2fbd2497cf432fb3582b4d-p_e.jpg"
            },
            {
                "url": "https://photos.zillowstatic.com/fp/0e694303196d976421bfd3ec1becce58-p_e.jpg"
            },
            {
                "url": "https://photos.zillowstatic.com/fp/e8b87c445c82b4bb2ff1566e354c9806-p_e.jpg"
            },
            {
                "url": "https://photos.zillowstatic.com/fp/a7e6cfaa6dccf91d912c4aeb45740135-p_e.jpg"
            },
            {
                "url": "https://photos.zillowstatic.com/fp/ffce2e13ce5b96327d8d6f55f545e3a6-p_e.jpg"
            },
            {
                "url": "https://photos.zillowstatic.com/fp/2e16ebb94f1b30367a8f517d3e0b1728-p_e.jpg"
            },
            {
                "url": "https://photos.zillowstatic.com/fp/095dc4a14ad9bda7072a7bcabeb655fc-p_e.jpg"
            },
            {
                "url": "https://photos.zillowstatic.com/fp/73892494ee1511c5b492b26aa02df9e0-p_e.jpg"
            },
            {
                "url": "https://photos.zillowstatic.com/fp/38ef7a8e245f1c8e74131b588b270c0d-p_e.jpg"
            },
            {
                "url": "https://photos.zillowstatic.com/fp/be88735d656838b7ad1e349a39affbdf-p_e.jpg"
            },
            {
                "url": "https://photos.zillowstatic.com/fp/424e21ccf5b1d9f684061b10dba5874a-p_e.jpg"
            },
            {
                "url": "https://photos.zillowstatic.com/fp/f3055f61c8617e28ca5adbd309537e8a-p_e.jpg"
            },
            {
                "url": "https://photos.zillowstatic.com/fp/393b49b4abb31bfaed984c6e608feb84-p_e.jpg"
            },
            {
                "url": "https://photos.zillowstatic.com/fp/04142073b9592f9f1fbbe6233c6d29b9-p_e.jpg"
            },
            {
                "url": "https://photos.zillowstatic.com/fp/c8cf2928edf07d315f8a9eaadbdda1b8-p_e.jpg"
            },
            {
                "url": "https://photos.zillowstatic.com/fp/2d6cb7f6ac078d58b66e9a2e5ec1883f-p_e.jpg"
            },
            {
                "url": "https://photos.zillowstatic.com/fp/03bba23550f96a4655658dd37143970a-p_e.jpg"
            },
            {
                "url": "https://photos.zillowstatic.com/fp/c7406d53871dfe64c095c4580fd3c8d5-p_e.jpg"
            },
            {
                "url": "https://photos.zillowstatic.com/fp/40b0367ba76c0b4350dc303ccb661313-p_e.jpg"
            },
            {
                "url": "https://photos.zillowstatic.com/fp/2973217632df3eeaa347670992ffebaf-p_e.jpg"
            },
            {
                "url": "https://photos.zillowstatic.com/fp/1cf05796edf0b2abb4ca8a4557e3adec-p_e.jpg"
            },
            {
                "url": "https://photos.zillowstatic.com/fp/32b197469a1d1d8830997db79ceec6b9-p_e.jpg"
            },
            {
                "url": "https://photos.zillowstatic.com/fp/8fbb723e44bbd9b2a51483dc8c39c0c3-p_e.jpg"
            }
        ],
        "rooms": []
    },
    {
        "zpid": "70766776",
        "id": "70766776",
        "rawHomeStatusCd": "ForSale",
        "marketingStatusSimplifiedCd": "For Sale by Agent",
        "imgSrc": "https://photos.zillowstatic.com/fp/dcb70d47a12eff26ec1707ebcb70098f-p_e.jpg",
        "hasImage": true,
        "detailUrl": "https://www.zillow.com/homedetails/1740-NW-North-River-Dr-APT-125-Miami-FL-33125/70766776_zpid/",
        "statusType": "FOR_SALE",
        "statusText": "Condo for sale",
        "countryCurrency": "$",
        "price": "$271,000",
        "unformattedPrice": 271000,
        "address": "1740 NW North River Dr APT 125, Miami, FL 33125",
        "addressStreet": "1740 NW North River Dr APT 125",
        "addressCity": "Miami",
        "addressState": "FL",
        "addressZipcode": "33125",
        "isUndisclosedAddress": false,
        "beds": 1,
        "baths": 1.0,
        "area": 634,
        "latLong": {
            "latitude": 25.787138,
            "longitude": -80.22477
        },
        "isZillowOwned": false,
        "variableData": {
            "type": "DAYS_ON",
            "text": "23 days on Zillow"
        },
        "hdpData": {
            "homeInfo": {
                "zpid": 70766776,
                "streetAddress": "1740 NW North River Dr APT 125",
                "zipcode": "33125",
                "city": "Miami",
                "state": "FL",
                "latitude": 25.787138,
                "longitude": -80.22477,
                "price": 271000.0,
                "bathrooms": 1.0,
                "bedrooms": 1.0,
                "livingArea": 634.0,
                "homeType": "CONDO",
                "homeStatus": "FOR_SALE",
                "daysOnZillow": 23,
                "isFeatured": false,
                "shouldHighlight": false,
                "zestimate": 255900,
                "rentZestimate": 1849,
                "listing_sub_type": {
                    "is_FSBA": true
                },
                "isUnmappable": false,
                "isPreforeclosureAuction": false,
                "homeStatusForHDP": "FOR_SALE",
                "priceForHDP": 271000.0,
                "timeOnZillow": 1993648000,
                "isNonOwnerOccupied": true,
                "isPremierBuilder": false,
                "isZillowOwned": false,
                "currency": "USD",
                "country": "USA",
                "taxAssessedValue": 139733.0,
                "unit": "Apt 125",
                "lotAreaValue": 0.0,
                "lotAreaUnit": "sqft",
                "isShowcaseListing": false
            }
        },
        "isSaved": false,
        "isUserClaimingOwner": false,
        "isUserConfirmedClaim": false,
        "pgapt": "ForSale",
        "sgapt": "For Sale (Broker)",
        "zestimate": 255900,
        "shouldShowZestimateAsPrice": false,
        "has3DModel": false,
        "hasVideo": false,
        "isHomeRec": false,
        "hasAdditionalAttributions": true,
        "isFeaturedListing": false,
        "isShowcaseListing": false,
        "list": true,
        "relaxed": false,
        "info3String": "https://photos.zillowstatic.com/fp/a8b02d5ac61ac8b9a11bda64382b4f89-zillow_web_48_23.jpg",
        "brokerName": "Amerasia INTL RE Invest Servic",
        "carouselPhotos": [
            {
                "url": "https://photos.zillowstatic.com/fp/dcb70d47a12eff26ec1707ebcb70098f-p_e.jpg"
            },
            {
                "url": "https://photos.zillowstatic.com/fp/0972788d334cfbae22b39c9c78b921ee-p_e.jpg"
            },
            {
                "url": "https://photos.zillowstatic.com/fp/229d394a1b5c47d871f0ef8cc220e1b4-p_e.jpg"
            },
            {
                "url": "https://photos.zillowstatic.com/fp/6762a0cac60a76231506def8c59f1620-p_e.jpg"
            },
            {
                "url": "https://photos.zillowstatic.com/fp/dff8a905d36318ac812c3d24b9632442-p_e.jpg"
            },
            {
                "url": "https://photos.zillowstatic.com/fp/6d60429c14aa563d1d00264fb9e797a6-p_e.jpg"
            },
            {
                "url": "https://photos.zillowstatic.com/fp/1e345455b92e3dbd5bd0591143a32876-p_e.jpg"
            },
            {
                "url": "https://photos.zillowstatic.com/fp/24705641d0c86ff441978e11eca4e422-p_e.jpg"
            },
            {
                "url": "https://photos.zillowstatic.com/fp/d1c1c8ae10c29bf9d7b136713ac8c856-p_e.jpg"
            },
            {
                "url": "https://photos.zillowstatic.com/fp/17786784e826710adbed38023bd6eb8a-p_e.jpg"
            },
            {
                "url": "https://photos.zillowstatic.com/fp/ea4033c3a96a6bd14674e17f09a42f18-p_e.jpg"
            },
            {
                "url": "https://photos.zillowstatic.com/fp/d891f40c364c9fcf5b54c5e82d2beadb-p_e.jpg"
            },
            {
                "url": "https://photos.zillowstatic.com/fp/b79de0d7983967a1f81feeb08463ffb3-p_e.jpg"
            },
            {
                "url": "https://photos.zillowstatic.com/fp/f18e1014fa8d10631873627bf0923bad-p_e.jpg"
            },
            {
                "url": "https://photos.zillowstatic.com/fp/dc4505cc86b1aafe60658334459e7a45-p_e.jpg"
            },
            {
                "url": "https://photos.zillowstatic.com/fp/12e24abcde03410994fc3ac7b15b5f14-p_e.jpg"
            },
            {
                "url": "https://photos.zillowstatic.com/fp/c811dca742ba6a4b1df57980df121917-p_e.jpg"
            },
            {
                "url": "https://photos.zillowstatic.com/fp/5a1d3bf0b984c3dedc5df73504259d37-p_e.jpg"
            },
            {
                "url": "https://photos.zillowstatic.com/fp/c236154a9c6fdfba93b80fba1fbe044b-p_e.jpg"
            }
        ],
        "rooms": []
    },
    {
        "zpid": "60792912",
        "id": "60792912",
        "rawHomeStatusCd": "ForSale",
        "marketingStatusSimplifiedCd": "For Sale by Agent",
        "imgSrc": "https://photos.zillowstatic.com/fp/81b38c83d47c4156d1aa5da2d462aace-p_e.jpg",
        "hasImage": true,
        "detailUrl": "https://www.zillow.com/homedetails/2727-NW-17th-Ter-APT-404-Miami-FL-33125/60792912_zpid/",
        "statusType": "FOR_SALE",
        "statusText": "Condo for sale",
        "countryCurrency": "$",
        "price": "$259,000",
        "unformattedPrice": 259000,
        "address": "2727 NW 17th Ter APT 404, Miami, FL 33125",
        "addressStreet": "2727 NW 17th Ter APT 404",
        "addressCity": "Miami",
        "addressState": "FL",
        "addressZipcode": "33125",
        "isUndisclosedAddress": false,
        "beds": 2,
        "baths": 1.0,
        "area": 810,
        "latLong": {
            "latitude": 25.79134,
            "longitude": -80.24045
        },
        "isZillowOwned": false,
        "variableData": {
            "type": "DAYS_ON",
            "text": "24 days on Zillow"
        },
        "hdpData": {
            "homeInfo": {
                "zpid": 60792912,
                "streetAddress": "2727 NW 17th Ter APT 404",
                "zipcode": "33125",
                "city": "Miami",
                "state": "FL",
                "latitude": 25.79134,
                "longitude": -80.24045,
                "price": 259000.0,
                "bathrooms": 1.0,
                "bedrooms": 2.0,
                "livingArea": 810.0,
                "homeType": "CONDO",
                "homeStatus": "FOR_SALE",
                "daysOnZillow": 24,
                "isFeatured": false,
                "shouldHighlight": false,
                "rentZestimate": 2400,
                "listing_sub_type": {
                    "is_FSBA": true
                },
                "isUnmappable": false,
                "isPreforeclosureAuction": false,
                "homeStatusForHDP": "FOR_SALE",
                "priceForHDP": 259000.0,
                "timeOnZillow": 2080048000,
                "isNonOwnerOccupied": true,
                "isPremierBuilder": false,
                "isZillowOwned": false,
                "currency": "USD",
                "country": "USA",
                "taxAssessedValue": 140367.0,
                "unit": "Apt 404",
                "lotAreaValue": 0.0,
                "lotAreaUnit": "sqft",
                "isShowcaseListing": false
            }
        },
        "isSaved": false,
        "isUserClaimingOwner": false,
        "isUserConfirmedClaim": false,
        "pgapt": "ForSale",
        "sgapt": "For Sale (Broker)",
        "shouldShowZestimateAsPrice": false,
        "has3DModel": false,
        "hasVideo": false,
        "isHomeRec": false,
        "hasAdditionalAttributions": true,
        "isFeaturedListing": false,
        "isShowcaseListing": false,
        "list": true,
        "relaxed": false,
        "info3String": "https://photos.zillowstatic.com/fp/a8b02d5ac61ac8b9a11bda64382b4f89-zillow_web_48_23.jpg",
        "brokerName": "Coldwell Banker Realty",
        "carouselPhotos": [
            {
                "url": "https://photos.zillowstatic.com/fp/81b38c83d47c4156d1aa5da2d462aace-p_e.jpg"
            },
            {
                "url": "https://photos.zillowstatic.com/fp/84c0375a353a0224b0362379bd10f81c-p_e.jpg"
            },
            {
                "url": "https://photos.zillowstatic.com/fp/0c59c3f76670b5a3037a990866a4dba5-p_e.jpg"
            },
            {
                "url": "https://photos.zillowstatic.com/fp/1467bd07f7430dbd2d987850309ddd29-p_e.jpg"
            },
            {
                "url": "https://photos.zillowstatic.com/fp/6192f5edbd0be82edfa34c38eb5bf0ca-p_e.jpg"
            },
            {
                "url": "https://photos.zillowstatic.com/fp/2fd5b7b2b61f402f8479510da919ebf6-p_e.jpg"
            },
            {
                "url": "https://photos.zillowstatic.com/fp/e7039d3d317054137f4789d7a1ae95b5-p_e.jpg"
            },
            {
                "url": "https://photos.zillowstatic.com/fp/9c13d146849b3c26a2ddb27fe553bdae-p_e.jpg"
            },
            {
                "url": "https://photos.zillowstatic.com/fp/41a4016fe9da030e3cb1fb1ac3a9a615-p_e.jpg"
            },
            {
                "url": "https://photos.zillowstatic.com/fp/64c0516b48ae3b32789bf56828f33a0d-p_e.jpg"
            },
            {
                "url": "https://photos.zillowstatic.com/fp/e478973f2eeb3f5881d81beef6aafbda-p_e.jpg"
            },
            {
                "url": "https://photos.zillowstatic.com/fp/7c6ec9a281c90e681b358a75e27df173-p_e.jpg"
            },
            {
                "url": "https://photos.zillowstatic.com/fp/f16b52e6ab73a1324bf7f83b301d0a58-p_e.jpg"
            },
            {
                "url": "https://photos.zillowstatic.com/fp/c565460d194a7dcb0483dbd97786c9fa-p_e.jpg"
            }
        ],
        "rooms": []
    },
    {
        "zpid": "72565642",
        "id": "72565642",
        "rawHomeStatusCd": "ForSale",
        "marketingStatusSimplifiedCd": "For Sale by Agent",
        "imgSrc": "https://photos.zillowstatic.com/fp/a5cd6f323c97af6ac579c77c8048cb37-p_e.jpg",
        "hasImage": true,
        "detailUrl": "https://www.zillow.com/homedetails/1627-NW-18th-St-APT-304-Miami-FL-33125/72565642_zpid/",
        "statusType": "FOR_SALE",
        "statusText": "Condo for sale",
        "countryCurrency": "$",
        "price": "$315,000",
        "unformattedPrice": 315000,
        "address": "1627 NW 18th St APT 304, Miami, FL 33125",
        "addressStreet": "1627 NW 18th St APT 304",
        "addressCity": "Miami",
        "addressState": "FL",
        "addressZipcode": "33125",
        "isUndisclosedAddress": false,
        "beds": 2,
        "baths": 2.0,
        "area": 1043,
        "latLong": {
            "latitude": 25.792372,
            "longitude": -80.2221
        },
        "isZillowOwned": false,
        "variableData": {
            "type": "DAYS_ON",
            "text": "33 days on Zillow"
        },
        "hdpData": {
            "homeInfo": {
                "zpid": 72565642,
                "streetAddress": "1627 NW 18th St APT 304",
                "zipcode": "33125",
                "city": "Miami",
                "state": "FL",
                "latitude": 25.792372,
                "longitude": -80.2221,
                "price": 315000.0,
                "bathrooms": 2.0,
                "bedrooms": 2.0,
                "livingArea": 1043.0,
                "homeType": "CONDO",
                "homeStatus": "FOR_SALE",
                "daysOnZillow": 33,
                "isFeatured": false,
                "shouldHighlight": false,
                "zestimate": 312800,
                "rentZestimate": 3300,
                "listing_sub_type": {
                    "is_FSBA": true
                },
                "isUnmappable": false,
                "isPreforeclosureAuction": false,
                "homeStatusForHDP": "FOR_SALE",
                "priceForHDP": 315000.0,
                "timeOnZillow": 2857648000,
                "isNonOwnerOccupied": true,
                "isPremierBuilder": false,
                "isZillowOwned": false,
                "currency": "USD",
                "country": "USA",
                "taxAssessedValue": 162200.0,
                "unit": "Apt 304",
                "lotAreaValue": 0.0,
                "lotAreaUnit": "sqft",
                "isShowcaseListing": false
            }
        },
        "isSaved": false,
        "isUserClaimingOwner": false,
        "isUserConfirmedClaim": false,
        "pgapt": "ForSale",
        "sgapt": "For Sale (Broker)",
        "zestimate": 312800,
        "shouldShowZestimateAsPrice": false,
        "has3DModel": false,
        "hasVideo": false,
        "isHomeRec": false,
        "hasAdditionalAttributions": true,
        "isFeaturedListing": false,
        "isShowcaseListing": false,
        "list": true,
        "relaxed": false,
        "info3String": "https://photos.zillowstatic.com/fp/a8b02d5ac61ac8b9a11bda64382b4f89-zillow_web_48_23.jpg",
        "brokerName": "Habitat Realty LLC",
        "carouselPhotos": [
            {
                "url": "https://photos.zillowstatic.com/fp/a5cd6f323c97af6ac579c77c8048cb37-p_e.jpg"
            },
            {
                "url": "https://photos.zillowstatic.com/fp/93698771e43f66df24f1bb6105d03b35-p_e.jpg"
            },
            {
                "url": "https://photos.zillowstatic.com/fp/ba54cf075becbce16a26fe3fd7e4cad8-p_e.jpg"
            },
            {
                "url": "https://photos.zillowstatic.com/fp/72148fb0e19858d7b955b88921525f51-p_e.jpg"
            },
            {
                "url": "https://photos.zillowstatic.com/fp/097779f5df0b905dfaf4ecadc405a8c8-p_e.jpg"
            },
            {
                "url": "https://photos.zillowstatic.com/fp/b079a866212444e1305d6fd9de4fd73b-p_e.jpg"
            },
            {
                "url": "https://photos.zillowstatic.com/fp/61b5c415efc15c9f26e19e0c295ff9f5-p_e.jpg"
            },
            {
                "url": "https://photos.zillowstatic.com/fp/c0376207c91b5bb71caba7285056e86c-p_e.jpg"
            },
            {
                "url": "https://photos.zillowstatic.com/fp/4b52ba228373d42bd8e6a9493198d160-p_e.jpg"
            },
            {
                "url": "https://photos.zillowstatic.com/fp/d08b6cb2ea804aee8973439bd3f7e714-p_e.jpg"
            },
            {
                "url": "https://photos.zillowstatic.com/fp/41ac96f24271828f34996846073122ba-p_e.jpg"
            },
            {
                "url": "https://photos.zillowstatic.com/fp/37be87dcce8b3d9e74c20b3850e7dc9d-p_e.jpg"
            },
            {
                "url": "https://photos.zillowstatic.com/fp/1eca77df6bdf3fc6919962ba45f89765-p_e.jpg"
            },
            {
                "url": "https://photos.zillowstatic.com/fp/189217d9c8316f568fc27e92974eb7f5-p_e.jpg"
            },
            {
                "url": "https://photos.zillowstatic.com/fp/ca62558d9af76ff7a9ec3ca02892216e-p_e.jpg"
            },
            {
                "url": "https://photos.zillowstatic.com/fp/ec771c525708ce14795ab38772e49c3c-p_e.jpg"
            },
            {
                "url": "https://photos.zillowstatic.com/fp/8fa4f925ad4c194392cd8214b8bc9071-p_e.jpg"
            }
        ],
        "rooms": []
    },
    {
        "zpid": "87937729",
        "id": "87937729",
        "rawHomeStatusCd": "ForSale",
        "marketingStatusSimplifiedCd": "For Sale by Agent",
        "imgSrc": "https://photos.zillowstatic.com/fp/ed9ac5277e0da9aaa26f07cd778a41ea-p_e.jpg",
        "hasImage": true,
        "detailUrl": "https://www.zillow.com/homedetails/2217-NW-7th-St-APT-701-Miami-FL-33125/87937729_zpid/",
        "statusType": "FOR_SALE",
        "statusText": "Condo for sale",
        "countryCurrency": "$",
        "price": "$340,000",
        "unformattedPrice": 340000,
        "address": "2217 NW 7th St APT 701, Miami, FL 33125",
        "addressStreet": "2217 NW 7th St APT 701",
        "addressCity": "Miami",
        "addressState": "FL",
        "addressZipcode": "33125",
        "isUndisclosedAddress": false,
        "beds": 3,
        "baths": 2.0,
        "area": 1130,
        "latLong": {
            "latitude": 25.780035,
            "longitude": -80.23166
        },
        "isZillowOwned": false,
        "variableData": {
            "type": "DAYS_ON",
            "text": "56 days on Zillow"
        },
        "hdpData": {
            "homeInfo": {
                "zpid": 87937729,
                "streetAddress": "2217 NW 7th St APT 701",
                "zipcode": "33125",
                "city": "Miami",
                "state": "FL",
                "latitude": 25.780035,
                "longitude": -80.23166,
                "price": 340000.0,
                "bathrooms": 2.0,
                "bedrooms": 3.0,
                "livingArea": 1130.0,
                "homeType": "CONDO",
                "homeStatus": "FOR_SALE",
                "daysOnZillow": 56,
                "isFeatured": false,
                "shouldHighlight": false,
                "zestimate": 320300,
                "rentZestimate": 3339,
                "listing_sub_type": {
                    "is_FSBA": true
                },
                "isUnmappable": false,
                "isPreforeclosureAuction": false,
                "homeStatusForHDP": "FOR_SALE",
                "priceForHDP": 340000.0,
                "timeOnZillow": 4844848000,
                "isNonOwnerOccupied": true,
                "isPremierBuilder": false,
                "isZillowOwned": false,
                "currency": "USD",
                "country": "USA",
                "taxAssessedValue": 50000.0,
                "unit": "Apt 701",
                "lotAreaValue": 0.0,
                "lotAreaUnit": "sqft",
                "isShowcaseListing": false
            }
        },
        "isSaved": false,
        "isUserClaimingOwner": false,
        "isUserConfirmedClaim": false,
        "pgapt": "ForSale",
        "sgapt": "For Sale (Broker)",
        "zestimate": 320300,
        "shouldShowZestimateAsPrice": false,
        "has3DModel": false,
        "hasVideo": false,
        "isHomeRec": false,
        "hasAdditionalAttributions": true,
        "isFeaturedListing": false,
        "isShowcaseListing": false,
        "list": true,
        "relaxed": false,
        "info3String": "https://photos.zillowstatic.com/fp/a8b02d5ac61ac8b9a11bda64382b4f89-zillow_web_48_23.jpg",
        "brokerName": "Caralex Intl Realty Group Corp",
        "carouselPhotos": [
            {
                "url": "https://photos.zillowstatic.com/fp/ed9ac5277e0da9aaa26f07cd778a41ea-p_e.jpg"
            },
            {
                "url": "https://photos.zillowstatic.com/fp/9ef5a60fd8c3fa7555f8ca2f526d2c6d-p_e.jpg"
            },
            {
                "url": "https://photos.zillowstatic.com/fp/4f8c7fefc99b71c8a754129f0384f6d7-p_e.jpg"
            },
            {
                "url": "https://photos.zillowstatic.com/fp/2b61be48e314f10bf78c11ea0bba8d49-p_e.jpg"
            },
            {
                "url": "https://photos.zillowstatic.com/fp/7be96254da84624f2c3ca8b78fd344fd-p_e.jpg"
            },
            {
                "url": "https://photos.zillowstatic.com/fp/9cf60eb7223ae1e1262a5d12610ec767-p_e.jpg"
            },
            {
                "url": "https://photos.zillowstatic.com/fp/4cd9fc9db702655b0fd92a350a727cc7-p_e.jpg"
            },
            {
                "url": "https://photos.zillowstatic.com/fp/9c2d83ea51b2d9d674d0554e1228b9f9-p_e.jpg"
            },
            {
                "url": "https://photos.zillowstatic.com/fp/20495b89345c269cb36b2cc2da1dbf63-p_e.jpg"
            },
            {
                "url": "https://photos.zillowstatic.com/fp/ea67320251b9a998b51d7bff0caacaef-p_e.jpg"
            },
            {
                "url": "https://photos.zillowstatic.com/fp/31f2bd40ebebb9344116db1083e8b34f-p_e.jpg"
            },
            {
                "url": "https://photos.zillowstatic.com/fp/c870c0509c1155254023775ab1e9874c-p_e.jpg"
            },
            {
                "url": "https://photos.zillowstatic.com/fp/34c8c5dfdbacade32567050f01066330-p_e.jpg"
            },
            {
                "url": "https://photos.zillowstatic.com/fp/94d5a536c3b92e98d574848e372da7bc-p_e.jpg"
            },
            {
                "url": "https://photos.zillowstatic.com/fp/69690d30b130d651e1d09cb02e0e3397-p_e.jpg"
            },
            {
                "url": "https://photos.zillowstatic.com/fp/cdde106f419e0f30c671b2e992296401-p_e.jpg"
            },
            {
                "url": "https://photos.zillowstatic.com/fp/33c23b995266e239cbdf1e3c3f2b1a70-p_e.jpg"
            },
            {
                "url": "https://photos.zillowstatic.com/fp/bd71a5d8e519ed1fd0925be1d19dd09c-p_e.jpg"
            },
            {
                "url": "https://photos.zillowstatic.com/fp/da8f292919e2b843c527d6e416e1e7b4-p_e.jpg"
            },
            {
                "url": "https://photos.zillowstatic.com/fp/ca5b23423791b3c6d45f924469299e98-p_e.jpg"
            },
            {
                "url": "https://photos.zillowstatic.com/fp/d1fe99c21a8caad658347a723c2d9f63-p_e.jpg"
            },
            {
                "url": "https://photos.zillowstatic.com/fp/627325d3c4b5ecab86494700fd1a680c-p_e.jpg"
            },
            {
                "url": "https://photos.zillowstatic.com/fp/cdd58ac594c01a504c116903d026d60b-p_e.jpg"
            }
        ],
        "rooms": []
    },
    {
        "zpid": "43825060",
        "id": "43825060",
        "rawHomeStatusCd": "ForSale",
        "marketingStatusSimplifiedCd": "For Sale by Agent",
        "imgSrc": "https://photos.zillowstatic.com/fp/b9446447ffd791726e0d906aa8f9f2ad-p_e.jpg",
        "hasImage": true,
        "detailUrl": "https://www.zillow.com/homedetails/1111-NW-19th-Ave-APT-201-Miami-FL-33125/43825060_zpid/",
        "statusType": "FOR_SALE",
        "statusText": "Condo for sale",
        "countryCurrency": "$",
        "price": "$240,000",
        "unformattedPrice": 240000,
        "address": "1111 NW 19th Ave APT 201, Miami, FL 33125",
        "addressStreet": "1111 NW 19th Ave APT 201",
        "addressCity": "Miami",
        "addressState": "FL",
        "addressZipcode": "33125",
        "isUndisclosedAddress": false,
        "beds": 2,
        "baths": 2.0,
        "area": 748,
        "latLong": {
            "latitude": 25.78406,
            "longitude": -80.22633
        },
        "isZillowOwned": false,
        "variableData": {
            "type": "DAYS_ON",
            "text": "84 days on Zillow"
        },
        "hdpData": {
            "homeInfo": {
                "zpid": 43825060,
                "streetAddress": "1111 NW 19th Ave APT 201",
                "zipcode": "33125",
                "city": "Miami",
                "state": "FL",
                "latitude": 25.78406,
                "longitude": -80.22633,
                "price": 240000.0,
                "bathrooms": 2.0,
                "bedrooms": 2.0,
                "livingArea": 748.0,
                "homeType": "CONDO",
                "homeStatus": "FOR_SALE",
                "daysOnZillow": 84,
                "isFeatured": false,
                "shouldHighlight": false,
                "listing_sub_type": {
                    "is_FSBA": true
                },
                "isUnmappable": false,
                "isPreforeclosureAuction": false,
                "homeStatusForHDP": "FOR_SALE",
                "priceForHDP": 240000.0,
                "timeOnZillow": 7264048000,
                "isNonOwnerOccupied": true,
                "isPremierBuilder": false,
                "isZillowOwned": false,
                "currency": "USD",
                "country": "USA",
                "taxAssessedValue": 142132.0,
                "unit": "Apt 201",
                "lotAreaValue": 0.0,
                "lotAreaUnit": "sqft",
                "isShowcaseListing": false
            }
        },
        "isSaved": false,
        "isUserClaimingOwner": false,
        "isUserConfirmedClaim": false,
        "pgapt": "ForSale",
        "sgapt": "For Sale (Broker)",
        "shouldShowZestimateAsPrice": false,
        "has3DModel": false,
        "hasVideo": false,
        "isHomeRec": false,
        "hasAdditionalAttributions": true,
        "isFeaturedListing": false,
        "isShowcaseListing": false,
        "list": true,
        "relaxed": false,
        "info3String": "https://photos.zillowstatic.com/fp/a8b02d5ac61ac8b9a11bda64382b4f89-zillow_web_48_23.jpg",
        "brokerName": "The Keyes Company",
        "carouselPhotos": [
            {
                "url": "https://photos.zillowstatic.com/fp/b9446447ffd791726e0d906aa8f9f2ad-p_e.jpg"
            },
            {
                "url": "https://photos.zillowstatic.com/fp/9b80807f25747a0ca555adececd1eb09-p_e.jpg"
            },
            {
                "url": "https://photos.zillowstatic.com/fp/4e540b2236cae6224a8e54aeba5d2c2d-p_e.jpg"
            },
            {
                "url": "https://photos.zillowstatic.com/fp/e45c24ee8a104e15d08cccb6650812d8-p_e.jpg"
            }
        ],
        "rooms": []
    },
    {
        "zpid": "72566208",
        "id": "72566208",
        "rawHomeStatusCd": "ForSale",
        "marketingStatusSimplifiedCd": "For Sale by Agent",
        "imgSrc": "https://photos.zillowstatic.com/fp/b74e2375acd8be272ae7a6352b2101b2-p_e.jpg",
        "hasImage": true,
        "detailUrl": "https://www.zillow.com/homedetails/2475-NW-16th-Street-Rd-APT-415-Miami-FL-33125/72566208_zpid/",
        "statusType": "FOR_SALE",
        "statusText": "Condo for sale",
        "countryCurrency": "$",
        "price": "$290,000",
        "unformattedPrice": 290000,
        "address": "2475 NW 16th Street Rd APT 415, Miami, FL 33125",
        "addressStreet": "2475 NW 16th Street Rd APT 415",
        "addressCity": "Miami",
        "addressState": "FL",
        "addressZipcode": "33125",
        "isUndisclosedAddress": false,
        "beds": 2,
        "baths": 2.0,
        "area": 900,
        "latLong": {
            "latitude": 25.789782,
            "longitude": -80.23645
        },
        "isZillowOwned": false,
        "variableData": {
            "type": "DAYS_ON",
            "text": "109 days on Zillow"
        },
        "hdpData": {
            "homeInfo": {
                "zpid": 72566208,
                "streetAddress": "2475 NW 16th Street Rd APT 415",
                "zipcode": "33125",
                "city": "Miami",
                "state": "FL",
                "latitude": 25.789782,
                "longitude": -80.23645,
                "price": 290000.0,
                "bathrooms": 2.0,
                "bedrooms": 2.0,
                "livingArea": 900.0,
                "homeType": "CONDO",
                "homeStatus": "FOR_SALE",
                "daysOnZillow": 109,
                "isFeatured": false,
                "shouldHighlight": false,
                "listing_sub_type": {
                    "is_FSBA": true
                },
                "isUnmappable": false,
                "isPreforeclosureAuction": false,
                "homeStatusForHDP": "FOR_SALE",
                "priceForHDP": 290000.0,
                "timeOnZillow": 9424048000,
                "isNonOwnerOccupied": true,
                "isPremierBuilder": false,
                "isZillowOwned": false,
                "currency": "USD",
                "country": "USA",
                "taxAssessedValue": 168361.0,
                "unit": "Apt 415",
                "lotAreaValue": 0.0,
                "lotAreaUnit": "sqft",
                "isShowcaseListing": false
            }
        },
        "isSaved": false,
        "isUserClaimingOwner": false,
        "isUserConfirmedClaim": false,
        "pgapt": "ForSale",
        "sgapt": "For Sale (Broker)",
        "shouldShowZestimateAsPrice": false,
        "has3DModel": false,
        "hasVideo": false,
        "isHomeRec": false,
        "hasAdditionalAttributions": true,
        "isFeaturedListing": false,
        "isShowcaseListing": false,
        "list": true,
        "relaxed": false,
        "info3String": "https://photos.zillowstatic.com/fp/a8b02d5ac61ac8b9a11bda64382b4f89-zillow_web_48_23.jpg",
        "brokerName": "Midtown Realty Group, LLC",
        "carouselPhotos": [
            {
                "url": "https://photos.zillowstatic.com/fp/b74e2375acd8be272ae7a6352b2101b2-p_e.jpg"
            },
            {
                "url": "https://photos.zillowstatic.com/fp/a2bc9f8db738647bd2d7b36f3932620a-p_e.jpg"
            },
            {
                "url": "https://photos.zillowstatic.com/fp/abe9f7d3ae2ca8857e6d1e2222a2e9f0-p_e.jpg"
            },
            {
                "url": "https://photos.zillowstatic.com/fp/060b7eb64fe0613b0a56673c51ba85ef-p_e.jpg"
            },
            {
                "url": "https://photos.zillowstatic.com/fp/0e7f96f93e11a8df8ad6f16182a3a080-p_e.jpg"
            },
            {
                "url": "https://photos.zillowstatic.com/fp/c83e3b90ce4a49218fd09df690409f05-p_e.jpg"
            },
            {
                "url": "https://photos.zillowstatic.com/fp/8f8e0446096cf6abfab9bf2d6cda4269-p_e.jpg"
            },
            {
                "url": "https://photos.zillowstatic.com/fp/5bfb0ce8cf5aee667f711f5f4b753409-p_e.jpg"
            },
            {
                "url": "https://photos.zillowstatic.com/fp/7e22c4439e52fed183d87148a08905d9-p_e.jpg"
            },
            {
                "url": "https://photos.zillowstatic.com/fp/b689e3dae7576b74a161c56d1936583d-p_e.jpg"
            },
            {
                "url": "https://photos.zillowstatic.com/fp/be9465be81522cdd230e5e2993ec3c2b-p_e.jpg"
            },
            {
                "url": "https://photos.zillowstatic.com/fp/db7707df91ff526411ec4a9ea31aebc2-p_e.jpg"
            }
        ],
        "rooms": []
    },
    {
        "zpid": "70773554",
        "id": "70773554",
        "rawHomeStatusCd": "ForSale",
        "marketingStatusSimplifiedCd": "For Sale by Agent",
        "imgSrc": "https://photos.zillowstatic.com/fp/b929f26114e60a7cf1188387f6124cba-p_e.jpg",
        "hasImage": true,
        "detailUrl": "https://www.zillow.com/homedetails/1740-NW-North-River-Dr-APT-425-Miami-FL-33125/70773554_zpid/",
        "statusType": "FOR_SALE",
        "statusText": "Condo for sale",
        "countryCurrency": "$",
        "price": "$249,987",
        "unformattedPrice": 249987,
        "address": "1740 NW North River Dr APT 425, Miami, FL 33125",
        "addressStreet": "1740 NW North River Dr APT 425",
        "addressCity": "Miami",
        "addressState": "FL",
        "addressZipcode": "33125",
        "isUndisclosedAddress": false,
        "beds": 1,
        "baths": 1.0,
        "area": 634,
        "latLong": {
            "latitude": 25.787138,
            "longitude": -80.22477
        },
        "isZillowOwned": false,
        "variableData": {
            "type": "PRICE_REDUCTION",
            "text": "$10,000 (Dec 15)"
        },
        "hdpData": {
            "homeInfo": {
                "zpid": 70773554,
                "streetAddress": "1740 NW North River Dr APT 425",
                "zipcode": "33125",
                "city": "Miami",
                "state": "FL",
                "latitude": 25.787138,
                "longitude": -80.22477,
                "price": 249987.0,
                "datePriceChanged": 1702627200000,
                "bathrooms": 1.0,
                "bedrooms": 1.0,
                "livingArea": 634.0,
                "homeType": "CONDO",
                "homeStatus": "FOR_SALE",
                "daysOnZillow": 168,
                "isFeatured": false,
                "shouldHighlight": false,
                "rentZestimate": 1849,
                "listing_sub_type": {
                    "is_FSBA": true
                },
                "priceReduction": "$10,000 (Dec 15)",
                "isUnmappable": false,
                "isPreforeclosureAuction": false,
                "homeStatusForHDP": "FOR_SALE",
                "priceForHDP": 249987.0,
                "priceChange": -10000,
                "timeOnZillow": 14521648000,
                "isNonOwnerOccupied": true,
                "isPremierBuilder": false,
                "isZillowOwned": false,
                "currency": "USD",
                "country": "USA",
                "taxAssessedValue": 143914.0,
                "unit": "Apt 425",
                "lotAreaValue": 0.0,
                "lotAreaUnit": "sqft",
                "isShowcaseListing": false
            }
        },
        "isSaved": false,
        "isUserClaimingOwner": false,
        "isUserConfirmedClaim": false,
        "pgapt": "ForSale",
        "sgapt": "For Sale (Broker)",
        "shouldShowZestimateAsPrice": false,
        "has3DModel": false,
        "hasVideo": false,
        "isHomeRec": false,
        "hasAdditionalAttributions": true,
        "isFeaturedListing": false,
        "isShowcaseListing": false,
        "list": true,
        "relaxed": false,
        "info3String": "https://photos.zillowstatic.com/fp/a8b02d5ac61ac8b9a11bda64382b4f89-zillow_web_48_23.jpg",
        "brokerName": "EXP Realty, LLC",
        "carouselPhotos": [
            {
                "url": "https://photos.zillowstatic.com/fp/b929f26114e60a7cf1188387f6124cba-p_e.jpg"
            },
            {
                "url": "https://photos.zillowstatic.com/fp/aa9a4be07457e47b01cbb7e4eaa31e0b-p_e.jpg"
            },
            {
                "url": "https://photos.zillowstatic.com/fp/70ff541f4a42ae7f6ad11d757f126307-p_e.jpg"
            },
            {
                "url": "https://photos.zillowstatic.com/fp/2ac9210b82f7949a3869553b9e4a6d47-p_e.jpg"
            },
            {
                "url": "https://photos.zillowstatic.com/fp/98ec58cb97f1e45723c0f649a8d6c8ec-p_e.jpg"
            },
            {
                "url": "https://photos.zillowstatic.com/fp/31a5689ce675d0b5c3edf31b514d16d0-p_e.jpg"
            },
            {
                "url": "https://photos.zillowstatic.com/fp/a5fd44f5ff72a56340f9b1ad243dec07-p_e.jpg"
            },
            {
                "url": "https://photos.zillowstatic.com/fp/8d2b57b1fbad1d6e59d3571a27927196-p_e.jpg"
            },
            {
                "url": "https://photos.zillowstatic.com/fp/ca402a4c2da61b21a64464f8ca0e690a-p_e.jpg"
            },
            {
                "url": "https://photos.zillowstatic.com/fp/88dd53a511ca21f6c28dc43a570e73c4-p_e.jpg"
            },
            {
                "url": "https://photos.zillowstatic.com/fp/360496996fcb17a183ab68e368f0dbf8-p_e.jpg"
            },
            {
                "url": "https://photos.zillowstatic.com/fp/41e05cca7d44f0169006726e8c43bae4-p_e.jpg"
            },
            {
                "url": "https://photos.zillowstatic.com/fp/ab1340de90c7a8ba0caf01512e2d5c8e-p_e.jpg"
            },
            {
                "url": "https://photos.zillowstatic.com/fp/424baf5741396a4d026a2f016587d158-p_e.jpg"
            },
            {
                "url": "https://photos.zillowstatic.com/fp/c7ef5caefe4029e4aab5f9b8588fb933-p_e.jpg"
            },
            {
                "url": "https://photos.zillowstatic.com/fp/10ea30258e5cb28165bf76131f848030-p_e.jpg"
            },
            {
                "url": "https://photos.zillowstatic.com/fp/b4df2f406671995df01b52a78ee3c2a9-p_e.jpg"
            },
            {
                "url": "https://photos.zillowstatic.com/fp/e2fd6519f140b19cfb465be990571882-p_e.jpg"
            },
            {
                "url": "https://photos.zillowstatic.com/fp/823198be49286a05d4ac27669d5c7694-p_e.jpg"
            },
            {
                "url": "https://photos.zillowstatic.com/fp/042e62b13e83a8a47239c791a2f3a562-p_e.jpg"
            },
            {
                "url": "https://photos.zillowstatic.com/fp/7d1b271b71c87545448f73581836b886-p_e.jpg"
            }
        ],
        "rooms": []
    },
    {
        "zpid": "123866001",
        "id": "123866001",
        "rawHomeStatusCd": "ForSale",
        "marketingStatusSimplifiedCd": "For Sale by Agent",
        "imgSrc": "https://photos.zillowstatic.com/fp/2dcead96466381af1f249a4895212e60-p_e.jpg",
        "hasImage": true,
        "detailUrl": "https://www.zillow.com/homedetails/3123-NW-11th-St-2-B-Miami-FL-33125/123866001_zpid/",
        "statusType": "FOR_SALE",
        "statusText": "Townhouse for sale",
        "countryCurrency": "$",
        "price": "$650,000",
        "unformattedPrice": 650000,
        "address": "3123 NW 11th St #2-B, Miami, FL 33125",
        "addressStreet": "3123 NW 11th St #2-B",
        "addressCity": "Miami",
        "addressState": "FL",
        "addressZipcode": "33125",
        "isUndisclosedAddress": false,
        "beds": 3,
        "baths": 3.0,
        "latLong": {
            "latitude": 25.783228,
            "longitude": -80.24718
        },
        "isZillowOwned": false,
        "variableData": {
            "type": "DAYS_ON",
            "text": "200 days on Zillow"
        },
        "hdpData": {
            "homeInfo": {
                "zpid": 123866001,
                "streetAddress": "3123 NW 11th St #2-B",
                "zipcode": "33125",
                "city": "Miami",
                "state": "FL",
                "latitude": 25.783228,
                "longitude": -80.24718,
                "price": 650000.0,
                "bathrooms": 3.0,
                "bedrooms": 3.0,
                "homeType": "TOWNHOUSE",
                "homeStatus": "FOR_SALE",
                "daysOnZillow": 200,
                "isFeatured": false,
                "shouldHighlight": false,
                "listing_sub_type": {
                    "is_FSBA": true
                },
                "isUnmappable": false,
                "isPreforeclosureAuction": false,
                "homeStatusForHDP": "FOR_SALE",
                "priceForHDP": 650000.0,
                "timeOnZillow": 17286448000,
                "isNonOwnerOccupied": true,
                "isPremierBuilder": false,
                "isZillowOwned": false,
                "currency": "USD",
                "country": "USA",
                "taxAssessedValue": 275310.0,
                "unit": "# 2-B",
                "lotAreaValue": 0.0,
                "lotAreaUnit": "sqft",
                "isShowcaseListing": false
            }
        },
        "isSaved": false,
        "isUserClaimingOwner": false,
        "isUserConfirmedClaim": false,
        "pgapt": "ForSale",
        "sgapt": "For Sale (Broker)",
        "shouldShowZestimateAsPrice": false,
        "has3DModel": false,
        "hasVideo": false,
        "isHomeRec": false,
        "hasAdditionalAttributions": true,
        "isFeaturedListing": false,
        "isShowcaseListing": false,
        "list": true,
        "relaxed": false,
        "info3String": "https://photos.zillowstatic.com/fp/a8b02d5ac61ac8b9a11bda64382b4f89-zillow_web_48_23.jpg",
        "brokerName": "Florida Capital Realty",
        "carouselPhotos": [
            {
                "url": "https://photos.zillowstatic.com/fp/2dcead96466381af1f249a4895212e60-p_e.jpg"
            },
            {
                "url": "https://photos.zillowstatic.com/fp/4619875a41214f49d14fdd1cefdaca0e-p_e.jpg"
            },
            {
                "url": "https://photos.zillowstatic.com/fp/b0f547069b374cc6fd8da358d53976ad-p_e.jpg"
            },
            {
                "url": "https://photos.zillowstatic.com/fp/8303e79a021c8bcfb2571b2f65f6152c-p_e.jpg"
            },
            {
                "url": "https://photos.zillowstatic.com/fp/854f15acfc9ef32382023f21951b0d56-p_e.jpg"
            },
            {
                "url": "https://photos.zillowstatic.com/fp/24236c2ed52ed12de523b9a11c2037c3-p_e.jpg"
            },
            {
                "url": "https://photos.zillowstatic.com/fp/8f3bbb5b96b9e7495a04c5903e6d8ddc-p_e.jpg"
            },
            {
                "url": "https://photos.zillowstatic.com/fp/970ede21c4b063c93c220c04e4ae0df2-p_e.jpg"
            },
            {
                "url": "https://photos.zillowstatic.com/fp/ea8c6753194618847a3b9eaac7c8635a-p_e.jpg"
            },
            {
                "url": "https://photos.zillowstatic.com/fp/bb0e67cb61aa7e4436c580b45824cc85-p_e.jpg"
            },
            {
                "url": "https://photos.zillowstatic.com/fp/fa4b15c40edf85498467430608fee705-p_e.jpg"
            },
            {
                "url": "https://photos.zillowstatic.com/fp/ec335b55967a0fe1518fa957dc4410fb-p_e.jpg"
            },
            {
                "url": "https://photos.zillowstatic.com/fp/dabab011e3ec898635770ff3e37dc1e8-p_e.jpg"
            },
            {
                "url": "https://photos.zillowstatic.com/fp/009450ebdbda6446e73628dd8d7486eb-p_e.jpg"
            },
            {
                "url": "https://photos.zillowstatic.com/fp/fff3c910f34d98c576aaa6505208002d-p_e.jpg"
            },
            {
                "url": "https://photos.zillowstatic.com/fp/dd657ef7d867bd17231da48a28791408-p_e.jpg"
            },
            {
                "url": "https://photos.zillowstatic.com/fp/8003fa5a3194d3c2dd516b2fcf58bd54-p_e.jpg"
            },
            {
                "url": "https://photos.zillowstatic.com/fp/8f0ddbb6e901df02f3092c1032fad7ee-p_e.jpg"
            },
            {
                "url": "https://photos.zillowstatic.com/fp/51d35268158e5645c23de1dbcaaae61a-p_e.jpg"
            },
            {
                "url": "https://photos.zillowstatic.com/fp/86f8df69ed39bbbe7ff9ea44d7a02060-p_e.jpg"
            },
            {
                "url": "https://photos.zillowstatic.com/fp/a863ae9daeda09458eee1e07137bcca9-p_e.jpg"
            },
            {
                "url": "https://photos.zillowstatic.com/fp/c8bc34922b9d1c8e34a7cb3229e16171-p_e.jpg"
            },
            {
                "url": "https://photos.zillowstatic.com/fp/bde3ad8b8d8366d39601e8026b81df2a-p_e.jpg"
            },
            {
                "url": "https://photos.zillowstatic.com/fp/992ca23b3bb5cf8c181c58c874a46e47-p_e.jpg"
            },
            {
                "url": "https://photos.zillowstatic.com/fp/d8eb31c2dc1a6a129a6fa1a5c6119d5b-p_e.jpg"
            },
            {
                "url": "https://photos.zillowstatic.com/fp/240637597d037ace94c0512c989c4e8f-p_e.jpg"
            },
            {
                "url": "https://photos.zillowstatic.com/fp/93f4566210ea260e095def53fa661f4c-p_e.jpg"
            },
            {
                "url": "https://photos.zillowstatic.com/fp/e4c89e842101ca5d65342b32d2e143c4-p_e.jpg"
            },
            {
                "url": "https://photos.zillowstatic.com/fp/356d47954227f1dcb4a83f404c36742d-p_e.jpg"
            },
            {
                "url": "https://photos.zillowstatic.com/fp/f24c80fd281a23966060c26da6587152-p_e.jpg"
            },
            {
                "url": "https://photos.zillowstatic.com/fp/bf9bd9450649cfc5c6e4572d993a3561-p_e.jpg"
            },
            {
                "url": "https://photos.zillowstatic.com/fp/98ed4820eba7f7fb51e2ad3d52574e68-p_e.jpg"
            },
            {
                "url": "https://photos.zillowstatic.com/fp/9ae10bc10c281eebf14798f7c4422361-p_e.jpg"
            },
            {
                "url": "https://photos.zillowstatic.com/fp/2e543684e83d47272c3925e6bd790dcd-p_e.jpg"
            }
        ],
        "rooms": []
    }
]