{
    "user_info": {
        "isLoggedIn": false,
        "hasHousingConnectorPermission": false,
        "savedHomesCount": 0,
        "personalizedSearchTraceID": "40362710e60ba9393e5fae0e46ef8af6",
        "guid": "7df88804-4ca3-486e-ac3e-328ecbd1906f",
        "zuid": "",
        "isBot": false,
        "email": "",
        "displayName": ""
    },
    "map_state": {
        "customRegionPolygonWkt": null,
        "schoolPolygonWkt": null,
        "isCurrentLocationSearch": false,
        "userPosition": {
            "lat": null,
            "lon": null
        }
    },
    "region_state": {
        "regionInfo": [
            {
                "regionId": 72428,
                "regionType": 7,
                "regionName": "33125",
                "displayName": "Miami FL 33125",
                "isPointRegion": false
            }
        ],
        "regionBounds": {
            "north": 25.794779,
            "south": 25.771956,
            "east": -80.214631,
            "west": -80.264218
        }
    },
    "search_page_seo": {
        "baseUrl": "/miami-fl-33125/",
        "windowTitle": "33125 Real Estate - 33125 Homes For Sale | Zillow",
        "metaDescription": "Zillow has 12 homes for sale in 33125. View listing photos, review sales history, and use our detailed real estate filters to find the perfect place."
    },
    "request_id": 4
}