{
    "user_info": {
        "isLoggedIn": false,
        "hasHousingConnectorPermission": false,
        "savedHomesCount": 0,
        "personalizedSearchTraceID": "dbe0114dfc032468446897d6be52b490",
        "guid": "c19d0de7-ea55-4071-a959-f49b78500c3f",
        "zuid": "",
        "isBot": false,
        "email": "",
        "displayName": ""
    },
    "map_state": {
        "customRegionPolygonWkt": null,
        "schoolPolygonWkt": null,
        "isCurrentLocationSearch": false,
        "userPosition": {
            "lat": null,
            "lon": null
        }
    },
    "region_state": {
        "regionInfo": [
            {
                "regionId": 72519,
                "regionType": 7,
                "regionName": "33299",
                "displayName": "Miami FL 33299",
                "isPointRegion": true
            }
        ],
        "regionBounds": {
            "north": 25.813415000000003,
            "south": 25.777185,
            "east": -80.260385,
            "west": -80.29661499999999
        }
    },
    "search_page_seo": {
        "baseUrl": "/miami-fl-33299/",
        "windowTitle": "33299 Real Estate - 33299 Homes For Sale | Zillow",
        "metaDescription": "Zillow has 32 homes for sale in 33299. View listing photos, review sales history, and use our detailed real estate filters to find the perfect place."
    },
    "request_id": 4
}