[
    {
        "zpid": "338742287",
        "id": "338742287",
        "rawHomeStatusCd": "ForSale",
        "marketingStatusSimplifiedCd": "For Sale by Agent",
        "imgSrc": "https://photos.zillowstatic.com/fp/53f57ee9a21611bf57fbe44d8c818b2c-p_e.jpg",
        "hasImage": true,
        "detailUrl": "https://www.zillow.com/homedetails/1300-Monad-Ter-11F-Miami-Beach-FL-33139/338742287_zpid/",
        "statusType": "FOR_SALE",
        "statusText": "Condo for sale",
        "countryCurrency": "$",
        "price": "$7,000,000",
        "unformattedPrice": 7000000,
        "address": "1300 Monad Ter #11F, Miami Beach, FL 33139",
        "addressStreet": "1300 Monad Ter #11F",
        "addressCity": "Miami Beach",
        "addressState": "FL",
        "addressZipcode": "33139",
        "isUndisclosedAddress": false,
        "beds": 3,
        "baths": 4.0,
        "area": 2658,
        "latLong": {
            "latitude": 25.784168,
            "longitude": -80.14252
        },
        "isZillowOwned": false,
        "variableData": {
            "type": "PRICE_REDUCTION",
            "text": "$500,000 (Dec 1)"
        },
        "hdpData": {
            "homeInfo": {
                "zpid": 338742287,
                "streetAddress": "1300 Monad Ter #11F",
                "zipcode": "33139",
                "city": "Miami Beach",
                "state": "FL",
                "latitude": 25.784168,
                "longitude": -80.14252,
                "price": 7000000.0,
                "datePriceChanged": 1701417600000,
                "bathrooms": 4.0,
                "bedrooms": 3.0,
                "livingArea": 2658.0,
                "homeType": "CONDO",
                "homeStatus": "FOR_SALE",
                "daysOnZillow": 159,
                "isFeatured": false,
                "shouldHighlight": false,
                "listing_sub_type": {
                    "is_FSBA": true
                },
                "priceReduction": "$500,000 (Dec 1)",
                "isUnmappable": false,
                "isPreforeclosureAuction": false,
                "homeStatusForHDP": "FOR_SALE",
                "priceForHDP": 7000000.0,
                "priceChange": -500000,
                "timeOnZillow": 13744214000,
                "isNonOwnerOccupied": true,
                "isPremierBuilder": false,
                "isZillowOwned": false,
                "currency": "USD",
                "country": "USA",
                "taxAssessedValue": 4485298.0,
                "unit": "# 11F",
                "lotAreaValue": 0.0,
                "lotAreaUnit": "sqft",
                "isShowcaseListing": false
            }
        },
        "isSaved": false,
        "isUserClaimingOwner": false,
        "isUserConfirmedClaim": false,
        "pgapt": "ForSale",
        "sgapt": "For Sale (Broker)",
        "shouldShowZestimateAsPrice": false,
        "has3DModel": false,
        "hasVideo": false,
        "isHomeRec": false,
        "hasAdditionalAttributions": true,
        "isFeaturedListing": false,
        "isShowcaseListing": false,
        "list": true,
        "relaxed": false,
        "info3String": "https://photos.zillowstatic.com/fp/a8b02d5ac61ac8b9a11bda64382b4f89-zillow_web_48_23.jpg",
        "brokerName": "Compass Florida, LLC.",
        "carouselPhotos": [
            {
                "url": "https://photos.zillowstatic.com/fp/53f57ee9a21611bf57fbe44d8c818b2c-p_e.jpg"
            },
            {
                "url": "https://photos.zillowstatic.com/fp/cae67df194dcc551049e018e9527f07c-p_e.jpg"
            },
            {
                "url": "https://photos.zillowstatic.com/fp/90db8102f9d4a6ccf02ca51aca4aa04c-p_e.jpg"
            },
            {
                "url": "https://photos.zillowstatic.com/fp/0b4b75e9bca6a76d6d5041812979ae31-p_e.jpg"
            },
            {
                "url": "https://photos.zillowstatic.com/fp/da210bf5e114596270a574bc16cd9e5d-p_e.jpg"
            },
            {
                "url": "https://photos.zillowstatic.com/fp/307ec9250390f5fe0eff45ff68b49550-p_e.jpg"
            },
            {
                "url": "https://photos.zillowstatic.com/fp/ff8c8f67e1a61b39b112a2856572e031-p_e.jpg"
            },
            {
                "url": "https://photos.zillowstatic.com/fp/6ddc5bbb9bf41af08b986fe2f0562149-p_e.jpg"
            },
            {
                "url": "https://photos.zillowstatic.com/fp/fdf5be0cd9f36dec0c1cc5ee4598f288-p_e.jpg"
            },
            {
                "url": "https://photos.zillowstatic.com/fp/5bcd8aace649380906597c726efc5c55-p_e.jpg"
            },
            {
                "url": "https://photos.zillowstatic.com/fp/94ff5ac3da9c6fc95a7e7fd777e49ef5-p_e.jpg"
            },
            {
                "url": "https://photos.zillowstatic.com/fp/ab10b6ce5dcf671fed86ebe386372fba-p_e.jpg"
            },
            {
                "url": "https://photos.zillowstatic.com/fp/c4b32b8d7942fb58741c7868bf5e9cf1-p_e.jpg"
            },
            {
                "url": "https://photos.zillowstatic.com/fp/8bb1f9d3496aa6dbebe4f5551298b518-p_e.jpg"
            },
            {
                "url": "https://photos.zillowstatic.com/fp/727cf63835eea928dfefdb3b9105b5ab-p_e.jpg"
            },
            {
                "url": "https://photos.zillowstatic.com/fp/b73c683caa5241cdde5173d006b8cedb-p_e.jpg"
            },
            {
                "url": "https://photos.zillowstatic.com/fp/f91d055e0b355bf29291d593a28a933f-p_e.jpg"
            },
            {
                "url": "https://photos.zillowstatic.com/fp/5993ca249bd221a05ceb20a11271fbf5-p_e.jpg"
            },
            {
                "url": "https://photos.zillowstatic.com/fp/d74c0d7a3825246757a5926b48b2a1e4-p_e.jpg"
            }
        ],
        "rooms": []
    },
    {
        "zpid": "123865941",
        "id": "123865941",
        "rawHomeStatusCd": "ForSale",
        "marketingStatusSimplifiedCd": "For Sale by Agent",
        "imgSrc": "https://photos.zillowstatic.com/fp/bfc2c4655fc3016d1b3610c11c15d831-p_e.jpg",
        "hasImage": true,
        "detailUrl": "https://www.zillow.com/homedetails/102-24th-St-APT-1113-Miami-Beach-FL-33139/123865941_zpid/",
        "statusType": "FOR_SALE",
        "statusText": "Condo for sale",
        "countryCurrency": "$",
        "price": "$2,600,000",
        "unformattedPrice": 2600000,
        "address": "102 24th St APT 1113, Miami Beach, FL 33139",
        "addressStreet": "102 24th St APT 1113",
        "addressCity": "Miami Beach",
        "addressState": "FL",
        "addressZipcode": "33139",
        "isUndisclosedAddress": false,
        "beds": 1,
        "baths": 2.0,
        "area": 893,
        "latLong": {
            "latitude": 25.79977,
            "longitude": -80.12686
        },
        "isZillowOwned": false,
        "variableData": {
            "type": "DAYS_ON",
            "text": "168 days on Zillow"
        },
        "hdpData": {
            "homeInfo": {
                "zpid": 123865941,
                "streetAddress": "102 24th St APT 1113",
                "zipcode": "33139",
                "city": "Miami Beach",
                "state": "FL",
                "latitude": 25.79977,
                "longitude": -80.12686,
                "price": 2600000.0,
                "bathrooms": 2.0,
                "bedrooms": 1.0,
                "livingArea": 893.0,
                "homeType": "CONDO",
                "homeStatus": "FOR_SALE",
                "daysOnZillow": 168,
                "isFeatured": false,
                "shouldHighlight": false,
                "listing_sub_type": {
                    "is_FSBA": true
                },
                "isUnmappable": false,
                "isPreforeclosureAuction": false,
                "homeStatusForHDP": "FOR_SALE",
                "priceForHDP": 2600000.0,
                "timeOnZillow": 14521814000,
                "isNonOwnerOccupied": true,
                "isPremierBuilder": false,
                "isZillowOwned": false,
                "currency": "USD",
                "country": "USA",
                "taxAssessedValue": 1202014.0,
                "unit": "Apt 1113",
                "lotAreaValue": 0.0,
                "lotAreaUnit": "sqft",
                "isShowcaseListing": false
            }
        },
        "isSaved": false,
        "isUserClaimingOwner": false,
        "isUserConfirmedClaim": false,
        "pgapt": "ForSale",
        "sgapt": "For Sale (Broker)",
        "shouldShowZestimateAsPrice": false,
        "has3DModel": false,
        "hasVideo": false,
        "isHomeRec": false,
        "hasAdditionalAttributions": true,
        "isFeaturedListing": false,
        "isShowcaseListing": false,
        "list": true,
        "relaxed": false,
        "info3String": "https://photos.zillowstatic.com/fp/a8b02d5ac61ac8b9a11bda64382b4f89-zillow_web_48_23.jpg",
        "brokerName": "Compass Florida, LLC.",
        "carouselPhotos": [
            {
                "url": "https://photos.zillowstatic.com/fp/bfc2c4655fc3016d1b3610c11c15d831-p_e.jpg"
            },
            {
                "url": "https://photos.zillowstatic.com/fp/88f0832d1106c96c6cecdc4972883f94-p_e.jpg"
            },
            {
                "url": "https://photos.zillowstatic.com/fp/9a57d5e9cfbda201d8595ec64aae91bf-p_e.jpg"
            },
            {
                "url": "https://photos.zillowstatic.com/fp/bb803094a15a96c8a112d96ee69e07f3-p_e.jpg"
            },
            {
                "url": "https://photos.zillowstatic.com/fp/7af7a3c5102b0e5517922f6ede65aef6-p_e.jpg"
            },
            {
                "url": "https://photos.zillowstatic.com/fp/317e6e730f8c30e62cad65db60abfbfc-p_e.jpg"
            },
            {
                "url": "https://photos.zillowstatic.com/fp/9d454a33513858552b4a23a33f1205e7-p_e.jpg"
            },
            {
                "url": "https://photos.zillowstatic.com/fp/0859ff6d1402891efb492ffdc497c819-p_e.jpg"
            },
            {
                "url": "https://photos.zillowstatic.com/fp/c382ec553d2badee128378364afa3fb8-p_e.jpg"
            },
            {
                "url": "https://photos.zillowstatic.com/fp/40f5908861ff6fb74cb79e1e092a0963-p_e.jpg"
            },
            {
                "url": "https://photos.zillowstatic.com/fp/3080d1075445fd8864d7e468485a31ae-p_e.jpg"
            },
            {
                "url": "https://photos.zillowstatic.com/fp/06a2b1a6ca405105cb64a47b3420f8b0-p_e.jpg"
            },
            {
                "url": "https://photos.zillowstatic.com/fp/bf7680815598dc09df14318d136a35c9-p_e.jpg"
            },
            {
                "url": "https://photos.zillowstatic.com/fp/292b864ac12be6127602c77a0b56aba6-p_e.jpg"
            },
            {
                "url": "https://photos.zillowstatic.com/fp/9b846be0c54b5dd1ff39e29e2c453a5d-p_e.jpg"
            },
            {
                "url": "https://photos.zillowstatic.com/fp/ce5f6a4b63d30def8b8a36c87594d541-p_e.jpg"
            },
            {
                "url": "https://photos.zillowstatic.com/fp/47dd5dda8f26b874cf07969fe09405d0-p_e.jpg"
            },
            {
                "url": "https://photos.zillowstatic.com/fp/1a02341f2b7ce95e6adf8985e757b10d-p_e.jpg"
            },
            {
                "url": "https://photos.zillowstatic.com/fp/1a7772859c7cd3a91b245061b4de9b6f-p_e.jpg"
            },
            {
                "url": "https://photos.zillowstatic.com/fp/a48488c6984eb5a462dd75a49bb09946-p_e.jpg"
            },
            {
                "url": "https://photos.zillowstatic.com/fp/99c25f254c2aab81f28d0a8fbc2c7625-p_e.jpg"
            },
            {
                "url": "https://photos.zillowstatic.com/fp/b2b3f8117b272ebb9b42fc1a50b08489-p_e.jpg"
            },
            {
                "url": "https://photos.zillowstatic.com/fp/e3fb6d9291481e4cb3caf7866d07c40f-p_e.jpg"
            },
            {
                "url": "https://photos.zillowstatic.com/fp/3d7a61061672daa3808850958432dd99-p_e.jpg"
            },
            {
                "url": "https://photos.zillowstatic.com/fp/4eddff210945e551b6e463aa5ef46ffc-p_e.jpg"
            },
            {
                "url": "https://photos.zillowstatic.com/fp/285ea37028ad26e1e62d900f46e65f6e-p_e.jpg"
            },
            {
                "url": "https://photos.zillowstatic.com/fp/5582181bd548ae419fcc620bad71fcc6-p_e.jpg"
            }
        ],
        "rooms": []
    },
    {
        "zpid": "43905988",
        "id": "43905988",
        "rawHomeStatusCd": "ForSale",
        "marketingStatusSimplifiedCd": "For Sale by Agent",
        "imgSrc": "https://photos.zillowstatic.com/fp/0f580a7bd08bf3353b265e867b205556-p_e.jpg",
        "hasImage": true,
        "detailUrl": "https://www.zillow.com/homedetails/221-Meridian-Ave-APT-504-Miami-Beach-FL-33139/43905988_zpid/",
        "statusType": "FOR_SALE",
        "statusText": "Condo for sale",
        "countryCurrency": "$",
        "price": "$360,000",
        "unformattedPrice": 360000,
        "address": "221 Meridian Ave APT 504, Miami Beach, FL 33139",
        "addressStreet": "221 Meridian Ave APT 504",
        "addressCity": "Miami Beach",
        "addressState": "FL",
        "addressZipcode": "33139",
        "isUndisclosedAddress": false,
        "beds": 1,
        "baths": 1.0,
        "area": 644,
        "latLong": {
            "latitude": 25.771675,
            "longitude": -80.13555
        },
        "isZillowOwned": false,
        "variableData": {
            "type": "PRICE_REDUCTION",
            "text": "$20,000 (Dec 6)"
        },
        "hdpData": {
            "homeInfo": {
                "zpid": 43905988,
                "streetAddress": "221 Meridian Ave APT 504",
                "zipcode": "33139",
                "city": "Miami Beach",
                "state": "FL",
                "latitude": 25.771675,
                "longitude": -80.13555,
                "price": 360000.0,
                "datePriceChanged": 1701849600000,
                "bathrooms": 1.0,
                "bedrooms": 1.0,
                "livingArea": 644.0,
                "homeType": "CONDO",
                "homeStatus": "FOR_SALE",
                "daysOnZillow": 172,
                "isFeatured": false,
                "shouldHighlight": false,
                "listing_sub_type": {
                    "is_FSBA": true
                },
                "priceReduction": "$20,000 (Dec 6)",
                "isUnmappable": false,
                "isPreforeclosureAuction": false,
                "homeStatusForHDP": "FOR_SALE",
                "priceForHDP": 360000.0,
                "priceChange": -20000,
                "timeOnZillow": 14867414000,
                "isNonOwnerOccupied": true,
                "isPremierBuilder": false,
                "isZillowOwned": false,
                "currency": "USD",
                "country": "USA",
                "taxAssessedValue": 247416.0,
                "unit": "Apt 504",
                "lotAreaValue": 0.0,
                "lotAreaUnit": "sqft",
                "isShowcaseListing": false
            }
        },
        "isSaved": false,
        "isUserClaimingOwner": false,
        "isUserConfirmedClaim": false,
        "pgapt": "ForSale",
        "sgapt": "For Sale (Broker)",
        "shouldShowZestimateAsPrice": false,
        "has3DModel": false,
        "hasVideo": false,
        "isHomeRec": false,
        "hasAdditionalAttributions": true,
        "isFeaturedListing": false,
        "isShowcaseListing": false,
        "list": true,
        "relaxed": false,
        "info3String": "https://photos.zillowstatic.com/fp/a8b02d5ac61ac8b9a11bda64382b4f89-zillow_web_48_23.jpg",
        "brokerName": "Investors 1 Realty, Inc.",
        "carouselPhotos": [
            {
                "url": "https://photos.zillowstatic.com/fp/0f580a7bd08bf3353b265e867b205556-p_e.jpg"
            },
            {
                "url": "https://photos.zillowstatic.com/fp/44cddba45df959246f2da45894be7926-p_e.jpg"
            },
            {
                "url": "https://photos.zillowstatic.com/fp/a2ad9cc3583cb49d67c5bb1547264b8b-p_e.jpg"
            },
            {
                "url": "https://photos.zillowstatic.com/fp/ada94d813238df31a6e4e60f4ee2dc7e-p_e.jpg"
            },
            {
                "url": "https://photos.zillowstatic.com/fp/59f0264b2358133b7a535142c504a739-p_e.jpg"
            },
            {
                "url": "https://photos.zillowstatic.com/fp/1eca7ff4bbff4b25d0164f106a16b522-p_e.jpg"
            },
            {
                "url": "https://photos.zillowstatic.com/fp/b6da6fe591e109aa3b1679657ee5ff5c-p_e.jpg"
            },
            {
                "url": "https://photos.zillowstatic.com/fp/c73fe343f4ef79a6538217c29b3bf4b3-p_e.jpg"
            },
            {
                "url": "https://photos.zillowstatic.com/fp/9ae554c9743e0ad3d6c4e5fe7c0d6ab1-p_e.jpg"
            },
            {
                "url": "https://photos.zillowstatic.com/fp/3c8e4cccb9450a1985d09915e3f1dce9-p_e.jpg"
            },
            {
                "url": "https://photos.zillowstatic.com/fp/ce9777f8d455d611bb121d8f6c5fd7ed-p_e.jpg"
            }
        ],
        "rooms": []
    },
    {
        "zpid": "70763390",
        "id": "70763390",
        "rawHomeStatusCd": "ForSale",
        "marketingStatusSimplifiedCd": "For Sale by Agent",
        "imgSrc": "https://photos.zillowstatic.com/fp/7c37f909bc861d43d0cdedb298ae3be0-p_e.jpg",
        "hasImage": true,
        "detailUrl": "https://www.zillow.com/homedetails/110-Washington-Ave-APT-2304-Miami-Beach-FL-33139/70763390_zpid/",
        "statusType": "FOR_SALE",
        "statusText": "Condo for sale",
        "countryCurrency": "$",
        "price": "$850,000",
        "unformattedPrice": 850000,
        "address": "110 Washington Ave APT 2304, Miami Beach, FL 33139",
        "addressStreet": "110 Washington Ave APT 2304",
        "addressCity": "Miami Beach",
        "addressState": "FL",
        "addressZipcode": "33139",
        "isUndisclosedAddress": false,
        "beds": 1,
        "baths": 2.0,
        "area": 826,
        "latLong": {
            "latitude": 25.770626,
            "longitude": -80.135445
        },
        "isZillowOwned": false,
        "variableData": {
            "type": "DAYS_ON",
            "text": "179 days on Zillow"
        },
        "hdpData": {
            "homeInfo": {
                "zpid": 70763390,
                "streetAddress": "110 Washington Ave APT 2304",
                "zipcode": "33139",
                "city": "Miami Beach",
                "state": "FL",
                "latitude": 25.770626,
                "longitude": -80.135445,
                "price": 850000.0,
                "bathrooms": 2.0,
                "bedrooms": 1.0,
                "livingArea": 826.0,
                "homeType": "CONDO",
                "homeStatus": "FOR_SALE",
                "daysOnZillow": 179,
                "isFeatured": false,
                "shouldHighlight": false,
                "listing_sub_type": {
                    "is_FSBA": true
                },
                "isUnmappable": false,
                "isPreforeclosureAuction": false,
                "homeStatusForHDP": "FOR_SALE",
                "priceForHDP": 850000.0,
                "timeOnZillow": 15472214000,
                "isNonOwnerOccupied": true,
                "isPremierBuilder": false,
                "isZillowOwned": false,
                "currency": "USD",
                "country": "USA",
                "taxAssessedValue": 373483.0,
                "unit": "Apt 2304",
                "lotAreaValue": 0.0,
                "lotAreaUnit": "sqft",
                "isShowcaseListing": false
            }
        },
        "isSaved": false,
        "isUserClaimingOwner": false,
        "isUserConfirmedClaim": false,
        "pgapt": "ForSale",
        "sgapt": "For Sale (Broker)",
        "shouldShowZestimateAsPrice": false,
        "has3DModel": false,
        "hasVideo": false,
        "isHomeRec": false,
        "hasAdditionalAttributions": true,
        "isFeaturedListing": false,
        "isShowcaseListing": false,
        "list": true,
        "relaxed": false,
        "info3String": "https://photos.zillowstatic.com/fp/a8b02d5ac61ac8b9a11bda64382b4f89-zillow_web_48_23.jpg",
        "brokerName": "RE/MAX Advance Realty",
        "carouselPhotos": [
            {
                "url": "https://photos.zillowstatic.com/fp/7c37f909bc861d43d0cdedb298ae3be0-p_e.jpg"
            },
            {
                "url": "https://photos.zillowstatic.com/fp/ae5430e9b229b29331bf4fda85f26326-p_e.jpg"
            },
            {
                "url": "https://photos.zillowstatic.com/fp/71f394347002781010d4069641fa4db5-p_e.jpg"
            },
            {
                "url": "https://photos.zillowstatic.com/fp/75eefc1795307daee2e232b13ac656fb-p_e.jpg"
            },
            {
                "url": "https://photos.zillowstatic.com/fp/3b0cd8d67b95d700c0929dcbdab5998c-p_e.jpg"
            },
            {
                "url": "https://photos.zillowstatic.com/fp/65e33c8ea27fad60da00980f74cae715-p_e.jpg"
            },
            {
                "url": "https://photos.zillowstatic.com/fp/465f5c26b92125788272e878ab70935c-p_e.jpg"
            },
            {
                "url": "https://photos.zillowstatic.com/fp/36d4636c34a29aa5eb7b3d769471f5d9-p_e.jpg"
            },
            {
                "url": "https://photos.zillowstatic.com/fp/b9da7f07a9fc9e60cf3b56c3f69c3455-p_e.jpg"
            },
            {
                "url": "https://photos.zillowstatic.com/fp/d88012d5b8a9e40896d766b43500df71-p_e.jpg"
            },
            {
                "url": "https://photos.zillowstatic.com/fp/9103cd364ea44118cb90f63d4269b2ca-p_e.jpg"
            },
            {
                "url": "https://photos.zillowstatic.com/fp/0a3e11ae758ba361e06c908a9a04591d-p_e.jpg"
            },
            {
                "url": "https://photos.zillowstatic.com/fp/1c5862ac84ac7e87a659935b78902143-p_e.jpg"
            },
            {
                "url": "https://photos.zillowstatic.com/fp/d8bd522e11d92c9d8f077607ea76ad14-p_e.jpg"
            },
            {
                "url": "https://photos.zillowstatic.com/fp/bc61e69b9e56453fd9776d8d61265053-p_e.jpg"
            },
            {
                "url": "https://photos.zillowstatic.com/fp/e5060d99714a16f088f2edcf5a48b1c8-p_e.jpg"
            },
            {
                "url": "https://photos.zillowstatic.com/fp/f8bd9d86f53734a085c0b049ce1e7c6d-p_e.jpg"
            },
            {
                "url": "https://photos.zillowstatic.com/fp/a487b1164b32c15334b09eba3cc4b671-p_e.jpg"
            },
            {
                "url": "https://photos.zillowstatic.com/fp/b36d007df5c294634d6ec1b557426f99-p_e.jpg"
            },
            {
                "url": "https://photos.zillowstatic.com/fp/943ab8c9a2f5d9c0910f01253c139a5b-p_e.jpg"
            },
            {
                "url": "https://photos.zillowstatic.com/fp/705e8926ed0a2dbbb55bf06805d353ff-p_e.jpg"
            },
            {
                "url": "https://photos.zillowstatic.com/fp/4de467dc8e9db9161a83aa788e904415-p_e.jpg"
            },
            {
                "url": "https://photos.zillowstatic.com/fp/380b7384b98e1326a92ff974e84da1a8-p_e.jpg"
            },
            {
                "url": "https://photos.zillowstatic.com/fp/da787dd9f6852c712937e3985659a18b-p_e.jpg"
            },
            {
                "url": "https://photos.zillowstatic.com/fp/2fce6883bfcddbf129931e7534b95aec-p_e.jpg"
            },
            {
                "url": "https://photos.zillowstatic.com/fp/f703a702fef1be9dffdf99e93beb3486-p_e.jpg"
            },
            {
                "url": "https://photos.zillowstatic.com/fp/e7695eb457234d8737552cd960a01d23-p_e.jpg"
            },
            {
                "url": "https://photos.zillowstatic.com/fp/ebf9ad860b2d0ef13b48c43243509dd1-p_e.jpg"
            },
            {
                "url": "https://photos.zillowstatic.com/fp/5f5593efe3d1755f42fb01945111bfb0-p_e.jpg"
            },
            {
                "url": "https://photos.zillowstatic.com/fp/97091ec6963ac4b94e53d8532cad6582-p_e.jpg"
            },
            {
                "url": "https://photos.zillowstatic.com/fp/f91e79192921ae24652e4d3182f201df-p_e.jpg"
            },
            {
                "url": "https://photos.zillowstatic.com/fp/32c092b2afb8f75d743da96b3fac68a0-p_e.jpg"
            },
            {
                "url": "https://photos.zillowstatic.com/fp/5c5991b7ecc2009021646f459c6328a8-p_e.jpg"
            },
            {
                "url": "https://photos.zillowstatic.com/fp/7c944d33a97642d48ef9543f4f71c60c-p_e.jpg"
            },
            {
                "url": "https://photos.zillowstatic.com/fp/94570b7b7faedd833d3f900ffcaa1c51-p_e.jpg"
            },
            {
                "url": "https://photos.zillowstatic.com/fp/6c1c7636362866d99bb30721cdb68235-p_e.jpg"
            },
            {
                "url": "https://photos.zillowstatic.com/fp/481c9a4715adc87e2e15b2a51d6badc1-p_e.jpg"
            },
            {
                "url": "https://photos.zillowstatic.com/fp/d6d843ccc50748ebd3d4f3d5957f4f96-p_e.jpg"
            },
            {
                "url": "https://photos.zillowstatic.com/fp/9fd81c4e72d61e4f9ffa366c02f2b17e-p_e.jpg"
            },
            {
                "url": "https://photos.zillowstatic.com/fp/c558863d5792094a05476b723374ebbb-p_e.jpg"
            },
            {
                "url": "https://photos.zillowstatic.com/fp/e5388d35ae2ec50b85c05b8531b559f4-p_e.jpg"
            }
        ],
        "rooms": []
    },
    {
        "zpid": "70768119",
        "id": "70768119",
        "rawHomeStatusCd": "ForSale",
        "marketingStatusSimplifiedCd": "For Sale by Agent",
        "imgSrc": "https://photos.zillowstatic.com/fp/797eea1520346a162aeae63a3623e049-p_e.jpg",
        "hasImage": true,
        "detailUrl": "https://www.zillow.com/homedetails/540-West-Ave-APT-911-Miami-Beach-FL-33139/70768119_zpid/",
        "statusType": "FOR_SALE",
        "statusText": "Condo for sale",
        "countryCurrency": "$",
        "price": "$1,795,000",
        "unformattedPrice": 1795000,
        "address": "540 West Ave APT 911, Miami Beach, FL 33139",
        "addressStreet": "540 West Ave APT 911",
        "addressCity": "Miami Beach",
        "addressState": "FL",
        "addressZipcode": "33139",
        "isUndisclosedAddress": false,
        "beds": 2,
        "baths": 2.0,
        "area": 1252,
        "latLong": {
            "latitude": 25.77524,
            "longitude": -80.141945
        },
        "isZillowOwned": false,
        "variableData": {
            "type": "DAYS_ON",
            "text": "182 days on Zillow"
        },
        "hdpData": {
            "homeInfo": {
                "zpid": 70768119,
                "streetAddress": "540 West Ave APT 911",
                "zipcode": "33139",
                "city": "Miami Beach",
                "state": "FL",
                "latitude": 25.77524,
                "longitude": -80.141945,
                "price": 1795000.0,
                "datePriceChanged": 1698044400000,
                "bathrooms": 2.0,
                "bedrooms": 2.0,
                "livingArea": 1252.0,
                "homeType": "CONDO",
                "homeStatus": "FOR_SALE",
                "daysOnZillow": 182,
                "isFeatured": false,
                "shouldHighlight": false,
                "listing_sub_type": {
                    "is_FSBA": true
                },
                "priceReduction": "",
                "isUnmappable": false,
                "isPreforeclosureAuction": false,
                "homeStatusForHDP": "FOR_SALE",
                "priceForHDP": 1795000.0,
                "priceChange": -5000,
                "timeOnZillow": 15731414000,
                "isNonOwnerOccupied": true,
                "isPremierBuilder": false,
                "isZillowOwned": false,
                "currency": "USD",
                "country": "USA",
                "taxAssessedValue": 940470.0,
                "unit": "Apt 911",
                "lotAreaValue": 0.0,
                "lotAreaUnit": "sqft",
                "isShowcaseListing": false
            }
        },
        "isSaved": false,
        "isUserClaimingOwner": false,
        "isUserConfirmedClaim": false,
        "pgapt": "ForSale",
        "sgapt": "For Sale (Broker)",
        "shouldShowZestimateAsPrice": false,
        "has3DModel": false,
        "hasVideo": false,
        "isHomeRec": false,
        "hasAdditionalAttributions": true,
        "isFeaturedListing": false,
        "isShowcaseListing": false,
        "list": true,
        "relaxed": false,
        "info3String": "https://photos.zillowstatic.com/fp/a8b02d5ac61ac8b9a11bda64382b4f89-zillow_web_48_23.jpg",
        "brokerName": "One Sotheby's International Re",
        "carouselPhotos": [
            {
                "url": "https://photos.zillowstatic.com/fp/797eea1520346a162aeae63a3623e049-p_e.jpg"
            },
            {
                "url": "https://photos.zillowstatic.com/fp/8b645e74db5dabc97b8bf241fd769a8a-p_e.jpg"
            },
            {
                "url": "https://photos.zillowstatic.com/fp/4f3b61e1ece41ab1170fb68397f22ace-p_e.jpg"
            },
            {
                "url": "https://photos.zillowstatic.com/fp/fbba99f8b73be84a0bfaab8d8a425343-p_e.jpg"
            },
            {
                "url": "https://photos.zillowstatic.com/fp/b28e4ee2566f643dc9ad852b93653b44-p_e.jpg"
            },
            {
                "url": "https://photos.zillowstatic.com/fp/819aecb969441edc4175e01eb4644992-p_e.jpg"
            },
            {
                "url": "https://photos.zillowstatic.com/fp/3ceb67667e30806ad4b7102fdb84754b-p_e.jpg"
            },
            {
                "url": "https://photos.zillowstatic.com/fp/7ca781cb788a9d0d8d68696417914841-p_e.jpg"
            },
            {
                "url": "https://photos.zillowstatic.com/fp/8df912e6b8596e847818ab615eae2436-p_e.jpg"
            },
            {
                "url": "https://photos.zillowstatic.com/fp/d3fdd1feda600998e56aeafb43b89206-p_e.jpg"
            },
            {
                "url": "https://photos.zillowstatic.com/fp/8c8064167ca4acce641df30138e1544c-p_e.jpg"
            },
            {
                "url": "https://photos.zillowstatic.com/fp/952996664d805284eade191d58ebe691-p_e.jpg"
            },
            {
                "url": "https://photos.zillowstatic.com/fp/58536eb805e3b284693125013c6579b2-p_e.jpg"
            },
            {
                "url": "https://photos.zillowstatic.com/fp/b9be55eae041220be87ad061a8b16764-p_e.jpg"
            },
            {
                "url": "https://photos.zillowstatic.com/fp/9b338075a9618cd0df0225cbccf7793f-p_e.jpg"
            },
            {
                "url": "https://photos.zillowstatic.com/fp/d02fcb4a3bc3a6fd847e655a173a1ac2-p_e.jpg"
            },
            {
                "url": "https://photos.zillowstatic.com/fp/9fc23b3e2998ed4b17391bb8c912b355-p_e.jpg"
            },
            {
                "url": "https://photos.zillowstatic.com/fp/9fad206d7d66eaebc87fd5b6e054fb78-p_e.jpg"
            },
            {
                "url": "https://photos.zillowstatic.com/fp/40b1682893cb47a987708de6277525b4-p_e.jpg"
            },
            {
                "url": "https://photos.zillowstatic.com/fp/6266b5f52be560e39b5535db84ca45f7-p_e.jpg"
            },
            {
                "url": "https://photos.zillowstatic.com/fp/63c7a4e745513f3bac8b55f55999bd1b-p_e.jpg"
            },
            {
                "url": "https://photos.zillowstatic.com/fp/aa0529fd4151813da47a1b1d509691c2-p_e.jpg"
            },
            {
                "url": "https://photos.zillowstatic.com/fp/ab100c4fcbfc077f24b83337bbf8f3b7-p_e.jpg"
            },
            {
                "url": "https://photos.zillowstatic.com/fp/d570ec2985054d6a4be3c1c0c03e805d-p_e.jpg"
            },
            {
                "url": "https://photos.zillowstatic.com/fp/25c2d45fad595455dc2db73dbc5a449a-p_e.jpg"
            }
        ],
        "rooms": []
    },
    {
        "zpid": "64851253",
        "id": "64851253",
        "rawHomeStatusCd": "ForSale",
        "marketingStatusSimplifiedCd": "For Sale by Agent",
        "imgSrc": "https://photos.zillowstatic.com/fp/5ad843b471e44d3290d1346a7486f078-p_e.jpg",
        "hasImage": true,
        "detailUrl": "https://www.zillow.com/homedetails/101-20th-St-2404-Miami-Beach-FL-33139/64851253_zpid/",
        "statusType": "FOR_SALE",
        "statusText": "Condo for sale",
        "countryCurrency": "$",
        "price": "$2,950,000",
        "unformattedPrice": 2950000,
        "address": "101 20th St #2404, Miami Beach, FL 33139",
        "addressStreet": "101 20th St #2404",
        "addressCity": "Miami Beach",
        "addressState": "FL",
        "addressZipcode": "33139",
        "isUndisclosedAddress": false,
        "beds": 2,
        "baths": 2.0,
        "area": 1237,
        "latLong": {
            "latitude": 25.79544,
            "longitude": -80.12805
        },
        "isZillowOwned": false,
        "variableData": {
            "type": "DAYS_ON",
            "text": "319 days on Zillow"
        },
        "hdpData": {
            "homeInfo": {
                "zpid": 64851253,
                "streetAddress": "101 20th St #2404",
                "zipcode": "33139",
                "city": "Miami Beach",
                "state": "FL",
                "latitude": 25.79544,
                "longitude": -80.12805,
                "price": 2950000.0,
                "bathrooms": 2.0,
                "bedrooms": 2.0,
                "livingArea": 1237.0,
                "homeType": "CONDO",
                "homeStatus": "FOR_SALE",
                "daysOnZillow": 319,
                "isFeatured": false,
                "shouldHighlight": false,
                "zestimate": 2740400,
                "rentZestimate": 15876,
                "listing_sub_type": {
                    "is_FSBA": true
                },
                "isUnmappable": false,
                "isPreforeclosureAuction": false,
                "homeStatusForHDP": "FOR_SALE",
                "priceForHDP": 2950000.0,
                "timeOnZillow": 27568214000,
                "isNonOwnerOccupied": true,
                "isPremierBuilder": false,
                "isZillowOwned": false,
                "currency": "USD",
                "country": "USA",
                "taxAssessedValue": 1816302.0,
                "unit": "# 2404",
                "lotAreaValue": 0.0,
                "lotAreaUnit": "sqft",
                "isShowcaseListing": false
            }
        },
        "isSaved": false,
        "isUserClaimingOwner": false,
        "isUserConfirmedClaim": false,
        "pgapt": "ForSale",
        "sgapt": "For Sale (Broker)",
        "zestimate": 2740400,
        "shouldShowZestimateAsPrice": false,
        "has3DModel": false,
        "hasVideo": false,
        "isHomeRec": false,
        "hasAdditionalAttributions": true,
        "isFeaturedListing": false,
        "isShowcaseListing": false,
        "list": true,
        "relaxed": false,
        "info3String": "https://photos.zillowstatic.com/fp/a8b02d5ac61ac8b9a11bda64382b4f89-zillow_web_48_23.jpg",
        "brokerName": "Maxwell E Realty Inc",
        "carouselPhotos": [
            {
                "url": "https://photos.zillowstatic.com/fp/5ad843b471e44d3290d1346a7486f078-p_e.jpg"
            },
            {
                "url": "https://photos.zillowstatic.com/fp/ed218ff41f26898237efd4dc9b2e1b96-p_e.jpg"
            },
            {
                "url": "https://photos.zillowstatic.com/fp/625f223d152acfc730cbf754efb98d99-p_e.jpg"
            },
            {
                "url": "https://photos.zillowstatic.com/fp/031f975fa1b1a102b0bd3522f6d619bf-p_e.jpg"
            },
            {
                "url": "https://photos.zillowstatic.com/fp/d1204f0c6d63d6e3d23f4a71b86a2b56-p_e.jpg"
            },
            {
                "url": "https://photos.zillowstatic.com/fp/95306bbb597206594423b5e19f462c4d-p_e.jpg"
            },
            {
                "url": "https://photos.zillowstatic.com/fp/57654c75e70bbfa5f7c66e72881a2510-p_e.jpg"
            },
            {
                "url": "https://photos.zillowstatic.com/fp/ea0a8ee08e802090396729ac420aefba-p_e.jpg"
            },
            {
                "url": "https://photos.zillowstatic.com/fp/a1b358bf701d576a6e53ff3462549989-p_e.jpg"
            },
            {
                "url": "https://photos.zillowstatic.com/fp/d88e79b28391644631191a20d0deaa83-p_e.jpg"
            },
            {
                "url": "https://photos.zillowstatic.com/fp/aa602318b53e3e3e6a6df12d50273b03-p_e.jpg"
            },
            {
                "url": "https://photos.zillowstatic.com/fp/7c426bf3fa6e54ec6fbc6732144825e1-p_e.jpg"
            },
            {
                "url": "https://photos.zillowstatic.com/fp/589fedd5c9c38935795babef6141cc43-p_e.jpg"
            },
            {
                "url": "https://photos.zillowstatic.com/fp/accc68057fb9881d9ce0f224caab69ee-p_e.jpg"
            },
            {
                "url": "https://photos.zillowstatic.com/fp/b6c2805b6d85dde17015ea654a6da74a-p_e.jpg"
            },
            {
                "url": "https://photos.zillowstatic.com/fp/d00a43e3c858df3f6a79ffd75992eb49-p_e.jpg"
            },
            {
                "url": "https://photos.zillowstatic.com/fp/8de2157dcf556971dd9326b0dc535f79-p_e.jpg"
            },
            {
                "url": "https://photos.zillowstatic.com/fp/7141c94afd130542d3c93d5b6cfb4300-p_e.jpg"
            },
            {
                "url": "https://photos.zillowstatic.com/fp/b863bd3c1724e42789d40400c1105b97-p_e.jpg"
            },
            {
                "url": "https://photos.zillowstatic.com/fp/c498f2894a2d56f13388ed72a7b0ad3f-p_e.jpg"
            },
            {
                "url": "https://photos.zillowstatic.com/fp/b57cec99f6f7765e23686b6e5ee9edc0-p_e.jpg"
            },
            {
                "url": "https://photos.zillowstatic.com/fp/13eb2f34c41c5d9f16cf24831ee49cfb-p_e.jpg"
            },
            {
                "url": "https://photos.zillowstatic.com/fp/079ad85993e9fcd98eb6561a8c8ef7d1-p_e.jpg"
            },
            {
                "url": "https://photos.zillowstatic.com/fp/04909b3c972c6fd9b648b2103151dab4-p_e.jpg"
            },
            {
                "url": "https://photos.zillowstatic.com/fp/8c73fc3a23a5eba44b8e8b77c015cd55-p_e.jpg"
            }
        ],
        "rooms": []
    },
    {
        "zpid": "155869083",
        "id": "155869083",
        "rawHomeStatusCd": "ForSale",
        "marketingStatusSimplifiedCd": "New Construction",
        "imgSrc": "https://photos.zillowstatic.com/fp/4eeb78ac0e68b35d8a46d761add258b6-p_e.jpg",
        "hasImage": true,
        "detailUrl": "https://www.zillow.com/homedetails/1728-Lenox-Ave-Miami-Beach-FL-33139/155869083_zpid/",
        "statusType": "FOR_SALE",
        "statusText": "New construction",
        "countryCurrency": "$",
        "price": "$6,000,000",
        "unformattedPrice": 6000000,
        "address": "1728 Lenox Ave, Miami Beach, FL 33139",
        "addressStreet": "1728 Lenox Ave",
        "addressCity": "Miami Beach",
        "addressState": "FL",
        "addressZipcode": "33139",
        "isUndisclosedAddress": false,
        "beds": 4,
        "baths": 4.0,
        "area": 3750,
        "latLong": {
            "latitude": 25.79264,
            "longitude": -80.14037
        },
        "isZillowOwned": false,
        "variableData": {
            "type": "DAYS_ON",
            "text": "329 days on Zillow"
        },
        "hdpData": {
            "homeInfo": {
                "zpid": 155869083,
                "streetAddress": "1728 Lenox Ave",
                "zipcode": "33139",
                "city": "Miami Beach",
                "state": "FL",
                "latitude": 25.79264,
                "longitude": -80.14037,
                "price": 6000000.0,
                "bathrooms": 4.0,
                "bedrooms": 4.0,
                "livingArea": 3750.0,
                "homeType": "SINGLE_FAMILY",
                "homeStatus": "FOR_SALE",
                "daysOnZillow": 329,
                "isFeatured": false,
                "shouldHighlight": false,
                "listing_sub_type": {
                    "is_newHome": true
                },
                "isUnmappable": false,
                "isPreforeclosureAuction": false,
                "homeStatusForHDP": "FOR_SALE",
                "priceForHDP": 6000000.0,
                "timeOnZillow": 28432214000,
                "newConstructionType": "BUILDER_SPEC",
                "isNonOwnerOccupied": true,
                "isPremierBuilder": false,
                "isZillowOwned": false,
                "currency": "USD",
                "country": "USA",
                "taxAssessedValue": 844350.0,
                "lotAreaValue": 7500.0,
                "lotAreaUnit": "sqft",
                "isShowcaseListing": false
            }
        },
        "isSaved": false,
        "isUserClaimingOwner": false,
        "isUserConfirmedClaim": false,
        "pgapt": "ForSale",
        "sgapt": "New Construction",
        "shouldShowZestimateAsPrice": false,
        "has3DModel": false,
        "hasVideo": false,
        "isHomeRec": false,
        "hasAdditionalAttributions": true,
        "isFeaturedListing": false,
        "isShowcaseListing": false,
        "list": true,
        "relaxed": false,
        "info3String": "https://photos.zillowstatic.com/fp/a8b02d5ac61ac8b9a11bda64382b4f89-zillow_web_48_23.jpg",
        "brokerName": "The Corcoran Group",
        "carouselPhotos": [
            {
                "url": "https://photos.zillowstatic.com/fp/4eeb78ac0e68b35d8a46d761add258b6-p_e.jpg"
            },
            {
                "url": "https://photos.zillowstatic.com/fp/c905952fce38aea17e7d4d773f4ea03b-p_e.jpg"
            },
            {
                "url": "https://photos.zillowstatic.com/fp/7bb1769587603c999bc6abf08d50be03-p_e.jpg"
            },
            {
                "url": "https://photos.zillowstatic.com/fp/e2b4c377e0179dacabd2c981e578a58a-p_e.jpg"
            },
            {
                "url": "https://photos.zillowstatic.com/fp/d44acf5129bc857bb5f414bcd7e02709-p_e.jpg"
            },
            {
                "url": "https://photos.zillowstatic.com/fp/bd6de2468815cbca5188a46cda09cfe6-p_e.jpg"
            },
            {
                "url": "https://photos.zillowstatic.com/fp/c1be0091978f87aa47488133fbc5400b-p_e.jpg"
            },
            {
                "url": "https://photos.zillowstatic.com/fp/3d3019715325bedb472eff98f71ccaf3-p_e.jpg"
            },
            {
                "url": "https://photos.zillowstatic.com/fp/37f0b601247ba566012dc2c84ee44da4-p_e.jpg"
            },
            {
                "url": "https://photos.zillowstatic.com/fp/52e98009ec29e1dcd64091333ab2c476-p_e.jpg"
            },
            {
                "url": "https://photos.zillowstatic.com/fp/73d3a01372072000fe8fd160c084b40c-p_e.jpg"
            },
            {
                "url": "https://photos.zillowstatic.com/fp/ef80383ab94a43391f9306bef5f203df-p_e.jpg"
            },
            {
                "url": "https://photos.zillowstatic.com/fp/10b9ff15034d048ec96965a60bf1d7af-p_e.jpg"
            },
            {
                "url": "https://photos.zillowstatic.com/fp/c0e243e5e39bb3d18363f69bfc2072cc-p_e.jpg"
            },
            {
                "url": "https://photos.zillowstatic.com/fp/69098c6c10185a6ab422400ced339a0d-p_e.jpg"
            },
            {
                "url": "https://photos.zillowstatic.com/fp/730e1a4bafdb357e7346df3793a80b97-p_e.jpg"
            },
            {
                "url": "https://photos.zillowstatic.com/fp/e6d668b3294372ff4d215b0b4814a9ca-p_e.jpg"
            }
        ],
        "rooms": [
            {
                "roomArea": null,
                "roomAreaUnits": "Square Feet"
            },
            {
                "roomArea": null,
                "roomAreaUnits": "Square Feet"
            },
            {
                "roomArea": null,
                "roomAreaUnits": "Square Feet"
            },
            {
                "roomArea": null,
                "roomAreaUnits": "Square Feet"
            },
            {
                "roomArea": null,
                "roomAreaUnits": "Square Feet"
            }
        ]
    },
    {
        "zpid": "2059441316",
        "id": "2059441316",
        "rawHomeStatusCd": "ForSale",
        "marketingStatusSimplifiedCd": "For Sale by Agent",
        "imgSrc": "https://photos.zillowstatic.com/fp/1d7a12650688e0037806aaf15fcb9977-p_e.jpg",
        "hasImage": true,
        "detailUrl": "https://www.zillow.com/homedetails/1100-West-Ave-418-Miami-Beach-FL-33139/2059441316_zpid/",
        "statusType": "FOR_SALE",
        "statusText": "Condo for sale",
        "countryCurrency": "$",
        "price": "$438,000",
        "unformattedPrice": 438000,
        "address": "1100 West Ave #418, Miami Beach, FL 33139",
        "addressStreet": "1100 West Ave #418",
        "addressCity": "Miami Beach",
        "addressState": "FL",
        "addressZipcode": "33139",
        "isUndisclosedAddress": false,
        "beds": 0,
        "baths": 1.0,
        "area": 530,
        "latLong": {
            "latitude": 25.781786,
            "longitude": -80.142815
        },
        "isZillowOwned": false,
        "variableData": {
            "type": "DAYS_ON",
            "text": "355 days on Zillow"
        },
        "hdpData": {
            "homeInfo": {
                "zpid": 2059441316,
                "streetAddress": "1100 West Ave #418",
                "zipcode": "33139",
                "city": "Miami Beach",
                "state": "FL",
                "latitude": 25.781786,
                "longitude": -80.142815,
                "price": 438000.0,
                "bathrooms": 1.0,
                "bedrooms": 0.0,
                "livingArea": 530.0,
                "homeType": "CONDO",
                "homeStatus": "FOR_SALE",
                "daysOnZillow": 355,
                "isFeatured": false,
                "shouldHighlight": false,
                "listing_sub_type": {
                    "is_FSBA": true
                },
                "isUnmappable": false,
                "isPreforeclosureAuction": false,
                "homeStatusForHDP": "FOR_SALE",
                "priceForHDP": 438000.0,
                "timeOnZillow": 30678614000,
                "isNonOwnerOccupied": true,
                "isPremierBuilder": false,
                "isZillowOwned": false,
                "currency": "USD",
                "country": "USA",
                "unit": "# 418",
                "lotAreaValue": 0.0,
                "lotAreaUnit": "sqft",
                "isShowcaseListing": false
            }
        },
        "isSaved": false,
        "isUserClaimingOwner": false,
        "isUserConfirmedClaim": false,
        "pgapt": "ForSale",
        "sgapt": "For Sale (Broker)",
        "shouldShowZestimateAsPrice": false,
        "has3DModel": false,
        "hasVideo": false,
        "isHomeRec": false,
        "hasAdditionalAttributions": true,
        "isFeaturedListing": false,
        "isShowcaseListing": false,
        "list": true,
        "relaxed": false,
        "info3String": "https://photos.zillowstatic.com/fp/a8b02d5ac61ac8b9a11bda64382b4f89-zillow_web_48_23.jpg",
        "brokerName": "J & L Beach Realty Inc",
        "carouselPhotos": [
            {
                "url": "https://photos.zillowstatic.com/fp/1d7a12650688e0037806aaf15fcb9977-p_e.jpg"
            },
            {
                "url": "https://photos.zillowstatic.com/fp/674147c1c714391e3f3f4a74deb9064e-p_e.jpg"
            },
            {
                "url": "https://photos.zillowstatic.com/fp/6b64cad615404e5152f62828e93d84a1-p_e.jpg"
            },
            {
                "url": "https://photos.zillowstatic.com/fp/87240fde0ece927a87a6cdb477519343-p_e.jpg"
            },
            {
                "url": "https://photos.zillowstatic.com/fp/b172425dfd98a9af03eb87c597615635-p_e.jpg"
            }
        ],
        "rooms": []
    },
    {
        "zpid": "247700746",
        "id": "247700746",
        "rawHomeStatusCd": "ForSale",
        "marketingStatusSimplifiedCd": "For Sale by Agent",
        "imgSrc": "https://photos.zillowstatic.com/fp/dbdb3da73671cf0807fe1efa87b41716-p_e.jpg",
        "hasImage": true,
        "detailUrl": "https://www.zillow.com/homedetails/311-Meridian-Ave-301-Miami-Beach-FL-33139/247700746_zpid/",
        "statusType": "FOR_SALE",
        "statusText": "Condo for sale",
        "countryCurrency": "$",
        "price": "$4,250,000",
        "unformattedPrice": 4250000,
        "address": "311 Meridian Ave #301, Miami Beach, FL 33139",
        "addressStreet": "311 Meridian Ave #301",
        "addressCity": "Miami Beach",
        "addressState": "FL",
        "addressZipcode": "33139",
        "isUndisclosedAddress": false,
        "beds": 3,
        "baths": 4.0,
        "area": 2224,
        "latLong": {
            "latitude": 25.772566,
            "longitude": -80.13585
        },
        "isZillowOwned": false,
        "variableData": {
            "type": "3D_HOME",
            "text": "3D Tour"
        },
        "hdpData": {
            "homeInfo": {
                "zpid": 247700746,
                "streetAddress": "311 Meridian Ave #301",
                "zipcode": "33139",
                "city": "Miami Beach",
                "state": "FL",
                "latitude": 25.772566,
                "longitude": -80.13585,
                "price": 4250000.0,
                "datePriceChanged": 1699689600000,
                "bathrooms": 4.0,
                "bedrooms": 3.0,
                "livingArea": 2224.0,
                "homeType": "CONDO",
                "homeStatus": "FOR_SALE",
                "daysOnZillow": 389,
                "isFeatured": false,
                "shouldHighlight": false,
                "rentZestimate": 21755,
                "listing_sub_type": {
                    "is_FSBA": true
                },
                "priceReduction": "$50,000 (Nov 11)",
                "isUnmappable": false,
                "isPreforeclosureAuction": false,
                "homeStatusForHDP": "FOR_SALE",
                "priceForHDP": 4250000.0,
                "priceChange": -50000,
                "timeOnZillow": 33616214000,
                "isNonOwnerOccupied": true,
                "isPremierBuilder": false,
                "isZillowOwned": false,
                "currency": "USD",
                "country": "USA",
                "taxAssessedValue": 3479726.0,
                "unit": "# 301",
                "lotAreaValue": 0.0,
                "lotAreaUnit": "sqft",
                "isShowcaseListing": false
            }
        },
        "isSaved": false,
        "isUserClaimingOwner": false,
        "isUserConfirmedClaim": false,
        "pgapt": "ForSale",
        "sgapt": "For Sale (Broker)",
        "shouldShowZestimateAsPrice": false,
        "has3DModel": true,
        "hasVideo": false,
        "isHomeRec": false,
        "hasAdditionalAttributions": true,
        "isFeaturedListing": false,
        "isShowcaseListing": false,
        "list": true,
        "relaxed": false,
        "info3String": "https://photos.zillowstatic.com/fp/a8b02d5ac61ac8b9a11bda64382b4f89-zillow_web_48_23.jpg",
        "brokerName": "London Foster Realty",
        "carouselPhotos": [
            {
                "url": "https://photos.zillowstatic.com/fp/dbdb3da73671cf0807fe1efa87b41716-p_e.jpg"
            },
            {
                "url": "https://photos.zillowstatic.com/fp/5f8fe4b0db98bde1574dc919d82e588c-p_e.jpg"
            },
            {
                "url": "https://photos.zillowstatic.com/fp/d9766d41822556df75baa6f3a9861198-p_e.jpg"
            },
            {
                "url": "https://photos.zillowstatic.com/fp/f7011afecf13227276857aedede428e6-p_e.jpg"
            },
            {
                "url": "https://photos.zillowstatic.com/fp/bff8c8a1bd06f3a6b66486ef9c110d67-p_e.jpg"
            },
            {
                "url": "https://photos.zillowstatic.com/fp/c54959b439aa9b7401071053e7cf8fea-p_e.jpg"
            },
            {
                "url": "https://photos.zillowstatic.com/fp/e9a27a25b5a091b1e3f53bbb5544daf1-p_e.jpg"
            },
            {
                "url": "https://photos.zillowstatic.com/fp/f5cc9bfe9d9b1b2f067d42ce234fc5e0-p_e.jpg"
            },
            {
                "url": "https://photos.zillowstatic.com/fp/ae5c833b6c483347cb371d9e877f303f-p_e.jpg"
            },
            {
                "url": "https://photos.zillowstatic.com/fp/02c2e24d5aa83b37b5ef6b743af0fd78-p_e.jpg"
            },
            {
                "url": "https://photos.zillowstatic.com/fp/9ab04f4e02c6e1f45754445a9f244e50-p_e.jpg"
            },
            {
                "url": "https://photos.zillowstatic.com/fp/13d2d71ae88fcba86e230aa00a40b9c2-p_e.jpg"
            },
            {
                "url": "https://photos.zillowstatic.com/fp/fef7598909e037d8104b48a52dfc061c-p_e.jpg"
            },
            {
                "url": "https://photos.zillowstatic.com/fp/49e96f28b0da26fa8d9f45c1be849b71-p_e.jpg"
            },
            {
                "url": "https://photos.zillowstatic.com/fp/4e8fe422d69ab826fef92ad817b68920-p_e.jpg"
            },
            {
                "url": "https://photos.zillowstatic.com/fp/eaa546b19ed4d9588777b256049b50d5-p_e.jpg"
            },
            {
                "url": "https://photos.zillowstatic.com/fp/67b89dd89f9c186543050b0d7e0e8419-p_e.jpg"
            },
            {
                "url": "https://photos.zillowstatic.com/fp/22f6a31b8fbaaa24a672a8d19d26376c-p_e.jpg"
            },
            {
                "url": "https://photos.zillowstatic.com/fp/02e125944974ab0d64a388dd64983f45-p_e.jpg"
            },
            {
                "url": "https://photos.zillowstatic.com/fp/32896dc316b4cd219a9c424cf8f192f5-p_e.jpg"
            },
            {
                "url": "https://photos.zillowstatic.com/fp/bd6aa13debcf727ef0119924a35398b1-p_e.jpg"
            },
            {
                "url": "https://photos.zillowstatic.com/fp/95f98170188798b9100ee73c9eb2eb77-p_e.jpg"
            },
            {
                "url": "https://photos.zillowstatic.com/fp/848f53ba8301a13ef87dcd7ff297ffcc-p_e.jpg"
            },
            {
                "url": "https://photos.zillowstatic.com/fp/fc3b7f532bc2c930f3db1d111697552b-p_e.jpg"
            },
            {
                "url": "https://photos.zillowstatic.com/fp/8e42c1d345031a07b700f22ea44b27a0-p_e.jpg"
            },
            {
                "url": "https://photos.zillowstatic.com/fp/3774cc156409df3eb82d413ea8c094b8-p_e.jpg"
            },
            {
                "url": "https://photos.zillowstatic.com/fp/5dc8fad67d6daf58f94085226de7280a-p_e.jpg"
            },
            {
                "url": "https://photos.zillowstatic.com/fp/307870752352080b0103d5958bbdc1c2-p_e.jpg"
            },
            {
                "url": "https://photos.zillowstatic.com/fp/5da0b6f06836af257be46626d7dc23ca-p_e.jpg"
            },
            {
                "url": "https://photos.zillowstatic.com/fp/08deb88a6f68c9a2577cb4dc9f94730e-p_e.jpg"
            },
            {
                "url": "https://photos.zillowstatic.com/fp/4b03346db11ca6d28b0fa2eb5f4f8282-p_e.jpg"
            },
            {
                "url": "https://photos.zillowstatic.com/fp/361315c1cae68ae55c1a75eb5b7b1a01-p_e.jpg"
            },
            {
                "url": "https://photos.zillowstatic.com/fp/c46846afe3178a28d7f003569789d94c-p_e.jpg"
            },
            {
                "url": "https://photos.zillowstatic.com/fp/0257b3414fff59005f8c13b254a7f82c-p_e.jpg"
            },
            {
                "url": "https://photos.zillowstatic.com/fp/28d1357840e8c403526717788b853eed-p_e.jpg"
            },
            {
                "url": "https://photos.zillowstatic.com/fp/febc1f276f86777a65c90a1739f561ae-p_e.jpg"
            }
        ],
        "rooms": []
    },
    {
        "zpid": "60794455",
        "id": "60794455",
        "rawHomeStatusCd": "ForSale",
        "marketingStatusSimplifiedCd": "For Sale by Agent",
        "imgSrc": "https://photos.zillowstatic.com/fp/780da1c24511d3077db9b7ebb2efd014-p_e.jpg",
        "hasImage": true,
        "detailUrl": "https://www.zillow.com/homedetails/1000-S-Pointe-Dr-APT-1507-Miami-Beach-FL-33139/60794455_zpid/",
        "statusType": "FOR_SALE",
        "statusText": "Condo for sale",
        "countryCurrency": "$",
        "price": "$2,695,000",
        "unformattedPrice": 2695000,
        "address": "1000 S Pointe Dr APT 1507, Miami Beach, FL 33139",
        "addressStreet": "1000 S Pointe Dr APT 1507",
        "addressCity": "Miami Beach",
        "addressState": "FL",
        "addressZipcode": "33139",
        "isUndisclosedAddress": false,
        "beds": 2,
        "baths": 3.0,
        "area": 1390,
        "latLong": {
            "latitude": 25.768526,
            "longitude": -80.13759
        },
        "isZillowOwned": false,
        "variableData": {
            "type": "DAYS_ON",
            "text": "427 days on Zillow"
        },
        "hdpData": {
            "homeInfo": {
                "zpid": 60794455,
                "streetAddress": "1000 S Pointe Dr APT 1507",
                "zipcode": "33139",
                "city": "Miami Beach",
                "state": "FL",
                "latitude": 25.768526,
                "longitude": -80.13759,
                "price": 2695000.0,
                "datePriceChanged": 1678262400000,
                "bathrooms": 3.0,
                "bedrooms": 2.0,
                "livingArea": 1390.0,
                "homeType": "CONDO",
                "homeStatus": "FOR_SALE",
                "daysOnZillow": 427,
                "isFeatured": false,
                "shouldHighlight": false,
                "listing_sub_type": {
                    "is_FSBA": true
                },
                "priceReduction": "",
                "isUnmappable": false,
                "isPreforeclosureAuction": false,
                "homeStatusForHDP": "FOR_SALE",
                "priceForHDP": 2695000.0,
                "priceChange": -555000,
                "timeOnZillow": 36899414000,
                "isNonOwnerOccupied": true,
                "isPremierBuilder": false,
                "isZillowOwned": false,
                "currency": "USD",
                "country": "USA",
                "taxAssessedValue": 1386103.0,
                "unit": "Apt 1507",
                "lotAreaValue": 0.0,
                "lotAreaUnit": "sqft",
                "isShowcaseListing": false
            }
        },
        "isSaved": false,
        "isUserClaimingOwner": false,
        "isUserConfirmedClaim": false,
        "pgapt": "ForSale",
        "sgapt": "For Sale (Broker)",
        "shouldShowZestimateAsPrice": false,
        "has3DModel": false,
        "hasVideo": false,
        "isHomeRec": false,
        "hasAdditionalAttributions": true,
        "isFeaturedListing": false,
        "isShowcaseListing": false,
        "list": true,
        "relaxed": false,
        "info3String": "https://photos.zillowstatic.com/fp/a8b02d5ac61ac8b9a11bda64382b4f89-zillow_web_48_23.jpg",
        "brokerName": "Douglas Elliman",
        "carouselPhotos": [
            {
                "url": "https://photos.zillowstatic.com/fp/780da1c24511d3077db9b7ebb2efd014-p_e.jpg"
            },
            {
                "url": "https://photos.zillowstatic.com/fp/19106b88bd86bfc83f5979d9546bacf1-p_e.jpg"
            },
            {
                "url": "https://photos.zillowstatic.com/fp/73b9827ecc17d9bd3d4312ca9525aab3-p_e.jpg"
            },
            {
                "url": "https://photos.zillowstatic.com/fp/1bf561a40834a6cbecfd6c3387dc4d7f-p_e.jpg"
            },
            {
                "url": "https://photos.zillowstatic.com/fp/c7f67967eccaa26c25db8a01be4f86be-p_e.jpg"
            },
            {
                "url": "https://photos.zillowstatic.com/fp/7a62ff0dd2d6c741f9eac0a57a386b24-p_e.jpg"
            },
            {
                "url": "https://photos.zillowstatic.com/fp/37994d60d15b9e7fe909f6e6f4d3eb2a-p_e.jpg"
            },
            {
                "url": "https://photos.zillowstatic.com/fp/21916a1066ccf5cda5f7270d7b0f4ea4-p_e.jpg"
            },
            {
                "url": "https://photos.zillowstatic.com/fp/12dedbedb409acf781afbe488b7099f7-p_e.jpg"
            },
            {
                "url": "https://photos.zillowstatic.com/fp/d10e7839f7dbf348e2459765642c46d6-p_e.jpg"
            },
            {
                "url": "https://photos.zillowstatic.com/fp/bca1f47f76001785255c4cd06912a42e-p_e.jpg"
            },
            {
                "url": "https://photos.zillowstatic.com/fp/5eadf7af0cfa9bee561c840339ba2651-p_e.jpg"
            },
            {
                "url": "https://photos.zillowstatic.com/fp/34aa6c6ff6a258401269feb73cfc2a4d-p_e.jpg"
            },
            {
                "url": "https://photos.zillowstatic.com/fp/66b8d5c3ce8cd1e876ad80ac7405caa8-p_e.jpg"
            },
            {
                "url": "https://photos.zillowstatic.com/fp/577d2c76f59015461510af1fc7c3f68a-p_e.jpg"
            },
            {
                "url": "https://photos.zillowstatic.com/fp/fb9b1fd6e544a86ae0a93e2bb8b33dcf-p_e.jpg"
            }
        ],
        "rooms": []
    },
    {
        "zpid": "64579129",
        "id": "64579129",
        "rawHomeStatusCd": "ForSale",
        "marketingStatusSimplifiedCd": "For Sale by Agent",
        "imgSrc": "https://photos.zillowstatic.com/fp/044d481ce9914325d617633d22118047-p_e.jpg",
        "hasImage": true,
        "detailUrl": "https://www.zillow.com/homedetails/101-20th-St-3302-Miami-Beach-FL-33139/64579129_zpid/",
        "statusType": "FOR_SALE",
        "statusText": "Condo for sale",
        "countryCurrency": "$",
        "price": "$2,995,000",
        "unformattedPrice": 2995000,
        "address": "101 20th St #3302, Miami Beach, FL 33139",
        "addressStreet": "101 20th St #3302",
        "addressCity": "Miami Beach",
        "addressState": "FL",
        "addressZipcode": "33139",
        "isUndisclosedAddress": false,
        "beds": 2,
        "baths": 2.0,
        "area": 1213,
        "latLong": {
            "latitude": 25.79544,
            "longitude": -80.12805
        },
        "isZillowOwned": false,
        "variableData": {
            "type": "DAYS_ON",
            "text": "480 days on Zillow"
        },
        "hdpData": {
            "homeInfo": {
                "zpid": 64579129,
                "streetAddress": "101 20th St #3302",
                "zipcode": "33139",
                "city": "Miami Beach",
                "state": "FL",
                "latitude": 25.79544,
                "longitude": -80.12805,
                "price": 2995000.0,
                "bathrooms": 2.0,
                "bedrooms": 2.0,
                "livingArea": 1213.0,
                "homeType": "CONDO",
                "homeStatus": "FOR_SALE",
                "daysOnZillow": 480,
                "isFeatured": false,
                "shouldHighlight": false,
                "zestimate": 2734300,
                "rentZestimate": 15272,
                "listing_sub_type": {
                    "is_FSBA": true
                },
                "isUnmappable": false,
                "isPreforeclosureAuction": false,
                "homeStatusForHDP": "FOR_SALE",
                "priceForHDP": 2995000.0,
                "timeOnZillow": 41478614000,
                "isNonOwnerOccupied": true,
                "isPremierBuilder": false,
                "isZillowOwned": false,
                "currency": "USD",
                "country": "USA",
                "taxAssessedValue": 2031057.0,
                "unit": "# 3302",
                "lotAreaValue": 0.0,
                "lotAreaUnit": "sqft",
                "isShowcaseListing": false
            }
        },
        "isSaved": false,
        "isUserClaimingOwner": false,
        "isUserConfirmedClaim": false,
        "pgapt": "ForSale",
        "sgapt": "For Sale (Broker)",
        "zestimate": 2734300,
        "shouldShowZestimateAsPrice": false,
        "has3DModel": false,
        "hasVideo": false,
        "isHomeRec": false,
        "hasAdditionalAttributions": true,
        "isFeaturedListing": false,
        "isShowcaseListing": false,
        "list": true,
        "relaxed": false,
        "info3String": "https://photos.zillowstatic.com/fp/a8b02d5ac61ac8b9a11bda64382b4f89-zillow_web_48_23.jpg",
        "brokerName": "Maxwell E Realty Inc",
        "carouselPhotos": [
            {
                "url": "https://photos.zillowstatic.com/fp/044d481ce9914325d617633d22118047-p_e.jpg"
            },
            {
                "url": "https://photos.zillowstatic.com/fp/155cb1f5385f683ad05e822bc7b4ad56-p_e.jpg"
            },
            {
                "url": "https://photos.zillowstatic.com/fp/b44572ec652d9b94d0f4dad2c683012b-p_e.jpg"
            },
            {
                "url": "https://photos.zillowstatic.com/fp/fe0a685cf095497a42f2c0a941a1d841-p_e.jpg"
            },
            {
                "url": "https://photos.zillowstatic.com/fp/7be532911b20831d88d78428e8c08a6c-p_e.jpg"
            },
            {
                "url": "https://photos.zillowstatic.com/fp/b57211dfad745165268f8a2ad946f0e3-p_e.jpg"
            },
            {
                "url": "https://photos.zillowstatic.com/fp/8473b4b23f2014e26ffa7716defecd0a-p_e.jpg"
            },
            {
                "url": "https://photos.zillowstatic.com/fp/889315f32c73f4fd0ccce69a4bb6b1d3-p_e.jpg"
            },
            {
                "url": "https://photos.zillowstatic.com/fp/8ea0cf0ddda5e8534826f8576d5044bc-p_e.jpg"
            },
            {
                "url": "https://photos.zillowstatic.com/fp/259bc5612f34c98cdc7d8e1e288926a8-p_e.jpg"
            },
            {
                "url": "https://photos.zillowstatic.com/fp/9723b8cdd90be9ab892639fa41cf2f59-p_e.jpg"
            },
            {
                "url": "https://photos.zillowstatic.com/fp/39b40438cc78d28b8fd3aac3747bea08-p_e.jpg"
            },
            {
                "url": "https://photos.zillowstatic.com/fp/a462368d47c6164b3f082e3aa8ed9bd6-p_e.jpg"
            },
            {
                "url": "https://photos.zillowstatic.com/fp/98e16db525841294fad5124bcdd61c1e-p_e.jpg"
            },
            {
                "url": "https://photos.zillowstatic.com/fp/359207580aa2cdc0654810430b0bf6ca-p_e.jpg"
            },
            {
                "url": "https://photos.zillowstatic.com/fp/c176bbbd7a4b50d72012714f6811ea49-p_e.jpg"
            },
            {
                "url": "https://photos.zillowstatic.com/fp/89489d4a327a4940f2d190d8a0d3afc3-p_e.jpg"
            },
            {
                "url": "https://photos.zillowstatic.com/fp/82addf1c5204508960621fd4fb144c0e-p_e.jpg"
            },
            {
                "url": "https://photos.zillowstatic.com/fp/2b80806e71c7376c22418834685239e2-p_e.jpg"
            },
            {
                "url": "https://photos.zillowstatic.com/fp/709f510c3feefcbc0fede2e128178049-p_e.jpg"
            },
            {
                "url": "https://photos.zillowstatic.com/fp/ab44d4a6c7bb3d1d869f084936b19c75-p_e.jpg"
            },
            {
                "url": "https://photos.zillowstatic.com/fp/57e111e10498e3818bcde1f4e6077d2f-p_e.jpg"
            },
            {
                "url": "https://photos.zillowstatic.com/fp/c985e8f0cc52e984847cc2bb35a73d55-p_e.jpg"
            },
            {
                "url": "https://photos.zillowstatic.com/fp/156d1688c16f5d0328410ee7318e0ab1-p_e.jpg"
            },
            {
                "url": "https://photos.zillowstatic.com/fp/c51fa0e233cbb8040db8ebb18358cc1a-p_e.jpg"
            },
            {
                "url": "https://photos.zillowstatic.com/fp/f396ade84c86cd17b49492241d8761a2-p_e.jpg"
            },
            {
                "url": "https://photos.zillowstatic.com/fp/30558a7bb45412e90e141b058d400f4b-p_e.jpg"
            },
            {
                "url": "https://photos.zillowstatic.com/fp/a23522e86603cb2ba3bdf425cb1d3042-p_e.jpg"
            },
            {
                "url": "https://photos.zillowstatic.com/fp/54e0bec563ca18547627b9d6a9900681-p_e.jpg"
            },
            {
                "url": "https://photos.zillowstatic.com/fp/b76792441c089308de6c00efc8fa13a7-p_e.jpg"
            },
            {
                "url": "https://photos.zillowstatic.com/fp/56bfade600c6ae1caa994daee9ebebe8-p_e.jpg"
            },
            {
                "url": "https://photos.zillowstatic.com/fp/241b6559f7307934e2e0abc35e1ac287-p_e.jpg"
            },
            {
                "url": "https://photos.zillowstatic.com/fp/73ac1499e680d3c87a0cb8b779e85908-p_e.jpg"
            },
            {
                "url": "https://photos.zillowstatic.com/fp/f5f2a0d9d5ec68b48cfcad662d0aabe9-p_e.jpg"
            },
            {
                "url": "https://photos.zillowstatic.com/fp/051d897d96101acf869948feb5d5be78-p_e.jpg"
            },
            {
                "url": "https://photos.zillowstatic.com/fp/0a119af4179bb461fa63aba7a5f91e54-p_e.jpg"
            },
            {
                "url": "https://photos.zillowstatic.com/fp/dcdab11f449727f8f93da27e86a01917-p_e.jpg"
            },
            {
                "url": "https://photos.zillowstatic.com/fp/0ded73092eae8202d5cca29dedde0812-p_e.jpg"
            }
        ],
        "rooms": []
    },
    {
        "zpid": "2071329789",
        "id": "2071329789",
        "rawHomeStatusCd": "ForSale",
        "marketingStatusSimplifiedCd": "For Sale by Agent",
        "imgSrc": "https://photos.zillowstatic.com/fp/9011f8776ceab480cd843ab10ae6f16c-p_e.jpg",
        "hasImage": true,
        "detailUrl": "https://www.zillow.com/homedetails/1100-West-Ave-814-Miami-Beach-FL-33139/2071329789_zpid/",
        "statusType": "FOR_SALE",
        "statusText": "Condo for sale",
        "countryCurrency": "$",
        "price": "$620,000",
        "unformattedPrice": 620000,
        "address": "1100 West Ave #814, Miami Beach, FL 33139",
        "addressStreet": "1100 West Ave #814",
        "addressCity": "Miami Beach",
        "addressState": "FL",
        "addressZipcode": "33139",
        "isUndisclosedAddress": false,
        "beds": 1,
        "baths": 1.0,
        "area": 694,
        "latLong": {
            "latitude": 25.781786,
            "longitude": -80.142815
        },
        "isZillowOwned": false,
        "variableData": {
            "type": "DAYS_ON",
            "text": "748 days on Zillow"
        },
        "hdpData": {
            "homeInfo": {
                "zpid": 2071329789,
                "streetAddress": "1100 West Ave #814",
                "zipcode": "33139",
                "city": "Miami Beach",
                "state": "FL",
                "latitude": 25.781786,
                "longitude": -80.142815,
                "price": 620000.0,
                "bathrooms": 1.0,
                "bedrooms": 1.0,
                "livingArea": 694.0,
                "homeType": "CONDO",
                "homeStatus": "FOR_SALE",
                "daysOnZillow": 748,
                "isFeatured": false,
                "shouldHighlight": false,
                "rentZestimate": 3658,
                "listing_sub_type": {
                    "is_FSBA": true
                },
                "isUnmappable": false,
                "isPreforeclosureAuction": false,
                "homeStatusForHDP": "FOR_SALE",
                "priceForHDP": 620000.0,
                "timeOnZillow": 64633814000,
                "isNonOwnerOccupied": true,
                "isPremierBuilder": false,
                "isZillowOwned": false,
                "currency": "USD",
                "country": "USA",
                "unit": "# 814",
                "lotAreaValue": 0.0,
                "lotAreaUnit": "sqft",
                "isShowcaseListing": false
            }
        },
        "isSaved": false,
        "isUserClaimingOwner": false,
        "isUserConfirmedClaim": false,
        "pgapt": "ForSale",
        "sgapt": "For Sale (Broker)",
        "shouldShowZestimateAsPrice": false,
        "has3DModel": false,
        "hasVideo": false,
        "isHomeRec": false,
        "hasAdditionalAttributions": true,
        "isFeaturedListing": false,
        "isShowcaseListing": false,
        "list": true,
        "relaxed": false,
        "info3String": "https://photos.zillowstatic.com/fp/a8b02d5ac61ac8b9a11bda64382b4f89-zillow_web_48_23.jpg",
        "brokerName": "SIR Realty LLC",
        "carouselPhotos": [
            {
                "url": "https://photos.zillowstatic.com/fp/9011f8776ceab480cd843ab10ae6f16c-p_e.jpg"
            },
            {
                "url": "https://photos.zillowstatic.com/fp/333d48bdb47f1d52886a98bfa2a73ef5-p_e.jpg"
            },
            {
                "url": "https://photos.zillowstatic.com/fp/6d285868e3c67dbf7f5cfd6c08e6d228-p_e.jpg"
            },
            {
                "url": "https://photos.zillowstatic.com/fp/59691ececb1cf634b77bc6d12bd879ab-p_e.jpg"
            },
            {
                "url": "https://photos.zillowstatic.com/fp/4d7a40d43d7cfb3254251c5876e72659-p_e.jpg"
            },
            {
                "url": "https://photos.zillowstatic.com/fp/db999383f657739c1366908dae85820f-p_e.jpg"
            },
            {
                "url": "https://photos.zillowstatic.com/fp/f44b5cf94c06d4707f98654d23022faf-p_e.jpg"
            },
            {
                "url": "https://photos.zillowstatic.com/fp/8e345f71c88f2e9f836563cca15ee53a-p_e.jpg"
            },
            {
                "url": "https://photos.zillowstatic.com/fp/20240b61eb5cb1f65b20ddf56b62dfb2-p_e.jpg"
            },
            {
                "url": "https://photos.zillowstatic.com/fp/c7e40c16dfb04b482e77044cc102bb85-p_e.jpg"
            },
            {
                "url": "https://photos.zillowstatic.com/fp/2c73ecc37cd6388d124bef76bc52f41f-p_e.jpg"
            }
        ],
        "rooms": []
    }
]