{
    "user_info": {
        "isLoggedIn": false,
        "hasHousingConnectorPermission": false,
        "savedHomesCount": 0,
        "personalizedSearchTraceID": "4cf007052f7690b2fd2b62ea116d1903",
        "guid": "71f6e4d2-46b9-4e50-ab88-391a31678e0a",
        "zuid": "",
        "isBot": false,
        "email": "",
        "displayName": ""
    },
    "map_state": {
        "customRegionPolygonWkt": null,
        "schoolPolygonWkt": null,
        "isCurrentLocationSearch": false,
        "userPosition": {
            "lat": null,
            "lon": null
        }
    },
    "region_state": {
        "regionInfo": [
            {
                "regionId": 72442,
                "regionType": 7,
                "regionName": "33139",
                "displayName": "Miami FL 33139",
                "isPointRegion": false
            }
        ],
        "regionBounds": {
            "north": 25.803938,
            "south": 25.759767,
            "east": -80.121655,
            "west": -80.187082
        }
    },
    "search_page_seo": {
        "baseUrl": "/miami-fl-33139/",
        "windowTitle": "33139 Real Estate - 33139 Homes For Sale | Zillow",
        "metaDescription": "Zillow has 53 homes for sale in 33139. View listing photos, review sales history, and use our detailed real estate filters to find the perfect place."
    },
    "request_id": 4
}