{
    "user_info": {
        "isLoggedIn": false,
        "hasHousingConnectorPermission": false,
        "savedHomesCount": 0,
        "personalizedSearchTraceID": "fcb585293ab7f5edcf47278397176d0f",
        "guid": "a867b7d5-c249-4fc5-9749-2f09446c1c8f",
        "zuid": "",
        "isBot": false,
        "email": "",
        "displayName": ""
    },
    "map_state": {
        "customRegionPolygonWkt": null,
        "schoolPolygonWkt": null,
        "isCurrentLocationSearch": false,
        "userPosition": {
            "lat": null,
            "lon": null
        }
    },
    "region_state": {
        "regionInfo": [
            {
                "regionId": 72508,
                "regionType": 7,
                "regionName": "33247",
                "displayName": "Miami FL 33247",
                "isPointRegion": true
            }
        ],
        "regionBounds": {
            "north": 25.805715000000003,
            "south": 25.769485,
            "east": -80.30088500000001,
            "west": -80.337115
        }
    },
    "search_page_seo": {
        "baseUrl": "/miami-fl-33247/",
        "windowTitle": "33247 Real Estate - 33247 Homes For Sale | Zillow",
        "metaDescription": "Zillow has 115 homes for sale in 33247. View listing photos, review sales history, and use our detailed real estate filters to find the perfect place."
    },
    "request_id": 4
}