[
    {
        "zpid": "43025755",
        "id": "43025755",
        "rawHomeStatusCd": "ForSale",
        "marketingStatusSimplifiedCd": "For Sale by Agent",
        "imgSrc": "https://photos.zillowstatic.com/fp/6f5ce757f6631a14e9e329e589cdf12c-p_e.jpg",
        "hasImage": true,
        "detailUrl": "https://www.zillow.com/homedetails/2800-N-Pine-Island-Rd-APT-307-Sunrise-FL-33322/43025755_zpid/",
        "statusType": "FOR_SALE",
        "statusText": "Condo for sale",
        "countryCurrency": "$",
        "price": "$99,999",
        "unformattedPrice": 99999,
        "address": "2800 N Pine Island Rd APT 307, Sunrise, FL 33322",
        "addressStreet": "2800 N Pine Island Rd APT 307",
        "addressCity": "Sunrise",
        "addressState": "FL",
        "addressZipcode": "33322",
        "isUndisclosedAddress": false,
        "beds": 1,
        "baths": 1.0,
        "area": 640,
        "latLong": {
            "latitude": 26.160557,
            "longitude": -80.267456
        },
        "isZillowOwned": false,
        "variableData": {
            "type": "PRICE_REDUCTION",
            "text": "$5,001 (Nov 8)"
        },
        "hdpData": {
            "homeInfo": {
                "zpid": 43025755,
                "streetAddress": "2800 N Pine Island Rd APT 307",
                "zipcode": "33322",
                "city": "Sunrise",
                "state": "FL",
                "latitude": 26.160557,
                "longitude": -80.267456,
                "price": 99999.0,
                "datePriceChanged": 1699430400000,
                "bathrooms": 1.0,
                "bedrooms": 1.0,
                "livingArea": 640.0,
                "homeType": "CONDO",
                "homeStatus": "FOR_SALE",
                "daysOnZillow": 215,
                "isFeatured": false,
                "shouldHighlight": false,
                "zestimate": 92500,
                "rentZestimate": 1594,
                "listing_sub_type": {
                    "is_FSBA": true
                },
                "priceReduction": "$5,001 (Nov 8)",
                "isUnmappable": false,
                "isPreforeclosureAuction": false,
                "homeStatusForHDP": "FOR_SALE",
                "priceForHDP": 99999.0,
                "priceChange": -5001,
                "timeOnZillow": 18584494000,
                "isNonOwnerOccupied": true,
                "isPremierBuilder": false,
                "isZillowOwned": false,
                "currency": "USD",
                "country": "USA",
                "taxAssessedValue": 59930.0,
                "unit": "Apt 307",
                "lotAreaValue": 0.0,
                "lotAreaUnit": "sqft",
                "isShowcaseListing": false
            }
        },
        "isSaved": false,
        "isUserClaimingOwner": false,
        "isUserConfirmedClaim": false,
        "pgapt": "ForSale",
        "sgapt": "For Sale (Broker)",
        "zestimate": 92500,
        "shouldShowZestimateAsPrice": false,
        "has3DModel": false,
        "hasVideo": false,
        "isHomeRec": false,
        "hasAdditionalAttributions": true,
        "isFeaturedListing": false,
        "isShowcaseListing": false,
        "list": true,
        "relaxed": false,
        "info3String": "https://photos.zillowstatic.com/fp/a8b02d5ac61ac8b9a11bda64382b4f89-zillow_web_48_23.jpg",
        "brokerName": "Florida Realty of Miami Corp",
        "carouselPhotos": [
            {
                "url": "https://photos.zillowstatic.com/fp/6f5ce757f6631a14e9e329e589cdf12c-p_e.jpg"
            },
            {
                "url": "https://photos.zillowstatic.com/fp/2a4744f7bd0c0d2fa58a2513060a3679-p_e.jpg"
            },
            {
                "url": "https://photos.zillowstatic.com/fp/97d0a528b86e6bebe41bba409c78bfee-p_e.jpg"
            },
            {
                "url": "https://photos.zillowstatic.com/fp/28ee5be46579d66bde08803c5661b5c2-p_e.jpg"
            },
            {
                "url": "https://photos.zillowstatic.com/fp/50fcf621f7f66e70bf2eaae3b3cfa5fa-p_e.jpg"
            },
            {
                "url": "https://photos.zillowstatic.com/fp/8d1e1009c32ddca3ef52ecbfd2d4aa45-p_e.jpg"
            },
            {
                "url": "https://photos.zillowstatic.com/fp/e0c7ca805d13b278e6612e3d70f0a3b4-p_e.jpg"
            },
            {
                "url": "https://photos.zillowstatic.com/fp/cd1506a202df59500198d4e3cc7b51f2-p_e.jpg"
            },
            {
                "url": "https://photos.zillowstatic.com/fp/bfba4109657561dd3f1b12052cc43a75-p_e.jpg"
            },
            {
                "url": "https://photos.zillowstatic.com/fp/db6d9f67d837690e4c3b882520f64f2e-p_e.jpg"
            },
            {
                "url": "https://photos.zillowstatic.com/fp/8ac19b73fae9423e9e0cf699ad302d16-p_e.jpg"
            },
            {
                "url": "https://photos.zillowstatic.com/fp/b9f189dbe3ce0e2f953b3874a47452e1-p_e.jpg"
            },
            {
                "url": "https://photos.zillowstatic.com/fp/7fd4e09dcc844fed8613ece4ec2ac00e-p_e.jpg"
            },
            {
                "url": "https://photos.zillowstatic.com/fp/e3e75c2640cd9e12bdba4bad330644df-p_e.jpg"
            },
            {
                "url": "https://photos.zillowstatic.com/fp/89e00e6acc3aa51460574a3625f4ad56-p_e.jpg"
            },
            {
                "url": "https://photos.zillowstatic.com/fp/9ade1ff3c867893a9272ce03a9bff498-p_e.jpg"
            },
            {
                "url": "https://photos.zillowstatic.com/fp/f7e4965b56e0a4c5ec8af8147f71058f-p_e.jpg"
            },
            {
                "url": "https://photos.zillowstatic.com/fp/9ea595ae35fee393e50e7abd25888616-p_e.jpg"
            },
            {
                "url": "https://photos.zillowstatic.com/fp/83632380461e97b0d02aca7d9ca1d095-p_e.jpg"
            },
            {
                "url": "https://photos.zillowstatic.com/fp/e699c9b8c5b6cfe1ba4a428b8cd1d8ab-p_e.jpg"
            },
            {
                "url": "https://photos.zillowstatic.com/fp/c8a4c2b780bc6fc7c7674460fb2463ba-p_e.jpg"
            },
            {
                "url": "https://photos.zillowstatic.com/fp/7768b7874e37f9d2309052ecf69bd4ec-p_e.jpg"
            },
            {
                "url": "https://photos.zillowstatic.com/fp/eef734b88238861420776d84eaf9ae79-p_e.jpg"
            },
            {
                "url": "https://photos.zillowstatic.com/fp/59e541b0878dc51d6e8484d3811ad324-p_e.jpg"
            },
            {
                "url": "https://photos.zillowstatic.com/fp/6cf89e3a4d13d38c04f40c5bc8959a20-p_e.jpg"
            },
            {
                "url": "https://photos.zillowstatic.com/fp/3a39e3eed85af1bc4673329d59745208-p_e.jpg"
            },
            {
                "url": "https://photos.zillowstatic.com/fp/13a48f50daa75c42c6fd37e09764fe0e-p_e.jpg"
            },
            {
                "url": "https://photos.zillowstatic.com/fp/201766a8cd6b3f163ecf726d1ad16cdb-p_e.jpg"
            },
            {
                "url": "https://photos.zillowstatic.com/fp/22948c8d00cf34f8b5405c4112da7181-p_e.jpg"
            },
            {
                "url": "https://photos.zillowstatic.com/fp/989e30f0dcdc88297ec90973237ab679-p_e.jpg"
            },
            {
                "url": "https://photos.zillowstatic.com/fp/2a88b5378ea60a239f83269a3dc625f8-p_e.jpg"
            },
            {
                "url": "https://photos.zillowstatic.com/fp/c7e96a575307e95ce14df8751ed92238-p_e.jpg"
            },
            {
                "url": "https://photos.zillowstatic.com/fp/ba8c35734f7e96d4eeb786b122094ef4-p_e.jpg"
            },
            {
                "url": "https://photos.zillowstatic.com/fp/5aaff821f19fea0561910a9f538edfdd-p_e.jpg"
            },
            {
                "url": "https://photos.zillowstatic.com/fp/22027631ce710c07d3820d35eae52cf4-p_e.jpg"
            },
            {
                "url": "https://photos.zillowstatic.com/fp/08c0266f172aa5b8bc412493144190de-p_e.jpg"
            },
            {
                "url": "https://photos.zillowstatic.com/fp/7aa58eb48997773f2d634f1be4bf3606-p_e.jpg"
            },
            {
                "url": "https://photos.zillowstatic.com/fp/df633a96222f9655de353069d7144d14-p_e.jpg"
            }
        ],
        "rooms": []
    },
    {
        "zpid": "43030599",
        "id": "43030599",
        "rawHomeStatusCd": "ForSale",
        "marketingStatusSimplifiedCd": "For Sale by Agent",
        "imgSrc": "https://photos.zillowstatic.com/fp/b0045128f41e03d7b5ab4fa27affbbb1-p_e.jpg",
        "hasImage": true,
        "detailUrl": "https://www.zillow.com/homedetails/10180-NW-30th-Ct-APT-108-Fort-Lauderdale-FL-33322/43030599_zpid/",
        "statusType": "FOR_SALE",
        "statusText": "Condo for sale",
        "countryCurrency": "$",
        "price": "$115,000",
        "unformattedPrice": 115000,
        "address": "10180 NW 30th Ct APT 108, Fort Lauderdale, FL 33322",
        "addressStreet": "10180 NW 30th Ct APT 108",
        "addressCity": "Fort Lauderdale",
        "addressState": "FL",
        "addressZipcode": "33322",
        "isUndisclosedAddress": false,
        "beds": 1,
        "baths": 1.0,
        "area": 637,
        "latLong": {
            "latitude": 26.16338,
            "longitude": -80.28549
        },
        "isZillowOwned": false,
        "variableData": {
            "type": "PRICE_REDUCTION",
            "text": "$3,000 (Nov 28)"
        },
        "hdpData": {
            "homeInfo": {
                "zpid": 43030599,
                "streetAddress": "10180 NW 30th Ct APT 108",
                "zipcode": "33322",
                "city": "Fort Lauderdale",
                "state": "FL",
                "latitude": 26.16338,
                "longitude": -80.28549,
                "price": 115000.0,
                "datePriceChanged": 1701158400000,
                "bathrooms": 1.0,
                "bedrooms": 1.0,
                "livingArea": 637.0,
                "homeType": "CONDO",
                "homeStatus": "FOR_SALE",
                "daysOnZillow": 234,
                "isFeatured": false,
                "shouldHighlight": false,
                "zestimate": 109000,
                "rentZestimate": 1631,
                "listing_sub_type": {
                    "is_FSBA": true
                },
                "priceReduction": "$3,000 (Nov 28)",
                "isUnmappable": false,
                "isPreforeclosureAuction": false,
                "homeStatusForHDP": "FOR_SALE",
                "priceForHDP": 115000.0,
                "priceChange": -3000,
                "timeOnZillow": 20297542000,
                "isNonOwnerOccupied": true,
                "isPremierBuilder": false,
                "isZillowOwned": false,
                "currency": "USD",
                "country": "USA",
                "taxAssessedValue": 66830.0,
                "unit": "Apt 108",
                "isShowcaseListing": false
            }
        },
        "isSaved": false,
        "isUserClaimingOwner": false,
        "isUserConfirmedClaim": false,
        "pgapt": "ForSale",
        "sgapt": "For Sale (Broker)",
        "zestimate": 109000,
        "shouldShowZestimateAsPrice": false,
        "has3DModel": false,
        "hasVideo": false,
        "isHomeRec": false,
        "hasAdditionalAttributions": true,
        "isFeaturedListing": false,
        "isShowcaseListing": false,
        "list": true,
        "relaxed": false,
        "info3String": "https://photos.zillowstatic.com/fp/11470fbfca6bd246a8708da0ff0e5603-zillow_web_48_23.jpg",
        "brokerName": "Florida Hometeam Realty",
        "carouselPhotos": [
            {
                "url": "https://photos.zillowstatic.com/fp/b0045128f41e03d7b5ab4fa27affbbb1-p_e.jpg"
            },
            {
                "url": "https://photos.zillowstatic.com/fp/19f39a22b2c0ebccf7cd2a75a3f44648-p_e.jpg"
            },
            {
                "url": "https://photos.zillowstatic.com/fp/723168ffe431fedc2c9270f74a2481ff-p_e.jpg"
            },
            {
                "url": "https://photos.zillowstatic.com/fp/d042d53db63bb82a3214510d0baa0e52-p_e.jpg"
            },
            {
                "url": "https://photos.zillowstatic.com/fp/35bba6f85bc9043e70298392150916e0-p_e.jpg"
            },
            {
                "url": "https://photos.zillowstatic.com/fp/1e6ec516f369ca0a4b06f4990a97c4a2-p_e.jpg"
            },
            {
                "url": "https://photos.zillowstatic.com/fp/5e1e0c01a504f925e93632ee33b44c3c-p_e.jpg"
            },
            {
                "url": "https://photos.zillowstatic.com/fp/5235550af1a82af0601f00bddb327d59-p_e.jpg"
            },
            {
                "url": "https://photos.zillowstatic.com/fp/527ffba1f186221317d2e1cc06166a2f-p_e.jpg"
            },
            {
                "url": "https://photos.zillowstatic.com/fp/43e8bef5447f2911de84145932af6e31-p_e.jpg"
            },
            {
                "url": "https://photos.zillowstatic.com/fp/2bda02a058d1f1b56aa3580791e85e75-p_e.jpg"
            },
            {
                "url": "https://photos.zillowstatic.com/fp/245454b3a335c64446a68ba29da39d87-p_e.jpg"
            },
            {
                "url": "https://photos.zillowstatic.com/fp/a42bcc9ace1baebe877e5d2e6fd2822d-p_e.jpg"
            },
            {
                "url": "https://photos.zillowstatic.com/fp/d9e9587f33946db742aebb7017433270-p_e.jpg"
            },
            {
                "url": "https://photos.zillowstatic.com/fp/dd98d75e5cddf54cb5d7d5fe1e0bc70a-p_e.jpg"
            },
            {
                "url": "https://photos.zillowstatic.com/fp/72d0c73200952a388fd55b94d8bb0d4c-p_e.jpg"
            },
            {
                "url": "https://photos.zillowstatic.com/fp/4d5ee444bb7a909be45a19cc7b0ee708-p_e.jpg"
            },
            {
                "url": "https://photos.zillowstatic.com/fp/94ccbc2ea4c93e66f535a0a9291a0569-p_e.jpg"
            },
            {
                "url": "https://photos.zillowstatic.com/fp/192bc8b7c879d572a4dcec325f688e43-p_e.jpg"
            },
            {
                "url": "https://photos.zillowstatic.com/fp/949f9bb60d4c9b1d7111877744dae60f-p_e.jpg"
            },
            {
                "url": "https://photos.zillowstatic.com/fp/cf7ca338f505a2b3c706279e90b13746-p_e.jpg"
            }
        ],
        "rooms": [
            {
                "roomArea": null,
                "roomAreaUnits": null
            }
        ]
    },
    {
        "zpid": "333138379",
        "id": "333138379",
        "rawHomeStatusCd": "ForSale",
        "marketingStatusSimplifiedCd": "For Sale by Agent",
        "imgSrc": "https://photos.zillowstatic.com/fp/949b06c10c514824a2f2ad1d56a6ff1c-p_e.jpg",
        "hasImage": true,
        "detailUrl": "https://www.zillow.com/homedetails/2000-Metropica-Way-1703-Fort-Lauderdale-FL-33323/333138379_zpid/",
        "statusType": "FOR_SALE",
        "statusText": "Condo for sale",
        "countryCurrency": "$",
        "price": "$875,000",
        "unformattedPrice": 875000,
        "address": "2000 Metropica Way #1703, Fort Lauderdale, FL 33323",
        "addressStreet": "2000 Metropica Way #1703",
        "addressCity": "Fort Lauderdale",
        "addressState": "FL",
        "addressZipcode": "33323",
        "isUndisclosedAddress": false,
        "beds": 2,
        "baths": 3.0,
        "area": 1179,
        "latLong": {
            "latitude": 26.149294,
            "longitude": -80.32814
        },
        "isZillowOwned": false,
        "variableData": {
            "type": "3D_HOME",
            "text": "3D Tour"
        },
        "hdpData": {
            "homeInfo": {
                "zpid": 333138379,
                "streetAddress": "2000 Metropica Way #1703",
                "zipcode": "33323",
                "city": "Fort Lauderdale",
                "state": "FL",
                "latitude": 26.149294,
                "longitude": -80.32814,
                "price": 875000.0,
                "bathrooms": 3.0,
                "bedrooms": 2.0,
                "livingArea": 1179.0,
                "homeType": "CONDO",
                "homeStatus": "FOR_SALE",
                "daysOnZillow": 259,
                "isFeatured": false,
                "shouldHighlight": false,
                "listing_sub_type": {
                    "is_FSBA": true
                },
                "isUnmappable": false,
                "isPreforeclosureAuction": false,
                "homeStatusForHDP": "FOR_SALE",
                "priceForHDP": 875000.0,
                "timeOnZillow": 22386094000,
                "isNonOwnerOccupied": true,
                "isPremierBuilder": false,
                "isZillowOwned": false,
                "currency": "USD",
                "country": "USA",
                "taxAssessedValue": 545300.0,
                "unit": "# 1703",
                "lotAreaValue": 0.0,
                "lotAreaUnit": "sqft",
                "isShowcaseListing": false
            }
        },
        "isSaved": false,
        "isUserClaimingOwner": false,
        "isUserConfirmedClaim": false,
        "pgapt": "ForSale",
        "sgapt": "For Sale (Broker)",
        "shouldShowZestimateAsPrice": false,
        "has3DModel": true,
        "hasVideo": false,
        "isHomeRec": false,
        "hasAdditionalAttributions": true,
        "isFeaturedListing": false,
        "isShowcaseListing": false,
        "list": true,
        "relaxed": false,
        "info3String": "https://photos.zillowstatic.com/fp/a8b02d5ac61ac8b9a11bda64382b4f89-zillow_web_48_23.jpg",
        "brokerName": "Fortune Christie's International Real Estate",
        "carouselPhotos": [
            {
                "url": "https://photos.zillowstatic.com/fp/949b06c10c514824a2f2ad1d56a6ff1c-p_e.jpg"
            },
            {
                "url": "https://photos.zillowstatic.com/fp/0471102fb4da9ba424de5e6c9c16f642-p_e.jpg"
            },
            {
                "url": "https://photos.zillowstatic.com/fp/1e3a0af1c8abc65fa9ef3392f7d27fc5-p_e.jpg"
            },
            {
                "url": "https://photos.zillowstatic.com/fp/621a3008331529bf9b1fcd1a56a0c3ad-p_e.jpg"
            },
            {
                "url": "https://photos.zillowstatic.com/fp/afbcb9fd0f54fad2976b2b37fe2f5a72-p_e.jpg"
            },
            {
                "url": "https://photos.zillowstatic.com/fp/b6d9c060ec16adc3a8df1305bb23aa4b-p_e.jpg"
            },
            {
                "url": "https://photos.zillowstatic.com/fp/3eb0fadb04584b5a52ac24058bb8163d-p_e.jpg"
            },
            {
                "url": "https://photos.zillowstatic.com/fp/0abf580ba522638cdbda1099201d9ce2-p_e.jpg"
            },
            {
                "url": "https://photos.zillowstatic.com/fp/9b7e25e071a6e26d80034e05de977b93-p_e.jpg"
            },
            {
                "url": "https://photos.zillowstatic.com/fp/caf071a0cb06c000886e4b3fcdbd2d04-p_e.jpg"
            },
            {
                "url": "https://photos.zillowstatic.com/fp/70a528e1230f1fa0c7a2512e2cbd1991-p_e.jpg"
            },
            {
                "url": "https://photos.zillowstatic.com/fp/150f694935e6cfd6f1d8da56b88d7b88-p_e.jpg"
            },
            {
                "url": "https://photos.zillowstatic.com/fp/d3dd6fbd00adc3dfd3c4afaa3e82ad88-p_e.jpg"
            },
            {
                "url": "https://photos.zillowstatic.com/fp/230932632ef7f1163cbfc36fb2d086fe-p_e.jpg"
            },
            {
                "url": "https://photos.zillowstatic.com/fp/6a41aa5802e04dabd28d00212c4d9afb-p_e.jpg"
            },
            {
                "url": "https://photos.zillowstatic.com/fp/a65be73241a2dccfad4bac15d1523564-p_e.jpg"
            },
            {
                "url": "https://photos.zillowstatic.com/fp/f0712f438a5fb72ec4eec46bfd54ef3a-p_e.jpg"
            },
            {
                "url": "https://photos.zillowstatic.com/fp/0059d3ff5617e9f4d6443d6367c2498b-p_e.jpg"
            },
            {
                "url": "https://photos.zillowstatic.com/fp/13c7345f8f11753be42498fe1f04b973-p_e.jpg"
            },
            {
                "url": "https://photos.zillowstatic.com/fp/1b8370136579b72c2129ad12c1f65c05-p_e.jpg"
            },
            {
                "url": "https://photos.zillowstatic.com/fp/eea156ebb83b04a325597ea3ac0a7498-p_e.jpg"
            },
            {
                "url": "https://photos.zillowstatic.com/fp/9d8229a835e0ecb791fa8ab818eaa4c0-p_e.jpg"
            },
            {
                "url": "https://photos.zillowstatic.com/fp/e9ec41e11fd0f1c3f87b7e770b61c05a-p_e.jpg"
            },
            {
                "url": "https://photos.zillowstatic.com/fp/60132309cffd52f5aed33222fb161296-p_e.jpg"
            },
            {
                "url": "https://photos.zillowstatic.com/fp/e783c70615895086ef04ce79bd4c894a-p_e.jpg"
            },
            {
                "url": "https://photos.zillowstatic.com/fp/d19e964857e366bf2efd8b569a03af60-p_e.jpg"
            },
            {
                "url": "https://photos.zillowstatic.com/fp/bd7acfd79b53078b6c3ede1a41a58940-p_e.jpg"
            },
            {
                "url": "https://photos.zillowstatic.com/fp/bef004066459501c0f28105b5876bf84-p_e.jpg"
            }
        ],
        "rooms": []
    },
    {
        "zpid": "43022959",
        "id": "43022959",
        "rawHomeStatusCd": "ForSale",
        "marketingStatusSimplifiedCd": "For Sale by Agent",
        "imgSrc": "https://photos.zillowstatic.com/fp/1faed5df23a305928c3b12ec868f8123-p_e.jpg",
        "hasImage": true,
        "detailUrl": "https://www.zillow.com/homedetails/8225-Sunrise-Lakes-Blvd-APT-110-Fort-Lauderdale-FL-33322/43022959_zpid/",
        "statusType": "FOR_SALE",
        "statusText": "Condo for sale",
        "countryCurrency": "$",
        "price": "$145,000",
        "unformattedPrice": 145000,
        "address": "8225 Sunrise Lakes Blvd APT 110, Fort Lauderdale, FL 33322",
        "addressStreet": "8225 Sunrise Lakes Blvd APT 110",
        "addressCity": "Fort Lauderdale",
        "addressState": "FL",
        "addressZipcode": "33322",
        "isUndisclosedAddress": false,
        "beds": 2,
        "baths": 2.0,
        "area": 850,
        "latLong": {
            "latitude": 26.162018,
            "longitude": -80.26185
        },
        "isZillowOwned": false,
        "variableData": {
            "type": "DAYS_ON",
            "text": "260 days on Zillow"
        },
        "hdpData": {
            "homeInfo": {
                "zpid": 43022959,
                "streetAddress": "8225 Sunrise Lakes Blvd APT 110",
                "zipcode": "33322",
                "city": "Fort Lauderdale",
                "state": "FL",
                "latitude": 26.162018,
                "longitude": -80.26185,
                "price": 145000.0,
                "datePriceChanged": 1694070000000,
                "bathrooms": 2.0,
                "bedrooms": 2.0,
                "livingArea": 850.0,
                "homeType": "CONDO",
                "homeStatus": "FOR_SALE",
                "daysOnZillow": 260,
                "isFeatured": false,
                "shouldHighlight": false,
                "zestimate": 136900,
                "rentZestimate": 1864,
                "listing_sub_type": {
                    "is_FSBA": true
                },
                "priceReduction": "",
                "isUnmappable": false,
                "isPreforeclosureAuction": false,
                "homeStatusForHDP": "FOR_SALE",
                "priceForHDP": 145000.0,
                "priceChange": -10000,
                "timeOnZillow": 22511661000,
                "isNonOwnerOccupied": true,
                "isPremierBuilder": false,
                "isZillowOwned": false,
                "currency": "USD",
                "country": "USA",
                "taxAssessedValue": 82030.0,
                "unit": "Apt 110",
                "lotAreaValue": 365.0,
                "lotAreaUnit": "sqft",
                "isShowcaseListing": false
            }
        },
        "isSaved": false,
        "isUserClaimingOwner": false,
        "isUserConfirmedClaim": false,
        "pgapt": "ForSale",
        "sgapt": "For Sale (Broker)",
        "zestimate": 136900,
        "shouldShowZestimateAsPrice": false,
        "has3DModel": false,
        "hasVideo": false,
        "isHomeRec": false,
        "hasAdditionalAttributions": true,
        "isFeaturedListing": false,
        "isShowcaseListing": false,
        "list": true,
        "relaxed": false,
        "info2String": "Listing provided by BeachesMLS",
        "info3String": "https://photos.zillowstatic.com/fp/11470fbfca6bd246a8708da0ff0e5603-zillow_web_48_23.jpg",
        "brokerName": "Goldstone Realty LLC",
        "carouselPhotos": [
            {
                "url": "https://photos.zillowstatic.com/fp/1faed5df23a305928c3b12ec868f8123-p_e.jpg"
            }
        ],
        "rooms": [
            {
                "roomArea": 100.0,
                "roomAreaUnits": null
            },
            {
                "roomArea": 144.0,
                "roomAreaUnits": null
            },
            {
                "roomArea": 165.0,
                "roomAreaUnits": null
            }
        ]
    },
    {
        "zpid": "43025433",
        "id": "43025433",
        "rawHomeStatusCd": "ForSale",
        "marketingStatusSimplifiedCd": "For Sale by Agent",
        "imgSrc": "https://photos.zillowstatic.com/fp/cfaf44c8b16e887d801b2e302dfcaceb-p_e.jpg",
        "hasImage": true,
        "detailUrl": "https://www.zillow.com/homedetails/9621-Sunrise-Lakes-Blvd-APT-203-Sunrise-FL-33322/43025433_zpid/",
        "statusType": "FOR_SALE",
        "statusText": "Condo for sale",
        "countryCurrency": "$",
        "price": "$159,000",
        "unformattedPrice": 159000,
        "address": "9621 Sunrise Lakes Blvd APT 203, Sunrise, FL 33322",
        "addressStreet": "9621 Sunrise Lakes Blvd APT 203",
        "addressCity": "Sunrise",
        "addressState": "FL",
        "addressZipcode": "33322",
        "isUndisclosedAddress": false,
        "beds": 2,
        "baths": 2.0,
        "area": 850,
        "latLong": {
            "latitude": 26.163923,
            "longitude": -80.27632
        },
        "isZillowOwned": false,
        "variableData": {
            "type": "PRICE_REDUCTION",
            "text": "$10,000 (Jan 12)"
        },
        "hdpData": {
            "homeInfo": {
                "zpid": 43025433,
                "streetAddress": "9621 Sunrise Lakes Blvd APT 203",
                "zipcode": "33322",
                "city": "Sunrise",
                "state": "FL",
                "latitude": 26.163923,
                "longitude": -80.27632,
                "price": 159000.0,
                "datePriceChanged": 1705046400000,
                "bathrooms": 2.0,
                "bedrooms": 2.0,
                "livingArea": 850.0,
                "homeType": "CONDO",
                "homeStatus": "FOR_SALE",
                "daysOnZillow": 393,
                "isFeatured": false,
                "shouldHighlight": false,
                "listing_sub_type": {
                    "is_FSBA": true
                },
                "priceReduction": "$10,000 (Jan 12)",
                "isUnmappable": false,
                "isPreforeclosureAuction": false,
                "homeStatusForHDP": "FOR_SALE",
                "priceForHDP": 159000.0,
                "priceChange": -10000,
                "timeOnZillow": 33963694000,
                "isNonOwnerOccupied": true,
                "isPremierBuilder": false,
                "isZillowOwned": false,
                "currency": "USD",
                "country": "USA",
                "taxAssessedValue": 81160.0,
                "unit": "Apt 203",
                "lotAreaValue": 0.0,
                "lotAreaUnit": "sqft",
                "isShowcaseListing": false
            }
        },
        "isSaved": false,
        "isUserClaimingOwner": false,
        "isUserConfirmedClaim": false,
        "pgapt": "ForSale",
        "sgapt": "For Sale (Broker)",
        "shouldShowZestimateAsPrice": false,
        "has3DModel": false,
        "hasVideo": false,
        "isHomeRec": false,
        "hasAdditionalAttributions": true,
        "isFeaturedListing": false,
        "isShowcaseListing": false,
        "list": true,
        "relaxed": false,
        "info3String": "https://photos.zillowstatic.com/fp/a8b02d5ac61ac8b9a11bda64382b4f89-zillow_web_48_23.jpg",
        "brokerName": "Coldwell Banker Realty",
        "carouselPhotos": [
            {
                "url": "https://photos.zillowstatic.com/fp/cfaf44c8b16e887d801b2e302dfcaceb-p_e.jpg"
            },
            {
                "url": "https://photos.zillowstatic.com/fp/51363f44e942a98b20b75c8460ffb502-p_e.jpg"
            },
            {
                "url": "https://photos.zillowstatic.com/fp/692648cf73a0aa064450b91f69b760ca-p_e.jpg"
            },
            {
                "url": "https://photos.zillowstatic.com/fp/055c4606831073677e8881b32913040e-p_e.jpg"
            },
            {
                "url": "https://photos.zillowstatic.com/fp/9d8c86f338e3849a56a71b7cda4fc05a-p_e.jpg"
            },
            {
                "url": "https://photos.zillowstatic.com/fp/508f0c3278eb399116c6868e572acae9-p_e.jpg"
            },
            {
                "url": "https://photos.zillowstatic.com/fp/164b6f428a9e2d1324e323c2c3b52c3b-p_e.jpg"
            },
            {
                "url": "https://photos.zillowstatic.com/fp/085ee8bb634a3cd3f83b689652c93e86-p_e.jpg"
            },
            {
                "url": "https://photos.zillowstatic.com/fp/0ff7290e14aacf497d77545d11abfba7-p_e.jpg"
            },
            {
                "url": "https://photos.zillowstatic.com/fp/198237519d662b39ca1d4eb0ef2250b8-p_e.jpg"
            },
            {
                "url": "https://photos.zillowstatic.com/fp/903c6054af4a9af2d2dde48b08645086-p_e.jpg"
            },
            {
                "url": "https://photos.zillowstatic.com/fp/743f8b90d39269f2eef59399d281e83b-p_e.jpg"
            },
            {
                "url": "https://photos.zillowstatic.com/fp/1d43999ea1b77341f66f326739ea18aa-p_e.jpg"
            },
            {
                "url": "https://photos.zillowstatic.com/fp/c673d56a902ee55c9bc2ebb10e66ec49-p_e.jpg"
            },
            {
                "url": "https://photos.zillowstatic.com/fp/c2c586f35c300289213b296aeb207aad-p_e.jpg"
            },
            {
                "url": "https://photos.zillowstatic.com/fp/63459442484b3fa36eba0ba352575e9b-p_e.jpg"
            }
        ],
        "rooms": []
    }
]