{
    "user_info": {
        "isLoggedIn": false,
        "hasHousingConnectorPermission": false,
        "savedHomesCount": 0,
        "personalizedSearchTraceID": "d1dd054616cfac197179424027e4416b",
        "guid": "ff80762b-8d0d-444d-b1ac-4f26bd3c5354",
        "zuid": "",
        "isBot": false,
        "email": "",
        "displayName": ""
    },
    "map_state": {
        "customRegionPolygonWkt": null,
        "schoolPolygonWkt": null,
        "isCurrentLocationSearch": false,
        "userPosition": {
            "lat": null,
            "lon": null
        }
    },
    "region_state": {
        "regionInfo": [
            {
                "regionId": 72559,
                "regionType": 7,
                "regionName": "33345",
                "displayName": "Sunrise FL 33345",
                "isPointRegion": true
            }
        ],
        "regionBounds": {
            "north": 26.184115000000002,
            "south": 26.147885,
            "east": -80.277485,
            "west": -80.31371499999999
        }
    },
    "search_page_seo": {
        "baseUrl": "/sunrise-fl-33345/",
        "windowTitle": "33345 Real Estate - 33345 Homes For Sale | Zillow",
        "metaDescription": "Zillow has 128 homes for sale in 33345. View listing photos, review sales history, and use our detailed real estate filters to find the perfect place."
    },
    "request_id": 4
}