{
    "user_info": {
        "isLoggedIn": false,
        "hasHousingConnectorPermission": false,
        "savedHomesCount": 0,
        "personalizedSearchTraceID": "489400ba23ddc0b043928f27605ee243",
        "guid": "b3983ab2-8951-4a5c-888b-2a6313511d32",
        "zuid": "",
        "isBot": false,
        "email": "",
        "displayName": ""
    },
    "map_state": {
        "customRegionPolygonWkt": null,
        "schoolPolygonWkt": null,
        "isCurrentLocationSearch": false,
        "userPosition": {
            "lat": null,
            "lon": null
        }
    },
    "region_state": {
        "regionInfo": [
            {
                "regionId": 72389,
                "regionType": 7,
                "regionName": "33060",
                "displayName": "Pompano Beach FL 33060",
                "isPointRegion": false
            }
        ],
        "regionBounds": {
            "north": 26.26078,
            "south": 26.205976,
            "east": -80.100471,
            "west": -80.138198
        }
    },
    "search_page_seo": {
        "baseUrl": "/pompano-beach-fl-33060/",
        "windowTitle": "33060 Real Estate - 33060 Homes For Sale | Zillow",
        "metaDescription": "Zillow has 16 homes for sale in 33060. View listing photos, review sales history, and use our detailed real estate filters to find the perfect place."
    },
    "request_id": 4
}