{
    "user_info": {
        "isLoggedIn": false,
        "hasHousingConnectorPermission": false,
        "savedHomesCount": 0,
        "personalizedSearchTraceID": "4cc97a7e84861a29a0c77e8d01b5c7ff",
        "guid": "6de0d1a8-b695-4728-8b21-b096f8e4d366",
        "zuid": "",
        "isBot": false,
        "email": "",
        "displayName": ""
    },
    "map_state": {
        "customRegionPolygonWkt": null,
        "schoolPolygonWkt": null,
        "isCurrentLocationSearch": false,
        "userPosition": {
            "lat": null,
            "lon": null
        }
    },
    "region_state": {
        "regionInfo": [
            {
                "regionId": 72566,
                "regionType": 7,
                "regionName": "33388",
                "displayName": "Plantation FL 33388",
                "isPointRegion": false
            }
        ],
        "regionBounds": {
            "north": 26.120756,
            "south": 26.120574,
            "east": -80.252494,
            "west": -80.257162
        }
    },
    "search_page_seo": {
        "baseUrl": "/plantation-fl-33388/",
        "windowTitle": "33388 Real Estate - 33388 Homes For Sale | Zillow",
        "metaDescription": "Zillow has 0 homes for sale in 33388. View listing photos, review sales history, and use our detailed real estate filters to find the perfect place."
    },
    "request_id": 4
}