[
    {
        "zpid": "46760690",
        "id": "46760690",
        "rawHomeStatusCd": "ForSale",
        "marketingStatusSimplifiedCd": "For Sale by Agent",
        "imgSrc": "https://photos.zillowstatic.com/fp/3fa6e1911102275a40e68afa6c73c212-p_e.jpg",
        "hasImage": true,
        "detailUrl": "https://www.zillow.com/homedetails/5108-Pineview-Cir-Delray-Beach-FL-33445/46760690_zpid/",
        "statusType": "FOR_SALE",
        "statusText": "House for sale",
        "countryCurrency": "$",
        "price": "$2,299,900",
        "unformattedPrice": 2299900,
        "address": "5108 Pineview Cir, Delray Beach, FL 33445",
        "addressStreet": "5108 Pineview Cir",
        "addressCity": "Delray Beach",
        "addressState": "FL",
        "addressZipcode": "33445",
        "isUndisclosedAddress": false,
        "beds": 3,
        "baths": 3.0,
        "area": 3038,
        "latLong": {
            "latitude": 26.447437,
            "longitude": -80.11999
        },
        "isZillowOwned": false,
        "variableData": {
            "type": "DAYS_ON",
            "text": "509 days on Zillow"
        },
        "hdpData": {
            "homeInfo": {
                "zpid": 46760690,
                "streetAddress": "5108 Pineview Cir",
                "zipcode": "33445",
                "city": "Delray Beach",
                "state": "FL",
                "latitude": 26.447437,
                "longitude": -80.11999,
                "price": 2299900.0,
                "datePriceChanged": 1686553200000,
                "bathrooms": 3.0,
                "bedrooms": 3.0,
                "livingArea": 3038.0,
                "homeType": "SINGLE_FAMILY",
                "homeStatus": "FOR_SALE",
                "daysOnZillow": 509,
                "isFeatured": false,
                "shouldHighlight": false,
                "zestimate": 2221700,
                "rentZestimate": 14432,
                "listing_sub_type": {
                    "is_FSBA": true
                },
                "priceReduction": "",
                "isUnmappable": false,
                "isPreforeclosureAuction": false,
                "homeStatusForHDP": "FOR_SALE",
                "priceForHDP": 2299900.0,
                "priceChange": -150100,
                "timeOnZillow": 43989404000,
                "isNonOwnerOccupied": true,
                "isPremierBuilder": false,
                "isZillowOwned": false,
                "currency": "USD",
                "country": "USA",
                "taxAssessedValue": 813984.0,
                "lotAreaValue": 0.0,
                "lotAreaUnit": "sqft",
                "isShowcaseListing": false
            }
        },
        "isSaved": false,
        "isUserClaimingOwner": false,
        "isUserConfirmedClaim": false,
        "pgapt": "ForSale",
        "sgapt": "For Sale (Broker)",
        "zestimate": 2221700,
        "shouldShowZestimateAsPrice": false,
        "has3DModel": false,
        "hasVideo": false,
        "isHomeRec": false,
        "hasAdditionalAttributions": true,
        "isFeaturedListing": false,
        "isShowcaseListing": false,
        "list": true,
        "relaxed": false,
        "info2String": "Listing provided by BeachesMLS",
        "info3String": "https://photos.zillowstatic.com/fp/11470fbfca6bd246a8708da0ff0e5603-zillow_web_48_23.jpg",
        "brokerName": "Engel & Voelkers Delray Beach",
        "carouselPhotos": [
            {
                "url": "https://photos.zillowstatic.com/fp/3fa6e1911102275a40e68afa6c73c212-p_e.jpg"
            },
            {
                "url": "https://photos.zillowstatic.com/fp/9bca0f3d759a21825d8279c8afa53da1-p_e.jpg"
            },
            {
                "url": "https://photos.zillowstatic.com/fp/955c2e5e01c623f6c42860c07da015e3-p_e.jpg"
            },
            {
                "url": "https://photos.zillowstatic.com/fp/051547944ece9950e8771b30920565f4-p_e.jpg"
            },
            {
                "url": "https://photos.zillowstatic.com/fp/76ce266867edeb6f65f12917ac4d132b-p_e.jpg"
            },
            {
                "url": "https://photos.zillowstatic.com/fp/4cd47e6a4b2ff8bec1ab5b025857c129-p_e.jpg"
            },
            {
                "url": "https://photos.zillowstatic.com/fp/c144375df20126c9989290399ca7c3b1-p_e.jpg"
            },
            {
                "url": "https://photos.zillowstatic.com/fp/638601fb2bd4b759601c23db87a14805-p_e.jpg"
            },
            {
                "url": "https://photos.zillowstatic.com/fp/a330fa189f64678725c6827121879efa-p_e.jpg"
            },
            {
                "url": "https://photos.zillowstatic.com/fp/4bb4333461a83fc986099c7e105dcd0d-p_e.jpg"
            },
            {
                "url": "https://photos.zillowstatic.com/fp/41ded9222a1166a6bcad16da4c087afe-p_e.jpg"
            },
            {
                "url": "https://photos.zillowstatic.com/fp/a8592e8a8b1a522d99a773f2da5fd289-p_e.jpg"
            },
            {
                "url": "https://photos.zillowstatic.com/fp/4579253fc61b00bad3554ecdc0e1c0df-p_e.jpg"
            },
            {
                "url": "https://photos.zillowstatic.com/fp/e68cc9e6fe6bf44289e25d2c6173c760-p_e.jpg"
            },
            {
                "url": "https://photos.zillowstatic.com/fp/94cac7260c6fbddea2f60b8f7bafa95a-p_e.jpg"
            },
            {
                "url": "https://photos.zillowstatic.com/fp/2d4dfcc167e3d30207dc4dcb01d0aeab-p_e.jpg"
            },
            {
                "url": "https://photos.zillowstatic.com/fp/7dcc7b48d238ef41e46b8da55d731088-p_e.jpg"
            },
            {
                "url": "https://photos.zillowstatic.com/fp/50eaf98e927cc8c35f38c24bfe7d8431-p_e.jpg"
            },
            {
                "url": "https://photos.zillowstatic.com/fp/1d4d82e4e398dd701490cc3282109728-p_e.jpg"
            },
            {
                "url": "https://photos.zillowstatic.com/fp/45ec0f4fe20942f0108e75399567540a-p_e.jpg"
            },
            {
                "url": "https://photos.zillowstatic.com/fp/575ab338a2079345dbcb2ebcbde16fc7-p_e.jpg"
            },
            {
                "url": "https://photos.zillowstatic.com/fp/89f1410853e44cac2460f939a00f3319-p_e.jpg"
            },
            {
                "url": "https://photos.zillowstatic.com/fp/0dfe6a8b850c3b388c44bce9b069f9b3-p_e.jpg"
            },
            {
                "url": "https://photos.zillowstatic.com/fp/426244bc992a88140826fa8ef79f54b5-p_e.jpg"
            },
            {
                "url": "https://photos.zillowstatic.com/fp/a9af28b40f4c21e4974234a21f401d4f-p_e.jpg"
            },
            {
                "url": "https://photos.zillowstatic.com/fp/996f9b06a6db808fadda82fe4b964efd-p_e.jpg"
            },
            {
                "url": "https://photos.zillowstatic.com/fp/a149ec7e3b7de0e295e9ad23f20d27f4-p_e.jpg"
            },
            {
                "url": "https://photos.zillowstatic.com/fp/13c4547cf8417930d932ae082d1aa41c-p_e.jpg"
            },
            {
                "url": "https://photos.zillowstatic.com/fp/096d9fe066eaf944b9337c1727c5060a-p_e.jpg"
            },
            {
                "url": "https://photos.zillowstatic.com/fp/ba267dbe63960cb4f0f8d6373e3594be-p_e.jpg"
            },
            {
                "url": "https://photos.zillowstatic.com/fp/6d448c45aff262b4a3bc1b506750473e-p_e.jpg"
            },
            {
                "url": "https://photos.zillowstatic.com/fp/1aa4c0c91e012e4a74fb56edaee4a98e-p_e.jpg"
            },
            {
                "url": "https://photos.zillowstatic.com/fp/86ec73bd775f19844d0af74ec95b46bc-p_e.jpg"
            },
            {
                "url": "https://photos.zillowstatic.com/fp/c6447b9fdd159cd0b4bfd6a7a9db64db-p_e.jpg"
            },
            {
                "url": "https://photos.zillowstatic.com/fp/dc2020efaf13daa388da202e31f2adb2-p_e.jpg"
            },
            {
                "url": "https://photos.zillowstatic.com/fp/ca1bd18bf68c48d75e40b2db7aa0fa19-p_e.jpg"
            },
            {
                "url": "https://photos.zillowstatic.com/fp/6d77a208b222089cacc36753d365bde5-p_e.jpg"
            },
            {
                "url": "https://photos.zillowstatic.com/fp/82eb01ac8bd6acf33744e5296a7551c4-p_e.jpg"
            },
            {
                "url": "https://photos.zillowstatic.com/fp/67ed7a85643d0400fc24554d4a5ed877-p_e.jpg"
            },
            {
                "url": "https://photos.zillowstatic.com/fp/71ded907f9cbda744886549c0da16903-p_e.jpg"
            },
            {
                "url": "https://photos.zillowstatic.com/fp/61471ec017a49dc3bdf1398fac3c15d1-p_e.jpg"
            },
            {
                "url": "https://photos.zillowstatic.com/fp/d4d0a164f8a2de52ee2c2f05963f4944-p_e.jpg"
            },
            {
                "url": "https://photos.zillowstatic.com/fp/0a77d82cb8f19989d7d31148565b29a4-p_e.jpg"
            },
            {
                "url": "https://photos.zillowstatic.com/fp/b4746464f7471ed33e2ba6bfdf6bf094-p_e.jpg"
            },
            {
                "url": "https://photos.zillowstatic.com/fp/8c6f200641d92b14f7b69e6e8fd7a06c-p_e.jpg"
            },
            {
                "url": "https://photos.zillowstatic.com/fp/57f44ea36aef6f761a7e8772a8f330d3-p_e.jpg"
            },
            {
                "url": "https://photos.zillowstatic.com/fp/a409d39c0d8df0bdf945b290d38c2e57-p_e.jpg"
            }
        ],
        "rooms": [
            {
                "roomArea": 864.0,
                "roomAreaUnits": null
            },
            {
                "roomArea": 280.0,
                "roomAreaUnits": null
            },
            {
                "roomArea": 300.0,
                "roomAreaUnits": null
            }
        ]
    }
]