{
    "user_info": {
        "isLoggedIn": false,
        "hasHousingConnectorPermission": false,
        "savedHomesCount": 0,
        "personalizedSearchTraceID": "f926c674d5c0d4bfe4cb2e61d82525b9",
        "guid": "6a40e152-0482-406b-9b21-999be59dd197",
        "zuid": "",
        "isBot": false,
        "email": "",
        "displayName": ""
    },
    "map_state": {
        "customRegionPolygonWkt": null,
        "schoolPolygonWkt": null,
        "isCurrentLocationSearch": false,
        "userPosition": {
            "lat": null,
            "lon": null
        }
    },
    "region_state": {
        "regionInfo": [
            {
                "regionId": 72611,
                "regionType": 7,
                "regionName": "33445",
                "displayName": "Delray Beach FL 33445",
                "isPointRegion": false
            }
        ],
        "regionBounds": {
            "north": 26.484004,
            "south": 26.42426,
            "east": -80.084559,
            "west": -80.12266
        }
    },
    "search_page_seo": {
        "baseUrl": "/delray-beach-fl-33445/",
        "windowTitle": "33445 Real Estate - 33445 Homes For Sale | Zillow",
        "metaDescription": "Zillow has 83 homes for sale in 33445. View listing photos, review sales history, and use our detailed real estate filters to find the perfect place."
    },
    "request_id": 4
}