{
    "user_info": {
        "isLoggedIn": false,
        "hasHousingConnectorPermission": false,
        "savedHomesCount": 0,
        "personalizedSearchTraceID": "07a8dcb4dcc75619b32329d4aaea3059",
        "guid": "75581908-9b66-475c-b907-377ae80792e2",
        "zuid": "",
        "isBot": false,
        "email": "",
        "displayName": ""
    },
    "map_state": {
        "customRegionPolygonWkt": null,
        "schoolPolygonWkt": null,
        "isCurrentLocationSearch": false,
        "userPosition": {
            "lat": null,
            "lon": null
        }
    },
    "region_state": {
        "regionInfo": [
            {
                "regionId": 72449,
                "regionType": 7,
                "regionName": "33146",
                "displayName": "Coral Gables FL 33146",
                "isPointRegion": false
            }
        ],
        "regionBounds": {
            "north": 25.73571,
            "south": 25.70478,
            "east": -80.253962,
            "west": -80.28652
        }
    },
    "search_page_seo": {
        "baseUrl": "/coral-gables-fl-33146/",
        "windowTitle": "33146 Real Estate - 33146 Homes For Sale | Zillow",
        "metaDescription": "Zillow has 0 homes for sale in 33146. View listing photos, review sales history, and use our detailed real estate filters to find the perfect place."
    },
    "request_id": 4
}