{
    "user_info": {
        "isLoggedIn": false,
        "hasHousingConnectorPermission": false,
        "savedHomesCount": 0,
        "personalizedSearchTraceID": "a11a65ef65a6d732e2cc73ed44bcbf70",
        "guid": "91d7c697-a74e-420a-895d-45c4041cf606",
        "zuid": "",
        "isBot": false,
        "email": "",
        "displayName": ""
    },
    "map_state": {
        "customRegionPolygonWkt": null,
        "schoolPolygonWkt": null,
        "isCurrentLocationSearch": false,
        "userPosition": {
            "lat": null,
            "lon": null
        }
    },
    "region_state": {
        "regionInfo": [
            {
                "regionId": 399574,
                "regionType": 7,
                "regionName": "33473",
                "displayName": "Boynton Beach FL 33473",
                "isPointRegion": false
            }
        ],
        "regionBounds": {
            "north": 26.527956,
            "south": 26.483226,
            "east": -80.17209,
            "west": -80.220068
        }
    },
    "search_page_seo": {
        "baseUrl": "/boynton-beach-fl-33473/",
        "windowTitle": "33473 Real Estate - 33473 Homes For Sale | Zillow",
        "metaDescription": "Zillow has 17 homes for sale in 33473. View listing photos, review sales history, and use our detailed real estate filters to find the perfect place."
    },
    "request_id": 4
}