[
    {
        "zpid": "2088872772",
        "id": "2088872772",
        "rawHomeStatusCd": "ForSale",
        "marketingStatusSimplifiedCd": "For Sale by Agent",
        "imgSrc": "https://photos.zillowstatic.com/fp/2282f5fa222f4f16abea90fa0d496bdd-p_e.jpg",
        "hasImage": true,
        "detailUrl": "https://www.zillow.com/homedetails/4055-W-McNab-Rd-APT-H303-Pompano-Beach-FL-33069/2088872772_zpid/",
        "statusType": "FOR_SALE",
        "statusText": "Condo for sale",
        "countryCurrency": "$",
        "price": "$190,000",
        "unformattedPrice": 190000,
        "address": "4055 W McNab Rd APT H303, Pompano Beach, FL 33069",
        "addressStreet": "4055 W McNab Rd APT H303",
        "addressCity": "Pompano Beach",
        "addressState": "FL",
        "addressZipcode": "33069",
        "isUndisclosedAddress": false,
        "beds": 1,
        "baths": 1.0,
        "area": 633,
        "latLong": {
            "latitude": 26.21006,
            "longitude": -80.178635
        },
        "isZillowOwned": false,
        "variableData": {
            "type": "PRICE_REDUCTION",
            "text": "$10,000 (Jan 23)"
        },
        "hdpData": {
            "homeInfo": {
                "zpid": 2088872772,
                "streetAddress": "4055 W McNab Rd APT H303",
                "zipcode": "33069",
                "city": "Pompano Beach",
                "state": "FL",
                "latitude": 26.21006,
                "longitude": -80.178635,
                "price": 190000.0,
                "datePriceChanged": 1705996800000,
                "bathrooms": 1.0,
                "bedrooms": 1.0,
                "livingArea": 633.0,
                "homeType": "CONDO",
                "homeStatus": "FOR_SALE",
                "daysOnZillow": 137,
                "isFeatured": false,
                "shouldHighlight": false,
                "listing_sub_type": {
                    "is_FSBA": true
                },
                "priceReduction": "$10,000 (Jan 23)",
                "isUnmappable": false,
                "isPreforeclosureAuction": false,
                "homeStatusForHDP": "FOR_SALE",
                "priceForHDP": 190000.0,
                "priceChange": -10000,
                "timeOnZillow": 11842757000,
                "isNonOwnerOccupied": true,
                "isPremierBuilder": false,
                "isZillowOwned": false,
                "currency": "USD",
                "country": "USA",
                "unit": "Apt H303",
                "lotAreaValue": 0.0,
                "lotAreaUnit": "sqft",
                "isShowcaseListing": false
            }
        },
        "isSaved": false,
        "isUserClaimingOwner": false,
        "isUserConfirmedClaim": false,
        "pgapt": "ForSale",
        "sgapt": "For Sale (Broker)",
        "shouldShowZestimateAsPrice": false,
        "has3DModel": false,
        "hasVideo": false,
        "isHomeRec": false,
        "hasAdditionalAttributions": true,
        "isFeaturedListing": false,
        "isShowcaseListing": false,
        "list": true,
        "relaxed": false,
        "info3String": "https://photos.zillowstatic.com/fp/a8b02d5ac61ac8b9a11bda64382b4f89-zillow_web_48_23.jpg",
        "brokerName": "NBG REALTY LLC",
        "carouselPhotos": [
            {
                "url": "https://photos.zillowstatic.com/fp/2282f5fa222f4f16abea90fa0d496bdd-p_e.jpg"
            },
            {
                "url": "https://photos.zillowstatic.com/fp/d16d2e517d2c87604cc036a669c548ca-p_e.jpg"
            },
            {
                "url": "https://photos.zillowstatic.com/fp/31da6a9a5624c9ad8d66dccc2e915c69-p_e.jpg"
            },
            {
                "url": "https://photos.zillowstatic.com/fp/697f4f09227b783e491744127deb7797-p_e.jpg"
            },
            {
                "url": "https://photos.zillowstatic.com/fp/80f4ebac17000eb73972b2ce912e2857-p_e.jpg"
            },
            {
                "url": "https://photos.zillowstatic.com/fp/764398634af7d5ad2a48e9e66c42334f-p_e.jpg"
            },
            {
                "url": "https://photos.zillowstatic.com/fp/08cd469b04f3afad93d841b1ea042293-p_e.jpg"
            },
            {
                "url": "https://photos.zillowstatic.com/fp/6a0e5780c59b453ecd5bb93fa526f49e-p_e.jpg"
            },
            {
                "url": "https://photos.zillowstatic.com/fp/498658d7e21e2ab65495c1ae038c217e-p_e.jpg"
            },
            {
                "url": "https://photos.zillowstatic.com/fp/bab2b1d3b3b743bf5a20900a80e8281a-p_e.jpg"
            },
            {
                "url": "https://photos.zillowstatic.com/fp/a0f933846a0b278f3ed538e105194bef-p_e.jpg"
            },
            {
                "url": "https://photos.zillowstatic.com/fp/b1ecd01ebe26a462d8312126e43224a2-p_e.jpg"
            },
            {
                "url": "https://photos.zillowstatic.com/fp/6674fdc9e49fa7687ced913403960594-p_e.jpg"
            },
            {
                "url": "https://photos.zillowstatic.com/fp/7ee9b1104efbb2d9c2cd450bc19617e5-p_e.jpg"
            },
            {
                "url": "https://photos.zillowstatic.com/fp/ab0df634c408d31765035a18683bd375-p_e.jpg"
            },
            {
                "url": "https://photos.zillowstatic.com/fp/7882ce8e76a75fa493fc97d711c244ed-p_e.jpg"
            },
            {
                "url": "https://photos.zillowstatic.com/fp/a8a0158d909b0d1254d1b38a2b4f6cc7-p_e.jpg"
            },
            {
                "url": "https://photos.zillowstatic.com/fp/980b415714030cfe52d512ce5c74f940-p_e.jpg"
            },
            {
                "url": "https://photos.zillowstatic.com/fp/78decf49a60c4587bdfacd528b07fb91-p_e.jpg"
            },
            {
                "url": "https://photos.zillowstatic.com/fp/5638091a23bc732bc2fc1a80fcc8ab52-p_e.jpg"
            },
            {
                "url": "https://photos.zillowstatic.com/fp/a72c50352b4f3062f43aa595adb5e311-p_e.jpg"
            },
            {
                "url": "https://photos.zillowstatic.com/fp/4597c0b93dab0a303d32169b63e0e8e4-p_e.jpg"
            },
            {
                "url": "https://photos.zillowstatic.com/fp/63815feb39064f834002c43023c537b8-p_e.jpg"
            },
            {
                "url": "https://photos.zillowstatic.com/fp/533dbf0b651af8a542ea6c6050c6aa1c-p_e.jpg"
            },
            {
                "url": "https://photos.zillowstatic.com/fp/6dc83f57ddbe3508f8b63c6ff8220b64-p_e.jpg"
            },
            {
                "url": "https://photos.zillowstatic.com/fp/931bdf67e5aeb44cb2864bc78b5abecd-p_e.jpg"
            },
            {
                "url": "https://photos.zillowstatic.com/fp/195757cb0efb24b66d1de4bc80913d29-p_e.jpg"
            },
            {
                "url": "https://photos.zillowstatic.com/fp/24983dfaeef923e7c63b4710512c83c0-p_e.jpg"
            },
            {
                "url": "https://photos.zillowstatic.com/fp/80f00ef6d09b85a833e9a56369dcb80b-p_e.jpg"
            }
        ],
        "rooms": []
    },
    {
        "zpid": "43061803",
        "id": "43061803",
        "rawHomeStatusCd": "ForSale",
        "marketingStatusSimplifiedCd": "For Sale by Agent",
        "imgSrc": "https://photos.zillowstatic.com/fp/4f699e8d10cf41f9a1d6e5abc42f8472-p_e.jpg",
        "hasImage": true,
        "detailUrl": "https://www.zillow.com/homedetails/6820-NW-31st-Ave-8D-Fort-Lauderdale-FL-33309/43061803_zpid/",
        "statusType": "FOR_SALE",
        "statusText": "Condo for sale",
        "countryCurrency": "$",
        "price": "$290,000",
        "unformattedPrice": 290000,
        "address": "6820 NW 31st Ave #8D, Fort Lauderdale, FL 33309",
        "addressStreet": "6820 NW 31st Ave #8D",
        "addressCity": "Fort Lauderdale",
        "addressState": "FL",
        "addressZipcode": "33309",
        "isUndisclosedAddress": false,
        "beds": 3,
        "baths": 2.0,
        "area": 1170,
        "latLong": {
            "latitude": 26.207832,
            "longitude": -80.18729
        },
        "isZillowOwned": false,
        "variableData": {
            "type": "PRICE_REDUCTION",
            "text": "$5,000 (Jan 3)"
        },
        "hdpData": {
            "homeInfo": {
                "zpid": 43061803,
                "streetAddress": "6820 NW 31st Ave #8D",
                "zipcode": "33309",
                "city": "Fort Lauderdale",
                "state": "FL",
                "latitude": 26.207832,
                "longitude": -80.18729,
                "price": 290000.0,
                "datePriceChanged": 1704268800000,
                "bathrooms": 2.0,
                "bedrooms": 3.0,
                "livingArea": 1170.0,
                "homeType": "CONDO",
                "homeStatus": "FOR_SALE",
                "daysOnZillow": 166,
                "isFeatured": false,
                "shouldHighlight": false,
                "zestimate": 281700,
                "rentZestimate": 2414,
                "listing_sub_type": {
                    "is_FSBA": true
                },
                "priceReduction": "$5,000 (Jan 3)",
                "isUnmappable": false,
                "isPreforeclosureAuction": false,
                "homeStatusForHDP": "FOR_SALE",
                "priceForHDP": 290000.0,
                "priceChange": -5000,
                "timeOnZillow": 14416706000,
                "isNonOwnerOccupied": true,
                "isPremierBuilder": false,
                "isZillowOwned": false,
                "currency": "USD",
                "country": "USA",
                "taxAssessedValue": 161760.0,
                "unit": "# 8D",
                "isShowcaseListing": false
            }
        },
        "isSaved": false,
        "isUserClaimingOwner": false,
        "isUserConfirmedClaim": false,
        "pgapt": "ForSale",
        "sgapt": "For Sale (Broker)",
        "zestimate": 281700,
        "shouldShowZestimateAsPrice": false,
        "has3DModel": false,
        "hasVideo": false,
        "isHomeRec": false,
        "hasAdditionalAttributions": true,
        "isFeaturedListing": false,
        "isShowcaseListing": false,
        "list": true,
        "relaxed": false,
        "info3String": "https://photos.zillowstatic.com/fp/11470fbfca6bd246a8708da0ff0e5603-zillow_web_48_23.jpg",
        "brokerName": "United Realty Group Inc.",
        "carouselPhotos": [
            {
                "url": "https://photos.zillowstatic.com/fp/4f699e8d10cf41f9a1d6e5abc42f8472-p_e.jpg"
            },
            {
                "url": "https://photos.zillowstatic.com/fp/3b986060818b6e157661f3c294bface8-p_e.jpg"
            },
            {
                "url": "https://photos.zillowstatic.com/fp/86731c94d56ffc26f41c320f4202e3d6-p_e.jpg"
            },
            {
                "url": "https://photos.zillowstatic.com/fp/b4dba5cad18909e95ccb481c47e0a5ee-p_e.jpg"
            },
            {
                "url": "https://photos.zillowstatic.com/fp/413691366abaa5cdb6e81db1ec46f979-p_e.jpg"
            },
            {
                "url": "https://photos.zillowstatic.com/fp/5a1064ab9b532a98459c48ecc9a50df1-p_e.jpg"
            },
            {
                "url": "https://photos.zillowstatic.com/fp/6d44717aed4dd8800b755d5a55ba211d-p_e.jpg"
            },
            {
                "url": "https://photos.zillowstatic.com/fp/b8766b2a4705d0e30b10aa83b54d70a8-p_e.jpg"
            },
            {
                "url": "https://photos.zillowstatic.com/fp/dcfc7df9e56024d1c4846ff7409293b2-p_e.jpg"
            },
            {
                "url": "https://photos.zillowstatic.com/fp/f83cefa9b0f9e60f36fa6d334472ea35-p_e.jpg"
            },
            {
                "url": "https://photos.zillowstatic.com/fp/5c1ff9f951545453f070c17dbcc0fecf-p_e.jpg"
            },
            {
                "url": "https://photos.zillowstatic.com/fp/085c5f41cb4a1dbe6d0871a7ae34f0b9-p_e.jpg"
            },
            {
                "url": "https://photos.zillowstatic.com/fp/620873ca182a6afd6e45dc1a1b29fad8-p_e.jpg"
            },
            {
                "url": "https://photos.zillowstatic.com/fp/43b4607b6dc41fd79ffd50c2dd59222d-p_e.jpg"
            },
            {
                "url": "https://photos.zillowstatic.com/fp/670f700c8a5e5c5e681e800d9835d3f7-p_e.jpg"
            },
            {
                "url": "https://photos.zillowstatic.com/fp/01bd2772947646f3ac54ba7b351e02b2-p_e.jpg"
            },
            {
                "url": "https://photos.zillowstatic.com/fp/8fcf8fc70d56ff4e6def99dca8c5927d-p_e.jpg"
            },
            {
                "url": "https://photos.zillowstatic.com/fp/3371e75f95f03df80ee8a06db0a5290e-p_e.jpg"
            },
            {
                "url": "https://photos.zillowstatic.com/fp/f628a1d608d343d25344c04b4d9edfad-p_e.jpg"
            },
            {
                "url": "https://photos.zillowstatic.com/fp/87b441c815a8846058b1b57728debdf0-p_e.jpg"
            },
            {
                "url": "https://photos.zillowstatic.com/fp/380c8306886e8c51cc8391b85ae30fec-p_e.jpg"
            }
        ],
        "rooms": [
            {
                "roomArea": null,
                "roomAreaUnits": null
            },
            {
                "roomArea": null,
                "roomAreaUnits": null
            },
            {
                "roomArea": null,
                "roomAreaUnits": null
            }
        ]
    },
    {
        "zpid": "43055669",
        "id": "43055669",
        "rawHomeStatusCd": "ForSale",
        "marketingStatusSimplifiedCd": "For Sale by Agent",
        "imgSrc": "https://photos.zillowstatic.com/fp/e37c58d3f2cc2aa0abf1f317909231ac-p_e.jpg",
        "hasImage": true,
        "detailUrl": "https://www.zillow.com/homedetails/3541-Sahara-Springs-Blvd-Pompano-Beach-FL-33069/43055669_zpid/",
        "statusType": "FOR_SALE",
        "statusText": "House for sale",
        "countryCurrency": "$",
        "price": "$560,000",
        "unformattedPrice": 560000,
        "address": "3541 Sahara Springs Blvd, Pompano Beach, FL 33069",
        "addressStreet": "3541 Sahara Springs Blvd",
        "addressCity": "Pompano Beach",
        "addressState": "FL",
        "addressZipcode": "33069",
        "isUndisclosedAddress": false,
        "beds": 3,
        "baths": 2.0,
        "area": 1626,
        "latLong": {
            "latitude": 26.230085,
            "longitude": -80.176025
        },
        "isZillowOwned": false,
        "variableData": {
            "type": "PRICE_REDUCTION",
            "text": "$5,000 (Jan 18)"
        },
        "hdpData": {
            "homeInfo": {
                "zpid": 43055669,
                "streetAddress": "3541 Sahara Springs Blvd",
                "zipcode": "33069",
                "city": "Pompano Beach",
                "state": "FL",
                "latitude": 26.230085,
                "longitude": -80.176025,
                "price": 560000.0,
                "datePriceChanged": 1705564800000,
                "bathrooms": 2.0,
                "bedrooms": 3.0,
                "livingArea": 1626.0,
                "homeType": "SINGLE_FAMILY",
                "homeStatus": "FOR_SALE",
                "daysOnZillow": 167,
                "isFeatured": false,
                "shouldHighlight": false,
                "zestimate": 526200,
                "rentZestimate": 3190,
                "listing_sub_type": {
                    "is_FSBA": true
                },
                "priceReduction": "$5,000 (Jan 18)",
                "isUnmappable": false,
                "isPreforeclosureAuction": false,
                "homeStatusForHDP": "FOR_SALE",
                "priceForHDP": 560000.0,
                "priceChange": -5000,
                "timeOnZillow": 14455816000,
                "isNonOwnerOccupied": true,
                "isPremierBuilder": false,
                "isZillowOwned": false,
                "currency": "USD",
                "country": "USA",
                "taxAssessedValue": 331370.0,
                "isShowcaseListing": false
            }
        },
        "isSaved": false,
        "isUserClaimingOwner": false,
        "isUserConfirmedClaim": false,
        "pgapt": "ForSale",
        "sgapt": "For Sale (Broker)",
        "zestimate": 526200,
        "shouldShowZestimateAsPrice": false,
        "has3DModel": false,
        "hasVideo": false,
        "isHomeRec": false,
        "hasAdditionalAttributions": true,
        "isFeaturedListing": false,
        "isShowcaseListing": false,
        "list": true,
        "relaxed": false,
        "info3String": "https://photos.zillowstatic.com/fp/11470fbfca6bd246a8708da0ff0e5603-zillow_web_48_23.jpg",
        "brokerName": "RE/MAX FIRST",
        "carouselPhotos": [
            {
                "url": "https://photos.zillowstatic.com/fp/e37c58d3f2cc2aa0abf1f317909231ac-p_e.jpg"
            },
            {
                "url": "https://photos.zillowstatic.com/fp/a2e6c3abf24c80efab74c5f269b7f23b-p_e.jpg"
            },
            {
                "url": "https://photos.zillowstatic.com/fp/316a9d05b1b5b9282cfcd33cb1a97805-p_e.jpg"
            },
            {
                "url": "https://photos.zillowstatic.com/fp/b432de84ef0a867afc11fc67b8101fef-p_e.jpg"
            },
            {
                "url": "https://photos.zillowstatic.com/fp/1c84ad952702e825c8f6e81b7ef4e6c3-p_e.jpg"
            },
            {
                "url": "https://photos.zillowstatic.com/fp/de89f109e17f37823ad196c30d21ed12-p_e.jpg"
            },
            {
                "url": "https://photos.zillowstatic.com/fp/f054a9eb19f47e5db44fedc853205d79-p_e.jpg"
            },
            {
                "url": "https://photos.zillowstatic.com/fp/5b823dcba8e999dc52df0f22c2c90f81-p_e.jpg"
            },
            {
                "url": "https://photos.zillowstatic.com/fp/69f05cce29523046eaec5c2de50b1a0f-p_e.jpg"
            },
            {
                "url": "https://photos.zillowstatic.com/fp/28cce4666c3bd5889ab8e0a19fdf68bc-p_e.jpg"
            },
            {
                "url": "https://photos.zillowstatic.com/fp/c73e245bf93719db6143bca505e6f727-p_e.jpg"
            },
            {
                "url": "https://photos.zillowstatic.com/fp/bd51beb7ce5347aad41f87e1f922dd8f-p_e.jpg"
            },
            {
                "url": "https://photos.zillowstatic.com/fp/79643408b5277301f428dce86f690765-p_e.jpg"
            },
            {
                "url": "https://photos.zillowstatic.com/fp/8d334b262dc84bf2aa108aa8e3345834-p_e.jpg"
            },
            {
                "url": "https://photos.zillowstatic.com/fp/c002b11505fdab5a9de35594e7ecece4-p_e.jpg"
            },
            {
                "url": "https://photos.zillowstatic.com/fp/707f49f98eee3f79b193c0791ecbea9a-p_e.jpg"
            },
            {
                "url": "https://photos.zillowstatic.com/fp/245460ee2831d02fc4de68b5f4df82e2-p_e.jpg"
            },
            {
                "url": "https://photos.zillowstatic.com/fp/d2d36211c4e01b83253a1cb97a3fd2dd-p_e.jpg"
            },
            {
                "url": "https://photos.zillowstatic.com/fp/6f3bae728d61f789c08abdf875b0ba60-p_e.jpg"
            },
            {
                "url": "https://photos.zillowstatic.com/fp/6ce2bc4ee7bcf6b232871b69d0c5ef57-p_e.jpg"
            },
            {
                "url": "https://photos.zillowstatic.com/fp/542ef3a47dc665f34ee5753e0c520508-p_e.jpg"
            },
            {
                "url": "https://photos.zillowstatic.com/fp/e4ac52fab9a9a437e94ae438b44b09f6-p_e.jpg"
            },
            {
                "url": "https://photos.zillowstatic.com/fp/78ebbf32fc2a1aae2fdb1407097427ba-p_e.jpg"
            },
            {
                "url": "https://photos.zillowstatic.com/fp/4ba2019518f54e0b5c9ab8f7871b357f-p_e.jpg"
            },
            {
                "url": "https://photos.zillowstatic.com/fp/cbf9a947e8798c002107f7d91d3f587c-p_e.jpg"
            },
            {
                "url": "https://photos.zillowstatic.com/fp/f35033270d164088ad7903d6026aa788-p_e.jpg"
            },
            {
                "url": "https://photos.zillowstatic.com/fp/26be4c777d3cdd22a64a022d7a7a6221-p_e.jpg"
            },
            {
                "url": "https://photos.zillowstatic.com/fp/deb6353c66dd2e3d45262c7b7479083d-p_e.jpg"
            },
            {
                "url": "https://photos.zillowstatic.com/fp/baa84143edfd5be2d051fa96ee0296c8-p_e.jpg"
            },
            {
                "url": "https://photos.zillowstatic.com/fp/ac6edec6aaec2a7c120dbfbf43f3f395-p_e.jpg"
            },
            {
                "url": "https://photos.zillowstatic.com/fp/faa9c48b60b16ad96efcb9324af7459e-p_e.jpg"
            },
            {
                "url": "https://photos.zillowstatic.com/fp/09764985afb00bffd5c2387315741e08-p_e.jpg"
            },
            {
                "url": "https://photos.zillowstatic.com/fp/07b89514be531968fc5e413191510206-p_e.jpg"
            },
            {
                "url": "https://photos.zillowstatic.com/fp/92e10437e507365898f7623e5a9ba553-p_e.jpg"
            },
            {
                "url": "https://photos.zillowstatic.com/fp/a8f2b82ecc7f02d1f6fc8f030542afc1-p_e.jpg"
            },
            {
                "url": "https://photos.zillowstatic.com/fp/57000d09906c11a40135df6a0597c986-p_e.jpg"
            },
            {
                "url": "https://photos.zillowstatic.com/fp/32c0925968618cbcca58ad9738c03cf3-p_e.jpg"
            },
            {
                "url": "https://photos.zillowstatic.com/fp/d25abeb0589d610b08d6ca91d8938422-p_e.jpg"
            },
            {
                "url": "https://photos.zillowstatic.com/fp/6af0fc35d46103f7519cae7ded197174-p_e.jpg"
            },
            {
                "url": "https://photos.zillowstatic.com/fp/bdead2ad70a63c7a699e15a5462349f7-p_e.jpg"
            },
            {
                "url": "https://photos.zillowstatic.com/fp/b5d6944e43cd081db33d327201ba0375-p_e.jpg"
            },
            {
                "url": "https://photos.zillowstatic.com/fp/8a2aaff3cbefaa2545dc92aaeb8238b3-p_e.jpg"
            },
            {
                "url": "https://photos.zillowstatic.com/fp/7f56fe5cafb46c1c57d53f409907e07e-p_e.jpg"
            },
            {
                "url": "https://photos.zillowstatic.com/fp/985ecbe633f3de463078ae0b00444cb4-p_e.jpg"
            },
            {
                "url": "https://photos.zillowstatic.com/fp/b0fda3641d484d94e28447ee62bb5132-p_e.jpg"
            },
            {
                "url": "https://photos.zillowstatic.com/fp/652e20c3a91c0ba4bd2089df24a74cfb-p_e.jpg"
            },
            {
                "url": "https://photos.zillowstatic.com/fp/7851a2897ae5480a30c80191ca912532-p_e.jpg"
            },
            {
                "url": "https://photos.zillowstatic.com/fp/d4ed3e19160b4e6c4a8b07bb970155db-p_e.jpg"
            },
            {
                "url": "https://photos.zillowstatic.com/fp/1d9129b0b2531d7f5e861dbd06841c1a-p_e.jpg"
            },
            {
                "url": "https://photos.zillowstatic.com/fp/d3a62c0f41525d90055a7dd6b556d00a-p_e.jpg"
            },
            {
                "url": "https://photos.zillowstatic.com/fp/01014cde0a3530c381acd68b95b65d0e-p_e.jpg"
            }
        ],
        "rooms": [
            {
                "roomArea": null,
                "roomAreaUnits": null
            }
        ]
    },
    {
        "zpid": "43065541",
        "id": "43065541",
        "rawHomeStatusCd": "ForSale",
        "marketingStatusSimplifiedCd": "For Sale by Agent",
        "imgSrc": "https://photos.zillowstatic.com/fp/ea3f5280a29bd640e703b31d25ad08d6-p_e.jpg",
        "hasImage": true,
        "detailUrl": "https://www.zillow.com/homedetails/5931-NE-18th-Ter-Fort-Lauderdale-FL-33308/43065541_zpid/",
        "statusType": "FOR_SALE",
        "statusText": "House for sale",
        "countryCurrency": "$",
        "price": "$849,000",
        "unformattedPrice": 849000,
        "address": "5931 NE 18th Ter, Fort Lauderdale, FL 33308",
        "addressStreet": "5931 NE 18th Ter",
        "addressCity": "Fort Lauderdale",
        "addressState": "FL",
        "addressZipcode": "33308",
        "isUndisclosedAddress": false,
        "beds": 3,
        "baths": 2.0,
        "area": 1577,
        "latLong": {
            "latitude": 26.201582,
            "longitude": -80.12239
        },
        "isZillowOwned": false,
        "variableData": {
            "type": "PRICE_REDUCTION",
            "text": "$50,000 (Dec 9)"
        },
        "hdpData": {
            "homeInfo": {
                "zpid": 43065541,
                "streetAddress": "5931 NE 18th Ter",
                "zipcode": "33308",
                "city": "Fort Lauderdale",
                "state": "FL",
                "latitude": 26.201582,
                "longitude": -80.12239,
                "price": 849000.0,
                "datePriceChanged": 1702108800000,
                "bathrooms": 2.0,
                "bedrooms": 3.0,
                "livingArea": 1577.0,
                "homeType": "SINGLE_FAMILY",
                "homeStatus": "FOR_SALE",
                "daysOnZillow": 170,
                "isFeatured": false,
                "shouldHighlight": false,
                "zestimate": 787900,
                "rentZestimate": 5500,
                "listing_sub_type": {
                    "is_FSBA": true
                },
                "priceReduction": "$50,000 (Dec 9)",
                "isUnmappable": false,
                "isPreforeclosureAuction": false,
                "homeStatusForHDP": "FOR_SALE",
                "priceForHDP": 849000.0,
                "priceChange": -50000,
                "timeOnZillow": 14738624000,
                "isNonOwnerOccupied": true,
                "isPremierBuilder": false,
                "isZillowOwned": false,
                "currency": "USD",
                "country": "USA",
                "taxAssessedValue": 599250.0,
                "lotAreaValue": 7497.0,
                "lotAreaUnit": "sqft",
                "isShowcaseListing": false
            }
        },
        "isSaved": false,
        "isUserClaimingOwner": false,
        "isUserConfirmedClaim": false,
        "pgapt": "ForSale",
        "sgapt": "For Sale (Broker)",
        "zestimate": 787900,
        "shouldShowZestimateAsPrice": false,
        "has3DModel": false,
        "hasVideo": false,
        "isHomeRec": false,
        "hasAdditionalAttributions": true,
        "isFeaturedListing": false,
        "isShowcaseListing": false,
        "list": true,
        "relaxed": false,
        "info2String": "Listing provided by BeachesMLS",
        "info3String": "https://photos.zillowstatic.com/fp/11470fbfca6bd246a8708da0ff0e5603-zillow_web_48_23.jpg",
        "brokerName": "Red Apple Real Estate LLC",
        "carouselPhotos": [
            {
                "url": "https://photos.zillowstatic.com/fp/ea3f5280a29bd640e703b31d25ad08d6-p_e.jpg"
            },
            {
                "url": "https://photos.zillowstatic.com/fp/2d8b3bd3ef9ae91084ab569104710cf8-p_e.jpg"
            },
            {
                "url": "https://photos.zillowstatic.com/fp/136b37152fa849d902d2947aa80e5d65-p_e.jpg"
            },
            {
                "url": "https://photos.zillowstatic.com/fp/e827f7f5481e89dc4940df5956384798-p_e.jpg"
            },
            {
                "url": "https://photos.zillowstatic.com/fp/f90bad3ad2f8a8a8a52eb10f42d9d0fb-p_e.jpg"
            },
            {
                "url": "https://photos.zillowstatic.com/fp/9957d637b026ba5adf87024a521ac670-p_e.jpg"
            },
            {
                "url": "https://photos.zillowstatic.com/fp/e52230657c769147edcf4b868ee523f9-p_e.jpg"
            },
            {
                "url": "https://photos.zillowstatic.com/fp/0259c8db9dafd3c0128f3e59000502ba-p_e.jpg"
            },
            {
                "url": "https://photos.zillowstatic.com/fp/9abc9b77bceb22f5c66824e3c8c9fce9-p_e.jpg"
            },
            {
                "url": "https://photos.zillowstatic.com/fp/301b2823b4cac4d2a5ac1412f8698f78-p_e.jpg"
            },
            {
                "url": "https://photos.zillowstatic.com/fp/ea1607bc4a2025f8a42aa53edf10dae3-p_e.jpg"
            },
            {
                "url": "https://photos.zillowstatic.com/fp/3b5a13535e7e05c148e4d5896b5c2ff7-p_e.jpg"
            },
            {
                "url": "https://photos.zillowstatic.com/fp/f2ce560a387832d1bedf7bf3a5556894-p_e.jpg"
            },
            {
                "url": "https://photos.zillowstatic.com/fp/5d68182f5264a4b7e80b8c759d74b213-p_e.jpg"
            },
            {
                "url": "https://photos.zillowstatic.com/fp/06ca44a86d0d9235fe690bc2918062bc-p_e.jpg"
            },
            {
                "url": "https://photos.zillowstatic.com/fp/fe1c624a1174e6ab8a167eecd8a5de28-p_e.jpg"
            },
            {
                "url": "https://photos.zillowstatic.com/fp/a26c7478153fe82781c793b71197455b-p_e.jpg"
            },
            {
                "url": "https://photos.zillowstatic.com/fp/791e91dbfd86047f995e42373361d08e-p_e.jpg"
            },
            {
                "url": "https://photos.zillowstatic.com/fp/e8b68206ed301a79d1d7eff00e520914-p_e.jpg"
            },
            {
                "url": "https://photos.zillowstatic.com/fp/8b96df38a55e12de75db6230e3b3fa63-p_e.jpg"
            },
            {
                "url": "https://photos.zillowstatic.com/fp/bc8627992ca12b86bdad869b69a17af7-p_e.jpg"
            },
            {
                "url": "https://photos.zillowstatic.com/fp/d2da026f09772baeaafb140a2a71e45b-p_e.jpg"
            },
            {
                "url": "https://photos.zillowstatic.com/fp/4f25acb9e9baa14961ff860ed967a6ba-p_e.jpg"
            },
            {
                "url": "https://photos.zillowstatic.com/fp/03e04d2ca773ec6ccaf6189ba310b684-p_e.jpg"
            },
            {
                "url": "https://photos.zillowstatic.com/fp/80c72a60180702550bd5e3d35bd2b1a7-p_e.jpg"
            },
            {
                "url": "https://photos.zillowstatic.com/fp/312900adfe8e7948f48ab19f95921491-p_e.jpg"
            },
            {
                "url": "https://photos.zillowstatic.com/fp/baca9b7287b397f9fa23c51c4f001425-p_e.jpg"
            },
            {
                "url": "https://photos.zillowstatic.com/fp/3210a7cc1f5c130c2acea81515610334-p_e.jpg"
            },
            {
                "url": "https://photos.zillowstatic.com/fp/d90aab13f4cc0616899e25642d27d1be-p_e.jpg"
            },
            {
                "url": "https://photos.zillowstatic.com/fp/35040bb5f8e100bc0465331ded16bf46-p_e.jpg"
            },
            {
                "url": "https://photos.zillowstatic.com/fp/41e90b0203b33191c983c0e3e2b640ee-p_e.jpg"
            },
            {
                "url": "https://photos.zillowstatic.com/fp/90580699e4095f8e4bdcda15fefe594d-p_e.jpg"
            },
            {
                "url": "https://photos.zillowstatic.com/fp/104a82d3272c08d7abbee4db53cd26d6-p_e.jpg"
            },
            {
                "url": "https://photos.zillowstatic.com/fp/ed788cf01dbf0756c973de3a3f0e8dc2-p_e.jpg"
            },
            {
                "url": "https://photos.zillowstatic.com/fp/cc03b9d920949952085330312252761f-p_e.jpg"
            }
        ],
        "rooms": [
            {
                "roomArea": 0.0,
                "roomAreaUnits": null
            },
            {
                "roomArea": 0.0,
                "roomAreaUnits": null
            },
            {
                "roomArea": 0.0,
                "roomAreaUnits": null
            }
        ]
    },
    {
        "zpid": "42917188",
        "id": "42917188",
        "rawHomeStatusCd": "ForSale",
        "marketingStatusSimplifiedCd": "For Sale by Agent",
        "imgSrc": "https://photos.zillowstatic.com/fp/9d804dbda7cd717f7165c40bc0718db7-p_e.jpg",
        "hasImage": true,
        "detailUrl": "https://www.zillow.com/homedetails/4812-NW-19th-St-Pompano-Beach-FL-33063/42917188_zpid/",
        "statusType": "FOR_SALE",
        "statusText": "House for sale",
        "countryCurrency": "$",
        "price": "$499,900",
        "unformattedPrice": 499900,
        "address": "4812 NW 19th St, Pompano Beach, FL 33063",
        "addressStreet": "4812 NW 19th St",
        "addressCity": "Pompano Beach",
        "addressState": "FL",
        "addressZipcode": "33063",
        "isUndisclosedAddress": false,
        "beds": 3,
        "baths": 2.0,
        "area": 1394,
        "latLong": {
            "latitude": 26.252666,
            "longitude": -80.19049
        },
        "isZillowOwned": false,
        "variableData": {
            "type": "PRICE_REDUCTION",
            "text": "$10,000 (Nov 10)"
        },
        "hdpData": {
            "homeInfo": {
                "zpid": 42917188,
                "streetAddress": "4812 NW 19th St",
                "zipcode": "33063",
                "city": "Pompano Beach",
                "state": "FL",
                "latitude": 26.252666,
                "longitude": -80.19049,
                "price": 499900.0,
                "datePriceChanged": 1699603200000,
                "bathrooms": 2.0,
                "bedrooms": 3.0,
                "livingArea": 1394.0,
                "homeType": "SINGLE_FAMILY",
                "homeStatus": "FOR_SALE",
                "daysOnZillow": 182,
                "isFeatured": false,
                "shouldHighlight": false,
                "listing_sub_type": {
                    "is_FSBA": true
                },
                "priceReduction": "$10,000 (Nov 10)",
                "isUnmappable": false,
                "isPreforeclosureAuction": false,
                "homeStatusForHDP": "FOR_SALE",
                "priceForHDP": 499900.0,
                "priceChange": -10000,
                "timeOnZillow": 15730757000,
                "isNonOwnerOccupied": true,
                "isPremierBuilder": false,
                "isZillowOwned": false,
                "currency": "USD",
                "country": "USA",
                "taxAssessedValue": 350700.0,
                "lotAreaValue": 3893.0,
                "lotAreaUnit": "sqft",
                "isShowcaseListing": false
            }
        },
        "isSaved": false,
        "isUserClaimingOwner": false,
        "isUserConfirmedClaim": false,
        "pgapt": "ForSale",
        "sgapt": "For Sale (Broker)",
        "shouldShowZestimateAsPrice": false,
        "has3DModel": false,
        "hasVideo": false,
        "isHomeRec": false,
        "hasAdditionalAttributions": true,
        "isFeaturedListing": false,
        "isShowcaseListing": false,
        "list": true,
        "relaxed": false,
        "info3String": "https://photos.zillowstatic.com/fp/a8b02d5ac61ac8b9a11bda64382b4f89-zillow_web_48_23.jpg",
        "brokerName": "Top Team Realty, LLC.",
        "carouselPhotos": [
            {
                "url": "https://photos.zillowstatic.com/fp/9d804dbda7cd717f7165c40bc0718db7-p_e.jpg"
            },
            {
                "url": "https://photos.zillowstatic.com/fp/586293ecf4a07c2e2ac0fab1fe976ead-p_e.jpg"
            },
            {
                "url": "https://photos.zillowstatic.com/fp/19bd7a4acd8ab050dc8d18f8c47b55b2-p_e.jpg"
            },
            {
                "url": "https://photos.zillowstatic.com/fp/f2b4eeaa799fe489c136c8e447ac8b6a-p_e.jpg"
            },
            {
                "url": "https://photos.zillowstatic.com/fp/873c201e4f2357f3085efc886a2172b4-p_e.jpg"
            },
            {
                "url": "https://photos.zillowstatic.com/fp/913f49b26159c5e8144cc72cb95d3772-p_e.jpg"
            },
            {
                "url": "https://photos.zillowstatic.com/fp/fd1f9053b26850f3cefc61ea6abd8678-p_e.jpg"
            },
            {
                "url": "https://photos.zillowstatic.com/fp/5cc028efe9c82ad2a3cf37ef88d9b5fa-p_e.jpg"
            },
            {
                "url": "https://photos.zillowstatic.com/fp/df89ba85470caf5d0b89fa3890b31c4d-p_e.jpg"
            },
            {
                "url": "https://photos.zillowstatic.com/fp/e5f05d27c34801d93ad0652456209bf2-p_e.jpg"
            },
            {
                "url": "https://photos.zillowstatic.com/fp/b0ef86efb69f23251002a57133df54b2-p_e.jpg"
            },
            {
                "url": "https://photos.zillowstatic.com/fp/68bd2f4cb995418dcffbc17fc4ab3084-p_e.jpg"
            },
            {
                "url": "https://photos.zillowstatic.com/fp/14b5218e139ec40736d345d97107891a-p_e.jpg"
            },
            {
                "url": "https://photos.zillowstatic.com/fp/c9291451a63c7b5dfa43cc08da786e40-p_e.jpg"
            },
            {
                "url": "https://photos.zillowstatic.com/fp/58f72724b56c277ac794e6ae1d257fba-p_e.jpg"
            },
            {
                "url": "https://photos.zillowstatic.com/fp/3f3c0de96605009fa6bc5da6134b5c83-p_e.jpg"
            },
            {
                "url": "https://photos.zillowstatic.com/fp/1a0a62e677b88c218d520f90a7b863db-p_e.jpg"
            },
            {
                "url": "https://photos.zillowstatic.com/fp/6f02557f520fd8c78d6243920ba8ab14-p_e.jpg"
            },
            {
                "url": "https://photos.zillowstatic.com/fp/4282b04450b14251fba1c61931e35223-p_e.jpg"
            },
            {
                "url": "https://photos.zillowstatic.com/fp/b7eb643e95f7a0b0c631a0aef71e3c51-p_e.jpg"
            },
            {
                "url": "https://photos.zillowstatic.com/fp/dcfe58328a38484c5f4dee96a87ec4aa-p_e.jpg"
            }
        ],
        "rooms": []
    },
    {
        "zpid": "42899018",
        "id": "42899018",
        "rawHomeStatusCd": "ForSale",
        "marketingStatusSimplifiedCd": "For Sale by Agent",
        "imgSrc": "https://photos.zillowstatic.com/fp/028a479a181cdcefc74a5107f466aee1-p_e.jpg",
        "hasImage": true,
        "detailUrl": "https://www.zillow.com/homedetails/2200-NW-41st-Ter-Pompano-Beach-FL-33066/42899018_zpid/",
        "statusType": "FOR_SALE",
        "statusText": "House for sale",
        "countryCurrency": "$",
        "price": "$699,000",
        "unformattedPrice": 699000,
        "address": "2200 NW 41st Ter, Pompano Beach, FL 33066",
        "addressStreet": "2200 NW 41st Ter",
        "addressCity": "Pompano Beach",
        "addressState": "FL",
        "addressZipcode": "33066",
        "isUndisclosedAddress": false,
        "beds": 4,
        "baths": 3.0,
        "area": 2600,
        "latLong": {
            "latitude": 26.25708,
            "longitude": -80.18198
        },
        "isZillowOwned": false,
        "variableData": {
            "type": "DAYS_ON",
            "text": "194 days on Zillow"
        },
        "hdpData": {
            "homeInfo": {
                "zpid": 42899018,
                "streetAddress": "2200 NW 41st Ter",
                "zipcode": "33066",
                "city": "Pompano Beach",
                "state": "FL",
                "latitude": 26.25708,
                "longitude": -80.18198,
                "price": 699000.0,
                "bathrooms": 3.0,
                "bedrooms": 4.0,
                "livingArea": 2600.0,
                "homeType": "SINGLE_FAMILY",
                "homeStatus": "FOR_SALE",
                "daysOnZillow": 194,
                "isFeatured": false,
                "shouldHighlight": false,
                "zestimate": 660600,
                "rentZestimate": 5195,
                "listing_sub_type": {
                    "is_FSBA": true
                },
                "isUnmappable": false,
                "isPreforeclosureAuction": false,
                "homeStatusForHDP": "FOR_SALE",
                "priceForHDP": 699000.0,
                "timeOnZillow": 16843528000,
                "isNonOwnerOccupied": true,
                "isPremierBuilder": false,
                "isZillowOwned": false,
                "currency": "USD",
                "country": "USA",
                "taxAssessedValue": 448430.0,
                "lotAreaValue": 0.2708448117539027,
                "lotAreaUnit": "acres",
                "isShowcaseListing": false
            }
        },
        "isSaved": false,
        "isUserClaimingOwner": false,
        "isUserConfirmedClaim": false,
        "pgapt": "ForSale",
        "sgapt": "For Sale (Broker)",
        "zestimate": 660600,
        "shouldShowZestimateAsPrice": false,
        "has3DModel": false,
        "hasVideo": false,
        "isHomeRec": false,
        "hasAdditionalAttributions": true,
        "isFeaturedListing": false,
        "isShowcaseListing": false,
        "list": true,
        "relaxed": false,
        "info3String": "https://photos.zillowstatic.com/fp/11470fbfca6bd246a8708da0ff0e5603-zillow_web_48_23.jpg",
        "brokerName": "United Realty Group Inc.",
        "carouselPhotos": [
            {
                "url": "https://photos.zillowstatic.com/fp/028a479a181cdcefc74a5107f466aee1-p_e.jpg"
            },
            {
                "url": "https://photos.zillowstatic.com/fp/9628815f4c05bf0a9bd044501fb01d75-p_e.jpg"
            },
            {
                "url": "https://photos.zillowstatic.com/fp/4cf4254170615b11ac07e2138105c2d8-p_e.jpg"
            },
            {
                "url": "https://photos.zillowstatic.com/fp/6cfae95dfdd2b7254d547c9d0f97eae6-p_e.jpg"
            },
            {
                "url": "https://photos.zillowstatic.com/fp/059d5cee2255ffe0cc7082baa00be7b9-p_e.jpg"
            },
            {
                "url": "https://photos.zillowstatic.com/fp/b6c1081484cdf93bc77117246b891e38-p_e.jpg"
            },
            {
                "url": "https://photos.zillowstatic.com/fp/e660abd4f41edd5862f8c87ff5acf83b-p_e.jpg"
            },
            {
                "url": "https://photos.zillowstatic.com/fp/191d813a8089508a86590b94d25b41e0-p_e.jpg"
            },
            {
                "url": "https://photos.zillowstatic.com/fp/e5bf0f5ddd81354b3b3a7aa8e22a342f-p_e.jpg"
            },
            {
                "url": "https://photos.zillowstatic.com/fp/c27fe121eb54006875adda0a3ca687a2-p_e.jpg"
            },
            {
                "url": "https://photos.zillowstatic.com/fp/a19aba3716c434898b85ddd9542d025d-p_e.jpg"
            },
            {
                "url": "https://photos.zillowstatic.com/fp/cc9c2e506a251eb0232cdcf40955393d-p_e.jpg"
            },
            {
                "url": "https://photos.zillowstatic.com/fp/99863b043af4f22f4f905210b508ea87-p_e.jpg"
            },
            {
                "url": "https://photos.zillowstatic.com/fp/d18430d7f133e0cd35e5d1b5eb5593aa-p_e.jpg"
            },
            {
                "url": "https://photos.zillowstatic.com/fp/114b5fed4e9dd99cec3e8ed6aaba983b-p_e.jpg"
            },
            {
                "url": "https://photos.zillowstatic.com/fp/d93f4a9c9b399ad11c9c2c9d162460e1-p_e.jpg"
            },
            {
                "url": "https://photos.zillowstatic.com/fp/1ee053cefff7c7ffb8c6c68317990898-p_e.jpg"
            },
            {
                "url": "https://photos.zillowstatic.com/fp/4ba1bf07982d518972f2533553e85ab0-p_e.jpg"
            },
            {
                "url": "https://photos.zillowstatic.com/fp/72aefedf8fce8ee1834c2f145c0a5de4-p_e.jpg"
            },
            {
                "url": "https://photos.zillowstatic.com/fp/3b306819706b3c813234723255450184-p_e.jpg"
            },
            {
                "url": "https://photos.zillowstatic.com/fp/9cb75df9c2e6fb70777c08228b2d2089-p_e.jpg"
            },
            {
                "url": "https://photos.zillowstatic.com/fp/c786930447ed2a2fcbee14a85dd4090d-p_e.jpg"
            },
            {
                "url": "https://photos.zillowstatic.com/fp/00e16321dd0117134f798a7256a35e01-p_e.jpg"
            },
            {
                "url": "https://photos.zillowstatic.com/fp/b0155393f5c1c6810f7ef104e5b854ab-p_e.jpg"
            },
            {
                "url": "https://photos.zillowstatic.com/fp/2ab2db0e2fdb0f5c46a612b8b51425db-p_e.jpg"
            },
            {
                "url": "https://photos.zillowstatic.com/fp/f471fd2e01b6b46ab89f6e7306738b8f-p_e.jpg"
            },
            {
                "url": "https://photos.zillowstatic.com/fp/9cc202672358d82ad86bc5e5a3c34fb2-p_e.jpg"
            },
            {
                "url": "https://photos.zillowstatic.com/fp/5da052450b52c34e3f0126920d2f094c-p_e.jpg"
            },
            {
                "url": "https://photos.zillowstatic.com/fp/1a217027b91b852628031694fa4b9e2b-p_e.jpg"
            },
            {
                "url": "https://photos.zillowstatic.com/fp/6c9ba0f45948374462af5751fa4da433-p_e.jpg"
            },
            {
                "url": "https://photos.zillowstatic.com/fp/649e85e34948495c1771f0c243579d04-p_e.jpg"
            },
            {
                "url": "https://photos.zillowstatic.com/fp/56cc1fb1a40d4e262ed8209745544035-p_e.jpg"
            },
            {
                "url": "https://photos.zillowstatic.com/fp/558e9f44c9d160f75177d33f11036adc-p_e.jpg"
            },
            {
                "url": "https://photos.zillowstatic.com/fp/2450b07030cab6cf1796e100b2a0aa85-p_e.jpg"
            },
            {
                "url": "https://photos.zillowstatic.com/fp/8c60cff15b9d7050ae9ad9582f3d2aa9-p_e.jpg"
            },
            {
                "url": "https://photos.zillowstatic.com/fp/acc4cb428b87440af23b6fa895bf3ae7-p_e.jpg"
            },
            {
                "url": "https://photos.zillowstatic.com/fp/edffc23ff599b2259a1e13993a142f01-p_e.jpg"
            },
            {
                "url": "https://photos.zillowstatic.com/fp/363d6dc513f287f2f4f42f5bcdd86347-p_e.jpg"
            }
        ],
        "rooms": [
            {
                "roomArea": null,
                "roomAreaUnits": null
            },
            {
                "roomArea": null,
                "roomAreaUnits": null
            },
            {
                "roomArea": null,
                "roomAreaUnits": null
            },
            {
                "roomArea": null,
                "roomAreaUnits": null
            },
            {
                "roomArea": null,
                "roomAreaUnits": null
            },
            {
                "roomArea": null,
                "roomAreaUnits": null
            },
            {
                "roomArea": null,
                "roomAreaUnits": null
            },
            {
                "roomArea": null,
                "roomAreaUnits": null
            },
            {
                "roomArea": null,
                "roomAreaUnits": null
            }
        ]
    },
    {
        "zpid": "67836784",
        "id": "67836784",
        "rawHomeStatusCd": "ForSale",
        "marketingStatusSimplifiedCd": "For Sale by Agent",
        "imgSrc": "https://photos.zillowstatic.com/fp/be8b4c5450d97e92d1441a844bedc392-p_e.jpg",
        "hasImage": true,
        "detailUrl": "https://www.zillow.com/homedetails/4281-W-McNab-Rd-APT-19-Pompano-Beach-FL-33069/67836784_zpid/",
        "statusType": "FOR_SALE",
        "statusText": "Condo for sale",
        "countryCurrency": "$",
        "price": "$279,000",
        "unformattedPrice": 279000,
        "address": "4281 W McNab Rd APT 19, Pompano Beach, FL 33069",
        "addressStreet": "4281 W McNab Rd APT 19",
        "addressCity": "Pompano Beach",
        "addressState": "FL",
        "addressZipcode": "33069",
        "isUndisclosedAddress": false,
        "beds": 2,
        "baths": 2.0,
        "area": 913,
        "latLong": {
            "latitude": 26.210915,
            "longitude": -80.18369
        },
        "isZillowOwned": false,
        "variableData": {
            "type": "DAYS_ON",
            "text": "200 days on Zillow"
        },
        "hdpData": {
            "homeInfo": {
                "zpid": 67836784,
                "streetAddress": "4281 W McNab Rd APT 19",
                "zipcode": "33069",
                "city": "Pompano Beach",
                "state": "FL",
                "latitude": 26.210915,
                "longitude": -80.18369,
                "price": 279000.0,
                "bathrooms": 2.0,
                "bedrooms": 2.0,
                "livingArea": 913.0,
                "homeType": "CONDO",
                "homeStatus": "FOR_SALE",
                "daysOnZillow": 200,
                "isFeatured": false,
                "shouldHighlight": false,
                "zestimate": 261500,
                "rentZestimate": 1999,
                "listing_sub_type": {
                    "is_FSBA": true
                },
                "isUnmappable": false,
                "isPreforeclosureAuction": false,
                "homeStatusForHDP": "FOR_SALE",
                "priceForHDP": 279000.0,
                "timeOnZillow": 17285957000,
                "isNonOwnerOccupied": true,
                "isPremierBuilder": false,
                "isZillowOwned": false,
                "currency": "USD",
                "country": "USA",
                "taxAssessedValue": 141420.0,
                "unit": "Apt 19",
                "lotAreaValue": 0.0,
                "lotAreaUnit": "sqft",
                "isShowcaseListing": false
            }
        },
        "isSaved": false,
        "isUserClaimingOwner": false,
        "isUserConfirmedClaim": false,
        "pgapt": "ForSale",
        "sgapt": "For Sale (Broker)",
        "zestimate": 261500,
        "shouldShowZestimateAsPrice": false,
        "has3DModel": false,
        "hasVideo": false,
        "isHomeRec": false,
        "hasAdditionalAttributions": true,
        "isFeaturedListing": false,
        "isShowcaseListing": false,
        "list": true,
        "relaxed": false,
        "info3String": "https://photos.zillowstatic.com/fp/a8b02d5ac61ac8b9a11bda64382b4f89-zillow_web_48_23.jpg",
        "brokerName": "South Florida Premier Realty Group LLC",
        "carouselPhotos": [
            {
                "url": "https://photos.zillowstatic.com/fp/be8b4c5450d97e92d1441a844bedc392-p_e.jpg"
            },
            {
                "url": "https://photos.zillowstatic.com/fp/981d7005117dbc32e35f538feeb7a252-p_e.jpg"
            },
            {
                "url": "https://photos.zillowstatic.com/fp/3e27dd0c56d0de2e4697ce566959ed22-p_e.jpg"
            },
            {
                "url": "https://photos.zillowstatic.com/fp/a9dda1678404abb912cd6048fd31c178-p_e.jpg"
            },
            {
                "url": "https://photos.zillowstatic.com/fp/1be9ab6025f52c5440780effcdb07836-p_e.jpg"
            },
            {
                "url": "https://photos.zillowstatic.com/fp/e7796a4840dc1f067a8a30cc966a88ea-p_e.jpg"
            },
            {
                "url": "https://photos.zillowstatic.com/fp/2562fd2cfa889c28d0a6afab24c1b12f-p_e.jpg"
            },
            {
                "url": "https://photos.zillowstatic.com/fp/8dad37a587fd6292090cee7bd7cbeaa8-p_e.jpg"
            },
            {
                "url": "https://photos.zillowstatic.com/fp/368542d5b0cb2a7ff4e5c23d846adfa3-p_e.jpg"
            },
            {
                "url": "https://photos.zillowstatic.com/fp/555cce2a0d0c8a6f6ba5af48c49b79a5-p_e.jpg"
            },
            {
                "url": "https://photos.zillowstatic.com/fp/1ab24a422018a4271a11332def86a5bf-p_e.jpg"
            },
            {
                "url": "https://photos.zillowstatic.com/fp/b4618cb7d164c2da8152ba59198e78a2-p_e.jpg"
            },
            {
                "url": "https://photos.zillowstatic.com/fp/9011b2204aaeed4dbdcc22c8b0d42b3a-p_e.jpg"
            },
            {
                "url": "https://photos.zillowstatic.com/fp/88abc0706048519b273f74a67395c170-p_e.jpg"
            },
            {
                "url": "https://photos.zillowstatic.com/fp/db267dcb971c1a6b904b2dcb517aafe2-p_e.jpg"
            },
            {
                "url": "https://photos.zillowstatic.com/fp/dd39e7b867becd37d17fa04a85c9a36c-p_e.jpg"
            },
            {
                "url": "https://photos.zillowstatic.com/fp/863bacefc5ff6d639355202df5f664be-p_e.jpg"
            },
            {
                "url": "https://photos.zillowstatic.com/fp/b84fcd22c14a82fda374efbd65bb4f08-p_e.jpg"
            },
            {
                "url": "https://photos.zillowstatic.com/fp/66265cd365ec5425553b2118ad87a803-p_e.jpg"
            },
            {
                "url": "https://photos.zillowstatic.com/fp/0604a4f8d5cb468b3aab4f058018f061-p_e.jpg"
            }
        ],
        "rooms": []
    },
    {
        "zpid": "2056938842",
        "id": "2056938842",
        "rawHomeStatusCd": "ForSale",
        "marketingStatusSimplifiedCd": "For Sale by Agent",
        "imgSrc": "https://photos.zillowstatic.com/fp/d45052ef4e76614373af11472a92ed08-p_e.jpg",
        "hasImage": true,
        "detailUrl": "https://www.zillow.com/homedetails/807-E-Cypress-Ln-807-Pompano-Beach-FL-33069/2056938842_zpid/",
        "statusType": "FOR_SALE",
        "statusText": "Condo for sale",
        "countryCurrency": "$",
        "price": "$575,000",
        "unformattedPrice": 575000,
        "address": "807 E Cypress Ln #807, Pompano Beach, FL 33069",
        "addressStreet": "807 E Cypress Ln #807",
        "addressCity": "Pompano Beach",
        "addressState": "FL",
        "addressZipcode": "33069",
        "isUndisclosedAddress": false,
        "beds": 3,
        "baths": 3.0,
        "area": 2000,
        "latLong": {
            "latitude": 26.214046,
            "longitude": -80.17395
        },
        "isZillowOwned": false,
        "variableData": {
            "type": "DAYS_ON",
            "text": "215 days on Zillow"
        },
        "hdpData": {
            "homeInfo": {
                "zpid": 2056938842,
                "streetAddress": "807 E Cypress Ln #807",
                "zipcode": "33069",
                "city": "Pompano Beach",
                "state": "FL",
                "latitude": 26.214046,
                "longitude": -80.17395,
                "price": 575000.0,
                "datePriceChanged": 1697526000000,
                "bathrooms": 3.0,
                "bedrooms": 3.0,
                "livingArea": 2000.0,
                "homeType": "CONDO",
                "homeStatus": "FOR_SALE",
                "daysOnZillow": 215,
                "isFeatured": false,
                "shouldHighlight": false,
                "zestimate": 540600,
                "rentZestimate": 3499,
                "listing_sub_type": {
                    "is_FSBA": true
                },
                "priceReduction": "",
                "isUnmappable": false,
                "isPreforeclosureAuction": false,
                "homeStatusForHDP": "FOR_SALE",
                "priceForHDP": 575000.0,
                "priceChange": -14000,
                "timeOnZillow": 18597491000,
                "isNonOwnerOccupied": true,
                "isPremierBuilder": false,
                "isZillowOwned": false,
                "currency": "USD",
                "country": "USA",
                "unit": "# 807",
                "isShowcaseListing": false
            }
        },
        "isSaved": false,
        "isUserClaimingOwner": false,
        "isUserConfirmedClaim": false,
        "pgapt": "ForSale",
        "sgapt": "For Sale (Broker)",
        "zestimate": 540600,
        "shouldShowZestimateAsPrice": false,
        "has3DModel": false,
        "hasVideo": false,
        "isHomeRec": false,
        "hasAdditionalAttributions": true,
        "isFeaturedListing": false,
        "isShowcaseListing": false,
        "list": true,
        "relaxed": false,
        "info3String": "https://photos.zillowstatic.com/fp/11470fbfca6bd246a8708da0ff0e5603-zillow_web_48_23.jpg",
        "brokerName": "Century 21 Tenace Realty Inc",
        "carouselPhotos": [
            {
                "url": "https://photos.zillowstatic.com/fp/d45052ef4e76614373af11472a92ed08-p_e.jpg"
            },
            {
                "url": "https://photos.zillowstatic.com/fp/dc011b6c0ac362326cfc8c6744152d5a-p_e.jpg"
            },
            {
                "url": "https://photos.zillowstatic.com/fp/41adbc90ffcfb37f33a725210523b23e-p_e.jpg"
            },
            {
                "url": "https://photos.zillowstatic.com/fp/8fe7830d58ed73d9d9fb63b9feb56800-p_e.jpg"
            },
            {
                "url": "https://photos.zillowstatic.com/fp/85397549aeaa968dd786ee8c61666a77-p_e.jpg"
            },
            {
                "url": "https://photos.zillowstatic.com/fp/1383083a305d54d29467008a353df243-p_e.jpg"
            },
            {
                "url": "https://photos.zillowstatic.com/fp/dcede140b302f05d8525eaa516f885d2-p_e.jpg"
            },
            {
                "url": "https://photos.zillowstatic.com/fp/de71433db56fa64a321e32604762c3c4-p_e.jpg"
            },
            {
                "url": "https://photos.zillowstatic.com/fp/5de27eba9b93ac77806f8c8f3fcd593a-p_e.jpg"
            },
            {
                "url": "https://photos.zillowstatic.com/fp/c8217e0b583f40c4ef18af8512b64026-p_e.jpg"
            },
            {
                "url": "https://photos.zillowstatic.com/fp/68e97e76a26a6a8c44c4113492dc1447-p_e.jpg"
            },
            {
                "url": "https://photos.zillowstatic.com/fp/5145c19129b688867e2ed323802efce3-p_e.jpg"
            },
            {
                "url": "https://photos.zillowstatic.com/fp/6de5ae52accecad2ea5d0a328711f915-p_e.jpg"
            },
            {
                "url": "https://photos.zillowstatic.com/fp/9a1e0fd998d31bdf933aeb6ab77c9d98-p_e.jpg"
            },
            {
                "url": "https://photos.zillowstatic.com/fp/20cc92aa79fd2ba34be6be7a040029ba-p_e.jpg"
            },
            {
                "url": "https://photos.zillowstatic.com/fp/acab49ad4ec5d1ef7c157542307c265a-p_e.jpg"
            },
            {
                "url": "https://photos.zillowstatic.com/fp/cee8a7c100ecefa0e4031cf2e4c467eb-p_e.jpg"
            },
            {
                "url": "https://photos.zillowstatic.com/fp/aee654fba9f9d538f3c4aa37d9f96fef-p_e.jpg"
            },
            {
                "url": "https://photos.zillowstatic.com/fp/4bb44d46503eab13c72873427eb8b6ff-p_e.jpg"
            }
        ],
        "rooms": [
            {
                "roomArea": null,
                "roomAreaUnits": null
            }
        ]
    },
    {
        "zpid": "42913155",
        "id": "42913155",
        "rawHomeStatusCd": "ForSale",
        "marketingStatusSimplifiedCd": "For Sale by Agent",
        "imgSrc": "https://photos.zillowstatic.com/fp/c3c61ec0e0e961e8cb0a00cc5aee0f12-p_e.jpg",
        "hasImage": true,
        "detailUrl": "https://www.zillow.com/homedetails/4602-Martinique-Way-APT-B1-Coconut-Creek-FL-33066/42913155_zpid/",
        "statusType": "FOR_SALE",
        "statusText": "Condo for sale",
        "countryCurrency": "$",
        "price": "$215,000",
        "unformattedPrice": 215000,
        "address": "4602 Martinique Way APT B1, Coconut Creek, FL 33066",
        "addressStreet": "4602 Martinique Way APT B1",
        "addressCity": "Coconut Creek",
        "addressState": "FL",
        "addressZipcode": "33066",
        "isUndisclosedAddress": false,
        "beds": 2,
        "baths": 2.0,
        "area": 962,
        "latLong": {
            "latitude": 26.24875,
            "longitude": -80.17297
        },
        "isZillowOwned": false,
        "variableData": {
            "type": "PRICE_REDUCTION",
            "text": "$5,000 (Jan 11)"
        },
        "hdpData": {
            "homeInfo": {
                "zpid": 42913155,
                "streetAddress": "4602 Martinique Way APT B1",
                "zipcode": "33066",
                "city": "Coconut Creek",
                "state": "FL",
                "latitude": 26.24875,
                "longitude": -80.17297,
                "price": 215000.0,
                "datePriceChanged": 1704960000000,
                "bathrooms": 2.0,
                "bedrooms": 2.0,
                "livingArea": 962.0,
                "homeType": "CONDO",
                "homeStatus": "FOR_SALE",
                "daysOnZillow": 298,
                "isFeatured": false,
                "shouldHighlight": false,
                "zestimate": 201300,
                "rentZestimate": 1999,
                "listing_sub_type": {
                    "is_FSBA": true
                },
                "priceReduction": "$5,000 (Jan 11)",
                "isUnmappable": false,
                "isPreforeclosureAuction": false,
                "homeStatusForHDP": "FOR_SALE",
                "priceForHDP": 215000.0,
                "priceChange": -5000,
                "timeOnZillow": 25753157000,
                "isNonOwnerOccupied": true,
                "isPremierBuilder": false,
                "isZillowOwned": false,
                "currency": "USD",
                "country": "USA",
                "taxAssessedValue": 99940.0,
                "unit": "Apt B1",
                "lotAreaValue": 0.0,
                "lotAreaUnit": "sqft",
                "isShowcaseListing": false
            }
        },
        "isSaved": false,
        "isUserClaimingOwner": false,
        "isUserConfirmedClaim": false,
        "pgapt": "ForSale",
        "sgapt": "For Sale (Broker)",
        "zestimate": 201300,
        "shouldShowZestimateAsPrice": false,
        "has3DModel": false,
        "hasVideo": false,
        "isHomeRec": false,
        "hasAdditionalAttributions": true,
        "isFeaturedListing": false,
        "isShowcaseListing": false,
        "list": true,
        "relaxed": false,
        "info3String": "https://photos.zillowstatic.com/fp/a8b02d5ac61ac8b9a11bda64382b4f89-zillow_web_48_23.jpg",
        "brokerName": "Brokers, LLC",
        "carouselPhotos": [
            {
                "url": "https://photos.zillowstatic.com/fp/c3c61ec0e0e961e8cb0a00cc5aee0f12-p_e.jpg"
            },
            {
                "url": "https://photos.zillowstatic.com/fp/5948da413bfdcc5d1808b3d213baf150-p_e.jpg"
            },
            {
                "url": "https://photos.zillowstatic.com/fp/8e168c24c37fdde1abf00424420c7a4c-p_e.jpg"
            },
            {
                "url": "https://photos.zillowstatic.com/fp/258f7df2fa7bbf2ff01448caf826313a-p_e.jpg"
            },
            {
                "url": "https://photos.zillowstatic.com/fp/5a9cf50904976766b51fd40eb9502efd-p_e.jpg"
            },
            {
                "url": "https://photos.zillowstatic.com/fp/7d2290ce8c00561299d83e41b848b952-p_e.jpg"
            },
            {
                "url": "https://photos.zillowstatic.com/fp/2eb2119680aae7bb7edff2e033a411b2-p_e.jpg"
            },
            {
                "url": "https://photos.zillowstatic.com/fp/cfd53b6ba27824095439ed9a6b81b92e-p_e.jpg"
            },
            {
                "url": "https://photos.zillowstatic.com/fp/6bd2593d58fb8851e453a2f79dbf611c-p_e.jpg"
            },
            {
                "url": "https://photos.zillowstatic.com/fp/baf4c3cd0e3374c194fdaa5833c81b79-p_e.jpg"
            },
            {
                "url": "https://photos.zillowstatic.com/fp/c5f560cf803bb322b347d81cc65329b7-p_e.jpg"
            },
            {
                "url": "https://photos.zillowstatic.com/fp/61a19426b44ad77b7d3fb3fb8550f75c-p_e.jpg"
            },
            {
                "url": "https://photos.zillowstatic.com/fp/e804418d53e3bb31562e9bd827ee96f1-p_e.jpg"
            },
            {
                "url": "https://photos.zillowstatic.com/fp/3b2693da97aa347bbd18cf8c60b7427f-p_e.jpg"
            },
            {
                "url": "https://photos.zillowstatic.com/fp/a785c087f8cd9cfef009279ae9f1e015-p_e.jpg"
            },
            {
                "url": "https://photos.zillowstatic.com/fp/e5c8674794ea0d09cb90a4982cf95869-p_e.jpg"
            },
            {
                "url": "https://photos.zillowstatic.com/fp/af1829bd26eafbaba256b2c1334a3817-p_e.jpg"
            },
            {
                "url": "https://photos.zillowstatic.com/fp/6c948a5f68f3b248b3bb2a8acfdaa2da-p_e.jpg"
            },
            {
                "url": "https://photos.zillowstatic.com/fp/132df220e8d54efe3d3be41c8907d11b-p_e.jpg"
            },
            {
                "url": "https://photos.zillowstatic.com/fp/2d56600e876f67a0e13960ebbe6d3a2a-p_e.jpg"
            },
            {
                "url": "https://photos.zillowstatic.com/fp/e67dad36f890aa44fb07bf07fcae1b60-p_e.jpg"
            },
            {
                "url": "https://photos.zillowstatic.com/fp/e29f13431b0ab1f17c372e23042aa0d5-p_e.jpg"
            },
            {
                "url": "https://photos.zillowstatic.com/fp/1ae35df71824bccdfaa89d5f9373c46c-p_e.jpg"
            },
            {
                "url": "https://photos.zillowstatic.com/fp/bc657e38a128b52b721e02908051e5a3-p_e.jpg"
            },
            {
                "url": "https://photos.zillowstatic.com/fp/0d245777fbdea03d0c30ceb7256584bc-p_e.jpg"
            },
            {
                "url": "https://photos.zillowstatic.com/fp/8ba65a62a20a8008010f5eb364c36682-p_e.jpg"
            },
            {
                "url": "https://photos.zillowstatic.com/fp/b1e475a22adb1a363f867e347938cb2d-p_e.jpg"
            },
            {
                "url": "https://photos.zillowstatic.com/fp/c6d1d1f47aac3b8c692f4b17236de2e6-p_e.jpg"
            },
            {
                "url": "https://photos.zillowstatic.com/fp/04dfd287438519ab87b9b6ec0189c499-p_e.jpg"
            },
            {
                "url": "https://photos.zillowstatic.com/fp/5690a32b2caeb0def51db2b8dc23da5e-p_e.jpg"
            },
            {
                "url": "https://photos.zillowstatic.com/fp/00d4ff2ec9125186a1f48a626374507f-p_e.jpg"
            },
            {
                "url": "https://photos.zillowstatic.com/fp/49e5bf732f36de550e31066a9c0f8096-p_e.jpg"
            },
            {
                "url": "https://photos.zillowstatic.com/fp/f2e1c073c62b8ac1f9ee788d1af7d4ef-p_e.jpg"
            },
            {
                "url": "https://photos.zillowstatic.com/fp/ae2e8e7e0c2e4a4a52920cd985d1fa9b-p_e.jpg"
            },
            {
                "url": "https://photos.zillowstatic.com/fp/199ad4b442ebc20d113e2b0696f40114-p_e.jpg"
            },
            {
                "url": "https://photos.zillowstatic.com/fp/ab48ea0ae305de24579945a716c687cb-p_e.jpg"
            },
            {
                "url": "https://photos.zillowstatic.com/fp/798ff57e00c137bb28cca041b2d5bc6b-p_e.jpg"
            },
            {
                "url": "https://photos.zillowstatic.com/fp/ffdd8a372705144861feb598a90d7947-p_e.jpg"
            },
            {
                "url": "https://photos.zillowstatic.com/fp/280cd9e1cdb8b6061786e3033ee10169-p_e.jpg"
            },
            {
                "url": "https://photos.zillowstatic.com/fp/63d921b47ab5837dcf7073f89ba87d1b-p_e.jpg"
            },
            {
                "url": "https://photos.zillowstatic.com/fp/50f2e9220b8b569ce88d47d302f2d64e-p_e.jpg"
            },
            {
                "url": "https://photos.zillowstatic.com/fp/644d80640272d25248e63aab2f7228e1-p_e.jpg"
            }
        ],
        "rooms": []
    },
    {
        "zpid": "71731202",
        "id": "71731202",
        "rawHomeStatusCd": "ForSale",
        "marketingStatusSimplifiedCd": "For Sale by Agent",
        "imgSrc": "https://photos.zillowstatic.com/fp/23bf84f46206e015b347364598753d6f-p_e.jpg",
        "hasImage": true,
        "detailUrl": "https://www.zillow.com/homedetails/1263-SW-46th-Ave-APT-2114-Pompano-Beach-FL-33069/71731202_zpid/",
        "statusType": "FOR_SALE",
        "statusText": "Condo for sale",
        "countryCurrency": "$",
        "price": "$310,000",
        "unformattedPrice": 310000,
        "address": "1263 SW 46th Ave APT 2114, Pompano Beach, FL 33069",
        "addressStreet": "1263 SW 46th Ave APT 2114",
        "addressCity": "Pompano Beach",
        "addressState": "FL",
        "addressZipcode": "33069",
        "isUndisclosedAddress": false,
        "beds": 2,
        "baths": 3.0,
        "area": 903,
        "latLong": {
            "latitude": 26.212692,
            "longitude": -80.18886
        },
        "isZillowOwned": false,
        "variableData": {
            "type": "DAYS_ON",
            "text": "494 days on Zillow"
        },
        "hdpData": {
            "homeInfo": {
                "zpid": 71731202,
                "streetAddress": "1263 SW 46th Ave APT 2114",
                "zipcode": "33069",
                "city": "Pompano Beach",
                "state": "FL",
                "latitude": 26.212692,
                "longitude": -80.18886,
                "price": 310000.0,
                "datePriceChanged": 1663743600000,
                "bathrooms": 3.0,
                "bedrooms": 2.0,
                "livingArea": 903.0,
                "homeType": "CONDO",
                "homeStatus": "FOR_SALE",
                "daysOnZillow": 494,
                "isFeatured": false,
                "shouldHighlight": false,
                "zestimate": 225800,
                "rentZestimate": 1999,
                "listing_sub_type": {
                    "is_FSBA": true
                },
                "isUnmappable": false,
                "isPreforeclosureAuction": false,
                "homeStatusForHDP": "FOR_SALE",
                "priceForHDP": 310000.0,
                "priceChange": 15000,
                "timeOnZillow": 42720486000,
                "isNonOwnerOccupied": true,
                "isPremierBuilder": false,
                "isZillowOwned": false,
                "currency": "USD",
                "country": "USA",
                "taxAssessedValue": 148630.0,
                "unit": "Apt 2114",
                "lotAreaValue": 0.0,
                "lotAreaUnit": "sqft",
                "isShowcaseListing": false
            }
        },
        "isSaved": false,
        "isUserClaimingOwner": false,
        "isUserConfirmedClaim": false,
        "pgapt": "ForSale",
        "sgapt": "For Sale (Broker)",
        "zestimate": 225800,
        "shouldShowZestimateAsPrice": false,
        "has3DModel": false,
        "hasVideo": false,
        "isHomeRec": false,
        "hasAdditionalAttributions": true,
        "isFeaturedListing": false,
        "isShowcaseListing": false,
        "list": true,
        "relaxed": false,
        "info2String": "Listing provided by BeachesMLS",
        "info3String": "https://photos.zillowstatic.com/fp/11470fbfca6bd246a8708da0ff0e5603-zillow_web_48_23.jpg",
        "brokerName": "Moss & Company Realty Inc",
        "carouselPhotos": [
            {
                "url": "https://photos.zillowstatic.com/fp/23bf84f46206e015b347364598753d6f-p_e.jpg"
            },
            {
                "url": "https://photos.zillowstatic.com/fp/f9f5ad1fbd3c9418fd221eee9a11b3ba-p_e.jpg"
            },
            {
                "url": "https://photos.zillowstatic.com/fp/1fd036ca887e0aad87eda21cc6b46c83-p_e.jpg"
            },
            {
                "url": "https://photos.zillowstatic.com/fp/90578bd4f7c8e115f6fc3be0e150a7c3-p_e.jpg"
            },
            {
                "url": "https://photos.zillowstatic.com/fp/423de165f7dab88e809453d18800c2c4-p_e.jpg"
            },
            {
                "url": "https://photos.zillowstatic.com/fp/f85a1ac375517e5b12351860fc54d26f-p_e.jpg"
            }
        ],
        "rooms": [
            {
                "roomArea": 182.0,
                "roomAreaUnits": null
            },
            {
                "roomArea": 110.0,
                "roomAreaUnits": null
            },
            {
                "roomArea": 224.0,
                "roomAreaUnits": null
            }
        ]
    }
]