{
    "user_info": {
        "isLoggedIn": false,
        "hasHousingConnectorPermission": false,
        "savedHomesCount": 0,
        "personalizedSearchTraceID": "da6befb283418272aeab0707d80075a5",
        "guid": "49ff6d42-1936-4326-b3bb-7fccd75a27d3",
        "zuid": "",
        "isBot": false,
        "email": "",
        "displayName": ""
    },
    "map_state": {
        "customRegionPolygonWkt": null,
        "schoolPolygonWkt": null,
        "isCurrentLocationSearch": false,
        "userPosition": {
            "lat": null,
            "lon": null
        }
    },
    "region_state": {
        "regionInfo": [
            {
                "regionId": 72401,
                "regionType": 7,
                "regionName": "33072",
                "displayName": "Pompano Beach FL 33072",
                "isPointRegion": true
            }
        ],
        "regionBounds": {
            "north": 26.249415000000003,
            "south": 26.213185,
            "east": -80.136385,
            "west": -80.172615
        }
    },
    "search_page_seo": {
        "baseUrl": "/pompano-beach-fl-33072/",
        "windowTitle": "33072 Real Estate - 33072 Homes For Sale | Zillow",
        "metaDescription": "Zillow has 92 homes for sale in 33072. View listing photos, review sales history, and use our detailed real estate filters to find the perfect place."
    },
    "request_id": 4
}