[
    {
        "zpid": "44207350",
        "id": "44207350",
        "rawHomeStatusCd": "ForSale",
        "marketingStatusSimplifiedCd": "For Sale by Agent",
        "imgSrc": "https://photos.zillowstatic.com/fp/26411b5fa8cdb56e067adfa3e425782e-p_e.jpg",
        "hasImage": true,
        "detailUrl": "https://www.zillow.com/homedetails/4590-SW-68th-Court-Cir-APT-4-Miami-FL-33155/44207350_zpid/",
        "statusType": "FOR_SALE",
        "statusText": "Townhouse for sale",
        "countryCurrency": "$",
        "price": "$425,000",
        "unformattedPrice": 425000,
        "address": "4590 SW 68th Court Cir APT 4, Miami, FL 33155",
        "addressStreet": "4590 SW 68th Court Cir APT 4",
        "addressCity": "Miami",
        "addressState": "FL",
        "addressZipcode": "33155",
        "isUndisclosedAddress": false,
        "beds": 2,
        "baths": 3.0,
        "area": 1000,
        "latLong": {
            "latitude": 25.728384,
            "longitude": -80.30482
        },
        "isZillowOwned": false,
        "variableData": {
            "type": "DAYS_ON",
            "text": "4 days on Zillow"
        },
        "hdpData": {
            "homeInfo": {
                "zpid": 44207350,
                "streetAddress": "4590 SW 68th Court Cir APT 4",
                "zipcode": "33155",
                "city": "Miami",
                "state": "FL",
                "latitude": 25.728384,
                "longitude": -80.30482,
                "price": 425000.0,
                "datePriceChanged": 1706256000000,
                "bathrooms": 3.0,
                "bedrooms": 2.0,
                "livingArea": 1000.0,
                "homeType": "TOWNHOUSE",
                "homeStatus": "FOR_SALE",
                "daysOnZillow": 4,
                "isFeatured": false,
                "shouldHighlight": false,
                "zestimate": 421500,
                "rentZestimate": 2181,
                "listing_sub_type": {
                    "is_FSBA": true
                },
                "isUnmappable": false,
                "isPreforeclosureAuction": false,
                "homeStatusForHDP": "FOR_SALE",
                "priceForHDP": 425000.0,
                "priceChange": 100,
                "timeOnZillow": 352445000,
                "isNonOwnerOccupied": true,
                "isPremierBuilder": false,
                "isZillowOwned": false,
                "currency": "USD",
                "country": "USA",
                "taxAssessedValue": 228470.0,
                "unit": "Apt 4",
                "lotAreaValue": 0.0,
                "lotAreaUnit": "sqft",
                "isShowcaseListing": false
            }
        },
        "isSaved": false,
        "isUserClaimingOwner": false,
        "isUserConfirmedClaim": false,
        "pgapt": "ForSale",
        "sgapt": "For Sale (Broker)",
        "zestimate": 421500,
        "shouldShowZestimateAsPrice": false,
        "has3DModel": false,
        "hasVideo": false,
        "isHomeRec": false,
        "hasAdditionalAttributions": true,
        "isFeaturedListing": false,
        "isShowcaseListing": false,
        "list": true,
        "relaxed": false,
        "info3String": "https://photos.zillowstatic.com/fp/a8b02d5ac61ac8b9a11bda64382b4f89-zillow_web_48_23.jpg",
        "brokerName": "Prime Realty of South Florida",
        "carouselPhotos": [
            {
                "url": "https://photos.zillowstatic.com/fp/26411b5fa8cdb56e067adfa3e425782e-p_e.jpg"
            },
            {
                "url": "https://photos.zillowstatic.com/fp/7328655fd2c7e78be1a2ab1b1746de6b-p_e.jpg"
            },
            {
                "url": "https://photos.zillowstatic.com/fp/2812c4e8645d7994038aef408f839158-p_e.jpg"
            },
            {
                "url": "https://photos.zillowstatic.com/fp/1358ce905d4c482489cfff2401284781-p_e.jpg"
            },
            {
                "url": "https://photos.zillowstatic.com/fp/2ddf3d19fed4c205d1fe7b7332f07616-p_e.jpg"
            },
            {
                "url": "https://photos.zillowstatic.com/fp/ab157d4f7ba53c0a3e874281c3888c97-p_e.jpg"
            },
            {
                "url": "https://photos.zillowstatic.com/fp/2242d508af92444f163394292818cc8e-p_e.jpg"
            },
            {
                "url": "https://photos.zillowstatic.com/fp/a8e9ecb9faca414b3936f38abbf58450-p_e.jpg"
            },
            {
                "url": "https://photos.zillowstatic.com/fp/5fa76b1d43007866b3242d72ac8e909a-p_e.jpg"
            },
            {
                "url": "https://photos.zillowstatic.com/fp/93f5b8236584822d7d570d2c7a758363-p_e.jpg"
            },
            {
                "url": "https://photos.zillowstatic.com/fp/a81baaf06c0d74f7c1cf7d39ed2fff4e-p_e.jpg"
            },
            {
                "url": "https://photos.zillowstatic.com/fp/877c0ee870fa3a04b70b6e2e53630dc8-p_e.jpg"
            },
            {
                "url": "https://photos.zillowstatic.com/fp/7cb50784d3ef38871634081c740975c5-p_e.jpg"
            },
            {
                "url": "https://photos.zillowstatic.com/fp/90ca24d740ed3074bbdd1225eba6f3e2-p_e.jpg"
            },
            {
                "url": "https://photos.zillowstatic.com/fp/5f3e81223277bfe2416957670a0da419-p_e.jpg"
            },
            {
                "url": "https://photos.zillowstatic.com/fp/0e8250bead447594c3a5556da0700874-p_e.jpg"
            },
            {
                "url": "https://photos.zillowstatic.com/fp/8b2c94ee45b8cb0e95f68300e5697e0e-p_e.jpg"
            },
            {
                "url": "https://photos.zillowstatic.com/fp/56dd9b8d1c8b6c8e6273fe2d73dc9d3f-p_e.jpg"
            },
            {
                "url": "https://photos.zillowstatic.com/fp/47b1c8e9dee8f0613fde3495f3724feb-p_e.jpg"
            },
            {
                "url": "https://photos.zillowstatic.com/fp/ec4ea8ff83289dbca30f981029f56804-p_e.jpg"
            },
            {
                "url": "https://photos.zillowstatic.com/fp/320962efc2add8168fc9519d644c5e6b-p_e.jpg"
            },
            {
                "url": "https://photos.zillowstatic.com/fp/e84c6b1798ba2321cf2dcaf5244a296f-p_e.jpg"
            },
            {
                "url": "https://photos.zillowstatic.com/fp/2de2edee4325c9ce228c31298b65c8dd-p_e.jpg"
            },
            {
                "url": "https://photos.zillowstatic.com/fp/e57b2b32114fb0738121539e370713ea-p_e.jpg"
            },
            {
                "url": "https://photos.zillowstatic.com/fp/75c207a18b7f5e72b06564188fff82f0-p_e.jpg"
            },
            {
                "url": "https://photos.zillowstatic.com/fp/858488c79067511297a74725b8ce0d1a-p_e.jpg"
            },
            {
                "url": "https://photos.zillowstatic.com/fp/f7f5794422dbfea3509fa0d9fcae2ecd-p_e.jpg"
            },
            {
                "url": "https://photos.zillowstatic.com/fp/63ee352643a2781abfc3541b6c3ad9c2-p_e.jpg"
            },
            {
                "url": "https://photos.zillowstatic.com/fp/b9e290556834e8c6066d7ea421ed94b6-p_e.jpg"
            },
            {
                "url": "https://photos.zillowstatic.com/fp/31a1c6bb3cbc395e40e1188e43e58f82-p_e.jpg"
            },
            {
                "url": "https://photos.zillowstatic.com/fp/e553365ff32fc4d617b5af05c9e24ea4-p_e.jpg"
            },
            {
                "url": "https://photos.zillowstatic.com/fp/a745931edf31ab9226efd4977488c7c9-p_e.jpg"
            }
        ],
        "rooms": []
    },
    {
        "zpid": "44207113",
        "id": "44207113",
        "rawHomeStatusCd": "ForSale",
        "marketingStatusSimplifiedCd": "For Sale by Agent",
        "imgSrc": "https://photos.zillowstatic.com/fp/1c4055bb1907e3699e526d92114546c3-p_e.jpg",
        "hasImage": true,
        "detailUrl": "https://www.zillow.com/homedetails/5430-SW-70th-Pl-N-Miami-FL-33155/44207113_zpid/",
        "statusType": "FOR_SALE",
        "statusText": "Townhouse for sale",
        "countryCurrency": "$",
        "price": "$685,000",
        "unformattedPrice": 685000,
        "address": "5430 SW 70th Pl N, Miami, FL 33155",
        "addressStreet": "5430 SW 70th Pl N",
        "addressCity": "Miami",
        "addressState": "FL",
        "addressZipcode": "33155",
        "isUndisclosedAddress": false,
        "beds": 2,
        "baths": 2.0,
        "area": 1472,
        "latLong": {
            "latitude": 25.71968,
            "longitude": -80.309044
        },
        "isZillowOwned": false,
        "variableData": {
            "type": "DAYS_ON",
            "text": "46 days on Zillow"
        },
        "hdpData": {
            "homeInfo": {
                "zpid": 44207113,
                "streetAddress": "5430 SW 70th Pl N",
                "zipcode": "33155",
                "city": "Miami",
                "state": "FL",
                "latitude": 25.71968,
                "longitude": -80.309044,
                "price": 685000.0,
                "bathrooms": 2.0,
                "bedrooms": 2.0,
                "livingArea": 1472.0,
                "homeType": "TOWNHOUSE",
                "homeStatus": "FOR_SALE",
                "daysOnZillow": 46,
                "isFeatured": false,
                "shouldHighlight": false,
                "listing_sub_type": {
                    "is_FSBA": true
                },
                "isUnmappable": false,
                "isPreforeclosureAuction": false,
                "homeStatusForHDP": "FOR_SALE",
                "priceForHDP": 685000.0,
                "timeOnZillow": 3981245000,
                "isNonOwnerOccupied": true,
                "isPremierBuilder": false,
                "isZillowOwned": false,
                "currency": "USD",
                "country": "USA",
                "taxAssessedValue": 360950.0,
                "lotAreaValue": 0.0,
                "lotAreaUnit": "sqft",
                "isShowcaseListing": false
            }
        },
        "isSaved": false,
        "isUserClaimingOwner": false,
        "isUserConfirmedClaim": false,
        "pgapt": "ForSale",
        "sgapt": "For Sale (Broker)",
        "shouldShowZestimateAsPrice": false,
        "has3DModel": false,
        "hasVideo": false,
        "isHomeRec": false,
        "hasAdditionalAttributions": true,
        "isFeaturedListing": false,
        "isShowcaseListing": false,
        "list": true,
        "relaxed": false,
        "info3String": "https://photos.zillowstatic.com/fp/a8b02d5ac61ac8b9a11bda64382b4f89-zillow_web_48_23.jpg",
        "brokerName": "Real Estate TeamMates",
        "carouselPhotos": [
            {
                "url": "https://photos.zillowstatic.com/fp/1c4055bb1907e3699e526d92114546c3-p_e.jpg"
            },
            {
                "url": "https://photos.zillowstatic.com/fp/6f3cc5a02d2e2e693e3e16bfe8fe15c7-p_e.jpg"
            },
            {
                "url": "https://photos.zillowstatic.com/fp/61a8f828531a3e2635fc480fd6d9de9e-p_e.jpg"
            },
            {
                "url": "https://photos.zillowstatic.com/fp/c3faebadb82ecee5aa393c28b5992992-p_e.jpg"
            },
            {
                "url": "https://photos.zillowstatic.com/fp/e5e7479a078039f2fe807270c59b28c3-p_e.jpg"
            },
            {
                "url": "https://photos.zillowstatic.com/fp/f93513748866abc366d9ac0f84503f3f-p_e.jpg"
            },
            {
                "url": "https://photos.zillowstatic.com/fp/a4631b7728df298db2631ea102eb9dde-p_e.jpg"
            },
            {
                "url": "https://photos.zillowstatic.com/fp/c2c2a1abf5b0a413f2ed56768591801d-p_e.jpg"
            },
            {
                "url": "https://photos.zillowstatic.com/fp/2e3c2bc0098fd0175ebaa29bae826964-p_e.jpg"
            },
            {
                "url": "https://photos.zillowstatic.com/fp/ddb43384ad386fa9d87a16d92aaa2129-p_e.jpg"
            },
            {
                "url": "https://photos.zillowstatic.com/fp/37453a89967f6adf70c1acef78585e81-p_e.jpg"
            },
            {
                "url": "https://photos.zillowstatic.com/fp/f59199330145c87f508075d8bfc83906-p_e.jpg"
            },
            {
                "url": "https://photos.zillowstatic.com/fp/3d2da28c9fb2e01400c666fda2cdedf1-p_e.jpg"
            },
            {
                "url": "https://photos.zillowstatic.com/fp/9d599e693be0db5c9839a5e023ab2256-p_e.jpg"
            },
            {
                "url": "https://photos.zillowstatic.com/fp/93d69a29b6532e7f315bbd7f1c73ae27-p_e.jpg"
            },
            {
                "url": "https://photos.zillowstatic.com/fp/c0fd216d66022c8d925690858eca98aa-p_e.jpg"
            },
            {
                "url": "https://photos.zillowstatic.com/fp/677dadd37b786b9226ea9f870594eaae-p_e.jpg"
            },
            {
                "url": "https://photos.zillowstatic.com/fp/a2246a895c55b9bd315e619d002eb9d1-p_e.jpg"
            }
        ],
        "rooms": []
    },
    {
        "zpid": "44207070",
        "id": "44207070",
        "rawHomeStatusCd": "ForSale",
        "marketingStatusSimplifiedCd": "For Sale by Agent",
        "imgSrc": "https://photos.zillowstatic.com/fp/7705f18b221e92073e39545519a0640a-p_e.jpg",
        "hasImage": true,
        "detailUrl": "https://www.zillow.com/homedetails/4700-SW-67th-Ave-APT-P19-Miami-FL-33155/44207070_zpid/",
        "statusType": "FOR_SALE",
        "statusText": "Townhouse for sale",
        "countryCurrency": "$",
        "price": "$510,000",
        "unformattedPrice": 510000,
        "address": "4700 SW 67th Ave APT P19, Miami, FL 33155",
        "addressStreet": "4700 SW 67th Ave APT P19",
        "addressCity": "Miami",
        "addressState": "FL",
        "addressZipcode": "33155",
        "isUndisclosedAddress": false,
        "beds": 2,
        "baths": 2.0,
        "area": 1234,
        "latLong": {
            "latitude": 25.72647,
            "longitude": -80.30368
        },
        "isZillowOwned": false,
        "variableData": {
            "type": "DAYS_ON",
            "text": "53 days on Zillow"
        },
        "hdpData": {
            "homeInfo": {
                "zpid": 44207070,
                "streetAddress": "4700 SW 67th Ave APT P19",
                "zipcode": "33155",
                "city": "Miami",
                "state": "FL",
                "latitude": 25.72647,
                "longitude": -80.30368,
                "price": 510000.0,
                "datePriceChanged": 1705305600000,
                "bathrooms": 2.0,
                "bedrooms": 2.0,
                "livingArea": 1234.0,
                "homeType": "TOWNHOUSE",
                "homeStatus": "FOR_SALE",
                "daysOnZillow": 53,
                "isFeatured": false,
                "shouldHighlight": false,
                "listing_sub_type": {
                    "is_FSBA": true
                },
                "isUnmappable": false,
                "isPreforeclosureAuction": false,
                "homeStatusForHDP": "FOR_SALE",
                "priceForHDP": 510000.0,
                "priceChange": 31000,
                "timeOnZillow": 4586045000,
                "isNonOwnerOccupied": true,
                "isPremierBuilder": false,
                "isZillowOwned": false,
                "currency": "USD",
                "country": "USA",
                "taxAssessedValue": 278100.0,
                "unit": "Apt P19",
                "lotAreaValue": 0.0,
                "lotAreaUnit": "sqft",
                "isShowcaseListing": false
            }
        },
        "isSaved": false,
        "isUserClaimingOwner": false,
        "isUserConfirmedClaim": false,
        "pgapt": "ForSale",
        "sgapt": "For Sale (Broker)",
        "shouldShowZestimateAsPrice": false,
        "has3DModel": false,
        "hasVideo": false,
        "isHomeRec": false,
        "hasAdditionalAttributions": true,
        "isFeaturedListing": false,
        "isShowcaseListing": false,
        "list": true,
        "relaxed": false,
        "info3String": "https://photos.zillowstatic.com/fp/a8b02d5ac61ac8b9a11bda64382b4f89-zillow_web_48_23.jpg",
        "brokerName": "Cervera Real Estate Inc.",
        "carouselPhotos": [
            {
                "url": "https://photos.zillowstatic.com/fp/7705f18b221e92073e39545519a0640a-p_e.jpg"
            },
            {
                "url": "https://photos.zillowstatic.com/fp/81c5be36d8b98e9f30b3fd35f45c8864-p_e.jpg"
            },
            {
                "url": "https://photos.zillowstatic.com/fp/980c80c59c40b463e74fa0e0a8ae67f3-p_e.jpg"
            },
            {
                "url": "https://photos.zillowstatic.com/fp/f59000bf3ce227512303fbc5f85fab71-p_e.jpg"
            }
        ],
        "rooms": []
    },
    {
        "zpid": "44207186",
        "id": "44207186",
        "rawHomeStatusCd": "ForSale",
        "marketingStatusSimplifiedCd": "For Sale by Agent",
        "imgSrc": "https://photos.zillowstatic.com/fp/374511da54cc1243c3c9b4777209058c-p_e.jpg",
        "hasImage": true,
        "detailUrl": "https://www.zillow.com/homedetails/4500-SW-68th-Court-Cir-APT-4-3-Miami-FL-33155/44207186_zpid/",
        "statusType": "FOR_SALE",
        "statusText": "Townhouse for sale",
        "countryCurrency": "$",
        "price": "$385,000",
        "unformattedPrice": 385000,
        "address": "4500 SW 68th Court Cir APT 4-3, Miami, FL 33155",
        "addressStreet": "4500 SW 68th Court Cir APT 4-3",
        "addressCity": "Miami",
        "addressState": "FL",
        "addressZipcode": "33155",
        "isUndisclosedAddress": false,
        "beds": 2,
        "baths": 2.0,
        "area": 1000,
        "latLong": {
            "latitude": 25.728224,
            "longitude": -80.303856
        },
        "isZillowOwned": false,
        "variableData": {
            "type": "DAYS_ON",
            "text": "75 days on Zillow"
        },
        "hdpData": {
            "homeInfo": {
                "zpid": 44207186,
                "streetAddress": "4500 SW 68th Court Cir APT 4-3",
                "zipcode": "33155",
                "city": "Miami",
                "state": "FL",
                "latitude": 25.728224,
                "longitude": -80.303856,
                "price": 385000.0,
                "bathrooms": 2.0,
                "bedrooms": 2.0,
                "livingArea": 1000.0,
                "homeType": "TOWNHOUSE",
                "homeStatus": "FOR_SALE",
                "daysOnZillow": 75,
                "isFeatured": false,
                "shouldHighlight": false,
                "listing_sub_type": {
                    "is_FSBA": true
                },
                "isUnmappable": false,
                "isPreforeclosureAuction": false,
                "homeStatusForHDP": "FOR_SALE",
                "priceForHDP": 385000.0,
                "timeOnZillow": 6486845000,
                "isNonOwnerOccupied": true,
                "isPremierBuilder": false,
                "isZillowOwned": false,
                "currency": "USD",
                "country": "USA",
                "taxAssessedValue": 228470.0,
                "unit": "Apt 4-3",
                "lotAreaValue": 0.0,
                "lotAreaUnit": "sqft",
                "isShowcaseListing": false
            }
        },
        "isSaved": false,
        "isUserClaimingOwner": false,
        "isUserConfirmedClaim": false,
        "pgapt": "ForSale",
        "sgapt": "For Sale (Broker)",
        "shouldShowZestimateAsPrice": false,
        "has3DModel": false,
        "hasVideo": false,
        "isHomeRec": false,
        "hasAdditionalAttributions": true,
        "isFeaturedListing": false,
        "isShowcaseListing": false,
        "list": true,
        "relaxed": false,
        "info3String": "https://photos.zillowstatic.com/fp/a8b02d5ac61ac8b9a11bda64382b4f89-zillow_web_48_23.jpg",
        "brokerName": "New Millennium Group",
        "carouselPhotos": [
            {
                "url": "https://photos.zillowstatic.com/fp/374511da54cc1243c3c9b4777209058c-p_e.jpg"
            },
            {
                "url": "https://photos.zillowstatic.com/fp/63c5f2f8c3636a6b658e2c7b99b6d915-p_e.jpg"
            },
            {
                "url": "https://photos.zillowstatic.com/fp/c3fb2836e580a6244d3c2192b9cc7895-p_e.jpg"
            },
            {
                "url": "https://photos.zillowstatic.com/fp/1f9eaebe4ad43bfaf98252bf7a7fe40a-p_e.jpg"
            },
            {
                "url": "https://photos.zillowstatic.com/fp/9eda4c306c75c0eabedf9e9889a12660-p_e.jpg"
            },
            {
                "url": "https://photos.zillowstatic.com/fp/0e95c3476c66b4455d1fb2af8a91ca94-p_e.jpg"
            },
            {
                "url": "https://photos.zillowstatic.com/fp/ac19a347f48bade063a06db871773d19-p_e.jpg"
            },
            {
                "url": "https://photos.zillowstatic.com/fp/557cba1928284b5af9d14427f4201baf-p_e.jpg"
            },
            {
                "url": "https://photos.zillowstatic.com/fp/17e3747e348e1c2812c0e56a1c4bb9c8-p_e.jpg"
            },
            {
                "url": "https://photos.zillowstatic.com/fp/745314591a28e14669ddcde5ce00ff56-p_e.jpg"
            },
            {
                "url": "https://photos.zillowstatic.com/fp/a28827b362369587a0e63631fad27e8d-p_e.jpg"
            },
            {
                "url": "https://photos.zillowstatic.com/fp/9d73b43c3050f2abe6b5cf2d9a9326c7-p_e.jpg"
            },
            {
                "url": "https://photos.zillowstatic.com/fp/76be50b46ef0c090e42fee11947fe282-p_e.jpg"
            },
            {
                "url": "https://photos.zillowstatic.com/fp/bb4c74c0213aeb767ac437bd3df17b7a-p_e.jpg"
            },
            {
                "url": "https://photos.zillowstatic.com/fp/f282d3f538670734245170c890564755-p_e.jpg"
            }
        ],
        "rooms": []
    },
    {
        "zpid": "2055306158",
        "id": "2055306158",
        "rawHomeStatusCd": "ForSale",
        "marketingStatusSimplifiedCd": "New Construction",
        "imgSrc": "https://photos.zillowstatic.com/fp/c60f5773eeb68720adf59b4d193d618d-p_e.jpg",
        "hasImage": true,
        "detailUrl": "https://www.zillow.com/homedetails/6301-SW-27th-St-1-Miami-FL-33155/2055306158_zpid/",
        "statusType": "FOR_SALE",
        "statusText": "New construction",
        "countryCurrency": "$",
        "price": "$1,518,000",
        "unformattedPrice": 1518000,
        "address": "6301 SW 27th St #1, Miami, FL 33155",
        "addressStreet": "6301 SW 27th St #1",
        "addressCity": "Miami",
        "addressState": "FL",
        "addressZipcode": "33155",
        "isUndisclosedAddress": false,
        "beds": 4,
        "baths": 3.0,
        "latLong": {
            "latitude": 25.745491,
            "longitude": -80.29757
        },
        "isZillowOwned": false,
        "variableData": {
            "type": "DAYS_ON",
            "text": "130 days on Zillow"
        },
        "hdpData": {
            "homeInfo": {
                "zpid": 2055306158,
                "streetAddress": "6301 SW 27th St #1",
                "zipcode": "33155",
                "city": "Miami",
                "state": "FL",
                "latitude": 25.745491,
                "longitude": -80.29757,
                "price": 1518000.0,
                "bathrooms": 3.0,
                "bedrooms": 4.0,
                "homeType": "CONDO",
                "homeStatus": "FOR_SALE",
                "daysOnZillow": 130,
                "isFeatured": false,
                "shouldHighlight": false,
                "zestimate": 1498600,
                "rentZestimate": 8315,
                "listing_sub_type": {
                    "is_newHome": true
                },
                "isUnmappable": false,
                "isPreforeclosureAuction": false,
                "homeStatusForHDP": "FOR_SALE",
                "priceForHDP": 1518000.0,
                "timeOnZillow": 11238845000,
                "newConstructionType": "NEW_CONSTRUCTION_TYPE_OTHER",
                "isNonOwnerOccupied": true,
                "isPremierBuilder": false,
                "isZillowOwned": false,
                "currency": "USD",
                "country": "USA",
                "unit": "# 1",
                "lotAreaValue": 0.0,
                "lotAreaUnit": "sqft",
                "isShowcaseListing": false
            }
        },
        "isSaved": false,
        "isUserClaimingOwner": false,
        "isUserConfirmedClaim": false,
        "pgapt": "ForSale",
        "sgapt": "New Construction",
        "zestimate": 1498600,
        "shouldShowZestimateAsPrice": false,
        "has3DModel": false,
        "hasVideo": false,
        "isHomeRec": false,
        "hasAdditionalAttributions": true,
        "isFeaturedListing": false,
        "isShowcaseListing": false,
        "list": true,
        "relaxed": false,
        "info3String": "https://photos.zillowstatic.com/fp/a8b02d5ac61ac8b9a11bda64382b4f89-zillow_web_48_23.jpg",
        "brokerName": "Century 21 BE3",
        "carouselPhotos": [
            {
                "url": "https://photos.zillowstatic.com/fp/c60f5773eeb68720adf59b4d193d618d-p_e.jpg"
            },
            {
                "url": "https://photos.zillowstatic.com/fp/1b2c9cd09768a73e3560aa7d8ff9cafc-p_e.jpg"
            },
            {
                "url": "https://photos.zillowstatic.com/fp/598fdf377316132641e1c58a487df0bc-p_e.jpg"
            },
            {
                "url": "https://photos.zillowstatic.com/fp/77492f2d0874cc761c1fd33a17c3c7ab-p_e.jpg"
            },
            {
                "url": "https://photos.zillowstatic.com/fp/76f4954b47303c739428962a77cc16df-p_e.jpg"
            },
            {
                "url": "https://photos.zillowstatic.com/fp/c3846a1b127b9da86802834902968e5d-p_e.jpg"
            },
            {
                "url": "https://photos.zillowstatic.com/fp/f668d43aabc247a022cbdfa3b8ea368a-p_e.jpg"
            },
            {
                "url": "https://photos.zillowstatic.com/fp/9dd5354235a6277b4cf9a0a7f06d6898-p_e.jpg"
            },
            {
                "url": "https://photos.zillowstatic.com/fp/a82265d08144444c2511d4c544071721-p_e.jpg"
            },
            {
                "url": "https://photos.zillowstatic.com/fp/b28d34b0a3fb04d9c52d850ace8e825c-p_e.jpg"
            },
            {
                "url": "https://photos.zillowstatic.com/fp/ef95522bbff12a63aad68bf4ff2bcbc2-p_e.jpg"
            },
            {
                "url": "https://photos.zillowstatic.com/fp/c363ba6af349ffc2b780f2d7d4fdc4ba-p_e.jpg"
            },
            {
                "url": "https://photos.zillowstatic.com/fp/3a01cb1cb67d68ff327f95fccadf790d-p_e.jpg"
            },
            {
                "url": "https://photos.zillowstatic.com/fp/d3e7f8d38954b10e87e3cc3439325d75-p_e.jpg"
            },
            {
                "url": "https://photos.zillowstatic.com/fp/3e8068834e4d5a0f652bb2124a7fc6a9-p_e.jpg"
            },
            {
                "url": "https://photos.zillowstatic.com/fp/ea21a2f62c6b247183527bf0c2d6b74b-p_e.jpg"
            },
            {
                "url": "https://photos.zillowstatic.com/fp/70bd398f171de701fe637841d565aace-p_e.jpg"
            },
            {
                "url": "https://photos.zillowstatic.com/fp/207bfcf17b85099a0ae8d2165f51eab2-p_e.jpg"
            }
        ],
        "rooms": []
    }
]