{
    "user_info": {
        "isLoggedIn": false,
        "hasHousingConnectorPermission": false,
        "savedHomesCount": 0,
        "personalizedSearchTraceID": "e31973fb0db9b198ec6b360329857696",
        "guid": "db842cb1-9f8b-4623-8379-42e67142e316",
        "zuid": "",
        "isBot": false,
        "email": "",
        "displayName": ""
    },
    "map_state": {
        "customRegionPolygonWkt": null,
        "schoolPolygonWkt": null,
        "isCurrentLocationSearch": false,
        "userPosition": {
            "lat": null,
            "lon": null
        }
    },
    "region_state": {
        "regionInfo": [
            {
                "regionId": 72458,
                "regionType": 7,
                "regionName": "33155",
                "displayName": "Miami FL 33155",
                "isPointRegion": false
            }
        ],
        "regionBounds": {
            "north": 25.757171,
            "south": 25.714966,
            "east": -80.28496,
            "west": -80.33592
        }
    },
    "search_page_seo": {
        "baseUrl": "/miami-fl-33155/",
        "windowTitle": "33155 Real Estate - 33155 Homes For Sale | Zillow",
        "metaDescription": "Zillow has 5 homes for sale in 33155. View listing photos, review sales history, and use our detailed real estate filters to find the perfect place."
    },
    "request_id": 4
}