{
    "user_info": {
        "isLoggedIn": false,
        "hasHousingConnectorPermission": false,
        "savedHomesCount": 0,
        "personalizedSearchTraceID": "0dccc8cb2340463e6c169c04d40df4f3",
        "guid": "ccbbc287-8127-4e7a-9b94-7e81c3e19451",
        "zuid": "",
        "isBot": false,
        "email": "",
        "displayName": ""
    },
    "map_state": {
        "customRegionPolygonWkt": null,
        "schoolPolygonWkt": null,
        "isCurrentLocationSearch": false,
        "userPosition": {
            "lat": null,
            "lon": null
        }
    },
    "region_state": {
        "regionInfo": [
            {
                "regionId": 72473,
                "regionType": 7,
                "regionName": "33170",
                "displayName": "Silver Palm FL 33170",
                "isPointRegion": false
            }
        ],
        "regionBounds": {
            "north": 25.666523,
            "south": 25.535356,
            "east": -80.362828,
            "west": -80.673816
        }
    },
    "search_page_seo": {
        "baseUrl": "/silver-palm-fl-33170/",
        "windowTitle": "33170 Real Estate - 33170 Homes For Sale | Zillow",
        "metaDescription": "Zillow has 17 homes for sale in 33170. View listing photos, review sales history, and use our detailed real estate filters to find the perfect place."
    },
    "request_id": 4
}