{
    "user_info": {
        "isLoggedIn": false,
        "hasHousingConnectorPermission": false,
        "savedHomesCount": 0,
        "personalizedSearchTraceID": "679a2d75ceb0ff1904b247045b6540e5",
        "guid": "90b74a62-8c4d-4894-9ce9-a48600df8aea",
        "zuid": "",
        "isBot": false,
        "email": "",
        "displayName": ""
    },
    "map_state": {
        "customRegionPolygonWkt": null,
        "schoolPolygonWkt": null,
        "isCurrentLocationSearch": false,
        "userPosition": {
            "lat": null,
            "lon": null
        }
    },
    "region_state": {
        "regionInfo": [
            {
                "regionId": 72540,
                "regionType": 7,
                "regionName": "33321",
                "displayName": "Tamarac FL 33321",
                "isPointRegion": false
            }
        ],
        "regionBounds": {
            "north": 26.334459,
            "south": 26.128278,
            "east": -80.236031,
            "west": -80.474064
        }
    },
    "search_page_seo": {
        "baseUrl": "/tamarac-fl-33321/",
        "windowTitle": "33321 Real Estate - 33321 Homes For Sale | Zillow",
        "metaDescription": "Zillow has 109 homes for sale in 33321. View listing photos, review sales history, and use our detailed real estate filters to find the perfect place."
    },
    "request_id": 4
}