{
    "data": {
        "property": {
            "homeValueChartData": [
                {
                    "points": [
                        {
                            "x": 1701331200000,
                            "y": 517100
                        },
                        {
                            "x": 1704009600000,
                            "y": 516700
                        },
                        {
                            "x": 1706688000000,
                            "y": 515200
                        },
                        {
                            "x": 1707206400000,
                            "y": 492600
                        }
                    ],
                    "name": "This home"
                }
            ]
        }
    }
}