{
    "data": {
        "property": {
            "homeValueChartData": [
                {
                    "points": [
                        {
                            "x": 1698735600000,
                            "y": 143600
                        },
                        {
                            "x": 1701331200000,
                            "y": 144300
                        },
                        {
                            "x": 1704009600000,
                            "y": 122200
                        },
                        {
                            "x": 1706688000000,
                            "y": 131300
                        },
                        {
                            "x": 1707206400000,
                            "y": 117500
                        }
                    ],
                    "name": "This home"
                }
            ]
        }
    }
}