{
    "data": {
        "property": {
            "homeValueChartData": [
                {
                    "points": [
                        {
                            "x": 1693465200000,
                            "y": 684200
                        },
                        {
                            "x": 1696057200000,
                            "y": 683200
                        },
                        {
                            "x": 1698735600000,
                            "y": 680800
                        },
                        {
                            "x": 1701331200000,
                            "y": 677300
                        },
                        {
                            "x": 1704009600000,
                            "y": 672900
                        },
                        {
                            "x": 1706688000000,
                            "y": 640500
                        },
                        {
                            "x": 1707206400000,
                            "y": 642700
                        }
                    ],
                    "name": "This home"
                }
            ]
        }
    }
}