{
    "data": {
        "property": {
            "homeValueChartData": [
                {
                    "points": [
                        {
                            "x": 1685516400000,
                            "y": 82300
                        },
                        {
                            "x": 1688108400000,
                            "y": 80800
                        },
                        {
                            "x": 1690786800000,
                            "y": 80800
                        },
                        {
                            "x": 1706688000000,
                            "y": 135600
                        },
                        {
                            "x": 1707206400000,
                            "y": 135800
                        }
                    ],
                    "name": "This home"
                }
            ]
        }
    }
}