{
    "data": {
        "property": {
            "homeValueChartData": [
                {
                    "points": [
                        {
                            "x": 1685516400000,
                            "y": 215400
                        },
                        {
                            "x": 1688108400000,
                            "y": 218400
                        },
                        {
                            "x": 1690786800000,
                            "y": 216600
                        },
                        {
                            "x": 1693465200000,
                            "y": 214800
                        },
                        {
                            "x": 1696057200000,
                            "y": 212800
                        },
                        {
                            "x": 1698735600000,
                            "y": 213100
                        },
                        {
                            "x": 1701331200000,
                            "y": 211700
                        },
                        {
                            "x": 1704009600000,
                            "y": 212000
                        },
                        {
                            "x": 1706688000000,
                            "y": 183000
                        },
                        {
                            "x": 1707206400000,
                            "y": 184100
                        }
                    ],
                    "name": "This home"
                }
            ]
        }
    }
}