{
    "data": {
        "property": {
            "homeValueChartData": [
                {
                    "points": [
                        {
                            "x": 1688108400000,
                            "y": 299700
                        },
                        {
                            "x": 1690786800000,
                            "y": 373000
                        },
                        {
                            "x": 1701331200000,
                            "y": 410000
                        },
                        {
                            "x": 1704009600000,
                            "y": 404000
                        },
                        {
                            "x": 1706688000000,
                            "y": 405900
                        },
                        {
                            "x": 1707206400000,
                            "y": 405600
                        }
                    ],
                    "name": "This home"
                }
            ]
        }
    }
}