{
    "data": {
        "property": {
            "homeValueChartData": [
                {
                    "points": [
                        {
                            "x": 1685516400000,
                            "y": 182700
                        },
                        {
                            "x": 1688108400000,
                            "y": 125800
                        },
                        {
                            "x": 1690786800000,
                            "y": 137300
                        },
                        {
                            "x": 1706688000000,
                            "y": 128000
                        },
                        {
                            "x": 1707206400000,
                            "y": 128500
                        }
                    ],
                    "name": "This home"
                }
            ]
        }
    }
}