{
    "data": {
        "property": {
            "homeValueChartData": [
                {
                    "points": [
                        {
                            "x": 1685516400000,
                            "y": 333700
                        },
                        {
                            "x": 1688108400000,
                            "y": 309000
                        },
                        {
                            "x": 1690786800000,
                            "y": 309300
                        },
                        {
                            "x": 1693465200000,
                            "y": 330900
                        },
                        {
                            "x": 1696057200000,
                            "y": 329800
                        },
                        {
                            "x": 1698735600000,
                            "y": 320200
                        },
                        {
                            "x": 1701331200000,
                            "y": 319000
                        },
                        {
                            "x": 1704009600000,
                            "y": 318000
                        },
                        {
                            "x": 1706688000000,
                            "y": 317200
                        },
                        {
                            "x": 1707206400000,
                            "y": 316900
                        }
                    ],
                    "name": "This home"
                }
            ]
        }
    }
}