{
    "data": {
        "property": {
            "homeValueChartData": [
                {
                    "points": [
                        {
                            "x": 1685516400000,
                            "y": 383000
                        },
                        {
                            "x": 1688108400000,
                            "y": 476400
                        },
                        {
                            "x": 1690786800000,
                            "y": 455400
                        },
                        {
                            "x": 1706688000000,
                            "y": 453800
                        },
                        {
                            "x": 1707206400000,
                            "y": 454200
                        }
                    ],
                    "name": "This home"
                }
            ]
        }
    }
}