{
    "data": {
        "property": {
            "homeValueChartData": [
                {
                    "points": [
                        {
                            "x": 1685516400000,
                            "y": 183800
                        },
                        {
                            "x": 1688108400000,
                            "y": 142700
                        },
                        {
                            "x": 1690786800000,
                            "y": 142400
                        },
                        {
                            "x": 1693465200000,
                            "y": 124100
                        },
                        {
                            "x": 1696057200000,
                            "y": 125200
                        },
                        {
                            "x": 1698735600000,
                            "y": 107600
                        },
                        {
                            "x": 1701331200000,
                            "y": 110800
                        },
                        {
                            "x": 1704009600000,
                            "y": 98300
                        },
                        {
                            "x": 1706688000000,
                            "y": 100700
                        },
                        {
                            "x": 1707206400000,
                            "y": 100900
                        }
                    ],
                    "name": "This home"
                }
            ]
        }
    }
}