{
    "data": {
        "property": {
            "homeValueChartData": [
                {
                    "points": [
                        {
                            "x": 1685516400000,
                            "y": 277700
                        },
                        {
                            "x": 1688108400000,
                            "y": 234300
                        },
                        {
                            "x": 1690786800000,
                            "y": 263400
                        },
                        {
                            "x": 1706688000000,
                            "y": 279200
                        },
                        {
                            "x": 1707206400000,
                            "y": 279400
                        }
                    ],
                    "name": "This home"
                }
            ]
        }
    }
}