{
    "data": {
        "property": {
            "homeValueChartData": [
                {
                    "points": [
                        {
                            "x": 1606723200000,
                            "y": 775975
                        },
                        {
                            "x": 1609401600000,
                            "y": 780448
                        },
                        {
                            "x": 1675152000000,
                            "y": 807200
                        },
                        {
                            "x": 1677571200000,
                            "y": 688500
                        },
                        {
                            "x": 1680246000000,
                            "y": 667800
                        },
                        {
                            "x": 1682838000000,
                            "y": 672400
                        },
                        {
                            "x": 1685516400000,
                            "y": 679800
                        },
                        {
                            "x": 1688108400000,
                            "y": 740200
                        },
                        {
                            "x": 1690786800000,
                            "y": 680200
                        },
                        {
                            "x": 1693465200000,
                            "y": 1348400
                        },
                        {
                            "x": 1696057200000,
                            "y": 1201400
                        },
                        {
                            "x": 1698735600000,
                            "y": 1125600
                        },
                        {
                            "x": 1701331200000,
                            "y": 1126500
                        },
                        {
                            "x": 1704009600000,
                            "y": 1124300
                        },
                        {
                            "x": 1706688000000,
                            "y": 1126400
                        },
                        {
                            "x": 1707206400000,
                            "y": 1126900
                        }
                    ],
                    "name": "This home"
                }
            ]
        }
    }
}