{
    "data": {
        "property": {
            "homeValueChartData": [
                {
                    "points": [
                        {
                            "x": 1393574400000,
                            "y": 352363
                        },
                        {
                            "x": 1396249200000,
                            "y": 361232
                        },
                        {
                            "x": 1398841200000,
                            "y": 530350
                        },
                        {
                            "x": 1401519600000,
                            "y": 529853
                        },
                        {
                            "x": 1404111600000,
                            "y": 519163
                        },
                        {
                            "x": 1406790000000,
                            "y": 518040
                        },
                        {
                            "x": 1409468400000,
                            "y": 518040
                        },
                        {
                            "x": 1412060400000,
                            "y": 512400
                        },
                        {
                            "x": 1414738800000,
                            "y": 380546
                        },
                        {
                            "x": 1417334400000,
                            "y": 357531
                        },
                        {
                            "x": 1420012800000,
                            "y": 375207
                        },
                        {
                            "x": 1422691200000,
                            "y": 366104
                        },
                        {
                            "x": 1425110400000,
                            "y": 377136
                        },
                        {
                            "x": 1427785200000,
                            "y": 380805
                        },
                        {
                            "x": 1430377200000,
                            "y": 387661
                        },
                        {
                            "x": 1433055600000,
                            "y": 383605
                        },
                        {
                            "x": 1435647600000,
                            "y": 382233
                        },
                        {
                            "x": 1438326000000,
                            "y": 400298
                        },
                        {
                            "x": 1441004400000,
                            "y": 400430
                        },
                        {
                            "x": 1443596400000,
                            "y": 405026
                        },
                        {
                            "x": 1446274800000,
                            "y": 403023
                        },
                        {
                            "x": 1448870400000,
                            "y": 376114
                        },
                        {
                            "x": 1451548800000,
                            "y": 382957
                        },
                        {
                            "x": 1454227200000,
                            "y": 372595
                        },
                        {
                            "x": 1456732800000,
                            "y": 370251
                        },
                        {
                            "x": 1459407600000,
                            "y": 340077
                        },
                        {
                            "x": 1461999600000,
                            "y": 341894
                        },
                        {
                            "x": 1464678000000,
                            "y": 352220
                        },
                        {
                            "x": 1467270000000,
                            "y": 375167
                        },
                        {
                            "x": 1469948400000,
                            "y": 396753
                        },
                        {
                            "x": 1472626800000,
                            "y": 410170
                        },
                        {
                            "x": 1475218800000,
                            "y": 448018
                        },
                        {
                            "x": 1477897200000,
                            "y": 432312
                        },
                        {
                            "x": 1480492800000,
                            "y": 421239
                        },
                        {
                            "x": 1483171200000,
                            "y": 413467
                        },
                        {
                            "x": 1485849600000,
                            "y": 378543
                        },
                        {
                            "x": 1488268800000,
                            "y": 363835
                        },
                        {
                            "x": 1490943600000,
                            "y": 377069
                        },
                        {
                            "x": 1493535600000,
                            "y": 377431
                        },
                        {
                            "x": 1496214000000,
                            "y": 388374
                        },
                        {
                            "x": 1498806000000,
                            "y": 404645
                        },
                        {
                            "x": 1501484400000,
                            "y": 411132
                        },
                        {
                            "x": 1504162800000,
                            "y": 406619
                        },
                        {
                            "x": 1506754800000,
                            "y": 400318
                        },
                        {
                            "x": 1509433200000,
                            "y": 413833
                        },
                        {
                            "x": 1512028800000,
                            "y": 413181
                        },
                        {
                            "x": 1514707200000,
                            "y": 438148
                        },
                        {
                            "x": 1517385600000,
                            "y": 386160
                        },
                        {
                            "x": 1519804800000,
                            "y": 391789
                        },
                        {
                            "x": 1522479600000,
                            "y": 399533
                        },
                        {
                            "x": 1525071600000,
                            "y": 387565
                        },
                        {
                            "x": 1527750000000,
                            "y": 393716
                        },
                        {
                            "x": 1530342000000,
                            "y": 391186
                        },
                        {
                            "x": 1533020400000,
                            "y": 594398
                        },
                        {
                            "x": 1535698800000,
                            "y": 596940
                        },
                        {
                            "x": 1538290800000,
                            "y": 596940
                        },
                        {
                            "x": 1540969200000,
                            "y": 597179
                        },
                        {
                            "x": 1543564800000,
                            "y": 398507
                        },
                        {
                            "x": 1546243200000,
                            "y": 405229
                        },
                        {
                            "x": 1548921600000,
                            "y": 434332
                        },
                        {
                            "x": 1551340800000,
                            "y": 575075
                        },
                        {
                            "x": 1554015600000,
                            "y": 565788
                        },
                        {
                            "x": 1556607600000,
                            "y": 565788
                        },
                        {
                            "x": 1559286000000,
                            "y": 565062
                        },
                        {
                            "x": 1561878000000,
                            "y": 430399
                        },
                        {
                            "x": 1564556400000,
                            "y": 417692
                        },
                        {
                            "x": 1567234800000,
                            "y": 423772
                        },
                        {
                            "x": 1569826800000,
                            "y": 418680
                        },
                        {
                            "x": 1572505200000,
                            "y": 419158
                        },
                        {
                            "x": 1575100800000,
                            "y": 423904
                        },
                        {
                            "x": 1577779200000,
                            "y": 412212
                        },
                        {
                            "x": 1580457600000,
                            "y": 425164
                        },
                        {
                            "x": 1582963200000,
                            "y": 494122
                        },
                        {
                            "x": 1585638000000,
                            "y": 456494
                        },
                        {
                            "x": 1588230000000,
                            "y": 426928
                        },
                        {
                            "x": 1590908400000,
                            "y": 418967
                        },
                        {
                            "x": 1593500400000,
                            "y": 406849
                        },
                        {
                            "x": 1596178800000,
                            "y": 432731
                        },
                        {
                            "x": 1598857200000,
                            "y": 436603
                        },
                        {
                            "x": 1601449200000,
                            "y": 436320
                        },
                        {
                            "x": 1604127600000,
                            "y": 449345
                        },
                        {
                            "x": 1606723200000,
                            "y": 475925
                        },
                        {
                            "x": 1609401600000,
                            "y": 464503
                        },
                        {
                            "x": 1612080000000,
                            "y": 459435
                        },
                        {
                            "x": 1614499200000,
                            "y": 478734
                        },
                        {
                            "x": 1617174000000,
                            "y": 473535
                        },
                        {
                            "x": 1619766000000,
                            "y": 562185
                        },
                        {
                            "x": 1622444400000,
                            "y": 557765
                        },
                        {
                            "x": 1625036400000,
                            "y": 619700
                        },
                        {
                            "x": 1627714800000,
                            "y": 609700
                        },
                        {
                            "x": 1630393200000,
                            "y": 589100
                        },
                        {
                            "x": 1632985200000,
                            "y": 621400
                        },
                        {
                            "x": 1635663600000,
                            "y": 631000
                        },
                        {
                            "x": 1638259200000,
                            "y": 649000
                        },
                        {
                            "x": 1640937600000,
                            "y": 669900
                        },
                        {
                            "x": 1643616000000,
                            "y": 653500
                        },
                        {
                            "x": 1646035200000,
                            "y": 678600
                        },
                        {
                            "x": 1648710000000,
                            "y": 631500
                        },
                        {
                            "x": 1651302000000,
                            "y": 669400
                        },
                        {
                            "x": 1653980400000,
                            "y": 664800
                        },
                        {
                            "x": 1656572400000,
                            "y": 669200
                        },
                        {
                            "x": 1659250800000,
                            "y": 666000
                        },
                        {
                            "x": 1661929200000,
                            "y": 649000
                        },
                        {
                            "x": 1664521200000,
                            "y": 634700
                        },
                        {
                            "x": 1667199600000,
                            "y": 634300
                        },
                        {
                            "x": 1669795200000,
                            "y": 636000
                        },
                        {
                            "x": 1672473600000,
                            "y": 629200
                        },
                        {
                            "x": 1675152000000,
                            "y": 571200
                        },
                        {
                            "x": 1677571200000,
                            "y": 590900
                        },
                        {
                            "x": 1680246000000,
                            "y": 601300
                        },
                        {
                            "x": 1682838000000,
                            "y": 617000
                        },
                        {
                            "x": 1685516400000,
                            "y": 620600
                        },
                        {
                            "x": 1688108400000,
                            "y": 988400
                        },
                        {
                            "x": 1690786800000,
                            "y": 1037500
                        },
                        {
                            "x": 1693465200000,
                            "y": 1056300
                        },
                        {
                            "x": 1696057200000,
                            "y": 1065100
                        },
                        {
                            "x": 1698735600000,
                            "y": 1067800
                        },
                        {
                            "x": 1701331200000,
                            "y": 1037100
                        },
                        {
                            "x": 1704009600000,
                            "y": 985400
                        },
                        {
                            "x": 1706688000000,
                            "y": 1462200
                        },
                        {
                            "x": 1707206400000,
                            "y": 1359500
                        }
                    ],
                    "name": "This home"
                }
            ]
        }
    }
}