{
    "data": {
        "property": {
            "homeValueChartData": [
                {
                    "points": [
                        {
                            "x": 1601449200000,
                            "y": 256183
                        },
                        {
                            "x": 1667199600000,
                            "y": 384400
                        },
                        {
                            "x": 1669795200000,
                            "y": 410800
                        },
                        {
                            "x": 1672473600000,
                            "y": 408000
                        },
                        {
                            "x": 1675152000000,
                            "y": 397300
                        },
                        {
                            "x": 1677571200000,
                            "y": 408400
                        },
                        {
                            "x": 1680246000000,
                            "y": 421000
                        },
                        {
                            "x": 1682838000000,
                            "y": 419600
                        },
                        {
                            "x": 1685516400000,
                            "y": 420500
                        },
                        {
                            "x": 1688108400000,
                            "y": 373900
                        },
                        {
                            "x": 1690786800000,
                            "y": 403500
                        },
                        {
                            "x": 1693465200000,
                            "y": 380700
                        },
                        {
                            "x": 1696057200000,
                            "y": 391200
                        },
                        {
                            "x": 1698735600000,
                            "y": 384600
                        },
                        {
                            "x": 1701331200000,
                            "y": 372600
                        },
                        {
                            "x": 1704009600000,
                            "y": 398400
                        },
                        {
                            "x": 1706688000000,
                            "y": 397400
                        },
                        {
                            "x": 1707206400000,
                            "y": 382600
                        }
                    ],
                    "name": "This home"
                }
            ]
        }
    }
}