{
    "data": {
        "property": {
            "homeValueChartData": [
                {
                    "points": [
                        {
                            "x": 1672473600000,
                            "y": 570100
                        },
                        {
                            "x": 1675152000000,
                            "y": 570100
                        },
                        {
                            "x": 1677571200000,
                            "y": 573700
                        },
                        {
                            "x": 1680246000000,
                            "y": 575200
                        },
                        {
                            "x": 1682838000000,
                            "y": 561400
                        },
                        {
                            "x": 1685516400000,
                            "y": 561400
                        },
                        {
                            "x": 1688108400000,
                            "y": 558400
                        },
                        {
                            "x": 1690786800000,
                            "y": 559100
                        },
                        {
                            "x": 1693465200000,
                            "y": 561900
                        },
                        {
                            "x": 1696057200000,
                            "y": 572000
                        },
                        {
                            "x": 1698735600000,
                            "y": 672500
                        },
                        {
                            "x": 1701331200000,
                            "y": 672400
                        },
                        {
                            "x": 1704009600000,
                            "y": 668500
                        },
                        {
                            "x": 1706688000000,
                            "y": 664800
                        },
                        {
                            "x": 1707379200000,
                            "y": 648100
                        }
                    ],
                    "name": "This home"
                },
                {
                    "points": [
                        {
                            "x": 1660201200000,
                            "y": 533995
                        }
                    ],
                    "name": "Sale"
                }
            ]
        }
    }
}