{
    "data": {
        "property": {
            "homeValueChartData": [
                {
                    "points": [
                        {
                            "x": 1393574400000,
                            "y": 245614
                        },
                        {
                            "x": 1396249200000,
                            "y": 247659
                        },
                        {
                            "x": 1398841200000,
                            "y": 246806
                        },
                        {
                            "x": 1401519600000,
                            "y": 258641
                        },
                        {
                            "x": 1404111600000,
                            "y": 260299
                        },
                        {
                            "x": 1406790000000,
                            "y": 261554
                        },
                        {
                            "x": 1409468400000,
                            "y": 259625
                        },
                        {
                            "x": 1412060400000,
                            "y": 249502
                        },
                        {
                            "x": 1414738800000,
                            "y": 251231
                        },
                        {
                            "x": 1417334400000,
                            "y": 260978
                        },
                        {
                            "x": 1420012800000,
                            "y": 265875
                        },
                        {
                            "x": 1422691200000,
                            "y": 263040
                        },
                        {
                            "x": 1425110400000,
                            "y": 269690
                        },
                        {
                            "x": 1427785200000,
                            "y": 262127
                        },
                        {
                            "x": 1430377200000,
                            "y": 266635
                        },
                        {
                            "x": 1433055600000,
                            "y": 263882
                        },
                        {
                            "x": 1435647600000,
                            "y": 260595
                        },
                        {
                            "x": 1438326000000,
                            "y": 266933
                        },
                        {
                            "x": 1441004400000,
                            "y": 263047
                        },
                        {
                            "x": 1443596400000,
                            "y": 266459
                        },
                        {
                            "x": 1446274800000,
                            "y": 269157
                        },
                        {
                            "x": 1448870400000,
                            "y": 266544
                        },
                        {
                            "x": 1451548800000,
                            "y": 272020
                        },
                        {
                            "x": 1454227200000,
                            "y": 269138
                        },
                        {
                            "x": 1456732800000,
                            "y": 270134
                        },
                        {
                            "x": 1459407600000,
                            "y": 272110
                        },
                        {
                            "x": 1461999600000,
                            "y": 277206
                        },
                        {
                            "x": 1464678000000,
                            "y": 281200
                        },
                        {
                            "x": 1467270000000,
                            "y": 282963
                        },
                        {
                            "x": 1469948400000,
                            "y": 283038
                        },
                        {
                            "x": 1472626800000,
                            "y": 286656
                        },
                        {
                            "x": 1475218800000,
                            "y": 287504
                        },
                        {
                            "x": 1477897200000,
                            "y": 287440
                        },
                        {
                            "x": 1480492800000,
                            "y": 289835
                        },
                        {
                            "x": 1483171200000,
                            "y": 293540
                        },
                        {
                            "x": 1485849600000,
                            "y": 298347
                        },
                        {
                            "x": 1488268800000,
                            "y": 299035
                        },
                        {
                            "x": 1490943600000,
                            "y": 299252
                        },
                        {
                            "x": 1493535600000,
                            "y": 304450
                        },
                        {
                            "x": 1496214000000,
                            "y": 312244
                        },
                        {
                            "x": 1498806000000,
                            "y": 311329
                        },
                        {
                            "x": 1501484400000,
                            "y": 314212
                        },
                        {
                            "x": 1504162800000,
                            "y": 312107
                        },
                        {
                            "x": 1506754800000,
                            "y": 308334
                        },
                        {
                            "x": 1509433200000,
                            "y": 312564
                        },
                        {
                            "x": 1512028800000,
                            "y": 311683
                        },
                        {
                            "x": 1514707200000,
                            "y": 318212
                        },
                        {
                            "x": 1517385600000,
                            "y": 305254
                        },
                        {
                            "x": 1519804800000,
                            "y": 308262
                        },
                        {
                            "x": 1522479600000,
                            "y": 315256
                        },
                        {
                            "x": 1525071600000,
                            "y": 317525
                        },
                        {
                            "x": 1527750000000,
                            "y": 323770
                        },
                        {
                            "x": 1530342000000,
                            "y": 304221
                        },
                        {
                            "x": 1533020400000,
                            "y": 304221
                        },
                        {
                            "x": 1535698800000,
                            "y": 300510
                        },
                        {
                            "x": 1538290800000,
                            "y": 301391
                        },
                        {
                            "x": 1540969200000,
                            "y": 301565
                        },
                        {
                            "x": 1543564800000,
                            "y": 304577
                        },
                        {
                            "x": 1546243200000,
                            "y": 304799
                        },
                        {
                            "x": 1548921600000,
                            "y": 305301
                        },
                        {
                            "x": 1551340800000,
                            "y": 305881
                        },
                        {
                            "x": 1554015600000,
                            "y": 307409
                        },
                        {
                            "x": 1556607600000,
                            "y": 307530
                        },
                        {
                            "x": 1559286000000,
                            "y": 306014
                        },
                        {
                            "x": 1561878000000,
                            "y": 309252
                        },
                        {
                            "x": 1564556400000,
                            "y": 306098
                        },
                        {
                            "x": 1567234800000,
                            "y": 305715
                        },
                        {
                            "x": 1569826800000,
                            "y": 313539
                        },
                        {
                            "x": 1572505200000,
                            "y": 312817
                        },
                        {
                            "x": 1575100800000,
                            "y": 307474
                        },
                        {
                            "x": 1577779200000,
                            "y": 310101
                        },
                        {
                            "x": 1580457600000,
                            "y": 314799
                        },
                        {
                            "x": 1582963200000,
                            "y": 313164
                        },
                        {
                            "x": 1585638000000,
                            "y": 315510
                        },
                        {
                            "x": 1588230000000,
                            "y": 325501
                        },
                        {
                            "x": 1590908400000,
                            "y": 325349
                        },
                        {
                            "x": 1593500400000,
                            "y": 323273
                        },
                        {
                            "x": 1596178800000,
                            "y": 317293
                        },
                        {
                            "x": 1598857200000,
                            "y": 323100
                        },
                        {
                            "x": 1601449200000,
                            "y": 325145
                        },
                        {
                            "x": 1604127600000,
                            "y": 329279
                        },
                        {
                            "x": 1606723200000,
                            "y": 332065
                        },
                        {
                            "x": 1609401600000,
                            "y": 336633
                        },
                        {
                            "x": 1612080000000,
                            "y": 338518
                        },
                        {
                            "x": 1614499200000,
                            "y": 340632
                        },
                        {
                            "x": 1617174000000,
                            "y": 344129
                        },
                        {
                            "x": 1619766000000,
                            "y": 345822
                        },
                        {
                            "x": 1622444400000,
                            "y": 358826
                        },
                        {
                            "x": 1625036400000,
                            "y": 380100
                        },
                        {
                            "x": 1627714800000,
                            "y": 396100
                        },
                        {
                            "x": 1630393200000,
                            "y": 402500
                        },
                        {
                            "x": 1632985200000,
                            "y": 409700
                        },
                        {
                            "x": 1635663600000,
                            "y": 416500
                        },
                        {
                            "x": 1638259200000,
                            "y": 422000
                        },
                        {
                            "x": 1640937600000,
                            "y": 430500
                        },
                        {
                            "x": 1643616000000,
                            "y": 436400
                        },
                        {
                            "x": 1646035200000,
                            "y": 444600
                        },
                        {
                            "x": 1648710000000,
                            "y": 468000
                        },
                        {
                            "x": 1651302000000,
                            "y": 485600
                        },
                        {
                            "x": 1653980400000,
                            "y": 496600
                        },
                        {
                            "x": 1656572400000,
                            "y": 504300
                        },
                        {
                            "x": 1659250800000,
                            "y": 506800
                        },
                        {
                            "x": 1661929200000,
                            "y": 505900
                        },
                        {
                            "x": 1664521200000,
                            "y": 501000
                        },
                        {
                            "x": 1667199600000,
                            "y": 500200
                        },
                        {
                            "x": 1669795200000,
                            "y": 492500
                        },
                        {
                            "x": 1672473600000,
                            "y": 486800
                        },
                        {
                            "x": 1675152000000,
                            "y": 482400
                        },
                        {
                            "x": 1677571200000,
                            "y": 487000
                        },
                        {
                            "x": 1680246000000,
                            "y": 504500
                        },
                        {
                            "x": 1682838000000,
                            "y": 505500
                        },
                        {
                            "x": 1685516400000,
                            "y": 508200
                        },
                        {
                            "x": 1688108400000,
                            "y": 513100
                        },
                        {
                            "x": 1690786800000,
                            "y": 546500
                        },
                        {
                            "x": 1693465200000,
                            "y": 526800
                        },
                        {
                            "x": 1696057200000,
                            "y": 529600
                        },
                        {
                            "x": 1698735600000,
                            "y": 530100
                        },
                        {
                            "x": 1701331200000,
                            "y": 532500
                        },
                        {
                            "x": 1704009600000,
                            "y": 626800
                        },
                        {
                            "x": 1706688000000,
                            "y": 627800
                        },
                        {
                            "x": 1707379200000,
                            "y": 604100
                        }
                    ],
                    "name": "This home"
                },
                {
                    "points": [
                        {
                            "x": 1533538800000,
                            "y": 299000
                        }
                    ],
                    "name": "Sale"
                }
            ]
        }
    }
}