{
    "data": {
        "property": {
            "homeValueChartData": [
                {
                    "points": [
                        {
                            "x": 1393574400000,
                            "y": 273943
                        },
                        {
                            "x": 1396249200000,
                            "y": 277752
                        },
                        {
                            "x": 1398841200000,
                            "y": 283257
                        },
                        {
                            "x": 1401519600000,
                            "y": 290626
                        },
                        {
                            "x": 1404111600000,
                            "y": 295480
                        },
                        {
                            "x": 1406790000000,
                            "y": 298409
                        },
                        {
                            "x": 1409468400000,
                            "y": 298400
                        },
                        {
                            "x": 1412060400000,
                            "y": 300330
                        },
                        {
                            "x": 1414738800000,
                            "y": 299087
                        },
                        {
                            "x": 1417334400000,
                            "y": 298763
                        },
                        {
                            "x": 1420012800000,
                            "y": 304371
                        },
                        {
                            "x": 1422691200000,
                            "y": 307961
                        },
                        {
                            "x": 1425110400000,
                            "y": 309249
                        },
                        {
                            "x": 1427785200000,
                            "y": 307920
                        },
                        {
                            "x": 1430377200000,
                            "y": 311880
                        },
                        {
                            "x": 1433055600000,
                            "y": 309399
                        },
                        {
                            "x": 1435647600000,
                            "y": 305160
                        },
                        {
                            "x": 1438326000000,
                            "y": 302589
                        },
                        {
                            "x": 1441004400000,
                            "y": 303041
                        },
                        {
                            "x": 1443596400000,
                            "y": 296455
                        },
                        {
                            "x": 1446274800000,
                            "y": 298242
                        },
                        {
                            "x": 1448870400000,
                            "y": 334438
                        },
                        {
                            "x": 1451548800000,
                            "y": 341477
                        },
                        {
                            "x": 1454227200000,
                            "y": 338107
                        },
                        {
                            "x": 1456732800000,
                            "y": 332572
                        },
                        {
                            "x": 1459407600000,
                            "y": 333866
                        },
                        {
                            "x": 1461999600000,
                            "y": 332422
                        },
                        {
                            "x": 1464678000000,
                            "y": 327233
                        },
                        {
                            "x": 1467270000000,
                            "y": 335780
                        },
                        {
                            "x": 1469948400000,
                            "y": 337566
                        },
                        {
                            "x": 1472626800000,
                            "y": 340303
                        },
                        {
                            "x": 1475218800000,
                            "y": 336899
                        },
                        {
                            "x": 1477897200000,
                            "y": 335569
                        },
                        {
                            "x": 1480492800000,
                            "y": 337407
                        },
                        {
                            "x": 1483171200000,
                            "y": 341338
                        },
                        {
                            "x": 1485849600000,
                            "y": 335885
                        },
                        {
                            "x": 1488268800000,
                            "y": 335628
                        },
                        {
                            "x": 1490943600000,
                            "y": 337229
                        },
                        {
                            "x": 1493535600000,
                            "y": 344057
                        },
                        {
                            "x": 1496214000000,
                            "y": 344622
                        },
                        {
                            "x": 1498806000000,
                            "y": 350152
                        },
                        {
                            "x": 1501484400000,
                            "y": 352383
                        },
                        {
                            "x": 1504162800000,
                            "y": 355595
                        },
                        {
                            "x": 1506754800000,
                            "y": 355532
                        },
                        {
                            "x": 1509433200000,
                            "y": 347203
                        },
                        {
                            "x": 1512028800000,
                            "y": 345523
                        },
                        {
                            "x": 1514707200000,
                            "y": 345133
                        },
                        {
                            "x": 1517385600000,
                            "y": 347071
                        },
                        {
                            "x": 1519804800000,
                            "y": 342506
                        },
                        {
                            "x": 1522479600000,
                            "y": 361365
                        },
                        {
                            "x": 1525071600000,
                            "y": 364236
                        },
                        {
                            "x": 1527750000000,
                            "y": 365044
                        },
                        {
                            "x": 1530342000000,
                            "y": 365983
                        },
                        {
                            "x": 1533020400000,
                            "y": 367010
                        },
                        {
                            "x": 1535698800000,
                            "y": 365229
                        },
                        {
                            "x": 1538290800000,
                            "y": 361046
                        },
                        {
                            "x": 1540969200000,
                            "y": 362258
                        },
                        {
                            "x": 1543564800000,
                            "y": 354048
                        },
                        {
                            "x": 1546243200000,
                            "y": 356191
                        },
                        {
                            "x": 1548921600000,
                            "y": 355830
                        },
                        {
                            "x": 1551340800000,
                            "y": 352233
                        },
                        {
                            "x": 1554015600000,
                            "y": 352134
                        },
                        {
                            "x": 1556607600000,
                            "y": 352320
                        },
                        {
                            "x": 1559286000000,
                            "y": 353477
                        },
                        {
                            "x": 1561878000000,
                            "y": 352365
                        },
                        {
                            "x": 1564556400000,
                            "y": 345013
                        },
                        {
                            "x": 1567234800000,
                            "y": 342119
                        },
                        {
                            "x": 1569826800000,
                            "y": 346671
                        },
                        {
                            "x": 1572505200000,
                            "y": 349158
                        },
                        {
                            "x": 1575100800000,
                            "y": 351419
                        },
                        {
                            "x": 1577779200000,
                            "y": 349216
                        },
                        {
                            "x": 1580457600000,
                            "y": 351292
                        },
                        {
                            "x": 1582963200000,
                            "y": 358958
                        },
                        {
                            "x": 1585638000000,
                            "y": 358486
                        },
                        {
                            "x": 1588230000000,
                            "y": 361294
                        },
                        {
                            "x": 1590908400000,
                            "y": 369300
                        },
                        {
                            "x": 1593500400000,
                            "y": 370980
                        },
                        {
                            "x": 1596178800000,
                            "y": 372962
                        },
                        {
                            "x": 1598857200000,
                            "y": 375397
                        },
                        {
                            "x": 1601449200000,
                            "y": 377835
                        },
                        {
                            "x": 1604127600000,
                            "y": 376650
                        },
                        {
                            "x": 1606723200000,
                            "y": 378359
                        },
                        {
                            "x": 1609401600000,
                            "y": 376642
                        },
                        {
                            "x": 1612080000000,
                            "y": 379131
                        },
                        {
                            "x": 1614499200000,
                            "y": 381444
                        },
                        {
                            "x": 1617174000000,
                            "y": 386299
                        },
                        {
                            "x": 1619766000000,
                            "y": 398369
                        },
                        {
                            "x": 1622444400000,
                            "y": 416562
                        },
                        {
                            "x": 1625036400000,
                            "y": 421000
                        },
                        {
                            "x": 1627714800000,
                            "y": 426500
                        },
                        {
                            "x": 1630393200000,
                            "y": 430400
                        },
                        {
                            "x": 1632985200000,
                            "y": 435800
                        },
                        {
                            "x": 1635663600000,
                            "y": 443000
                        },
                        {
                            "x": 1638259200000,
                            "y": 448100
                        },
                        {
                            "x": 1640937600000,
                            "y": 456100
                        },
                        {
                            "x": 1643616000000,
                            "y": 459800
                        },
                        {
                            "x": 1646035200000,
                            "y": 468300
                        },
                        {
                            "x": 1648710000000,
                            "y": 488400
                        },
                        {
                            "x": 1651302000000,
                            "y": 501400
                        },
                        {
                            "x": 1653980400000,
                            "y": 510900
                        },
                        {
                            "x": 1656572400000,
                            "y": 516400
                        },
                        {
                            "x": 1659250800000,
                            "y": 519800
                        },
                        {
                            "x": 1661929200000,
                            "y": 517100
                        },
                        {
                            "x": 1664521200000,
                            "y": 513600
                        },
                        {
                            "x": 1667199600000,
                            "y": 512600
                        },
                        {
                            "x": 1669795200000,
                            "y": 509800
                        },
                        {
                            "x": 1672473600000,
                            "y": 507900
                        },
                        {
                            "x": 1675152000000,
                            "y": 501000
                        },
                        {
                            "x": 1677571200000,
                            "y": 513200
                        },
                        {
                            "x": 1680246000000,
                            "y": 550300
                        },
                        {
                            "x": 1682838000000,
                            "y": 550100
                        },
                        {
                            "x": 1685516400000,
                            "y": 558900
                        },
                        {
                            "x": 1688108400000,
                            "y": 567700
                        },
                        {
                            "x": 1690786800000,
                            "y": 583100
                        },
                        {
                            "x": 1693465200000,
                            "y": 579400
                        },
                        {
                            "x": 1696057200000,
                            "y": 590100
                        },
                        {
                            "x": 1698735600000,
                            "y": 586900
                        },
                        {
                            "x": 1701331200000,
                            "y": 618800
                        },
                        {
                            "x": 1704009600000,
                            "y": 550300
                        },
                        {
                            "x": 1706688000000,
                            "y": 537000
                        },
                        {
                            "x": 1707206400000,
                            "y": 539900
                        }
                    ],
                    "name": "This home"
                }
            ]
        }
    }
}