{
    "data": {
        "property": {
            "homeValueChartData": [
                {
                    "points": [
                        {
                            "x": 1393574400000,
                            "y": 269123
                        },
                        {
                            "x": 1396249200000,
                            "y": 312163
                        },
                        {
                            "x": 1398841200000,
                            "y": 312067
                        },
                        {
                            "x": 1401519600000,
                            "y": 312067
                        },
                        {
                            "x": 1404111600000,
                            "y": 285515
                        },
                        {
                            "x": 1406790000000,
                            "y": 296031
                        },
                        {
                            "x": 1409468400000,
                            "y": 299863
                        },
                        {
                            "x": 1412060400000,
                            "y": 302458
                        },
                        {
                            "x": 1414738800000,
                            "y": 301478
                        },
                        {
                            "x": 1417334400000,
                            "y": 300158
                        },
                        {
                            "x": 1420012800000,
                            "y": 300525
                        },
                        {
                            "x": 1422691200000,
                            "y": 299496
                        },
                        {
                            "x": 1425110400000,
                            "y": 307012
                        },
                        {
                            "x": 1427785200000,
                            "y": 297763
                        },
                        {
                            "x": 1430377200000,
                            "y": 308492
                        },
                        {
                            "x": 1433055600000,
                            "y": 307942
                        },
                        {
                            "x": 1435647600000,
                            "y": 307196
                        },
                        {
                            "x": 1438326000000,
                            "y": 301199
                        },
                        {
                            "x": 1441004400000,
                            "y": 292341
                        },
                        {
                            "x": 1443596400000,
                            "y": 295007
                        },
                        {
                            "x": 1446274800000,
                            "y": 300086
                        },
                        {
                            "x": 1448870400000,
                            "y": 376903
                        },
                        {
                            "x": 1451548800000,
                            "y": 376903
                        },
                        {
                            "x": 1454227200000,
                            "y": 342578
                        },
                        {
                            "x": 1456732800000,
                            "y": 345185
                        },
                        {
                            "x": 1459407600000,
                            "y": 341131
                        },
                        {
                            "x": 1461999600000,
                            "y": 342039
                        },
                        {
                            "x": 1464678000000,
                            "y": 339905
                        },
                        {
                            "x": 1467270000000,
                            "y": 345794
                        },
                        {
                            "x": 1469948400000,
                            "y": 345895
                        },
                        {
                            "x": 1472626800000,
                            "y": 344790
                        },
                        {
                            "x": 1475218800000,
                            "y": 341285
                        },
                        {
                            "x": 1477897200000,
                            "y": 338874
                        },
                        {
                            "x": 1480492800000,
                            "y": 338773
                        },
                        {
                            "x": 1483171200000,
                            "y": 334437
                        },
                        {
                            "x": 1485849600000,
                            "y": 344745
                        },
                        {
                            "x": 1488268800000,
                            "y": 347247
                        },
                        {
                            "x": 1490943600000,
                            "y": 347870
                        },
                        {
                            "x": 1493535600000,
                            "y": 353355
                        },
                        {
                            "x": 1496214000000,
                            "y": 351405
                        },
                        {
                            "x": 1498806000000,
                            "y": 354533
                        },
                        {
                            "x": 1501484400000,
                            "y": 358080
                        },
                        {
                            "x": 1504162800000,
                            "y": 358829
                        },
                        {
                            "x": 1506754800000,
                            "y": 356468
                        },
                        {
                            "x": 1509433200000,
                            "y": 360532
                        },
                        {
                            "x": 1512028800000,
                            "y": 357099
                        },
                        {
                            "x": 1514707200000,
                            "y": 352011
                        },
                        {
                            "x": 1517385600000,
                            "y": 351572
                        },
                        {
                            "x": 1519804800000,
                            "y": 359025
                        },
                        {
                            "x": 1522479600000,
                            "y": 389091
                        },
                        {
                            "x": 1525071600000,
                            "y": 387446
                        },
                        {
                            "x": 1527750000000,
                            "y": 381248
                        },
                        {
                            "x": 1530342000000,
                            "y": 383476
                        },
                        {
                            "x": 1533020400000,
                            "y": 385594
                        },
                        {
                            "x": 1535698800000,
                            "y": 388290
                        },
                        {
                            "x": 1538290800000,
                            "y": 387887
                        },
                        {
                            "x": 1540969200000,
                            "y": 386829
                        },
                        {
                            "x": 1543564800000,
                            "y": 391985
                        },
                        {
                            "x": 1546243200000,
                            "y": 392118
                        },
                        {
                            "x": 1548921600000,
                            "y": 392773
                        },
                        {
                            "x": 1551340800000,
                            "y": 393693
                        },
                        {
                            "x": 1554015600000,
                            "y": 395898
                        },
                        {
                            "x": 1556607600000,
                            "y": 396227
                        },
                        {
                            "x": 1559286000000,
                            "y": 393320
                        },
                        {
                            "x": 1561878000000,
                            "y": 397564
                        },
                        {
                            "x": 1564556400000,
                            "y": 394192
                        },
                        {
                            "x": 1567234800000,
                            "y": 393191
                        },
                        {
                            "x": 1569826800000,
                            "y": 403419
                        },
                        {
                            "x": 1572505200000,
                            "y": 402329
                        },
                        {
                            "x": 1575100800000,
                            "y": 395683
                        },
                        {
                            "x": 1577779200000,
                            "y": 399121
                        },
                        {
                            "x": 1580457600000,
                            "y": 405544
                        },
                        {
                            "x": 1582963200000,
                            "y": 402964
                        },
                        {
                            "x": 1585638000000,
                            "y": 406212
                        },
                        {
                            "x": 1588230000000,
                            "y": 419098
                        },
                        {
                            "x": 1590908400000,
                            "y": 419086
                        },
                        {
                            "x": 1593500400000,
                            "y": 415983
                        },
                        {
                            "x": 1596178800000,
                            "y": 407368
                        },
                        {
                            "x": 1598857200000,
                            "y": 415296
                        },
                        {
                            "x": 1601449200000,
                            "y": 418090
                        },
                        {
                            "x": 1604127600000,
                            "y": 423716
                        },
                        {
                            "x": 1606723200000,
                            "y": 427506
                        },
                        {
                            "x": 1609401600000,
                            "y": 433701
                        },
                        {
                            "x": 1612080000000,
                            "y": 436091
                        },
                        {
                            "x": 1614499200000,
                            "y": 438834
                        },
                        {
                            "x": 1617174000000,
                            "y": 443441
                        },
                        {
                            "x": 1619766000000,
                            "y": 445537
                        },
                        {
                            "x": 1622444400000,
                            "y": 455039
                        },
                        {
                            "x": 1625036400000,
                            "y": 449800
                        },
                        {
                            "x": 1627714800000,
                            "y": 453500
                        },
                        {
                            "x": 1630393200000,
                            "y": 457900
                        },
                        {
                            "x": 1632985200000,
                            "y": 463600
                        },
                        {
                            "x": 1635663600000,
                            "y": 470300
                        },
                        {
                            "x": 1638259200000,
                            "y": 476500
                        },
                        {
                            "x": 1640937600000,
                            "y": 485200
                        },
                        {
                            "x": 1643616000000,
                            "y": 491900
                        },
                        {
                            "x": 1646035200000,
                            "y": 503300
                        },
                        {
                            "x": 1648710000000,
                            "y": 527300
                        },
                        {
                            "x": 1651302000000,
                            "y": 546400
                        },
                        {
                            "x": 1653980400000,
                            "y": 560000
                        },
                        {
                            "x": 1656572400000,
                            "y": 567700
                        },
                        {
                            "x": 1659250800000,
                            "y": 572400
                        },
                        {
                            "x": 1661929200000,
                            "y": 571700
                        },
                        {
                            "x": 1664521200000,
                            "y": 567900
                        },
                        {
                            "x": 1667199600000,
                            "y": 567300
                        },
                        {
                            "x": 1669795200000,
                            "y": 561900
                        },
                        {
                            "x": 1672473600000,
                            "y": 557600
                        },
                        {
                            "x": 1675152000000,
                            "y": 551400
                        },
                        {
                            "x": 1677571200000,
                            "y": 551400
                        },
                        {
                            "x": 1680246000000,
                            "y": 560400
                        },
                        {
                            "x": 1682838000000,
                            "y": 558000
                        },
                        {
                            "x": 1685516400000,
                            "y": 559900
                        },
                        {
                            "x": 1688108400000,
                            "y": 568800
                        },
                        {
                            "x": 1690786800000,
                            "y": 604900
                        },
                        {
                            "x": 1693465200000,
                            "y": 586300
                        },
                        {
                            "x": 1696057200000,
                            "y": 591100
                        },
                        {
                            "x": 1698735600000,
                            "y": 649000
                        },
                        {
                            "x": 1701331200000,
                            "y": 648200
                        },
                        {
                            "x": 1704009600000,
                            "y": 644800
                        },
                        {
                            "x": 1706688000000,
                            "y": 642200
                        },
                        {
                            "x": 1707206400000,
                            "y": 641600
                        }
                    ],
                    "name": "This home"
                },
                {
                    "points": [
                        {
                            "x": 1400482800000,
                            "y": 322000
                        },
                        {
                            "x": 1526367600000,
                            "y": 380000
                        }
                    ],
                    "name": "Sale"
                }
            ]
        }
    }
}