{
    "data": {
        "property": {
            "homeValueChartData": [
                {
                    "points": [
                        {
                            "x": 1393574400000,
                            "y": 339140
                        },
                        {
                            "x": 1396249200000,
                            "y": 345418
                        },
                        {
                            "x": 1398841200000,
                            "y": 336353
                        },
                        {
                            "x": 1401519600000,
                            "y": 344097
                        },
                        {
                            "x": 1404111600000,
                            "y": 341073
                        },
                        {
                            "x": 1406790000000,
                            "y": 347277
                        },
                        {
                            "x": 1409468400000,
                            "y": 345002
                        },
                        {
                            "x": 1412060400000,
                            "y": 351276
                        },
                        {
                            "x": 1414738800000,
                            "y": 348243
                        },
                        {
                            "x": 1417334400000,
                            "y": 345160
                        },
                        {
                            "x": 1420012800000,
                            "y": 352432
                        },
                        {
                            "x": 1422691200000,
                            "y": 356183
                        },
                        {
                            "x": 1425110400000,
                            "y": 363230
                        },
                        {
                            "x": 1427785200000,
                            "y": 356611
                        },
                        {
                            "x": 1430377200000,
                            "y": 351346
                        },
                        {
                            "x": 1433055600000,
                            "y": 334579
                        },
                        {
                            "x": 1435647600000,
                            "y": 329562
                        },
                        {
                            "x": 1438326000000,
                            "y": 320867
                        },
                        {
                            "x": 1441004400000,
                            "y": 325764
                        },
                        {
                            "x": 1443596400000,
                            "y": 324913
                        },
                        {
                            "x": 1446274800000,
                            "y": 332717
                        },
                        {
                            "x": 1448870400000,
                            "y": 360578
                        },
                        {
                            "x": 1451548800000,
                            "y": 356395
                        },
                        {
                            "x": 1454227200000,
                            "y": 361414
                        },
                        {
                            "x": 1456732800000,
                            "y": 363942
                        },
                        {
                            "x": 1459407600000,
                            "y": 363960
                        },
                        {
                            "x": 1461999600000,
                            "y": 359225
                        },
                        {
                            "x": 1464678000000,
                            "y": 366720
                        },
                        {
                            "x": 1467270000000,
                            "y": 369920
                        },
                        {
                            "x": 1469948400000,
                            "y": 369423
                        },
                        {
                            "x": 1472626800000,
                            "y": 366924
                        },
                        {
                            "x": 1475218800000,
                            "y": 366949
                        },
                        {
                            "x": 1477897200000,
                            "y": 365902
                        },
                        {
                            "x": 1480492800000,
                            "y": 370752
                        },
                        {
                            "x": 1483171200000,
                            "y": 370156
                        },
                        {
                            "x": 1485849600000,
                            "y": 372869
                        },
                        {
                            "x": 1488268800000,
                            "y": 372127
                        },
                        {
                            "x": 1490943600000,
                            "y": 369932
                        },
                        {
                            "x": 1493535600000,
                            "y": 370283
                        },
                        {
                            "x": 1496214000000,
                            "y": 368158
                        },
                        {
                            "x": 1498806000000,
                            "y": 369716
                        },
                        {
                            "x": 1501484400000,
                            "y": 367685
                        },
                        {
                            "x": 1504162800000,
                            "y": 366551
                        },
                        {
                            "x": 1506754800000,
                            "y": 368281
                        },
                        {
                            "x": 1509433200000,
                            "y": 370827
                        },
                        {
                            "x": 1512028800000,
                            "y": 372504
                        },
                        {
                            "x": 1514707200000,
                            "y": 372971
                        },
                        {
                            "x": 1517385600000,
                            "y": 379954
                        },
                        {
                            "x": 1519804800000,
                            "y": 379409
                        },
                        {
                            "x": 1522479600000,
                            "y": 382409
                        },
                        {
                            "x": 1525071600000,
                            "y": 383936
                        },
                        {
                            "x": 1527750000000,
                            "y": 385336
                        },
                        {
                            "x": 1530342000000,
                            "y": 385794
                        },
                        {
                            "x": 1533020400000,
                            "y": 384585
                        },
                        {
                            "x": 1535698800000,
                            "y": 392044
                        },
                        {
                            "x": 1538290800000,
                            "y": 387048
                        },
                        {
                            "x": 1540969200000,
                            "y": 388797
                        },
                        {
                            "x": 1543564800000,
                            "y": 388566
                        },
                        {
                            "x": 1546243200000,
                            "y": 385449
                        },
                        {
                            "x": 1548921600000,
                            "y": 387742
                        },
                        {
                            "x": 1551340800000,
                            "y": 390083
                        },
                        {
                            "x": 1554015600000,
                            "y": 392702
                        },
                        {
                            "x": 1556607600000,
                            "y": 393081
                        },
                        {
                            "x": 1559286000000,
                            "y": 394655
                        },
                        {
                            "x": 1561878000000,
                            "y": 400022
                        },
                        {
                            "x": 1564556400000,
                            "y": 400199
                        },
                        {
                            "x": 1567234800000,
                            "y": 392430
                        },
                        {
                            "x": 1569826800000,
                            "y": 401244
                        },
                        {
                            "x": 1572505200000,
                            "y": 400006
                        },
                        {
                            "x": 1575100800000,
                            "y": 399195
                        },
                        {
                            "x": 1577779200000,
                            "y": 404835
                        },
                        {
                            "x": 1580457600000,
                            "y": 411243
                        },
                        {
                            "x": 1582963200000,
                            "y": 415090
                        },
                        {
                            "x": 1585638000000,
                            "y": 415407
                        },
                        {
                            "x": 1588230000000,
                            "y": 414952
                        },
                        {
                            "x": 1590908400000,
                            "y": 420436
                        },
                        {
                            "x": 1593500400000,
                            "y": 420499
                        },
                        {
                            "x": 1596178800000,
                            "y": 418498
                        },
                        {
                            "x": 1598857200000,
                            "y": 419651
                        },
                        {
                            "x": 1601449200000,
                            "y": 412918
                        },
                        {
                            "x": 1604127600000,
                            "y": 430976
                        },
                        {
                            "x": 1606723200000,
                            "y": 427173
                        },
                        {
                            "x": 1609401600000,
                            "y": 424112
                        },
                        {
                            "x": 1612080000000,
                            "y": 445293
                        },
                        {
                            "x": 1614499200000,
                            "y": 448203
                        },
                        {
                            "x": 1617174000000,
                            "y": 452071
                        },
                        {
                            "x": 1619766000000,
                            "y": 454528
                        },
                        {
                            "x": 1622444400000,
                            "y": 468293
                        },
                        {
                            "x": 1625036400000,
                            "y": 476700
                        },
                        {
                            "x": 1627714800000,
                            "y": 488900
                        },
                        {
                            "x": 1630393200000,
                            "y": 502000
                        },
                        {
                            "x": 1632985200000,
                            "y": 515900
                        },
                        {
                            "x": 1635663600000,
                            "y": 521100
                        },
                        {
                            "x": 1638259200000,
                            "y": 525000
                        },
                        {
                            "x": 1640937600000,
                            "y": 538200
                        },
                        {
                            "x": 1643616000000,
                            "y": 549200
                        },
                        {
                            "x": 1646035200000,
                            "y": 554800
                        },
                        {
                            "x": 1648710000000,
                            "y": 576200
                        },
                        {
                            "x": 1651302000000,
                            "y": 602400
                        },
                        {
                            "x": 1653980400000,
                            "y": 615600
                        },
                        {
                            "x": 1656572400000,
                            "y": 631600
                        },
                        {
                            "x": 1659250800000,
                            "y": 641700
                        },
                        {
                            "x": 1661929200000,
                            "y": 645900
                        },
                        {
                            "x": 1664521200000,
                            "y": 644700
                        },
                        {
                            "x": 1667199600000,
                            "y": 640400
                        },
                        {
                            "x": 1669795200000,
                            "y": 633700
                        },
                        {
                            "x": 1672473600000,
                            "y": 629400
                        },
                        {
                            "x": 1675152000000,
                            "y": 622400
                        },
                        {
                            "x": 1677571200000,
                            "y": 625500
                        },
                        {
                            "x": 1680246000000,
                            "y": 637900
                        },
                        {
                            "x": 1682838000000,
                            "y": 634800
                        },
                        {
                            "x": 1685516400000,
                            "y": 636700
                        },
                        {
                            "x": 1688108400000,
                            "y": 652500
                        },
                        {
                            "x": 1690786800000,
                            "y": 655700
                        },
                        {
                            "x": 1693465200000,
                            "y": 659800
                        },
                        {
                            "x": 1696057200000,
                            "y": 664000
                        },
                        {
                            "x": 1698735600000,
                            "y": 666100
                        },
                        {
                            "x": 1701331200000,
                            "y": 672500
                        },
                        {
                            "x": 1704009600000,
                            "y": 659900
                        },
                        {
                            "x": 1706688000000,
                            "y": 698800
                        },
                        {
                            "x": 1707292800000,
                            "y": 682200
                        }
                    ],
                    "name": "This home"
                },
                {
                    "points": [
                        {
                            "x": 1609228800000,
                            "y": 442000
                        }
                    ],
                    "name": "Sale"
                }
            ]
        }
    }
}