{
    "data": {
        "property": {
            "homeValueChartData": [
                {
                    "points": [
                        {
                            "x": 1393574400000,
                            "y": 286229
                        },
                        {
                            "x": 1396249200000,
                            "y": 284033
                        },
                        {
                            "x": 1398841200000,
                            "y": 283195
                        },
                        {
                            "x": 1401519600000,
                            "y": 287774
                        },
                        {
                            "x": 1404111600000,
                            "y": 287515
                        },
                        {
                            "x": 1406790000000,
                            "y": 289906
                        },
                        {
                            "x": 1409468400000,
                            "y": 291520
                        },
                        {
                            "x": 1412060400000,
                            "y": 290292
                        },
                        {
                            "x": 1414738800000,
                            "y": 292334
                        },
                        {
                            "x": 1417334400000,
                            "y": 292741
                        },
                        {
                            "x": 1420012800000,
                            "y": 295371
                        },
                        {
                            "x": 1422691200000,
                            "y": 286987
                        },
                        {
                            "x": 1425110400000,
                            "y": 287642
                        },
                        {
                            "x": 1427785200000,
                            "y": 291269
                        },
                        {
                            "x": 1430377200000,
                            "y": 293651
                        },
                        {
                            "x": 1433055600000,
                            "y": 290029
                        },
                        {
                            "x": 1435647600000,
                            "y": 300881
                        },
                        {
                            "x": 1438326000000,
                            "y": 300077
                        },
                        {
                            "x": 1441004400000,
                            "y": 294647
                        },
                        {
                            "x": 1443596400000,
                            "y": 292496
                        },
                        {
                            "x": 1446274800000,
                            "y": 297026
                        },
                        {
                            "x": 1448870400000,
                            "y": 323723
                        },
                        {
                            "x": 1451548800000,
                            "y": 324621
                        },
                        {
                            "x": 1454227200000,
                            "y": 320202
                        },
                        {
                            "x": 1456732800000,
                            "y": 321344
                        },
                        {
                            "x": 1459407600000,
                            "y": 322079
                        },
                        {
                            "x": 1461999600000,
                            "y": 317885
                        },
                        {
                            "x": 1464678000000,
                            "y": 329533
                        },
                        {
                            "x": 1467270000000,
                            "y": 329366
                        },
                        {
                            "x": 1469948400000,
                            "y": 337999
                        },
                        {
                            "x": 1472626800000,
                            "y": 340326
                        },
                        {
                            "x": 1475218800000,
                            "y": 345544
                        },
                        {
                            "x": 1477897200000,
                            "y": 343504
                        },
                        {
                            "x": 1480492800000,
                            "y": 350521
                        },
                        {
                            "x": 1483171200000,
                            "y": 347074
                        },
                        {
                            "x": 1485849600000,
                            "y": 371064
                        },
                        {
                            "x": 1488268800000,
                            "y": 370742
                        },
                        {
                            "x": 1490943600000,
                            "y": 373121
                        },
                        {
                            "x": 1493535600000,
                            "y": 371852
                        },
                        {
                            "x": 1496214000000,
                            "y": 368707
                        },
                        {
                            "x": 1498806000000,
                            "y": 367408
                        },
                        {
                            "x": 1501484400000,
                            "y": 366402
                        },
                        {
                            "x": 1504162800000,
                            "y": 364522
                        },
                        {
                            "x": 1506754800000,
                            "y": 364323
                        },
                        {
                            "x": 1509433200000,
                            "y": 367574
                        },
                        {
                            "x": 1512028800000,
                            "y": 367555
                        },
                        {
                            "x": 1514707200000,
                            "y": 369193
                        },
                        {
                            "x": 1517385600000,
                            "y": 369726
                        },
                        {
                            "x": 1519804800000,
                            "y": 371922
                        },
                        {
                            "x": 1522479600000,
                            "y": 371891
                        },
                        {
                            "x": 1525071600000,
                            "y": 371623
                        },
                        {
                            "x": 1527750000000,
                            "y": 377625
                        },
                        {
                            "x": 1530342000000,
                            "y": 378579
                        },
                        {
                            "x": 1533020400000,
                            "y": 377825
                        },
                        {
                            "x": 1535698800000,
                            "y": 373557
                        },
                        {
                            "x": 1538290800000,
                            "y": 374429
                        },
                        {
                            "x": 1540969200000,
                            "y": 377506
                        },
                        {
                            "x": 1543564800000,
                            "y": 379122
                        },
                        {
                            "x": 1546243200000,
                            "y": 380232
                        },
                        {
                            "x": 1548921600000,
                            "y": 382919
                        },
                        {
                            "x": 1551340800000,
                            "y": 387098
                        },
                        {
                            "x": 1554015600000,
                            "y": 387272
                        },
                        {
                            "x": 1556607600000,
                            "y": 387212
                        },
                        {
                            "x": 1559286000000,
                            "y": 383079
                        },
                        {
                            "x": 1561878000000,
                            "y": 387499
                        },
                        {
                            "x": 1564556400000,
                            "y": 385736
                        },
                        {
                            "x": 1567234800000,
                            "y": 383721
                        },
                        {
                            "x": 1569826800000,
                            "y": 388316
                        },
                        {
                            "x": 1572505200000,
                            "y": 386839
                        },
                        {
                            "x": 1575100800000,
                            "y": 395697
                        },
                        {
                            "x": 1577779200000,
                            "y": 395605
                        },
                        {
                            "x": 1580457600000,
                            "y": 399146
                        },
                        {
                            "x": 1582963200000,
                            "y": 393686
                        },
                        {
                            "x": 1585638000000,
                            "y": 394664
                        },
                        {
                            "x": 1588230000000,
                            "y": 394756
                        },
                        {
                            "x": 1590908400000,
                            "y": 399248
                        },
                        {
                            "x": 1593500400000,
                            "y": 399601
                        },
                        {
                            "x": 1596178800000,
                            "y": 401917
                        },
                        {
                            "x": 1598857200000,
                            "y": 408997
                        },
                        {
                            "x": 1601449200000,
                            "y": 404684
                        },
                        {
                            "x": 1604127600000,
                            "y": 411062
                        },
                        {
                            "x": 1606723200000,
                            "y": 413913
                        },
                        {
                            "x": 1609401600000,
                            "y": 421110
                        },
                        {
                            "x": 1612080000000,
                            "y": 429099
                        },
                        {
                            "x": 1614499200000,
                            "y": 440914
                        },
                        {
                            "x": 1617174000000,
                            "y": 443558
                        },
                        {
                            "x": 1619766000000,
                            "y": 458694
                        },
                        {
                            "x": 1622444400000,
                            "y": 480849
                        },
                        {
                            "x": 1625036400000,
                            "y": 468500
                        },
                        {
                            "x": 1627714800000,
                            "y": 473700
                        },
                        {
                            "x": 1630393200000,
                            "y": 473000
                        },
                        {
                            "x": 1632985200000,
                            "y": 474400
                        },
                        {
                            "x": 1635663600000,
                            "y": 478500
                        },
                        {
                            "x": 1638259200000,
                            "y": 485400
                        },
                        {
                            "x": 1640937600000,
                            "y": 490800
                        },
                        {
                            "x": 1643616000000,
                            "y": 493200
                        },
                        {
                            "x": 1646035200000,
                            "y": 498100
                        },
                        {
                            "x": 1648710000000,
                            "y": 537600
                        },
                        {
                            "x": 1651302000000,
                            "y": 567800
                        },
                        {
                            "x": 1653980400000,
                            "y": 587700
                        },
                        {
                            "x": 1656572400000,
                            "y": 595700
                        },
                        {
                            "x": 1659250800000,
                            "y": 600600
                        },
                        {
                            "x": 1661929200000,
                            "y": 597300
                        },
                        {
                            "x": 1664521200000,
                            "y": 594300
                        },
                        {
                            "x": 1667199600000,
                            "y": 593900
                        },
                        {
                            "x": 1669795200000,
                            "y": 574900
                        },
                        {
                            "x": 1672473600000,
                            "y": 552900
                        },
                        {
                            "x": 1675152000000,
                            "y": 542600
                        },
                        {
                            "x": 1677571200000,
                            "y": 558100
                        },
                        {
                            "x": 1680246000000,
                            "y": 592000
                        },
                        {
                            "x": 1682838000000,
                            "y": 582200
                        },
                        {
                            "x": 1685516400000,
                            "y": 585900
                        },
                        {
                            "x": 1688108400000,
                            "y": 608100
                        },
                        {
                            "x": 1690786800000,
                            "y": 620400
                        },
                        {
                            "x": 1693465200000,
                            "y": 613200
                        },
                        {
                            "x": 1696057200000,
                            "y": 621100
                        },
                        {
                            "x": 1698735600000,
                            "y": 623900
                        },
                        {
                            "x": 1701331200000,
                            "y": 630200
                        },
                        {
                            "x": 1704009600000,
                            "y": 623900
                        },
                        {
                            "x": 1706688000000,
                            "y": 628500
                        },
                        {
                            "x": 1707292800000,
                            "y": 606100
                        }
                    ],
                    "name": "This home"
                }
            ]
        }
    }
}