{
    "data": {
        "property": {
            "homeValueChartData": [
                {
                    "points": [
                        {
                            "x": 1393574400000,
                            "y": 280833
                        },
                        {
                            "x": 1396249200000,
                            "y": 280969
                        },
                        {
                            "x": 1398841200000,
                            "y": 277933
                        },
                        {
                            "x": 1401519600000,
                            "y": 283482
                        },
                        {
                            "x": 1404111600000,
                            "y": 283972
                        },
                        {
                            "x": 1406790000000,
                            "y": 279692
                        },
                        {
                            "x": 1409468400000,
                            "y": 281208
                        },
                        {
                            "x": 1412060400000,
                            "y": 285849
                        },
                        {
                            "x": 1414738800000,
                            "y": 286407
                        },
                        {
                            "x": 1417334400000,
                            "y": 279800
                        },
                        {
                            "x": 1420012800000,
                            "y": 288130
                        },
                        {
                            "x": 1422691200000,
                            "y": 292962
                        },
                        {
                            "x": 1425110400000,
                            "y": 303961
                        },
                        {
                            "x": 1427785200000,
                            "y": 308431
                        },
                        {
                            "x": 1430377200000,
                            "y": 309095
                        },
                        {
                            "x": 1433055600000,
                            "y": 299096
                        },
                        {
                            "x": 1435647600000,
                            "y": 303712
                        },
                        {
                            "x": 1438326000000,
                            "y": 302504
                        },
                        {
                            "x": 1441004400000,
                            "y": 294318
                        },
                        {
                            "x": 1443596400000,
                            "y": 291074
                        },
                        {
                            "x": 1446274800000,
                            "y": 297848
                        },
                        {
                            "x": 1448870400000,
                            "y": 321994
                        },
                        {
                            "x": 1451548800000,
                            "y": 329029
                        },
                        {
                            "x": 1454227200000,
                            "y": 325784
                        },
                        {
                            "x": 1456732800000,
                            "y": 328874
                        },
                        {
                            "x": 1459407600000,
                            "y": 332323
                        },
                        {
                            "x": 1461999600000,
                            "y": 330039
                        },
                        {
                            "x": 1464678000000,
                            "y": 340064
                        },
                        {
                            "x": 1467270000000,
                            "y": 341246
                        },
                        {
                            "x": 1469948400000,
                            "y": 346752
                        },
                        {
                            "x": 1472626800000,
                            "y": 351099
                        },
                        {
                            "x": 1475218800000,
                            "y": 352170
                        },
                        {
                            "x": 1477897200000,
                            "y": 348308
                        },
                        {
                            "x": 1480492800000,
                            "y": 358867
                        },
                        {
                            "x": 1483171200000,
                            "y": 354449
                        },
                        {
                            "x": 1485849600000,
                            "y": 360231
                        },
                        {
                            "x": 1488268800000,
                            "y": 361791
                        },
                        {
                            "x": 1490943600000,
                            "y": 364525
                        },
                        {
                            "x": 1493535600000,
                            "y": 368830
                        },
                        {
                            "x": 1496214000000,
                            "y": 366527
                        },
                        {
                            "x": 1498806000000,
                            "y": 366921
                        },
                        {
                            "x": 1501484400000,
                            "y": 366460
                        },
                        {
                            "x": 1504162800000,
                            "y": 363944
                        },
                        {
                            "x": 1506754800000,
                            "y": 365839
                        },
                        {
                            "x": 1509433200000,
                            "y": 367102
                        },
                        {
                            "x": 1512028800000,
                            "y": 368150
                        },
                        {
                            "x": 1514707200000,
                            "y": 371769
                        },
                        {
                            "x": 1517385600000,
                            "y": 370524
                        },
                        {
                            "x": 1519804800000,
                            "y": 372492
                        },
                        {
                            "x": 1522479600000,
                            "y": 380074
                        },
                        {
                            "x": 1525071600000,
                            "y": 377664
                        },
                        {
                            "x": 1527750000000,
                            "y": 381106
                        },
                        {
                            "x": 1530342000000,
                            "y": 381178
                        },
                        {
                            "x": 1533020400000,
                            "y": 379753
                        },
                        {
                            "x": 1535698800000,
                            "y": 377507
                        },
                        {
                            "x": 1538290800000,
                            "y": 376875
                        },
                        {
                            "x": 1540969200000,
                            "y": 378747
                        },
                        {
                            "x": 1543564800000,
                            "y": 382143
                        },
                        {
                            "x": 1546243200000,
                            "y": 381770
                        },
                        {
                            "x": 1548921600000,
                            "y": 383984
                        },
                        {
                            "x": 1551340800000,
                            "y": 386762
                        },
                        {
                            "x": 1554015600000,
                            "y": 386421
                        },
                        {
                            "x": 1556607600000,
                            "y": 384746
                        },
                        {
                            "x": 1559286000000,
                            "y": 382338
                        },
                        {
                            "x": 1561878000000,
                            "y": 386687
                        },
                        {
                            "x": 1564556400000,
                            "y": 381662
                        },
                        {
                            "x": 1567234800000,
                            "y": 381938
                        },
                        {
                            "x": 1569826800000,
                            "y": 387168
                        },
                        {
                            "x": 1572505200000,
                            "y": 387568
                        },
                        {
                            "x": 1575100800000,
                            "y": 392712
                        },
                        {
                            "x": 1577779200000,
                            "y": 391312
                        },
                        {
                            "x": 1580457600000,
                            "y": 393746
                        },
                        {
                            "x": 1582963200000,
                            "y": 384157
                        },
                        {
                            "x": 1585638000000,
                            "y": 383534
                        },
                        {
                            "x": 1588230000000,
                            "y": 399109
                        },
                        {
                            "x": 1590908400000,
                            "y": 400112
                        },
                        {
                            "x": 1593500400000,
                            "y": 397855
                        },
                        {
                            "x": 1596178800000,
                            "y": 400817
                        },
                        {
                            "x": 1598857200000,
                            "y": 406571
                        },
                        {
                            "x": 1601449200000,
                            "y": 387462
                        },
                        {
                            "x": 1604127600000,
                            "y": 393875
                        },
                        {
                            "x": 1606723200000,
                            "y": 398444
                        },
                        {
                            "x": 1609401600000,
                            "y": 408610
                        },
                        {
                            "x": 1612080000000,
                            "y": 418759
                        },
                        {
                            "x": 1614499200000,
                            "y": 428072
                        },
                        {
                            "x": 1617174000000,
                            "y": 431674
                        },
                        {
                            "x": 1619766000000,
                            "y": 450503
                        },
                        {
                            "x": 1622444400000,
                            "y": 464536
                        },
                        {
                            "x": 1625036400000,
                            "y": 465300
                        },
                        {
                            "x": 1627714800000,
                            "y": 472800
                        },
                        {
                            "x": 1630393200000,
                            "y": 477600
                        },
                        {
                            "x": 1632985200000,
                            "y": 485200
                        },
                        {
                            "x": 1635663600000,
                            "y": 492100
                        },
                        {
                            "x": 1638259200000,
                            "y": 498900
                        },
                        {
                            "x": 1640937600000,
                            "y": 507100
                        },
                        {
                            "x": 1643616000000,
                            "y": 513100
                        },
                        {
                            "x": 1646035200000,
                            "y": 524300
                        },
                        {
                            "x": 1648710000000,
                            "y": 546300
                        },
                        {
                            "x": 1651302000000,
                            "y": 563100
                        },
                        {
                            "x": 1653980400000,
                            "y": 577400
                        },
                        {
                            "x": 1656572400000,
                            "y": 586600
                        },
                        {
                            "x": 1659250800000,
                            "y": 592200
                        },
                        {
                            "x": 1661929200000,
                            "y": 589600
                        },
                        {
                            "x": 1664521200000,
                            "y": 585400
                        },
                        {
                            "x": 1667199600000,
                            "y": 583400
                        },
                        {
                            "x": 1669795200000,
                            "y": 573200
                        },
                        {
                            "x": 1672473600000,
                            "y": 571300
                        },
                        {
                            "x": 1675152000000,
                            "y": 565400
                        },
                        {
                            "x": 1677571200000,
                            "y": 567300
                        },
                        {
                            "x": 1680246000000,
                            "y": 579700
                        },
                        {
                            "x": 1682838000000,
                            "y": 576000
                        },
                        {
                            "x": 1685516400000,
                            "y": 582200
                        },
                        {
                            "x": 1688108400000,
                            "y": 616500
                        },
                        {
                            "x": 1690786800000,
                            "y": 622700
                        },
                        {
                            "x": 1693465200000,
                            "y": 613600
                        },
                        {
                            "x": 1696057200000,
                            "y": 620000
                        },
                        {
                            "x": 1698735600000,
                            "y": 621300
                        },
                        {
                            "x": 1701331200000,
                            "y": 621600
                        },
                        {
                            "x": 1704009600000,
                            "y": 618300
                        },
                        {
                            "x": 1706688000000,
                            "y": 628100
                        },
                        {
                            "x": 1707292800000,
                            "y": 611200
                        }
                    ],
                    "name": "This home"
                }
            ]
        }
    }
}