{
    "data": {
        "property": {
            "homeValueChartData": [
                {
                    "points": [
                        {
                            "x": 1393574400000,
                            "y": 130201
                        },
                        {
                            "x": 1396249200000,
                            "y": 125839
                        },
                        {
                            "x": 1398841200000,
                            "y": 126379
                        },
                        {
                            "x": 1401519600000,
                            "y": 126483
                        },
                        {
                            "x": 1404111600000,
                            "y": 128344
                        },
                        {
                            "x": 1406790000000,
                            "y": 126083
                        },
                        {
                            "x": 1409468400000,
                            "y": 127393
                        },
                        {
                            "x": 1412060400000,
                            "y": 118790
                        },
                        {
                            "x": 1414738800000,
                            "y": 120260
                        },
                        {
                            "x": 1417334400000,
                            "y": 125574
                        },
                        {
                            "x": 1420012800000,
                            "y": 126752
                        },
                        {
                            "x": 1422691200000,
                            "y": 125872
                        },
                        {
                            "x": 1425110400000,
                            "y": 129393
                        },
                        {
                            "x": 1427785200000,
                            "y": 126278
                        },
                        {
                            "x": 1430377200000,
                            "y": 129618
                        },
                        {
                            "x": 1433055600000,
                            "y": 129831
                        },
                        {
                            "x": 1435647600000,
                            "y": 129333
                        },
                        {
                            "x": 1438326000000,
                            "y": 129042
                        },
                        {
                            "x": 1441004400000,
                            "y": 128389
                        },
                        {
                            "x": 1443596400000,
                            "y": 130693
                        },
                        {
                            "x": 1446274800000,
                            "y": 132259
                        },
                        {
                            "x": 1448870400000,
                            "y": 129431
                        },
                        {
                            "x": 1451548800000,
                            "y": 132879
                        },
                        {
                            "x": 1454227200000,
                            "y": 131093
                        },
                        {
                            "x": 1456732800000,
                            "y": 133376
                        },
                        {
                            "x": 1459407600000,
                            "y": 141023
                        },
                        {
                            "x": 1461999600000,
                            "y": 141094
                        },
                        {
                            "x": 1464678000000,
                            "y": 140485
                        },
                        {
                            "x": 1467270000000,
                            "y": 139417
                        },
                        {
                            "x": 1469948400000,
                            "y": 141308
                        },
                        {
                            "x": 1472626800000,
                            "y": 143190
                        },
                        {
                            "x": 1475218800000,
                            "y": 142910
                        },
                        {
                            "x": 1477897200000,
                            "y": 143652
                        },
                        {
                            "x": 1480492800000,
                            "y": 144500
                        },
                        {
                            "x": 1483171200000,
                            "y": 146520
                        },
                        {
                            "x": 1485849600000,
                            "y": 148432
                        },
                        {
                            "x": 1488268800000,
                            "y": 149316
                        },
                        {
                            "x": 1490943600000,
                            "y": 149237
                        },
                        {
                            "x": 1493535600000,
                            "y": 148995
                        },
                        {
                            "x": 1496214000000,
                            "y": 146832
                        },
                        {
                            "x": 1498806000000,
                            "y": 146508
                        },
                        {
                            "x": 1501484400000,
                            "y": 145218
                        },
                        {
                            "x": 1504162800000,
                            "y": 142828
                        },
                        {
                            "x": 1506754800000,
                            "y": 142116
                        },
                        {
                            "x": 1509433200000,
                            "y": 142351
                        },
                        {
                            "x": 1512028800000,
                            "y": 142286
                        },
                        {
                            "x": 1514707200000,
                            "y": 142594
                        },
                        {
                            "x": 1517385600000,
                            "y": 145952
                        },
                        {
                            "x": 1519804800000,
                            "y": 147163
                        },
                        {
                            "x": 1522479600000,
                            "y": 147541
                        },
                        {
                            "x": 1525071600000,
                            "y": 147587
                        },
                        {
                            "x": 1527750000000,
                            "y": 149316
                        },
                        {
                            "x": 1530342000000,
                            "y": 149154
                        },
                        {
                            "x": 1533020400000,
                            "y": 155341
                        },
                        {
                            "x": 1535698800000,
                            "y": 156423
                        },
                        {
                            "x": 1538290800000,
                            "y": 156363
                        },
                        {
                            "x": 1540969200000,
                            "y": 155406
                        },
                        {
                            "x": 1543564800000,
                            "y": 153781
                        },
                        {
                            "x": 1546243200000,
                            "y": 153684
                        },
                        {
                            "x": 1548921600000,
                            "y": 151844
                        },
                        {
                            "x": 1551340800000,
                            "y": 154738
                        },
                        {
                            "x": 1554015600000,
                            "y": 163115
                        },
                        {
                            "x": 1556607600000,
                            "y": 166619
                        },
                        {
                            "x": 1559286000000,
                            "y": 168954
                        },
                        {
                            "x": 1561878000000,
                            "y": 167842
                        },
                        {
                            "x": 1564556400000,
                            "y": 165793
                        },
                        {
                            "x": 1567234800000,
                            "y": 169604
                        },
                        {
                            "x": 1569826800000,
                            "y": 173963
                        },
                        {
                            "x": 1572505200000,
                            "y": 176346
                        },
                        {
                            "x": 1575100800000,
                            "y": 176341
                        },
                        {
                            "x": 1577779200000,
                            "y": 174926
                        },
                        {
                            "x": 1580457600000,
                            "y": 178374
                        },
                        {
                            "x": 1582963200000,
                            "y": 178968
                        },
                        {
                            "x": 1585638000000,
                            "y": 176367
                        },
                        {
                            "x": 1588230000000,
                            "y": 179986
                        },
                        {
                            "x": 1590908400000,
                            "y": 179064
                        },
                        {
                            "x": 1593500400000,
                            "y": 178174
                        },
                        {
                            "x": 1596178800000,
                            "y": 177890
                        },
                        {
                            "x": 1598857200000,
                            "y": 176645
                        },
                        {
                            "x": 1601449200000,
                            "y": 167974
                        },
                        {
                            "x": 1604127600000,
                            "y": 172454
                        },
                        {
                            "x": 1606723200000,
                            "y": 176091
                        },
                        {
                            "x": 1609401600000,
                            "y": 166690
                        },
                        {
                            "x": 1612080000000,
                            "y": 164046
                        },
                        {
                            "x": 1614499200000,
                            "y": 167459
                        },
                        {
                            "x": 1617174000000,
                            "y": 169016
                        },
                        {
                            "x": 1619766000000,
                            "y": 180945
                        },
                        {
                            "x": 1622444400000,
                            "y": 196989
                        },
                        {
                            "x": 1625036400000,
                            "y": 186700
                        },
                        {
                            "x": 1627714800000,
                            "y": 182800
                        },
                        {
                            "x": 1630393200000,
                            "y": 181700
                        },
                        {
                            "x": 1632985200000,
                            "y": 183300
                        },
                        {
                            "x": 1635663600000,
                            "y": 186600
                        },
                        {
                            "x": 1638259200000,
                            "y": 190900
                        },
                        {
                            "x": 1640937600000,
                            "y": 194700
                        },
                        {
                            "x": 1643616000000,
                            "y": 195600
                        },
                        {
                            "x": 1646035200000,
                            "y": 200800
                        },
                        {
                            "x": 1648710000000,
                            "y": 209100
                        },
                        {
                            "x": 1651302000000,
                            "y": 217000
                        },
                        {
                            "x": 1653980400000,
                            "y": 225200
                        },
                        {
                            "x": 1656572400000,
                            "y": 230300
                        },
                        {
                            "x": 1659250800000,
                            "y": 232900
                        },
                        {
                            "x": 1661929200000,
                            "y": 233600
                        },
                        {
                            "x": 1664521200000,
                            "y": 237800
                        },
                        {
                            "x": 1667199600000,
                            "y": 241200
                        },
                        {
                            "x": 1669795200000,
                            "y": 240500
                        },
                        {
                            "x": 1672473600000,
                            "y": 239300
                        },
                        {
                            "x": 1675152000000,
                            "y": 238000
                        },
                        {
                            "x": 1677571200000,
                            "y": 240600
                        },
                        {
                            "x": 1680246000000,
                            "y": 247800
                        },
                        {
                            "x": 1682838000000,
                            "y": 243800
                        },
                        {
                            "x": 1685516400000,
                            "y": 245600
                        },
                        {
                            "x": 1688108400000,
                            "y": 251500
                        },
                        {
                            "x": 1690786800000,
                            "y": 255100
                        },
                        {
                            "x": 1693465200000,
                            "y": 250800
                        },
                        {
                            "x": 1696057200000,
                            "y": 251700
                        },
                        {
                            "x": 1698735600000,
                            "y": 254500
                        },
                        {
                            "x": 1701331200000,
                            "y": 253000
                        },
                        {
                            "x": 1704009600000,
                            "y": 268200
                        },
                        {
                            "x": 1706688000000,
                            "y": 268700
                        },
                        {
                            "x": 1707206400000,
                            "y": 268300
                        }
                    ],
                    "name": "This home"
                }
            ]
        }
    }
}