{
    "data": {
        "property": {
            "homeValueChartData": [
                {
                    "points": [
                        {
                            "x": 1393574400000,
                            "y": 192203
                        },
                        {
                            "x": 1396249200000,
                            "y": 204434
                        },
                        {
                            "x": 1398841200000,
                            "y": 186462
                        },
                        {
                            "x": 1401519600000,
                            "y": 197446
                        },
                        {
                            "x": 1404111600000,
                            "y": 195036
                        },
                        {
                            "x": 1406790000000,
                            "y": 195531
                        },
                        {
                            "x": 1409468400000,
                            "y": 196619
                        },
                        {
                            "x": 1412060400000,
                            "y": 195713
                        },
                        {
                            "x": 1414738800000,
                            "y": 198379
                        },
                        {
                            "x": 1417334400000,
                            "y": 197187
                        },
                        {
                            "x": 1420012800000,
                            "y": 205036
                        },
                        {
                            "x": 1422691200000,
                            "y": 221299
                        },
                        {
                            "x": 1425110400000,
                            "y": 224586
                        },
                        {
                            "x": 1427785200000,
                            "y": 221543
                        },
                        {
                            "x": 1430377200000,
                            "y": 219220
                        },
                        {
                            "x": 1433055600000,
                            "y": 220534
                        },
                        {
                            "x": 1435647600000,
                            "y": 225413
                        },
                        {
                            "x": 1438326000000,
                            "y": 232468
                        },
                        {
                            "x": 1441004400000,
                            "y": 233957
                        },
                        {
                            "x": 1443596400000,
                            "y": 233410
                        },
                        {
                            "x": 1446274800000,
                            "y": 236390
                        },
                        {
                            "x": 1448870400000,
                            "y": 227016
                        },
                        {
                            "x": 1451548800000,
                            "y": 226388
                        },
                        {
                            "x": 1454227200000,
                            "y": 228081
                        },
                        {
                            "x": 1456732800000,
                            "y": 231006
                        },
                        {
                            "x": 1459407600000,
                            "y": 227029
                        },
                        {
                            "x": 1461999600000,
                            "y": 227202
                        },
                        {
                            "x": 1464678000000,
                            "y": 231389
                        },
                        {
                            "x": 1467270000000,
                            "y": 232323
                        },
                        {
                            "x": 1469948400000,
                            "y": 233518
                        },
                        {
                            "x": 1472626800000,
                            "y": 233885
                        },
                        {
                            "x": 1475218800000,
                            "y": 243041
                        },
                        {
                            "x": 1477897200000,
                            "y": 248827
                        },
                        {
                            "x": 1480492800000,
                            "y": 252404
                        },
                        {
                            "x": 1483171200000,
                            "y": 251923
                        },
                        {
                            "x": 1485849600000,
                            "y": 254326
                        },
                        {
                            "x": 1488268800000,
                            "y": 255245
                        },
                        {
                            "x": 1490943600000,
                            "y": 259555
                        },
                        {
                            "x": 1493535600000,
                            "y": 260972
                        },
                        {
                            "x": 1496214000000,
                            "y": 259290
                        },
                        {
                            "x": 1498806000000,
                            "y": 258766
                        },
                        {
                            "x": 1501484400000,
                            "y": 262941
                        },
                        {
                            "x": 1504162800000,
                            "y": 262829
                        },
                        {
                            "x": 1506754800000,
                            "y": 263908
                        },
                        {
                            "x": 1509433200000,
                            "y": 265781
                        },
                        {
                            "x": 1512028800000,
                            "y": 265843
                        },
                        {
                            "x": 1514707200000,
                            "y": 275573
                        },
                        {
                            "x": 1517385600000,
                            "y": 279080
                        },
                        {
                            "x": 1519804800000,
                            "y": 280856
                        },
                        {
                            "x": 1522479600000,
                            "y": 281778
                        },
                        {
                            "x": 1525071600000,
                            "y": 282232
                        },
                        {
                            "x": 1527750000000,
                            "y": 283152
                        },
                        {
                            "x": 1530342000000,
                            "y": 274982
                        },
                        {
                            "x": 1533020400000,
                            "y": 276017
                        },
                        {
                            "x": 1535698800000,
                            "y": 271703
                        },
                        {
                            "x": 1538290800000,
                            "y": 266459
                        },
                        {
                            "x": 1540969200000,
                            "y": 267375
                        },
                        {
                            "x": 1543564800000,
                            "y": 266171
                        },
                        {
                            "x": 1546243200000,
                            "y": 264049
                        },
                        {
                            "x": 1548921600000,
                            "y": 272605
                        },
                        {
                            "x": 1551340800000,
                            "y": 267016
                        },
                        {
                            "x": 1554015600000,
                            "y": 268857
                        },
                        {
                            "x": 1556607600000,
                            "y": 261775
                        },
                        {
                            "x": 1559286000000,
                            "y": 260947
                        },
                        {
                            "x": 1561878000000,
                            "y": 269939
                        },
                        {
                            "x": 1564556400000,
                            "y": 260657
                        },
                        {
                            "x": 1567234800000,
                            "y": 264085
                        },
                        {
                            "x": 1569826800000,
                            "y": 266378
                        },
                        {
                            "x": 1572505200000,
                            "y": 277091
                        },
                        {
                            "x": 1575100800000,
                            "y": 269068
                        },
                        {
                            "x": 1577779200000,
                            "y": 269869
                        },
                        {
                            "x": 1580457600000,
                            "y": 277606
                        },
                        {
                            "x": 1582963200000,
                            "y": 306932
                        },
                        {
                            "x": 1585638000000,
                            "y": 307877
                        },
                        {
                            "x": 1588230000000,
                            "y": 305363
                        },
                        {
                            "x": 1590908400000,
                            "y": 301612
                        },
                        {
                            "x": 1593500400000,
                            "y": 294346
                        },
                        {
                            "x": 1596178800000,
                            "y": 291620
                        },
                        {
                            "x": 1598857200000,
                            "y": 290414
                        },
                        {
                            "x": 1601449200000,
                            "y": 295693
                        },
                        {
                            "x": 1604127600000,
                            "y": 297939
                        },
                        {
                            "x": 1606723200000,
                            "y": 301548
                        },
                        {
                            "x": 1609401600000,
                            "y": 302087
                        },
                        {
                            "x": 1612080000000,
                            "y": 302902
                        },
                        {
                            "x": 1614499200000,
                            "y": 307192
                        },
                        {
                            "x": 1617174000000,
                            "y": 301988
                        },
                        {
                            "x": 1619766000000,
                            "y": 318685
                        },
                        {
                            "x": 1622444400000,
                            "y": 322916
                        },
                        {
                            "x": 1625036400000,
                            "y": 285400
                        },
                        {
                            "x": 1627714800000,
                            "y": 290900
                        },
                        {
                            "x": 1630393200000,
                            "y": 297400
                        },
                        {
                            "x": 1632985200000,
                            "y": 304800
                        },
                        {
                            "x": 1635663600000,
                            "y": 308400
                        },
                        {
                            "x": 1638259200000,
                            "y": 311700
                        },
                        {
                            "x": 1640937600000,
                            "y": 320000
                        },
                        {
                            "x": 1643616000000,
                            "y": 326700
                        },
                        {
                            "x": 1646035200000,
                            "y": 329900
                        },
                        {
                            "x": 1648710000000,
                            "y": 343200
                        },
                        {
                            "x": 1651302000000,
                            "y": 359200
                        },
                        {
                            "x": 1653980400000,
                            "y": 367400
                        },
                        {
                            "x": 1656572400000,
                            "y": 375200
                        },
                        {
                            "x": 1659250800000,
                            "y": 379400
                        },
                        {
                            "x": 1661929200000,
                            "y": 380300
                        },
                        {
                            "x": 1664521200000,
                            "y": 379800
                        },
                        {
                            "x": 1667199600000,
                            "y": 376700
                        },
                        {
                            "x": 1669795200000,
                            "y": 392600
                        },
                        {
                            "x": 1672473600000,
                            "y": 396900
                        },
                        {
                            "x": 1675152000000,
                            "y": 396400
                        },
                        {
                            "x": 1677571200000,
                            "y": 395900
                        },
                        {
                            "x": 1680246000000,
                            "y": 395000
                        },
                        {
                            "x": 1682838000000,
                            "y": 389700
                        },
                        {
                            "x": 1685516400000,
                            "y": 391500
                        },
                        {
                            "x": 1688108400000,
                            "y": 396300
                        },
                        {
                            "x": 1690786800000,
                            "y": 401700
                        },
                        {
                            "x": 1693465200000,
                            "y": 394500
                        },
                        {
                            "x": 1696057200000,
                            "y": 391200
                        },
                        {
                            "x": 1698735600000,
                            "y": 399500
                        },
                        {
                            "x": 1701331200000,
                            "y": 398100
                        },
                        {
                            "x": 1704009600000,
                            "y": 468100
                        },
                        {
                            "x": 1706688000000,
                            "y": 447400
                        },
                        {
                            "x": 1707292800000,
                            "y": 442300
                        }
                    ],
                    "name": "This home"
                }
            ]
        }
    }
}