{
    "data": {
        "property": {
            "homeValueChartData": [
                {
                    "points": [
                        {
                            "x": 1393574400000,
                            "y": 258003
                        },
                        {
                            "x": 1396249200000,
                            "y": 257063
                        },
                        {
                            "x": 1398841200000,
                            "y": 257048
                        },
                        {
                            "x": 1401519600000,
                            "y": 262381
                        },
                        {
                            "x": 1404111600000,
                            "y": 259381
                        },
                        {
                            "x": 1406790000000,
                            "y": 260841
                        },
                        {
                            "x": 1409468400000,
                            "y": 263104
                        },
                        {
                            "x": 1412060400000,
                            "y": 264904
                        },
                        {
                            "x": 1414738800000,
                            "y": 264952
                        },
                        {
                            "x": 1417334400000,
                            "y": 258712
                        },
                        {
                            "x": 1420012800000,
                            "y": 263976
                        },
                        {
                            "x": 1422691200000,
                            "y": 271372
                        },
                        {
                            "x": 1425110400000,
                            "y": 275258
                        },
                        {
                            "x": 1427785200000,
                            "y": 272940
                        },
                        {
                            "x": 1430377200000,
                            "y": 272449
                        },
                        {
                            "x": 1433055600000,
                            "y": 283204
                        },
                        {
                            "x": 1435647600000,
                            "y": 281706
                        },
                        {
                            "x": 1438326000000,
                            "y": 280062
                        },
                        {
                            "x": 1441004400000,
                            "y": 276744
                        },
                        {
                            "x": 1443596400000,
                            "y": 282993
                        },
                        {
                            "x": 1446274800000,
                            "y": 283446
                        },
                        {
                            "x": 1448870400000,
                            "y": 275590
                        },
                        {
                            "x": 1451548800000,
                            "y": 277368
                        },
                        {
                            "x": 1454227200000,
                            "y": 274258
                        },
                        {
                            "x": 1456732800000,
                            "y": 278381
                        },
                        {
                            "x": 1459407600000,
                            "y": 277133
                        },
                        {
                            "x": 1461999600000,
                            "y": 280291
                        },
                        {
                            "x": 1464678000000,
                            "y": 285258
                        },
                        {
                            "x": 1467270000000,
                            "y": 287968
                        },
                        {
                            "x": 1469948400000,
                            "y": 289794
                        },
                        {
                            "x": 1472626800000,
                            "y": 292736
                        },
                        {
                            "x": 1475218800000,
                            "y": 297540
                        },
                        {
                            "x": 1477897200000,
                            "y": 271128
                        },
                        {
                            "x": 1480492800000,
                            "y": 273677
                        },
                        {
                            "x": 1483171200000,
                            "y": 274414
                        },
                        {
                            "x": 1485849600000,
                            "y": 275498
                        },
                        {
                            "x": 1488268800000,
                            "y": 277526
                        },
                        {
                            "x": 1490943600000,
                            "y": 276980
                        },
                        {
                            "x": 1493535600000,
                            "y": 283322
                        },
                        {
                            "x": 1496214000000,
                            "y": 280363
                        },
                        {
                            "x": 1498806000000,
                            "y": 280088
                        },
                        {
                            "x": 1501484400000,
                            "y": 286153
                        },
                        {
                            "x": 1504162800000,
                            "y": 286014
                        },
                        {
                            "x": 1506754800000,
                            "y": 286293
                        },
                        {
                            "x": 1509433200000,
                            "y": 291539
                        },
                        {
                            "x": 1512028800000,
                            "y": 289219
                        },
                        {
                            "x": 1514707200000,
                            "y": 290547
                        },
                        {
                            "x": 1517385600000,
                            "y": 292632
                        },
                        {
                            "x": 1519804800000,
                            "y": 293669
                        },
                        {
                            "x": 1522479600000,
                            "y": 302230
                        },
                        {
                            "x": 1525071600000,
                            "y": 297520
                        },
                        {
                            "x": 1527750000000,
                            "y": 303495
                        },
                        {
                            "x": 1530342000000,
                            "y": 303694
                        },
                        {
                            "x": 1533020400000,
                            "y": 304825
                        },
                        {
                            "x": 1535698800000,
                            "y": 307769
                        },
                        {
                            "x": 1538290800000,
                            "y": 305526
                        },
                        {
                            "x": 1540969200000,
                            "y": 304733
                        },
                        {
                            "x": 1543564800000,
                            "y": 308811
                        },
                        {
                            "x": 1546243200000,
                            "y": 309559
                        },
                        {
                            "x": 1548921600000,
                            "y": 310358
                        },
                        {
                            "x": 1551340800000,
                            "y": 310946
                        },
                        {
                            "x": 1554015600000,
                            "y": 312530
                        },
                        {
                            "x": 1556607600000,
                            "y": 312616
                        },
                        {
                            "x": 1559286000000,
                            "y": 311624
                        },
                        {
                            "x": 1561878000000,
                            "y": 313995
                        },
                        {
                            "x": 1564556400000,
                            "y": 311173
                        },
                        {
                            "x": 1567234800000,
                            "y": 312000
                        },
                        {
                            "x": 1569826800000,
                            "y": 318271
                        },
                        {
                            "x": 1572505200000,
                            "y": 329157
                        },
                        {
                            "x": 1575100800000,
                            "y": 341276
                        },
                        {
                            "x": 1577779200000,
                            "y": 353605
                        },
                        {
                            "x": 1580457600000,
                            "y": 358106
                        },
                        {
                            "x": 1582963200000,
                            "y": 367253
                        },
                        {
                            "x": 1585638000000,
                            "y": 367358
                        },
                        {
                            "x": 1588230000000,
                            "y": 367890
                        },
                        {
                            "x": 1590908400000,
                            "y": 373784
                        },
                        {
                            "x": 1593500400000,
                            "y": 373854
                        },
                        {
                            "x": 1596178800000,
                            "y": 373614
                        },
                        {
                            "x": 1598857200000,
                            "y": 378406
                        },
                        {
                            "x": 1601449200000,
                            "y": 365205
                        },
                        {
                            "x": 1604127600000,
                            "y": 362832
                        },
                        {
                            "x": 1606723200000,
                            "y": 365307
                        },
                        {
                            "x": 1609401600000,
                            "y": 372228
                        },
                        {
                            "x": 1612080000000,
                            "y": 374012
                        },
                        {
                            "x": 1614499200000,
                            "y": 380211
                        },
                        {
                            "x": 1617174000000,
                            "y": 383675
                        },
                        {
                            "x": 1619766000000,
                            "y": 397495
                        },
                        {
                            "x": 1622444400000,
                            "y": 418246
                        },
                        {
                            "x": 1625036400000,
                            "y": 428200
                        },
                        {
                            "x": 1627714800000,
                            "y": 440600
                        },
                        {
                            "x": 1630393200000,
                            "y": 445000
                        },
                        {
                            "x": 1632985200000,
                            "y": 451800
                        },
                        {
                            "x": 1635663600000,
                            "y": 457300
                        },
                        {
                            "x": 1638259200000,
                            "y": 462100
                        },
                        {
                            "x": 1640937600000,
                            "y": 470500
                        },
                        {
                            "x": 1643616000000,
                            "y": 476800
                        },
                        {
                            "x": 1646035200000,
                            "y": 486200
                        },
                        {
                            "x": 1648710000000,
                            "y": 506100
                        },
                        {
                            "x": 1651302000000,
                            "y": 523100
                        },
                        {
                            "x": 1653980400000,
                            "y": 536600
                        },
                        {
                            "x": 1656572400000,
                            "y": 544100
                        },
                        {
                            "x": 1659250800000,
                            "y": 543800
                        },
                        {
                            "x": 1661929200000,
                            "y": 536900
                        },
                        {
                            "x": 1664521200000,
                            "y": 533400
                        },
                        {
                            "x": 1667199600000,
                            "y": 533900
                        },
                        {
                            "x": 1669795200000,
                            "y": 518700
                        },
                        {
                            "x": 1672473600000,
                            "y": 509300
                        },
                        {
                            "x": 1675152000000,
                            "y": 503000
                        },
                        {
                            "x": 1677571200000,
                            "y": 508400
                        },
                        {
                            "x": 1680246000000,
                            "y": 523600
                        },
                        {
                            "x": 1682838000000,
                            "y": 525100
                        },
                        {
                            "x": 1685516400000,
                            "y": 527000
                        },
                        {
                            "x": 1688108400000,
                            "y": 543500
                        },
                        {
                            "x": 1690786800000,
                            "y": 553500
                        },
                        {
                            "x": 1693465200000,
                            "y": 550200
                        },
                        {
                            "x": 1696057200000,
                            "y": 552200
                        },
                        {
                            "x": 1698735600000,
                            "y": 599000
                        },
                        {
                            "x": 1701331200000,
                            "y": 598600
                        },
                        {
                            "x": 1704009600000,
                            "y": 595400
                        },
                        {
                            "x": 1706688000000,
                            "y": 547000
                        },
                        {
                            "x": 1707379200000,
                            "y": 546300
                        }
                    ],
                    "name": "This home"
                },
                {
                    "points": [
                        {
                            "x": 1475564400000,
                            "y": 270000
                        }
                    ],
                    "name": "Sale"
                }
            ]
        }
    }
}