{
    "data": {
        "property": {
            "homeValueChartData": [
                {
                    "points": [
                        {
                            "x": 1393574400000,
                            "y": 54180
                        },
                        {
                            "x": 1396249200000,
                            "y": 55134
                        },
                        {
                            "x": 1398841200000,
                            "y": 53588
                        },
                        {
                            "x": 1401519600000,
                            "y": 54875
                        },
                        {
                            "x": 1404111600000,
                            "y": 54416
                        },
                        {
                            "x": 1406790000000,
                            "y": 55356
                        },
                        {
                            "x": 1409468400000,
                            "y": 55029
                        },
                        {
                            "x": 1412060400000,
                            "y": 55869
                        },
                        {
                            "x": 1414738800000,
                            "y": 55486
                        },
                        {
                            "x": 1417334400000,
                            "y": 54866
                        },
                        {
                            "x": 1420012800000,
                            "y": 56111
                        },
                        {
                            "x": 1422691200000,
                            "y": 56773
                        },
                        {
                            "x": 1425110400000,
                            "y": 57872
                        },
                        {
                            "x": 1427785200000,
                            "y": 56920
                        },
                        {
                            "x": 1430377200000,
                            "y": 57747
                        },
                        {
                            "x": 1433055600000,
                            "y": 57342
                        },
                        {
                            "x": 1435647600000,
                            "y": 58387
                        },
                        {
                            "x": 1438326000000,
                            "y": 58179
                        },
                        {
                            "x": 1441004400000,
                            "y": 62194
                        },
                        {
                            "x": 1443596400000,
                            "y": 68264
                        },
                        {
                            "x": 1446274800000,
                            "y": 74859
                        },
                        {
                            "x": 1448870400000,
                            "y": 64436
                        },
                        {
                            "x": 1451548800000,
                            "y": 65022
                        },
                        {
                            "x": 1454227200000,
                            "y": 73509
                        },
                        {
                            "x": 1456732800000,
                            "y": 73898
                        },
                        {
                            "x": 1459407600000,
                            "y": 75427
                        },
                        {
                            "x": 1461999600000,
                            "y": 73854
                        },
                        {
                            "x": 1464678000000,
                            "y": 76465
                        },
                        {
                            "x": 1467270000000,
                            "y": 73862
                        },
                        {
                            "x": 1469948400000,
                            "y": 77475
                        },
                        {
                            "x": 1472626800000,
                            "y": 75300
                        },
                        {
                            "x": 1475218800000,
                            "y": 72511
                        },
                        {
                            "x": 1477897200000,
                            "y": 74947
                        },
                        {
                            "x": 1480492800000,
                            "y": 69204
                        },
                        {
                            "x": 1483171200000,
                            "y": 64031
                        },
                        {
                            "x": 1485849600000,
                            "y": 59302
                        },
                        {
                            "x": 1488268800000,
                            "y": 61314
                        },
                        {
                            "x": 1490943600000,
                            "y": 62455
                        },
                        {
                            "x": 1493535600000,
                            "y": 63963
                        },
                        {
                            "x": 1496214000000,
                            "y": 69386
                        },
                        {
                            "x": 1498806000000,
                            "y": 71928
                        },
                        {
                            "x": 1501484400000,
                            "y": 71254
                        },
                        {
                            "x": 1504162800000,
                            "y": 70705
                        },
                        {
                            "x": 1506754800000,
                            "y": 72672
                        },
                        {
                            "x": 1509433200000,
                            "y": 74420
                        },
                        {
                            "x": 1512028800000,
                            "y": 74837
                        },
                        {
                            "x": 1514707200000,
                            "y": 75441
                        },
                        {
                            "x": 1517385600000,
                            "y": 101717
                        },
                        {
                            "x": 1519804800000,
                            "y": 108780
                        },
                        {
                            "x": 1522479600000,
                            "y": 109812
                        },
                        {
                            "x": 1525071600000,
                            "y": 110800
                        },
                        {
                            "x": 1527750000000,
                            "y": 110194
                        },
                        {
                            "x": 1530342000000,
                            "y": 112544
                        },
                        {
                            "x": 1533020400000,
                            "y": 113865
                        },
                        {
                            "x": 1535698800000,
                            "y": 112169
                        },
                        {
                            "x": 1538290800000,
                            "y": 109735
                        },
                        {
                            "x": 1540969200000,
                            "y": 109617
                        },
                        {
                            "x": 1543564800000,
                            "y": 117832
                        },
                        {
                            "x": 1546243200000,
                            "y": 116089
                        },
                        {
                            "x": 1548921600000,
                            "y": 118523
                        },
                        {
                            "x": 1551340800000,
                            "y": 119686
                        },
                        {
                            "x": 1554015600000,
                            "y": 118523
                        },
                        {
                            "x": 1556607600000,
                            "y": 118578
                        },
                        {
                            "x": 1559286000000,
                            "y": 122265
                        },
                        {
                            "x": 1561878000000,
                            "y": 126599
                        },
                        {
                            "x": 1564556400000,
                            "y": 124935
                        },
                        {
                            "x": 1567234800000,
                            "y": 121958
                        },
                        {
                            "x": 1569826800000,
                            "y": 125969
                        },
                        {
                            "x": 1572505200000,
                            "y": 118071
                        },
                        {
                            "x": 1575100800000,
                            "y": 119205
                        },
                        {
                            "x": 1577779200000,
                            "y": 120532
                        },
                        {
                            "x": 1580457600000,
                            "y": 118327
                        },
                        {
                            "x": 1582963200000,
                            "y": 118838
                        },
                        {
                            "x": 1585638000000,
                            "y": 119509
                        },
                        {
                            "x": 1588230000000,
                            "y": 147091
                        },
                        {
                            "x": 1590908400000,
                            "y": 145950
                        },
                        {
                            "x": 1593500400000,
                            "y": 148871
                        },
                        {
                            "x": 1596178800000,
                            "y": 145913
                        },
                        {
                            "x": 1598857200000,
                            "y": 144907
                        },
                        {
                            "x": 1601449200000,
                            "y": 127862
                        },
                        {
                            "x": 1604127600000,
                            "y": 132039
                        },
                        {
                            "x": 1606723200000,
                            "y": 122443
                        },
                        {
                            "x": 1609401600000,
                            "y": 121869
                        },
                        {
                            "x": 1612080000000,
                            "y": 126278
                        },
                        {
                            "x": 1614499200000,
                            "y": 126852
                        },
                        {
                            "x": 1617174000000,
                            "y": 127671
                        },
                        {
                            "x": 1619766000000,
                            "y": 140487
                        },
                        {
                            "x": 1622444400000,
                            "y": 144557
                        },
                        {
                            "x": 1625036400000,
                            "y": 142500
                        },
                        {
                            "x": 1627714800000,
                            "y": 143500
                        },
                        {
                            "x": 1630393200000,
                            "y": 144300
                        },
                        {
                            "x": 1632985200000,
                            "y": 147700
                        },
                        {
                            "x": 1635663600000,
                            "y": 151600
                        },
                        {
                            "x": 1638259200000,
                            "y": 153800
                        },
                        {
                            "x": 1640937600000,
                            "y": 158000
                        },
                        {
                            "x": 1643616000000,
                            "y": 164000
                        },
                        {
                            "x": 1646035200000,
                            "y": 168200
                        },
                        {
                            "x": 1648710000000,
                            "y": 170800
                        },
                        {
                            "x": 1651302000000,
                            "y": 174700
                        },
                        {
                            "x": 1653980400000,
                            "y": 179700
                        },
                        {
                            "x": 1656572400000,
                            "y": 183800
                        },
                        {
                            "x": 1659250800000,
                            "y": 185400
                        },
                        {
                            "x": 1661929200000,
                            "y": 184600
                        },
                        {
                            "x": 1664521200000,
                            "y": 187200
                        },
                        {
                            "x": 1667199600000,
                            "y": 190400
                        },
                        {
                            "x": 1669795200000,
                            "y": 193600
                        },
                        {
                            "x": 1672473600000,
                            "y": 196800
                        },
                        {
                            "x": 1675152000000,
                            "y": 271100
                        },
                        {
                            "x": 1677571200000,
                            "y": 236200
                        },
                        {
                            "x": 1680246000000,
                            "y": 235900
                        },
                        {
                            "x": 1682838000000,
                            "y": 236200
                        },
                        {
                            "x": 1685516400000,
                            "y": 236000
                        },
                        {
                            "x": 1688108400000,
                            "y": 234800
                        },
                        {
                            "x": 1690786800000,
                            "y": 233900
                        },
                        {
                            "x": 1693465200000,
                            "y": 254700
                        },
                        {
                            "x": 1696057200000,
                            "y": 254800
                        },
                        {
                            "x": 1698735600000,
                            "y": 253800
                        },
                        {
                            "x": 1701331200000,
                            "y": 252300
                        },
                        {
                            "x": 1704009600000,
                            "y": 250500
                        },
                        {
                            "x": 1706688000000,
                            "y": 249800
                        },
                        {
                            "x": 1707206400000,
                            "y": 249700
                        }
                    ],
                    "name": "This home"
                },
                {
                    "points": [
                        {
                            "x": 1435820400000,
                            "y": 55000
                        }
                    ],
                    "name": "Sale"
                }
            ]
        }
    }
}