{
    "data": {
        "property": {
            "homeValueChartData": [
                {
                    "points": [
                        {
                            "x": 1393574400000,
                            "y": 114782
                        },
                        {
                            "x": 1396249200000,
                            "y": 120615
                        },
                        {
                            "x": 1398841200000,
                            "y": 120491
                        },
                        {
                            "x": 1401519600000,
                            "y": 120382
                        },
                        {
                            "x": 1404111600000,
                            "y": 119404
                        },
                        {
                            "x": 1406790000000,
                            "y": 127602
                        },
                        {
                            "x": 1409468400000,
                            "y": 127309
                        },
                        {
                            "x": 1412060400000,
                            "y": 123768
                        },
                        {
                            "x": 1414738800000,
                            "y": 126600
                        },
                        {
                            "x": 1417334400000,
                            "y": 123958
                        },
                        {
                            "x": 1420012800000,
                            "y": 125407
                        },
                        {
                            "x": 1422691200000,
                            "y": 123415
                        },
                        {
                            "x": 1425110400000,
                            "y": 127404
                        },
                        {
                            "x": 1427785200000,
                            "y": 129957
                        },
                        {
                            "x": 1430377200000,
                            "y": 127786
                        },
                        {
                            "x": 1433055600000,
                            "y": 127711
                        },
                        {
                            "x": 1435647600000,
                            "y": 125528
                        },
                        {
                            "x": 1438326000000,
                            "y": 129004
                        },
                        {
                            "x": 1441004400000,
                            "y": 134075
                        },
                        {
                            "x": 1443596400000,
                            "y": 131644
                        },
                        {
                            "x": 1446274800000,
                            "y": 133774
                        },
                        {
                            "x": 1448870400000,
                            "y": 121359
                        },
                        {
                            "x": 1451548800000,
                            "y": 124358
                        },
                        {
                            "x": 1454227200000,
                            "y": 120685
                        },
                        {
                            "x": 1456732800000,
                            "y": 125389
                        },
                        {
                            "x": 1459407600000,
                            "y": 128648
                        },
                        {
                            "x": 1461999600000,
                            "y": 131112
                        },
                        {
                            "x": 1464678000000,
                            "y": 132128
                        },
                        {
                            "x": 1467270000000,
                            "y": 135716
                        },
                        {
                            "x": 1469948400000,
                            "y": 133866
                        },
                        {
                            "x": 1472626800000,
                            "y": 134897
                        },
                        {
                            "x": 1475218800000,
                            "y": 136604
                        },
                        {
                            "x": 1477897200000,
                            "y": 137770
                        },
                        {
                            "x": 1480492800000,
                            "y": 139870
                        },
                        {
                            "x": 1483171200000,
                            "y": 139857
                        },
                        {
                            "x": 1485849600000,
                            "y": 147717
                        },
                        {
                            "x": 1488268800000,
                            "y": 143484
                        },
                        {
                            "x": 1490943600000,
                            "y": 145928
                        },
                        {
                            "x": 1493535600000,
                            "y": 147812
                        },
                        {
                            "x": 1496214000000,
                            "y": 147074
                        },
                        {
                            "x": 1498806000000,
                            "y": 150570
                        },
                        {
                            "x": 1501484400000,
                            "y": 150194
                        },
                        {
                            "x": 1504162800000,
                            "y": 149196
                        },
                        {
                            "x": 1506754800000,
                            "y": 149162
                        },
                        {
                            "x": 1509433200000,
                            "y": 153369
                        },
                        {
                            "x": 1512028800000,
                            "y": 155430
                        },
                        {
                            "x": 1514707200000,
                            "y": 157228
                        },
                        {
                            "x": 1517385600000,
                            "y": 160877
                        },
                        {
                            "x": 1519804800000,
                            "y": 156848
                        },
                        {
                            "x": 1522479600000,
                            "y": 159532
                        },
                        {
                            "x": 1525071600000,
                            "y": 157884
                        },
                        {
                            "x": 1527750000000,
                            "y": 159429
                        },
                        {
                            "x": 1530342000000,
                            "y": 157917
                        },
                        {
                            "x": 1533020400000,
                            "y": 163711
                        },
                        {
                            "x": 1535698800000,
                            "y": 167765
                        },
                        {
                            "x": 1538290800000,
                            "y": 168664
                        },
                        {
                            "x": 1540969200000,
                            "y": 164634
                        },
                        {
                            "x": 1543564800000,
                            "y": 167427
                        },
                        {
                            "x": 1546243200000,
                            "y": 162859
                        },
                        {
                            "x": 1548921600000,
                            "y": 164765
                        },
                        {
                            "x": 1551340800000,
                            "y": 162640
                        },
                        {
                            "x": 1554015600000,
                            "y": 163123
                        },
                        {
                            "x": 1556607600000,
                            "y": 163308
                        },
                        {
                            "x": 1559286000000,
                            "y": 163258
                        },
                        {
                            "x": 1561878000000,
                            "y": 164279
                        },
                        {
                            "x": 1564556400000,
                            "y": 163026
                        },
                        {
                            "x": 1567234800000,
                            "y": 163103
                        },
                        {
                            "x": 1569826800000,
                            "y": 166104
                        },
                        {
                            "x": 1572505200000,
                            "y": 165976
                        },
                        {
                            "x": 1575100800000,
                            "y": 163538
                        },
                        {
                            "x": 1577779200000,
                            "y": 164939
                        },
                        {
                            "x": 1580457600000,
                            "y": 167822
                        },
                        {
                            "x": 1582963200000,
                            "y": 166731
                        },
                        {
                            "x": 1585638000000,
                            "y": 167580
                        },
                        {
                            "x": 1588230000000,
                            "y": 173197
                        },
                        {
                            "x": 1590908400000,
                            "y": 173395
                        },
                        {
                            "x": 1593500400000,
                            "y": 171769
                        },
                        {
                            "x": 1596178800000,
                            "y": 169010
                        },
                        {
                            "x": 1598857200000,
                            "y": 171759
                        },
                        {
                            "x": 1601449200000,
                            "y": 172758
                        },
                        {
                            "x": 1604127600000,
                            "y": 174875
                        },
                        {
                            "x": 1606723200000,
                            "y": 176292
                        },
                        {
                            "x": 1609401600000,
                            "y": 178830
                        },
                        {
                            "x": 1612080000000,
                            "y": 179735
                        },
                        {
                            "x": 1614499200000,
                            "y": 180638
                        },
                        {
                            "x": 1617174000000,
                            "y": 182483
                        },
                        {
                            "x": 1619766000000,
                            "y": 183352
                        },
                        {
                            "x": 1622444400000,
                            "y": 190042
                        },
                        {
                            "x": 1625036400000,
                            "y": 200000
                        },
                        {
                            "x": 1627714800000,
                            "y": 210500
                        },
                        {
                            "x": 1630393200000,
                            "y": 214300
                        },
                        {
                            "x": 1632985200000,
                            "y": 218300
                        },
                        {
                            "x": 1635663600000,
                            "y": 221300
                        },
                        {
                            "x": 1638259200000,
                            "y": 226300
                        },
                        {
                            "x": 1640937600000,
                            "y": 231500
                        },
                        {
                            "x": 1643616000000,
                            "y": 239100
                        },
                        {
                            "x": 1646035200000,
                            "y": 243900
                        },
                        {
                            "x": 1648710000000,
                            "y": 254900
                        },
                        {
                            "x": 1651302000000,
                            "y": 263200
                        },
                        {
                            "x": 1653980400000,
                            "y": 269400
                        },
                        {
                            "x": 1656572400000,
                            "y": 274400
                        },
                        {
                            "x": 1659250800000,
                            "y": 276200
                        },
                        {
                            "x": 1661929200000,
                            "y": 276000
                        },
                        {
                            "x": 1664521200000,
                            "y": 277900
                        },
                        {
                            "x": 1667199600000,
                            "y": 280400
                        },
                        {
                            "x": 1669795200000,
                            "y": 279800
                        },
                        {
                            "x": 1672473600000,
                            "y": 280000
                        },
                        {
                            "x": 1675152000000,
                            "y": 277700
                        },
                        {
                            "x": 1677571200000,
                            "y": 281000
                        },
                        {
                            "x": 1680246000000,
                            "y": 286300
                        },
                        {
                            "x": 1682838000000,
                            "y": 284500
                        },
                        {
                            "x": 1685516400000,
                            "y": 284600
                        },
                        {
                            "x": 1688108400000,
                            "y": 293500
                        },
                        {
                            "x": 1690786800000,
                            "y": 296000
                        },
                        {
                            "x": 1693465200000,
                            "y": 295400
                        },
                        {
                            "x": 1696057200000,
                            "y": 298400
                        },
                        {
                            "x": 1698735600000,
                            "y": 301700
                        },
                        {
                            "x": 1701331200000,
                            "y": 323500
                        },
                        {
                            "x": 1704009600000,
                            "y": 289200
                        },
                        {
                            "x": 1706688000000,
                            "y": 292400
                        },
                        {
                            "x": 1707292800000,
                            "y": 284600
                        }
                    ],
                    "name": "This home"
                },
                {
                    "points": [
                        {
                            "x": 1550649600000,
                            "y": 162500
                        }
                    ],
                    "name": "Sale"
                }
            ]
        }
    }
}