{
    "data": {
        "property": {
            "homeValueChartData": [
                {
                    "points": [
                        {
                            "x": 1393574400000,
                            "y": 31051
                        },
                        {
                            "x": 1396249200000,
                            "y": 31674
                        },
                        {
                            "x": 1398841200000,
                            "y": 29937
                        },
                        {
                            "x": 1401519600000,
                            "y": 30054
                        },
                        {
                            "x": 1404111600000,
                            "y": 31119
                        },
                        {
                            "x": 1406790000000,
                            "y": 31860
                        },
                        {
                            "x": 1409468400000,
                            "y": 31709
                        },
                        {
                            "x": 1412060400000,
                            "y": 31299
                        },
                        {
                            "x": 1414738800000,
                            "y": 32395
                        },
                        {
                            "x": 1417334400000,
                            "y": 32472
                        },
                        {
                            "x": 1420012800000,
                            "y": 33132
                        },
                        {
                            "x": 1422691200000,
                            "y": 32918
                        },
                        {
                            "x": 1425110400000,
                            "y": 32009
                        },
                        {
                            "x": 1427785200000,
                            "y": 30715
                        },
                        {
                            "x": 1430377200000,
                            "y": 32407
                        },
                        {
                            "x": 1433055600000,
                            "y": 28961
                        },
                        {
                            "x": 1435647600000,
                            "y": 28195
                        },
                        {
                            "x": 1438326000000,
                            "y": 28542
                        },
                        {
                            "x": 1441004400000,
                            "y": 27667
                        },
                        {
                            "x": 1443596400000,
                            "y": 29580
                        },
                        {
                            "x": 1446274800000,
                            "y": 31230
                        },
                        {
                            "x": 1448870400000,
                            "y": 31432
                        },
                        {
                            "x": 1451548800000,
                            "y": 30609
                        },
                        {
                            "x": 1454227200000,
                            "y": 32027
                        },
                        {
                            "x": 1456732800000,
                            "y": 37089
                        },
                        {
                            "x": 1459407600000,
                            "y": 37054
                        },
                        {
                            "x": 1461999600000,
                            "y": 36642
                        },
                        {
                            "x": 1464678000000,
                            "y": 34282
                        },
                        {
                            "x": 1467270000000,
                            "y": 35135
                        },
                        {
                            "x": 1469948400000,
                            "y": 35091
                        },
                        {
                            "x": 1472626800000,
                            "y": 35828
                        },
                        {
                            "x": 1475218800000,
                            "y": 37189
                        },
                        {
                            "x": 1477897200000,
                            "y": 38243
                        },
                        {
                            "x": 1480492800000,
                            "y": 37957
                        },
                        {
                            "x": 1483171200000,
                            "y": 39320
                        },
                        {
                            "x": 1485849600000,
                            "y": 40708
                        },
                        {
                            "x": 1488268800000,
                            "y": 38933
                        },
                        {
                            "x": 1490943600000,
                            "y": 38653
                        },
                        {
                            "x": 1493535600000,
                            "y": 37156
                        },
                        {
                            "x": 1496214000000,
                            "y": 37753
                        },
                        {
                            "x": 1498806000000,
                            "y": 36971
                        },
                        {
                            "x": 1501484400000,
                            "y": 38260
                        },
                        {
                            "x": 1504162800000,
                            "y": 38229
                        },
                        {
                            "x": 1506754800000,
                            "y": 37316
                        },
                        {
                            "x": 1509433200000,
                            "y": 36979
                        },
                        {
                            "x": 1512028800000,
                            "y": 36605
                        },
                        {
                            "x": 1514707200000,
                            "y": 39380
                        },
                        {
                            "x": 1517385600000,
                            "y": 39020
                        },
                        {
                            "x": 1519804800000,
                            "y": 39255
                        },
                        {
                            "x": 1522479600000,
                            "y": 39359
                        },
                        {
                            "x": 1525071600000,
                            "y": 41555
                        },
                        {
                            "x": 1527750000000,
                            "y": 40691
                        },
                        {
                            "x": 1530342000000,
                            "y": 43455
                        },
                        {
                            "x": 1533020400000,
                            "y": 45945
                        },
                        {
                            "x": 1535698800000,
                            "y": 46842
                        },
                        {
                            "x": 1538290800000,
                            "y": 49142
                        },
                        {
                            "x": 1540969200000,
                            "y": 49248
                        },
                        {
                            "x": 1543564800000,
                            "y": 49647
                        },
                        {
                            "x": 1546243200000,
                            "y": 49726
                        },
                        {
                            "x": 1548921600000,
                            "y": 49815
                        },
                        {
                            "x": 1551340800000,
                            "y": 49902
                        },
                        {
                            "x": 1554015600000,
                            "y": 50128
                        },
                        {
                            "x": 1556607600000,
                            "y": 50138
                        },
                        {
                            "x": 1559286000000,
                            "y": 49941
                        },
                        {
                            "x": 1561878000000,
                            "y": 50453
                        },
                        {
                            "x": 1564556400000,
                            "y": 49919
                        },
                        {
                            "x": 1567234800000,
                            "y": 49883
                        },
                        {
                            "x": 1569826800000,
                            "y": 51131
                        },
                        {
                            "x": 1572505200000,
                            "y": 51024
                        },
                        {
                            "x": 1575100800000,
                            "y": 50152
                        },
                        {
                            "x": 1577779200000,
                            "y": 50581
                        },
                        {
                            "x": 1580457600000,
                            "y": 51343
                        },
                        {
                            "x": 1582963200000,
                            "y": 51094
                        },
                        {
                            "x": 1585638000000,
                            "y": 51453
                        },
                        {
                            "x": 1588230000000,
                            "y": 53086
                        },
                        {
                            "x": 1590908400000,
                            "y": 53061
                        },
                        {
                            "x": 1593500400000,
                            "y": 52727
                        },
                        {
                            "x": 1596178800000,
                            "y": 51813
                        },
                        {
                            "x": 1598857200000,
                            "y": 52725
                        },
                        {
                            "x": 1601449200000,
                            "y": 53051
                        },
                        {
                            "x": 1604127600000,
                            "y": 53713
                        },
                        {
                            "x": 1606723200000,
                            "y": 54159
                        },
                        {
                            "x": 1609401600000,
                            "y": 54897
                        },
                        {
                            "x": 1612080000000,
                            "y": 55203
                        },
                        {
                            "x": 1614499200000,
                            "y": 55538
                        },
                        {
                            "x": 1617174000000,
                            "y": 56101
                        },
                        {
                            "x": 1619766000000,
                            "y": 56377
                        },
                        {
                            "x": 1622444400000,
                            "y": 81719
                        },
                        {
                            "x": 1625036400000,
                            "y": 81600
                        },
                        {
                            "x": 1627714800000,
                            "y": 80700
                        },
                        {
                            "x": 1630393200000,
                            "y": 80600
                        },
                        {
                            "x": 1632985200000,
                            "y": 74100
                        },
                        {
                            "x": 1635663600000,
                            "y": 76700
                        },
                        {
                            "x": 1638259200000,
                            "y": 78900
                        },
                        {
                            "x": 1640937600000,
                            "y": 81700
                        },
                        {
                            "x": 1643616000000,
                            "y": 84900
                        },
                        {
                            "x": 1646035200000,
                            "y": 89200
                        },
                        {
                            "x": 1648710000000,
                            "y": 94500
                        },
                        {
                            "x": 1651302000000,
                            "y": 98900
                        },
                        {
                            "x": 1653980400000,
                            "y": 104800
                        },
                        {
                            "x": 1656572400000,
                            "y": 109600
                        },
                        {
                            "x": 1659250800000,
                            "y": 111600
                        },
                        {
                            "x": 1661929200000,
                            "y": 111900
                        },
                        {
                            "x": 1664521200000,
                            "y": 114300
                        },
                        {
                            "x": 1667199600000,
                            "y": 117300
                        },
                        {
                            "x": 1669795200000,
                            "y": 118500
                        },
                        {
                            "x": 1672473600000,
                            "y": 126000
                        },
                        {
                            "x": 1675152000000,
                            "y": 125900
                        },
                        {
                            "x": 1677571200000,
                            "y": 125900
                        },
                        {
                            "x": 1680246000000,
                            "y": 124800
                        },
                        {
                            "x": 1682838000000,
                            "y": 124800
                        },
                        {
                            "x": 1685516400000,
                            "y": 123300
                        },
                        {
                            "x": 1688108400000,
                            "y": 127100
                        },
                        {
                            "x": 1690786800000,
                            "y": 126300
                        },
                        {
                            "x": 1693465200000,
                            "y": 125500
                        },
                        {
                            "x": 1696057200000,
                            "y": 128200
                        },
                        {
                            "x": 1698735600000,
                            "y": 128800
                        },
                        {
                            "x": 1701331200000,
                            "y": 133600
                        },
                        {
                            "x": 1704009600000,
                            "y": 134200
                        },
                        {
                            "x": 1706688000000,
                            "y": 133900
                        },
                        {
                            "x": 1707379200000,
                            "y": 125800
                        }
                    ],
                    "name": "This home"
                }
            ]
        }
    }
}