{
    "data": {
        "property": {
            "homeValueChartData": [
                {
                    "points": [
                        {
                            "x": 1393574400000,
                            "y": 178713
                        },
                        {
                            "x": 1396249200000,
                            "y": 192056
                        },
                        {
                            "x": 1398841200000,
                            "y": 193769
                        },
                        {
                            "x": 1401519600000,
                            "y": 198981
                        },
                        {
                            "x": 1404111600000,
                            "y": 197719
                        },
                        {
                            "x": 1406790000000,
                            "y": 207491
                        },
                        {
                            "x": 1409468400000,
                            "y": 213193
                        },
                        {
                            "x": 1412060400000,
                            "y": 214744
                        },
                        {
                            "x": 1414738800000,
                            "y": 203940
                        },
                        {
                            "x": 1417334400000,
                            "y": 196279
                        },
                        {
                            "x": 1420012800000,
                            "y": 194797
                        },
                        {
                            "x": 1422691200000,
                            "y": 201392
                        },
                        {
                            "x": 1425110400000,
                            "y": 201981
                        },
                        {
                            "x": 1427785200000,
                            "y": 194077
                        },
                        {
                            "x": 1430377200000,
                            "y": 193530
                        },
                        {
                            "x": 1433055600000,
                            "y": 196150
                        },
                        {
                            "x": 1435647600000,
                            "y": 194034
                        },
                        {
                            "x": 1438326000000,
                            "y": 190141
                        },
                        {
                            "x": 1441004400000,
                            "y": 193963
                        },
                        {
                            "x": 1443596400000,
                            "y": 192789
                        },
                        {
                            "x": 1446274800000,
                            "y": 206814
                        },
                        {
                            "x": 1448870400000,
                            "y": 200450
                        },
                        {
                            "x": 1451548800000,
                            "y": 212571
                        },
                        {
                            "x": 1454227200000,
                            "y": 216182
                        },
                        {
                            "x": 1456732800000,
                            "y": 265143
                        },
                        {
                            "x": 1459407600000,
                            "y": 265048
                        },
                        {
                            "x": 1461999600000,
                            "y": 254983
                        },
                        {
                            "x": 1464678000000,
                            "y": 255965
                        },
                        {
                            "x": 1467270000000,
                            "y": 255965
                        },
                        {
                            "x": 1469948400000,
                            "y": 240484
                        },
                        {
                            "x": 1472626800000,
                            "y": 244234
                        },
                        {
                            "x": 1475218800000,
                            "y": 245428
                        },
                        {
                            "x": 1477897200000,
                            "y": 244883
                        },
                        {
                            "x": 1480492800000,
                            "y": 244692
                        },
                        {
                            "x": 1483171200000,
                            "y": 243768
                        },
                        {
                            "x": 1485849600000,
                            "y": 253475
                        },
                        {
                            "x": 1488268800000,
                            "y": 254932
                        },
                        {
                            "x": 1490943600000,
                            "y": 256898
                        },
                        {
                            "x": 1493535600000,
                            "y": 251722
                        },
                        {
                            "x": 1496214000000,
                            "y": 250502
                        },
                        {
                            "x": 1498806000000,
                            "y": 252781
                        },
                        {
                            "x": 1501484400000,
                            "y": 255124
                        },
                        {
                            "x": 1504162800000,
                            "y": 255304
                        },
                        {
                            "x": 1506754800000,
                            "y": 259163
                        },
                        {
                            "x": 1509433200000,
                            "y": 253996
                        },
                        {
                            "x": 1512028800000,
                            "y": 255944
                        },
                        {
                            "x": 1514707200000,
                            "y": 256673
                        },
                        {
                            "x": 1517385600000,
                            "y": 259536
                        },
                        {
                            "x": 1519804800000,
                            "y": 257826
                        },
                        {
                            "x": 1522479600000,
                            "y": 263526
                        },
                        {
                            "x": 1525071600000,
                            "y": 261517
                        },
                        {
                            "x": 1527750000000,
                            "y": 261406
                        },
                        {
                            "x": 1530342000000,
                            "y": 273221
                        },
                        {
                            "x": 1533020400000,
                            "y": 278521
                        },
                        {
                            "x": 1535698800000,
                            "y": 279118
                        },
                        {
                            "x": 1538290800000,
                            "y": 279859
                        },
                        {
                            "x": 1540969200000,
                            "y": 279122
                        },
                        {
                            "x": 1543564800000,
                            "y": 285709
                        },
                        {
                            "x": 1546243200000,
                            "y": 288275
                        },
                        {
                            "x": 1548921600000,
                            "y": 284177
                        },
                        {
                            "x": 1551340800000,
                            "y": 283605
                        },
                        {
                            "x": 1554015600000,
                            "y": 281829
                        },
                        {
                            "x": 1556607600000,
                            "y": 279936
                        },
                        {
                            "x": 1559286000000,
                            "y": 279215
                        },
                        {
                            "x": 1561878000000,
                            "y": 283049
                        },
                        {
                            "x": 1564556400000,
                            "y": 278603
                        },
                        {
                            "x": 1567234800000,
                            "y": 280480
                        },
                        {
                            "x": 1569826800000,
                            "y": 281190
                        },
                        {
                            "x": 1572505200000,
                            "y": 284383
                        },
                        {
                            "x": 1575100800000,
                            "y": 282766
                        },
                        {
                            "x": 1577779200000,
                            "y": 284137
                        },
                        {
                            "x": 1580457600000,
                            "y": 287542
                        },
                        {
                            "x": 1582963200000,
                            "y": 282474
                        },
                        {
                            "x": 1585638000000,
                            "y": 279411
                        },
                        {
                            "x": 1588230000000,
                            "y": 280039
                        },
                        {
                            "x": 1590908400000,
                            "y": 281938
                        },
                        {
                            "x": 1593500400000,
                            "y": 278694
                        },
                        {
                            "x": 1596178800000,
                            "y": 275178
                        },
                        {
                            "x": 1598857200000,
                            "y": 274051
                        },
                        {
                            "x": 1601449200000,
                            "y": 286001
                        },
                        {
                            "x": 1604127600000,
                            "y": 289390
                        },
                        {
                            "x": 1606723200000,
                            "y": 294779
                        },
                        {
                            "x": 1609401600000,
                            "y": 301404
                        },
                        {
                            "x": 1612080000000,
                            "y": 309095
                        },
                        {
                            "x": 1614499200000,
                            "y": 314156
                        },
                        {
                            "x": 1617174000000,
                            "y": 316096
                        },
                        {
                            "x": 1619766000000,
                            "y": 329766
                        },
                        {
                            "x": 1622444400000,
                            "y": 350978
                        },
                        {
                            "x": 1625036400000,
                            "y": 347500
                        },
                        {
                            "x": 1627714800000,
                            "y": 347400
                        },
                        {
                            "x": 1630393200000,
                            "y": 350100
                        },
                        {
                            "x": 1632985200000,
                            "y": 355900
                        },
                        {
                            "x": 1635663600000,
                            "y": 362200
                        },
                        {
                            "x": 1638259200000,
                            "y": 368200
                        },
                        {
                            "x": 1640937600000,
                            "y": 376600
                        },
                        {
                            "x": 1643616000000,
                            "y": 380700
                        },
                        {
                            "x": 1646035200000,
                            "y": 387900
                        },
                        {
                            "x": 1648710000000,
                            "y": 399500
                        },
                        {
                            "x": 1651302000000,
                            "y": 405100
                        },
                        {
                            "x": 1653980400000,
                            "y": 413000
                        },
                        {
                            "x": 1656572400000,
                            "y": 417500
                        },
                        {
                            "x": 1659250800000,
                            "y": 418300
                        },
                        {
                            "x": 1661929200000,
                            "y": 416100
                        },
                        {
                            "x": 1664521200000,
                            "y": 416500
                        },
                        {
                            "x": 1667199600000,
                            "y": 418900
                        },
                        {
                            "x": 1669795200000,
                            "y": 416000
                        },
                        {
                            "x": 1672473600000,
                            "y": 414600
                        },
                        {
                            "x": 1675152000000,
                            "y": 411500
                        },
                        {
                            "x": 1677571200000,
                            "y": 409800
                        },
                        {
                            "x": 1680246000000,
                            "y": 412300
                        },
                        {
                            "x": 1682838000000,
                            "y": 412700
                        },
                        {
                            "x": 1685516400000,
                            "y": 413600
                        },
                        {
                            "x": 1688108400000,
                            "y": 413000
                        },
                        {
                            "x": 1690786800000,
                            "y": 422000
                        },
                        {
                            "x": 1693465200000,
                            "y": 419100
                        },
                        {
                            "x": 1696057200000,
                            "y": 423300
                        },
                        {
                            "x": 1698735600000,
                            "y": 423700
                        },
                        {
                            "x": 1701331200000,
                            "y": 464600
                        },
                        {
                            "x": 1704009600000,
                            "y": 463100
                        },
                        {
                            "x": 1706688000000,
                            "y": 461900
                        },
                        {
                            "x": 1707206400000,
                            "y": 461400
                        }
                    ],
                    "name": "This home"
                }
            ]
        }
    }
}