{
    "data": {
        "property": {
            "homeValueChartData": [
                {
                    "points": [
                        {
                            "x": 1393574400000,
                            "y": 157118
                        },
                        {
                            "x": 1396249200000,
                            "y": 159906
                        },
                        {
                            "x": 1398841200000,
                            "y": 155486
                        },
                        {
                            "x": 1401519600000,
                            "y": 159201
                        },
                        {
                            "x": 1404111600000,
                            "y": 157858
                        },
                        {
                            "x": 1406790000000,
                            "y": 160609
                        },
                        {
                            "x": 1409468400000,
                            "y": 159616
                        },
                        {
                            "x": 1412060400000,
                            "y": 162185
                        },
                        {
                            "x": 1414738800000,
                            "y": 161026
                        },
                        {
                            "x": 1417334400000,
                            "y": 159299
                        },
                        {
                            "x": 1420012800000,
                            "y": 162888
                        },
                        {
                            "x": 1422691200000,
                            "y": 164778
                        },
                        {
                            "x": 1425110400000,
                            "y": 167983
                        },
                        {
                            "x": 1427785200000,
                            "y": 165192
                        },
                        {
                            "x": 1430377200000,
                            "y": 167582
                        },
                        {
                            "x": 1433055600000,
                            "y": 166369
                        },
                        {
                            "x": 1435647600000,
                            "y": 169402
                        },
                        {
                            "x": 1438326000000,
                            "y": 168101
                        },
                        {
                            "x": 1441004400000,
                            "y": 166955
                        },
                        {
                            "x": 1443596400000,
                            "y": 165626
                        },
                        {
                            "x": 1446274800000,
                            "y": 172430
                        },
                        {
                            "x": 1448870400000,
                            "y": 233596
                        },
                        {
                            "x": 1451548800000,
                            "y": 235716
                        },
                        {
                            "x": 1454227200000,
                            "y": 233509
                        },
                        {
                            "x": 1456732800000,
                            "y": 222045
                        },
                        {
                            "x": 1459407600000,
                            "y": 221930
                        },
                        {
                            "x": 1461999600000,
                            "y": 220271
                        },
                        {
                            "x": 1464678000000,
                            "y": 220271
                        },
                        {
                            "x": 1467270000000,
                            "y": 218083
                        },
                        {
                            "x": 1469948400000,
                            "y": 205190
                        },
                        {
                            "x": 1472626800000,
                            "y": 218630
                        },
                        {
                            "x": 1475218800000,
                            "y": 217774
                        },
                        {
                            "x": 1477897200000,
                            "y": 219834
                        },
                        {
                            "x": 1480492800000,
                            "y": 223400
                        },
                        {
                            "x": 1483171200000,
                            "y": 224354
                        },
                        {
                            "x": 1485849600000,
                            "y": 225284
                        },
                        {
                            "x": 1488268800000,
                            "y": 226838
                        },
                        {
                            "x": 1490943600000,
                            "y": 226558
                        },
                        {
                            "x": 1493535600000,
                            "y": 231400
                        },
                        {
                            "x": 1496214000000,
                            "y": 229294
                        },
                        {
                            "x": 1498806000000,
                            "y": 229123
                        },
                        {
                            "x": 1501484400000,
                            "y": 233838
                        },
                        {
                            "x": 1504162800000,
                            "y": 233769
                        },
                        {
                            "x": 1506754800000,
                            "y": 233991
                        },
                        {
                            "x": 1509433200000,
                            "y": 238274
                        },
                        {
                            "x": 1512028800000,
                            "y": 236390
                        },
                        {
                            "x": 1514707200000,
                            "y": 237431
                        },
                        {
                            "x": 1517385600000,
                            "y": 239156
                        },
                        {
                            "x": 1519804800000,
                            "y": 239997
                        },
                        {
                            "x": 1522479600000,
                            "y": 247082
                        },
                        {
                            "x": 1525071600000,
                            "y": 243190
                        },
                        {
                            "x": 1527750000000,
                            "y": 248159
                        },
                        {
                            "x": 1530342000000,
                            "y": 248306
                        },
                        {
                            "x": 1533020400000,
                            "y": 249208
                        },
                        {
                            "x": 1535698800000,
                            "y": 251628
                        },
                        {
                            "x": 1538290800000,
                            "y": 249749
                        },
                        {
                            "x": 1540969200000,
                            "y": 249195
                        },
                        {
                            "x": 1543564800000,
                            "y": 252411
                        },
                        {
                            "x": 1546243200000,
                            "y": 252994
                        },
                        {
                            "x": 1548921600000,
                            "y": 253725
                        },
                        {
                            "x": 1551340800000,
                            "y": 254187
                        },
                        {
                            "x": 1554015600000,
                            "y": 255477
                        },
                        {
                            "x": 1556607600000,
                            "y": 255475
                        },
                        {
                            "x": 1559286000000,
                            "y": 254695
                        },
                        {
                            "x": 1561878000000,
                            "y": 256597
                        },
                        {
                            "x": 1564556400000,
                            "y": 254438
                        },
                        {
                            "x": 1567234800000,
                            "y": 255039
                        },
                        {
                            "x": 1569826800000,
                            "y": 260167
                        },
                        {
                            "x": 1572505200000,
                            "y": 259886
                        },
                        {
                            "x": 1575100800000,
                            "y": 252762
                        },
                        {
                            "x": 1577779200000,
                            "y": 254959
                        },
                        {
                            "x": 1580457600000,
                            "y": 251966
                        },
                        {
                            "x": 1582963200000,
                            "y": 254683
                        },
                        {
                            "x": 1585638000000,
                            "y": 254781
                        },
                        {
                            "x": 1588230000000,
                            "y": 260156
                        },
                        {
                            "x": 1590908400000,
                            "y": 262892
                        },
                        {
                            "x": 1593500400000,
                            "y": 263173
                        },
                        {
                            "x": 1596178800000,
                            "y": 262060
                        },
                        {
                            "x": 1598857200000,
                            "y": 262682
                        },
                        {
                            "x": 1601449200000,
                            "y": 262691
                        },
                        {
                            "x": 1604127600000,
                            "y": 275241
                        },
                        {
                            "x": 1606723200000,
                            "y": 273075
                        },
                        {
                            "x": 1609401600000,
                            "y": 272739
                        },
                        {
                            "x": 1612080000000,
                            "y": 275786
                        },
                        {
                            "x": 1614499200000,
                            "y": 279542
                        },
                        {
                            "x": 1617174000000,
                            "y": 280479
                        },
                        {
                            "x": 1619766000000,
                            "y": 300220
                        },
                        {
                            "x": 1622444400000,
                            "y": 312841
                        },
                        {
                            "x": 1625036400000,
                            "y": 320200
                        },
                        {
                            "x": 1627714800000,
                            "y": 326200
                        },
                        {
                            "x": 1630393200000,
                            "y": 329900
                        },
                        {
                            "x": 1632985200000,
                            "y": 336600
                        },
                        {
                            "x": 1635663600000,
                            "y": 342300
                        },
                        {
                            "x": 1638259200000,
                            "y": 346100
                        },
                        {
                            "x": 1640937600000,
                            "y": 352200
                        },
                        {
                            "x": 1643616000000,
                            "y": 358900
                        },
                        {
                            "x": 1646035200000,
                            "y": 365200
                        },
                        {
                            "x": 1648710000000,
                            "y": 379600
                        },
                        {
                            "x": 1651302000000,
                            "y": 391600
                        },
                        {
                            "x": 1653980400000,
                            "y": 400500
                        },
                        {
                            "x": 1656572400000,
                            "y": 404800
                        },
                        {
                            "x": 1659250800000,
                            "y": 405200
                        },
                        {
                            "x": 1661929200000,
                            "y": 396800
                        },
                        {
                            "x": 1664521200000,
                            "y": 395500
                        },
                        {
                            "x": 1667199600000,
                            "y": 396500
                        },
                        {
                            "x": 1669795200000,
                            "y": 390200
                        },
                        {
                            "x": 1672473600000,
                            "y": 388300
                        },
                        {
                            "x": 1675152000000,
                            "y": 384700
                        },
                        {
                            "x": 1677571200000,
                            "y": 389300
                        },
                        {
                            "x": 1680246000000,
                            "y": 403300
                        },
                        {
                            "x": 1682838000000,
                            "y": 403800
                        },
                        {
                            "x": 1685516400000,
                            "y": 406600
                        },
                        {
                            "x": 1688108400000,
                            "y": 420200
                        },
                        {
                            "x": 1690786800000,
                            "y": 429300
                        },
                        {
                            "x": 1693465200000,
                            "y": 423300
                        },
                        {
                            "x": 1696057200000,
                            "y": 425300
                        },
                        {
                            "x": 1698735600000,
                            "y": 426600
                        },
                        {
                            "x": 1701331200000,
                            "y": 424100
                        },
                        {
                            "x": 1704009600000,
                            "y": 422900
                        },
                        {
                            "x": 1706688000000,
                            "y": 373700
                        },
                        {
                            "x": 1707206400000,
                            "y": 374000
                        }
                    ],
                    "name": "This home"
                },
                {
                    "points": [
                        {
                            "x": 1469430000000,
                            "y": 205000
                        },
                        {
                            "x": 1478242800000,
                            "y": 222000
                        }
                    ],
                    "name": "Sale"
                }
            ]
        }
    }
}