{
    "data": {
        "property": {
            "homeValueChartData": [
                {
                    "points": [
                        {
                            "x": 1393574400000,
                            "y": 150314
                        },
                        {
                            "x": 1396249200000,
                            "y": 152918
                        },
                        {
                            "x": 1398841200000,
                            "y": 151111
                        },
                        {
                            "x": 1401519600000,
                            "y": 152486
                        },
                        {
                            "x": 1404111600000,
                            "y": 151604
                        },
                        {
                            "x": 1406790000000,
                            "y": 152420
                        },
                        {
                            "x": 1409468400000,
                            "y": 153968
                        },
                        {
                            "x": 1412060400000,
                            "y": 152284
                        },
                        {
                            "x": 1414738800000,
                            "y": 151850
                        },
                        {
                            "x": 1417334400000,
                            "y": 152883
                        },
                        {
                            "x": 1420012800000,
                            "y": 155218
                        },
                        {
                            "x": 1422691200000,
                            "y": 158213
                        },
                        {
                            "x": 1425110400000,
                            "y": 159035
                        },
                        {
                            "x": 1427785200000,
                            "y": 160524
                        },
                        {
                            "x": 1430377200000,
                            "y": 164787
                        },
                        {
                            "x": 1433055600000,
                            "y": 167988
                        },
                        {
                            "x": 1435647600000,
                            "y": 172194
                        },
                        {
                            "x": 1438326000000,
                            "y": 173081
                        },
                        {
                            "x": 1441004400000,
                            "y": 166882
                        },
                        {
                            "x": 1443596400000,
                            "y": 164149
                        },
                        {
                            "x": 1446274800000,
                            "y": 168109
                        },
                        {
                            "x": 1448870400000,
                            "y": 170525
                        },
                        {
                            "x": 1451548800000,
                            "y": 177014
                        },
                        {
                            "x": 1454227200000,
                            "y": 178989
                        },
                        {
                            "x": 1456732800000,
                            "y": 178143
                        },
                        {
                            "x": 1459407600000,
                            "y": 177963
                        },
                        {
                            "x": 1461999600000,
                            "y": 178870
                        },
                        {
                            "x": 1464678000000,
                            "y": 189850
                        },
                        {
                            "x": 1467270000000,
                            "y": 187020
                        },
                        {
                            "x": 1469948400000,
                            "y": 186230
                        },
                        {
                            "x": 1472626800000,
                            "y": 186179
                        },
                        {
                            "x": 1475218800000,
                            "y": 185727
                        },
                        {
                            "x": 1477897200000,
                            "y": 188499
                        },
                        {
                            "x": 1480492800000,
                            "y": 199308
                        },
                        {
                            "x": 1483171200000,
                            "y": 196314
                        },
                        {
                            "x": 1485849600000,
                            "y": 203568
                        },
                        {
                            "x": 1488268800000,
                            "y": 207921
                        },
                        {
                            "x": 1490943600000,
                            "y": 207456
                        },
                        {
                            "x": 1493535600000,
                            "y": 207566
                        },
                        {
                            "x": 1496214000000,
                            "y": 209268
                        },
                        {
                            "x": 1498806000000,
                            "y": 214038
                        },
                        {
                            "x": 1501484400000,
                            "y": 219198
                        },
                        {
                            "x": 1504162800000,
                            "y": 225184
                        },
                        {
                            "x": 1506754800000,
                            "y": 228184
                        },
                        {
                            "x": 1509433200000,
                            "y": 229544
                        },
                        {
                            "x": 1512028800000,
                            "y": 233227
                        },
                        {
                            "x": 1514707200000,
                            "y": 236583
                        },
                        {
                            "x": 1517385600000,
                            "y": 239283
                        },
                        {
                            "x": 1519804800000,
                            "y": 234973
                        },
                        {
                            "x": 1522479600000,
                            "y": 234926
                        },
                        {
                            "x": 1525071600000,
                            "y": 236045
                        },
                        {
                            "x": 1527750000000,
                            "y": 239059
                        },
                        {
                            "x": 1530342000000,
                            "y": 237566
                        },
                        {
                            "x": 1533020400000,
                            "y": 232591
                        },
                        {
                            "x": 1535698800000,
                            "y": 226283
                        },
                        {
                            "x": 1538290800000,
                            "y": 224139
                        },
                        {
                            "x": 1540969200000,
                            "y": 226213
                        },
                        {
                            "x": 1543564800000,
                            "y": 224460
                        },
                        {
                            "x": 1546243200000,
                            "y": 225735
                        },
                        {
                            "x": 1548921600000,
                            "y": 224485
                        },
                        {
                            "x": 1551340800000,
                            "y": 226718
                        },
                        {
                            "x": 1554015600000,
                            "y": 232255
                        },
                        {
                            "x": 1556607600000,
                            "y": 237738
                        },
                        {
                            "x": 1559286000000,
                            "y": 237119
                        },
                        {
                            "x": 1561878000000,
                            "y": 239112
                        },
                        {
                            "x": 1564556400000,
                            "y": 242695
                        },
                        {
                            "x": 1567234800000,
                            "y": 237332
                        },
                        {
                            "x": 1569826800000,
                            "y": 240953
                        },
                        {
                            "x": 1572505200000,
                            "y": 240974
                        },
                        {
                            "x": 1575100800000,
                            "y": 238843
                        },
                        {
                            "x": 1577779200000,
                            "y": 237712
                        },
                        {
                            "x": 1580457600000,
                            "y": 237914
                        },
                        {
                            "x": 1582963200000,
                            "y": 239669
                        },
                        {
                            "x": 1585638000000,
                            "y": 238800
                        },
                        {
                            "x": 1588230000000,
                            "y": 246087
                        },
                        {
                            "x": 1590908400000,
                            "y": 244204
                        },
                        {
                            "x": 1593500400000,
                            "y": 244158
                        },
                        {
                            "x": 1596178800000,
                            "y": 242839
                        },
                        {
                            "x": 1598857200000,
                            "y": 241754
                        },
                        {
                            "x": 1601449200000,
                            "y": 253426
                        },
                        {
                            "x": 1604127600000,
                            "y": 259219
                        },
                        {
                            "x": 1606723200000,
                            "y": 257961
                        },
                        {
                            "x": 1609401600000,
                            "y": 255855
                        },
                        {
                            "x": 1612080000000,
                            "y": 256991
                        },
                        {
                            "x": 1614499200000,
                            "y": 255899
                        },
                        {
                            "x": 1617174000000,
                            "y": 253898
                        },
                        {
                            "x": 1619766000000,
                            "y": 264450
                        },
                        {
                            "x": 1622444400000,
                            "y": 271688
                        },
                        {
                            "x": 1625036400000,
                            "y": 284400
                        },
                        {
                            "x": 1627714800000,
                            "y": 292400
                        },
                        {
                            "x": 1630393200000,
                            "y": 298700
                        },
                        {
                            "x": 1632985200000,
                            "y": 303700
                        },
                        {
                            "x": 1635663600000,
                            "y": 310100
                        },
                        {
                            "x": 1638259200000,
                            "y": 314300
                        },
                        {
                            "x": 1640937600000,
                            "y": 319200
                        },
                        {
                            "x": 1643616000000,
                            "y": 322800
                        },
                        {
                            "x": 1646035200000,
                            "y": 328200
                        },
                        {
                            "x": 1648710000000,
                            "y": 340500
                        },
                        {
                            "x": 1651302000000,
                            "y": 346000
                        },
                        {
                            "x": 1653980400000,
                            "y": 353100
                        },
                        {
                            "x": 1656572400000,
                            "y": 355000
                        },
                        {
                            "x": 1659250800000,
                            "y": 359200
                        },
                        {
                            "x": 1661929200000,
                            "y": 358100
                        },
                        {
                            "x": 1664521200000,
                            "y": 359700
                        },
                        {
                            "x": 1667199600000,
                            "y": 361200
                        },
                        {
                            "x": 1669795200000,
                            "y": 355000
                        },
                        {
                            "x": 1672473600000,
                            "y": 353300
                        },
                        {
                            "x": 1675152000000,
                            "y": 349900
                        },
                        {
                            "x": 1677571200000,
                            "y": 352600
                        },
                        {
                            "x": 1680246000000,
                            "y": 364300
                        },
                        {
                            "x": 1682838000000,
                            "y": 364700
                        },
                        {
                            "x": 1685516400000,
                            "y": 366500
                        },
                        {
                            "x": 1688108400000,
                            "y": 373000
                        },
                        {
                            "x": 1690786800000,
                            "y": 382900
                        },
                        {
                            "x": 1693465200000,
                            "y": 317600
                        },
                        {
                            "x": 1696057200000,
                            "y": 320000
                        },
                        {
                            "x": 1698735600000,
                            "y": 320100
                        },
                        {
                            "x": 1701331200000,
                            "y": 320600
                        },
                        {
                            "x": 1704009600000,
                            "y": 321700
                        },
                        {
                            "x": 1706688000000,
                            "y": 318800
                        },
                        {
                            "x": 1707292800000,
                            "y": 306900
                        }
                    ],
                    "name": "This home"
                }
            ]
        }
    }
}