{
    "data": {
        "property": {
            "homeValueChartData": [
                {
                    "points": [
                        {
                            "x": 1393574400000,
                            "y": 141807
                        },
                        {
                            "x": 1396249200000,
                            "y": 144312
                        },
                        {
                            "x": 1398841200000,
                            "y": 140296
                        },
                        {
                            "x": 1401519600000,
                            "y": 143658
                        },
                        {
                            "x": 1404111600000,
                            "y": 142451
                        },
                        {
                            "x": 1406790000000,
                            "y": 144922
                        },
                        {
                            "x": 1409468400000,
                            "y": 144044
                        },
                        {
                            "x": 1412060400000,
                            "y": 146307
                        },
                        {
                            "x": 1414738800000,
                            "y": 145283
                        },
                        {
                            "x": 1417334400000,
                            "y": 143691
                        },
                        {
                            "x": 1420012800000,
                            "y": 146942
                        },
                        {
                            "x": 1422691200000,
                            "y": 148662
                        },
                        {
                            "x": 1425110400000,
                            "y": 151547
                        },
                        {
                            "x": 1427785200000,
                            "y": 149040
                        },
                        {
                            "x": 1430377200000,
                            "y": 151201
                        },
                        {
                            "x": 1433055600000,
                            "y": 150123
                        },
                        {
                            "x": 1435647600000,
                            "y": 152859
                        },
                        {
                            "x": 1438326000000,
                            "y": 151375
                        },
                        {
                            "x": 1441004400000,
                            "y": 146485
                        },
                        {
                            "x": 1443596400000,
                            "y": 141732
                        },
                        {
                            "x": 1446274800000,
                            "y": 139120
                        },
                        {
                            "x": 1448870400000,
                            "y": 135372
                        },
                        {
                            "x": 1451548800000,
                            "y": 139074
                        },
                        {
                            "x": 1454227200000,
                            "y": 140879
                        },
                        {
                            "x": 1456732800000,
                            "y": 138484
                        },
                        {
                            "x": 1459407600000,
                            "y": 139855
                        },
                        {
                            "x": 1461999600000,
                            "y": 143254
                        },
                        {
                            "x": 1464678000000,
                            "y": 143806
                        },
                        {
                            "x": 1467270000000,
                            "y": 148663
                        },
                        {
                            "x": 1469948400000,
                            "y": 155673
                        },
                        {
                            "x": 1472626800000,
                            "y": 160175
                        },
                        {
                            "x": 1475218800000,
                            "y": 159849
                        },
                        {
                            "x": 1477897200000,
                            "y": 158654
                        },
                        {
                            "x": 1480492800000,
                            "y": 159083
                        },
                        {
                            "x": 1483171200000,
                            "y": 154627
                        },
                        {
                            "x": 1485849600000,
                            "y": 157054
                        },
                        {
                            "x": 1488268800000,
                            "y": 153547
                        },
                        {
                            "x": 1490943600000,
                            "y": 155934
                        },
                        {
                            "x": 1493535600000,
                            "y": 156329
                        },
                        {
                            "x": 1496214000000,
                            "y": 157350
                        },
                        {
                            "x": 1498806000000,
                            "y": 158362
                        },
                        {
                            "x": 1501484400000,
                            "y": 159511
                        },
                        {
                            "x": 1504162800000,
                            "y": 159678
                        },
                        {
                            "x": 1506754800000,
                            "y": 161638
                        },
                        {
                            "x": 1509433200000,
                            "y": 163824
                        },
                        {
                            "x": 1512028800000,
                            "y": 165756
                        },
                        {
                            "x": 1514707200000,
                            "y": 164562
                        },
                        {
                            "x": 1517385600000,
                            "y": 163880
                        },
                        {
                            "x": 1519804800000,
                            "y": 167847
                        },
                        {
                            "x": 1522479600000,
                            "y": 171757
                        },
                        {
                            "x": 1525071600000,
                            "y": 172079
                        },
                        {
                            "x": 1527750000000,
                            "y": 176428
                        },
                        {
                            "x": 1530342000000,
                            "y": 176562
                        },
                        {
                            "x": 1533020400000,
                            "y": 177660
                        },
                        {
                            "x": 1535698800000,
                            "y": 176466
                        },
                        {
                            "x": 1538290800000,
                            "y": 182722
                        },
                        {
                            "x": 1540969200000,
                            "y": 176685
                        },
                        {
                            "x": 1543564800000,
                            "y": 174600
                        },
                        {
                            "x": 1546243200000,
                            "y": 175652
                        },
                        {
                            "x": 1548921600000,
                            "y": 186080
                        },
                        {
                            "x": 1551340800000,
                            "y": 185811
                        },
                        {
                            "x": 1554015600000,
                            "y": 177137
                        },
                        {
                            "x": 1556607600000,
                            "y": 179147
                        },
                        {
                            "x": 1559286000000,
                            "y": 180107
                        },
                        {
                            "x": 1561878000000,
                            "y": 178218
                        },
                        {
                            "x": 1564556400000,
                            "y": 180287
                        },
                        {
                            "x": 1567234800000,
                            "y": 180469
                        },
                        {
                            "x": 1569826800000,
                            "y": 186905
                        },
                        {
                            "x": 1572505200000,
                            "y": 188986
                        },
                        {
                            "x": 1575100800000,
                            "y": 189009
                        },
                        {
                            "x": 1577779200000,
                            "y": 187998
                        },
                        {
                            "x": 1580457600000,
                            "y": 187798
                        },
                        {
                            "x": 1582963200000,
                            "y": 183182
                        },
                        {
                            "x": 1585638000000,
                            "y": 187106
                        },
                        {
                            "x": 1588230000000,
                            "y": 189728
                        },
                        {
                            "x": 1590908400000,
                            "y": 194479
                        },
                        {
                            "x": 1593500400000,
                            "y": 192194
                        },
                        {
                            "x": 1596178800000,
                            "y": 191755
                        },
                        {
                            "x": 1598857200000,
                            "y": 196388
                        },
                        {
                            "x": 1601449200000,
                            "y": 181933
                        },
                        {
                            "x": 1604127600000,
                            "y": 187530
                        },
                        {
                            "x": 1606723200000,
                            "y": 179639
                        },
                        {
                            "x": 1609401600000,
                            "y": 186001
                        },
                        {
                            "x": 1612080000000,
                            "y": 189432
                        },
                        {
                            "x": 1614499200000,
                            "y": 188907
                        },
                        {
                            "x": 1617174000000,
                            "y": 190491
                        },
                        {
                            "x": 1619766000000,
                            "y": 199550
                        },
                        {
                            "x": 1622444400000,
                            "y": 232211
                        },
                        {
                            "x": 1625036400000,
                            "y": 224800
                        },
                        {
                            "x": 1627714800000,
                            "y": 224600
                        },
                        {
                            "x": 1630393200000,
                            "y": 226900
                        },
                        {
                            "x": 1632985200000,
                            "y": 230400
                        },
                        {
                            "x": 1635663600000,
                            "y": 232700
                        },
                        {
                            "x": 1638259200000,
                            "y": 238500
                        },
                        {
                            "x": 1640937600000,
                            "y": 242500
                        },
                        {
                            "x": 1643616000000,
                            "y": 245900
                        },
                        {
                            "x": 1646035200000,
                            "y": 248200
                        },
                        {
                            "x": 1648710000000,
                            "y": 259100
                        },
                        {
                            "x": 1651302000000,
                            "y": 270300
                        },
                        {
                            "x": 1653980400000,
                            "y": 280100
                        },
                        {
                            "x": 1656572400000,
                            "y": 287000
                        },
                        {
                            "x": 1659250800000,
                            "y": 287000
                        },
                        {
                            "x": 1661929200000,
                            "y": 284500
                        },
                        {
                            "x": 1664521200000,
                            "y": 285300
                        },
                        {
                            "x": 1667199600000,
                            "y": 287800
                        },
                        {
                            "x": 1669795200000,
                            "y": 290100
                        },
                        {
                            "x": 1672473600000,
                            "y": 291000
                        },
                        {
                            "x": 1675152000000,
                            "y": 292100
                        },
                        {
                            "x": 1677571200000,
                            "y": 292800
                        },
                        {
                            "x": 1680246000000,
                            "y": 298100
                        },
                        {
                            "x": 1682838000000,
                            "y": 287500
                        },
                        {
                            "x": 1685516400000,
                            "y": 286400
                        },
                        {
                            "x": 1688108400000,
                            "y": 292700
                        },
                        {
                            "x": 1690786800000,
                            "y": 297300
                        },
                        {
                            "x": 1693465200000,
                            "y": 292600
                        },
                        {
                            "x": 1696057200000,
                            "y": 293800
                        },
                        {
                            "x": 1698735600000,
                            "y": 296400
                        },
                        {
                            "x": 1701331200000,
                            "y": 295100
                        },
                        {
                            "x": 1704009600000,
                            "y": 290400
                        },
                        {
                            "x": 1706688000000,
                            "y": 319200
                        },
                        {
                            "x": 1707379200000,
                            "y": 305900
                        }
                    ],
                    "name": "This home"
                }
            ]
        }
    }
}