{
    "data": {
        "property": {
            "homeValueChartData": [
                {
                    "points": [
                        {
                            "x": 1393574400000,
                            "y": 251533
                        },
                        {
                            "x": 1396249200000,
                            "y": 251019
                        },
                        {
                            "x": 1398841200000,
                            "y": 251170
                        },
                        {
                            "x": 1401519600000,
                            "y": 252858
                        },
                        {
                            "x": 1404111600000,
                            "y": 257953
                        },
                        {
                            "x": 1406790000000,
                            "y": 257898
                        },
                        {
                            "x": 1409468400000,
                            "y": 265054
                        },
                        {
                            "x": 1412060400000,
                            "y": 261973
                        },
                        {
                            "x": 1414738800000,
                            "y": 260659
                        },
                        {
                            "x": 1417334400000,
                            "y": 262613
                        },
                        {
                            "x": 1420012800000,
                            "y": 261680
                        },
                        {
                            "x": 1422691200000,
                            "y": 255292
                        },
                        {
                            "x": 1425110400000,
                            "y": 259783
                        },
                        {
                            "x": 1427785200000,
                            "y": 259062
                        },
                        {
                            "x": 1430377200000,
                            "y": 258351
                        },
                        {
                            "x": 1433055600000,
                            "y": 254558
                        },
                        {
                            "x": 1435647600000,
                            "y": 260560
                        },
                        {
                            "x": 1438326000000,
                            "y": 259328
                        },
                        {
                            "x": 1441004400000,
                            "y": 263574
                        },
                        {
                            "x": 1443596400000,
                            "y": 266594
                        },
                        {
                            "x": 1446274800000,
                            "y": 273636
                        },
                        {
                            "x": 1448870400000,
                            "y": 276463
                        },
                        {
                            "x": 1451548800000,
                            "y": 276166
                        },
                        {
                            "x": 1454227200000,
                            "y": 275072
                        },
                        {
                            "x": 1456732800000,
                            "y": 273911
                        },
                        {
                            "x": 1459407600000,
                            "y": 272616
                        },
                        {
                            "x": 1461999600000,
                            "y": 268868
                        },
                        {
                            "x": 1464678000000,
                            "y": 322769
                        },
                        {
                            "x": 1467270000000,
                            "y": 325035
                        },
                        {
                            "x": 1469948400000,
                            "y": 325653
                        },
                        {
                            "x": 1472626800000,
                            "y": 327318
                        },
                        {
                            "x": 1475218800000,
                            "y": 328750
                        },
                        {
                            "x": 1477897200000,
                            "y": 330389
                        },
                        {
                            "x": 1480492800000,
                            "y": 335368
                        },
                        {
                            "x": 1483171200000,
                            "y": 335087
                        },
                        {
                            "x": 1485849600000,
                            "y": 336618
                        },
                        {
                            "x": 1488268800000,
                            "y": 339292
                        },
                        {
                            "x": 1490943600000,
                            "y": 338397
                        },
                        {
                            "x": 1493535600000,
                            "y": 346632
                        },
                        {
                            "x": 1496214000000,
                            "y": 342265
                        },
                        {
                            "x": 1498806000000,
                            "y": 341842
                        },
                        {
                            "x": 1501484400000,
                            "y": 349884
                        },
                        {
                            "x": 1504162800000,
                            "y": 349623
                        },
                        {
                            "x": 1506754800000,
                            "y": 350030
                        },
                        {
                            "x": 1509433200000,
                            "y": 356282
                        },
                        {
                            "x": 1512028800000,
                            "y": 353537
                        },
                        {
                            "x": 1514707200000,
                            "y": 355289
                        },
                        {
                            "x": 1517385600000,
                            "y": 357723
                        },
                        {
                            "x": 1519804800000,
                            "y": 359226
                        },
                        {
                            "x": 1522479600000,
                            "y": 369055
                        },
                        {
                            "x": 1525071600000,
                            "y": 363530
                        },
                        {
                            "x": 1527750000000,
                            "y": 370505
                        },
                        {
                            "x": 1530342000000,
                            "y": 370938
                        },
                        {
                            "x": 1533020400000,
                            "y": 372415
                        },
                        {
                            "x": 1535698800000,
                            "y": 375890
                        },
                        {
                            "x": 1538290800000,
                            "y": 373339
                        },
                        {
                            "x": 1540969200000,
                            "y": 372325
                        },
                        {
                            "x": 1543564800000,
                            "y": 377422
                        },
                        {
                            "x": 1546243200000,
                            "y": 378701
                        },
                        {
                            "x": 1548921600000,
                            "y": 379187
                        },
                        {
                            "x": 1551340800000,
                            "y": 379952
                        },
                        {
                            "x": 1554015600000,
                            "y": 381883
                        },
                        {
                            "x": 1556607600000,
                            "y": 382268
                        },
                        {
                            "x": 1559286000000,
                            "y": 380817
                        },
                        {
                            "x": 1561878000000,
                            "y": 383890
                        },
                        {
                            "x": 1564556400000,
                            "y": 374930
                        },
                        {
                            "x": 1567234800000,
                            "y": 363508
                        },
                        {
                            "x": 1569826800000,
                            "y": 354155
                        },
                        {
                            "x": 1572505200000,
                            "y": 345327
                        },
                        {
                            "x": 1575100800000,
                            "y": 346510
                        },
                        {
                            "x": 1577779200000,
                            "y": 343487
                        },
                        {
                            "x": 1580457600000,
                            "y": 343805
                        },
                        {
                            "x": 1582963200000,
                            "y": 355959
                        },
                        {
                            "x": 1585638000000,
                            "y": 357570
                        },
                        {
                            "x": 1588230000000,
                            "y": 351396
                        },
                        {
                            "x": 1590908400000,
                            "y": 353268
                        },
                        {
                            "x": 1593500400000,
                            "y": 354066
                        },
                        {
                            "x": 1596178800000,
                            "y": 351006
                        },
                        {
                            "x": 1598857200000,
                            "y": 351227
                        },
                        {
                            "x": 1601449200000,
                            "y": 357755
                        },
                        {
                            "x": 1604127600000,
                            "y": 360951
                        },
                        {
                            "x": 1606723200000,
                            "y": 360617
                        },
                        {
                            "x": 1609401600000,
                            "y": 363080
                        },
                        {
                            "x": 1612080000000,
                            "y": 366970
                        },
                        {
                            "x": 1614499200000,
                            "y": 373017
                        },
                        {
                            "x": 1617174000000,
                            "y": 375893
                        },
                        {
                            "x": 1619766000000,
                            "y": 386172
                        },
                        {
                            "x": 1622444400000,
                            "y": 417985
                        },
                        {
                            "x": 1625036400000,
                            "y": 431500
                        },
                        {
                            "x": 1627714800000,
                            "y": 444500
                        },
                        {
                            "x": 1630393200000,
                            "y": 450400
                        },
                        {
                            "x": 1632985200000,
                            "y": 457400
                        },
                        {
                            "x": 1635663600000,
                            "y": 464600
                        },
                        {
                            "x": 1638259200000,
                            "y": 471600
                        },
                        {
                            "x": 1640937600000,
                            "y": 482300
                        },
                        {
                            "x": 1643616000000,
                            "y": 491600
                        },
                        {
                            "x": 1646035200000,
                            "y": 503900
                        },
                        {
                            "x": 1648710000000,
                            "y": 520000
                        },
                        {
                            "x": 1651302000000,
                            "y": 533500
                        },
                        {
                            "x": 1653980400000,
                            "y": 543200
                        },
                        {
                            "x": 1656572400000,
                            "y": 551800
                        },
                        {
                            "x": 1659250800000,
                            "y": 553500
                        },
                        {
                            "x": 1661929200000,
                            "y": 548900
                        },
                        {
                            "x": 1664521200000,
                            "y": 547800
                        },
                        {
                            "x": 1667199600000,
                            "y": 545700
                        },
                        {
                            "x": 1669795200000,
                            "y": 536400
                        },
                        {
                            "x": 1672473600000,
                            "y": 531000
                        },
                        {
                            "x": 1675152000000,
                            "y": 528500
                        },
                        {
                            "x": 1677571200000,
                            "y": 531000
                        },
                        {
                            "x": 1680246000000,
                            "y": 542000
                        },
                        {
                            "x": 1682838000000,
                            "y": 540800
                        },
                        {
                            "x": 1685516400000,
                            "y": 543800
                        },
                        {
                            "x": 1688108400000,
                            "y": 569200
                        },
                        {
                            "x": 1690786800000,
                            "y": 580800
                        },
                        {
                            "x": 1693465200000,
                            "y": 563100
                        },
                        {
                            "x": 1696057200000,
                            "y": 567100
                        },
                        {
                            "x": 1698735600000,
                            "y": 567500
                        },
                        {
                            "x": 1701331200000,
                            "y": 565500
                        },
                        {
                            "x": 1704009600000,
                            "y": 562800
                        },
                        {
                            "x": 1706688000000,
                            "y": 561800
                        },
                        {
                            "x": 1707379200000,
                            "y": 534700
                        }
                    ],
                    "name": "This home"
                },
                {
                    "points": [
                        {
                            "x": 1468825200000,
                            "y": 325000
                        }
                    ],
                    "name": "Sale"
                }
            ]
        }
    }
}