{
    "data": {
        "property": {
            "homeValueChartData": [
                {
                    "points": [
                        {
                            "x": 1393574400000,
                            "y": 235309
                        },
                        {
                            "x": 1396249200000,
                            "y": 238606
                        },
                        {
                            "x": 1398841200000,
                            "y": 243184
                        },
                        {
                            "x": 1401519600000,
                            "y": 250143
                        },
                        {
                            "x": 1404111600000,
                            "y": 251293
                        },
                        {
                            "x": 1406790000000,
                            "y": 252566
                        },
                        {
                            "x": 1409468400000,
                            "y": 261418
                        },
                        {
                            "x": 1412060400000,
                            "y": 260381
                        },
                        {
                            "x": 1414738800000,
                            "y": 256575
                        },
                        {
                            "x": 1417334400000,
                            "y": 246559
                        },
                        {
                            "x": 1420012800000,
                            "y": 245823
                        },
                        {
                            "x": 1422691200000,
                            "y": 254456
                        },
                        {
                            "x": 1425110400000,
                            "y": 259576
                        },
                        {
                            "x": 1427785200000,
                            "y": 259104
                        },
                        {
                            "x": 1430377200000,
                            "y": 255263
                        },
                        {
                            "x": 1433055600000,
                            "y": 251571
                        },
                        {
                            "x": 1435647600000,
                            "y": 252227
                        },
                        {
                            "x": 1438326000000,
                            "y": 255877
                        },
                        {
                            "x": 1441004400000,
                            "y": 254256
                        },
                        {
                            "x": 1443596400000,
                            "y": 260031
                        },
                        {
                            "x": 1446274800000,
                            "y": 267325
                        },
                        {
                            "x": 1448870400000,
                            "y": 272593
                        },
                        {
                            "x": 1451548800000,
                            "y": 272010
                        },
                        {
                            "x": 1454227200000,
                            "y": 274540
                        },
                        {
                            "x": 1456732800000,
                            "y": 279297
                        },
                        {
                            "x": 1459407600000,
                            "y": 278384
                        },
                        {
                            "x": 1461999600000,
                            "y": 275115
                        },
                        {
                            "x": 1464678000000,
                            "y": 283993
                        },
                        {
                            "x": 1467270000000,
                            "y": 289939
                        },
                        {
                            "x": 1469948400000,
                            "y": 292793
                        },
                        {
                            "x": 1472626800000,
                            "y": 297376
                        },
                        {
                            "x": 1475218800000,
                            "y": 301273
                        },
                        {
                            "x": 1477897200000,
                            "y": 303102
                        },
                        {
                            "x": 1480492800000,
                            "y": 321338
                        },
                        {
                            "x": 1483171200000,
                            "y": 319164
                        },
                        {
                            "x": 1485849600000,
                            "y": 318128
                        },
                        {
                            "x": 1488268800000,
                            "y": 320743
                        },
                        {
                            "x": 1490943600000,
                            "y": 320047
                        },
                        {
                            "x": 1493535600000,
                            "y": 321148
                        },
                        {
                            "x": 1496214000000,
                            "y": 322871
                        },
                        {
                            "x": 1498806000000,
                            "y": 320640
                        },
                        {
                            "x": 1501484400000,
                            "y": 319747
                        },
                        {
                            "x": 1504162800000,
                            "y": 319315
                        },
                        {
                            "x": 1506754800000,
                            "y": 317574
                        },
                        {
                            "x": 1509433200000,
                            "y": 319156
                        },
                        {
                            "x": 1512028800000,
                            "y": 320959
                        },
                        {
                            "x": 1514707200000,
                            "y": 318500
                        },
                        {
                            "x": 1517385600000,
                            "y": 322457
                        },
                        {
                            "x": 1519804800000,
                            "y": 322798
                        },
                        {
                            "x": 1522479600000,
                            "y": 330202
                        },
                        {
                            "x": 1525071600000,
                            "y": 326553
                        },
                        {
                            "x": 1527750000000,
                            "y": 328078
                        },
                        {
                            "x": 1530342000000,
                            "y": 332118
                        },
                        {
                            "x": 1533020400000,
                            "y": 331294
                        },
                        {
                            "x": 1535698800000,
                            "y": 329183
                        },
                        {
                            "x": 1538290800000,
                            "y": 327614
                        },
                        {
                            "x": 1540969200000,
                            "y": 328629
                        },
                        {
                            "x": 1543564800000,
                            "y": 332506
                        },
                        {
                            "x": 1546243200000,
                            "y": 331379
                        },
                        {
                            "x": 1548921600000,
                            "y": 338241
                        },
                        {
                            "x": 1551340800000,
                            "y": 336799
                        },
                        {
                            "x": 1554015600000,
                            "y": 336843
                        },
                        {
                            "x": 1556607600000,
                            "y": 337984
                        },
                        {
                            "x": 1559286000000,
                            "y": 339625
                        },
                        {
                            "x": 1561878000000,
                            "y": 339302
                        },
                        {
                            "x": 1564556400000,
                            "y": 340183
                        },
                        {
                            "x": 1567234800000,
                            "y": 341093
                        },
                        {
                            "x": 1569826800000,
                            "y": 344381
                        },
                        {
                            "x": 1572505200000,
                            "y": 352836
                        },
                        {
                            "x": 1575100800000,
                            "y": 356764
                        },
                        {
                            "x": 1577779200000,
                            "y": 354511
                        },
                        {
                            "x": 1580457600000,
                            "y": 356923
                        },
                        {
                            "x": 1582963200000,
                            "y": 339366
                        },
                        {
                            "x": 1585638000000,
                            "y": 339462
                        },
                        {
                            "x": 1588230000000,
                            "y": 355081
                        },
                        {
                            "x": 1590908400000,
                            "y": 358777
                        },
                        {
                            "x": 1593500400000,
                            "y": 359061
                        },
                        {
                            "x": 1596178800000,
                            "y": 355396
                        },
                        {
                            "x": 1598857200000,
                            "y": 355750
                        },
                        {
                            "x": 1601449200000,
                            "y": 357157
                        },
                        {
                            "x": 1604127600000,
                            "y": 361929
                        },
                        {
                            "x": 1606723200000,
                            "y": 365365
                        },
                        {
                            "x": 1609401600000,
                            "y": 366986
                        },
                        {
                            "x": 1612080000000,
                            "y": 372676
                        },
                        {
                            "x": 1614499200000,
                            "y": 376103
                        },
                        {
                            "x": 1617174000000,
                            "y": 378670
                        },
                        {
                            "x": 1619766000000,
                            "y": 390838
                        },
                        {
                            "x": 1622444400000,
                            "y": 420121
                        },
                        {
                            "x": 1625036400000,
                            "y": 406900
                        },
                        {
                            "x": 1627714800000,
                            "y": 405400
                        },
                        {
                            "x": 1630393200000,
                            "y": 400000
                        },
                        {
                            "x": 1632985200000,
                            "y": 401900
                        },
                        {
                            "x": 1635663600000,
                            "y": 406300
                        },
                        {
                            "x": 1638259200000,
                            "y": 412500
                        },
                        {
                            "x": 1640937600000,
                            "y": 418000
                        },
                        {
                            "x": 1643616000000,
                            "y": 420000
                        },
                        {
                            "x": 1646035200000,
                            "y": 422100
                        },
                        {
                            "x": 1648710000000,
                            "y": 438800
                        },
                        {
                            "x": 1651302000000,
                            "y": 455100
                        },
                        {
                            "x": 1653980400000,
                            "y": 466600
                        },
                        {
                            "x": 1656572400000,
                            "y": 472200
                        },
                        {
                            "x": 1659250800000,
                            "y": 475500
                        },
                        {
                            "x": 1661929200000,
                            "y": 472400
                        },
                        {
                            "x": 1664521200000,
                            "y": 473400
                        },
                        {
                            "x": 1667199600000,
                            "y": 474200
                        },
                        {
                            "x": 1669795200000,
                            "y": 464100
                        },
                        {
                            "x": 1672473600000,
                            "y": 458500
                        },
                        {
                            "x": 1675152000000,
                            "y": 464100
                        },
                        {
                            "x": 1677571200000,
                            "y": 485600
                        },
                        {
                            "x": 1680246000000,
                            "y": 502300
                        },
                        {
                            "x": 1682838000000,
                            "y": 501700
                        },
                        {
                            "x": 1685516400000,
                            "y": 506600
                        },
                        {
                            "x": 1688108400000,
                            "y": 516000
                        },
                        {
                            "x": 1690786800000,
                            "y": 526000
                        },
                        {
                            "x": 1693465200000,
                            "y": 523700
                        },
                        {
                            "x": 1696057200000,
                            "y": 526300
                        },
                        {
                            "x": 1698735600000,
                            "y": 573900
                        },
                        {
                            "x": 1701331200000,
                            "y": 573500
                        },
                        {
                            "x": 1704009600000,
                            "y": 537900
                        },
                        {
                            "x": 1706688000000,
                            "y": 537300
                        },
                        {
                            "x": 1707292800000,
                            "y": 532200
                        }
                    ],
                    "name": "This home"
                }
            ]
        }
    }
}