{
    "data": {
        "property": {
            "homeValueChartData": [
                {
                    "points": [
                        {
                            "x": 1393574400000,
                            "y": 89782
                        },
                        {
                            "x": 1396249200000,
                            "y": 97095
                        },
                        {
                            "x": 1398841200000,
                            "y": 95027
                        },
                        {
                            "x": 1401519600000,
                            "y": 94060
                        },
                        {
                            "x": 1404111600000,
                            "y": 83821
                        },
                        {
                            "x": 1406790000000,
                            "y": 93777
                        },
                        {
                            "x": 1409468400000,
                            "y": 96711
                        },
                        {
                            "x": 1412060400000,
                            "y": 100959
                        },
                        {
                            "x": 1414738800000,
                            "y": 105381
                        },
                        {
                            "x": 1417334400000,
                            "y": 99849
                        },
                        {
                            "x": 1420012800000,
                            "y": 105589
                        },
                        {
                            "x": 1422691200000,
                            "y": 103922
                        },
                        {
                            "x": 1425110400000,
                            "y": 107352
                        },
                        {
                            "x": 1427785200000,
                            "y": 113171
                        },
                        {
                            "x": 1430377200000,
                            "y": 114863
                        },
                        {
                            "x": 1433055600000,
                            "y": 112970
                        },
                        {
                            "x": 1435647600000,
                            "y": 112795
                        },
                        {
                            "x": 1438326000000,
                            "y": 118759
                        },
                        {
                            "x": 1441004400000,
                            "y": 120254
                        },
                        {
                            "x": 1443596400000,
                            "y": 120512
                        },
                        {
                            "x": 1446274800000,
                            "y": 111071
                        },
                        {
                            "x": 1448870400000,
                            "y": 114686
                        },
                        {
                            "x": 1451548800000,
                            "y": 116106
                        },
                        {
                            "x": 1454227200000,
                            "y": 120258
                        },
                        {
                            "x": 1456732800000,
                            "y": 123735
                        },
                        {
                            "x": 1459407600000,
                            "y": 127976
                        },
                        {
                            "x": 1461999600000,
                            "y": 131080
                        },
                        {
                            "x": 1464678000000,
                            "y": 132354
                        },
                        {
                            "x": 1467270000000,
                            "y": 132608
                        },
                        {
                            "x": 1469948400000,
                            "y": 130480
                        },
                        {
                            "x": 1472626800000,
                            "y": 131299
                        },
                        {
                            "x": 1475218800000,
                            "y": 131350
                        },
                        {
                            "x": 1477897200000,
                            "y": 134111
                        },
                        {
                            "x": 1480492800000,
                            "y": 134730
                        },
                        {
                            "x": 1483171200000,
                            "y": 136563
                        },
                        {
                            "x": 1485849600000,
                            "y": 130312
                        },
                        {
                            "x": 1488268800000,
                            "y": 129421
                        },
                        {
                            "x": 1490943600000,
                            "y": 131253
                        },
                        {
                            "x": 1493535600000,
                            "y": 136510
                        },
                        {
                            "x": 1496214000000,
                            "y": 136955
                        },
                        {
                            "x": 1498806000000,
                            "y": 137134
                        },
                        {
                            "x": 1501484400000,
                            "y": 138761
                        },
                        {
                            "x": 1504162800000,
                            "y": 137078
                        },
                        {
                            "x": 1506754800000,
                            "y": 137537
                        },
                        {
                            "x": 1509433200000,
                            "y": 138193
                        },
                        {
                            "x": 1512028800000,
                            "y": 137863
                        },
                        {
                            "x": 1514707200000,
                            "y": 139493
                        },
                        {
                            "x": 1517385600000,
                            "y": 144303
                        },
                        {
                            "x": 1519804800000,
                            "y": 145572
                        },
                        {
                            "x": 1522479600000,
                            "y": 149528
                        },
                        {
                            "x": 1525071600000,
                            "y": 146808
                        },
                        {
                            "x": 1527750000000,
                            "y": 148068
                        },
                        {
                            "x": 1530342000000,
                            "y": 154099
                        },
                        {
                            "x": 1533020400000,
                            "y": 159393
                        },
                        {
                            "x": 1535698800000,
                            "y": 167912
                        },
                        {
                            "x": 1538290800000,
                            "y": 172632
                        },
                        {
                            "x": 1540969200000,
                            "y": 173105
                        },
                        {
                            "x": 1543564800000,
                            "y": 170341
                        },
                        {
                            "x": 1546243200000,
                            "y": 169031
                        },
                        {
                            "x": 1548921600000,
                            "y": 164216
                        },
                        {
                            "x": 1551340800000,
                            "y": 163452
                        },
                        {
                            "x": 1554015600000,
                            "y": 159362
                        },
                        {
                            "x": 1556607600000,
                            "y": 158848
                        },
                        {
                            "x": 1559286000000,
                            "y": 159857
                        },
                        {
                            "x": 1561878000000,
                            "y": 155870
                        },
                        {
                            "x": 1564556400000,
                            "y": 158142
                        },
                        {
                            "x": 1567234800000,
                            "y": 162195
                        },
                        {
                            "x": 1569826800000,
                            "y": 160581
                        },
                        {
                            "x": 1572505200000,
                            "y": 158715
                        },
                        {
                            "x": 1575100800000,
                            "y": 160784
                        },
                        {
                            "x": 1577779200000,
                            "y": 153762
                        },
                        {
                            "x": 1580457600000,
                            "y": 152103
                        },
                        {
                            "x": 1582963200000,
                            "y": 153514
                        },
                        {
                            "x": 1585638000000,
                            "y": 152848
                        },
                        {
                            "x": 1588230000000,
                            "y": 159483
                        },
                        {
                            "x": 1590908400000,
                            "y": 155013
                        },
                        {
                            "x": 1593500400000,
                            "y": 151934
                        },
                        {
                            "x": 1596178800000,
                            "y": 148932
                        },
                        {
                            "x": 1598857200000,
                            "y": 151852
                        },
                        {
                            "x": 1601449200000,
                            "y": 167426
                        },
                        {
                            "x": 1604127600000,
                            "y": 167301
                        },
                        {
                            "x": 1606723200000,
                            "y": 165983
                        },
                        {
                            "x": 1609401600000,
                            "y": 175177
                        },
                        {
                            "x": 1612080000000,
                            "y": 171667
                        },
                        {
                            "x": 1614499200000,
                            "y": 177136
                        },
                        {
                            "x": 1617174000000,
                            "y": 181868
                        },
                        {
                            "x": 1619766000000,
                            "y": 183566
                        },
                        {
                            "x": 1622444400000,
                            "y": 180550
                        },
                        {
                            "x": 1625036400000,
                            "y": 175600
                        },
                        {
                            "x": 1627714800000,
                            "y": 176100
                        },
                        {
                            "x": 1630393200000,
                            "y": 177100
                        },
                        {
                            "x": 1632985200000,
                            "y": 180500
                        },
                        {
                            "x": 1635663600000,
                            "y": 182600
                        },
                        {
                            "x": 1638259200000,
                            "y": 186400
                        },
                        {
                            "x": 1640937600000,
                            "y": 188800
                        },
                        {
                            "x": 1643616000000,
                            "y": 190400
                        },
                        {
                            "x": 1646035200000,
                            "y": 191700
                        },
                        {
                            "x": 1648710000000,
                            "y": 202900
                        },
                        {
                            "x": 1651302000000,
                            "y": 214200
                        },
                        {
                            "x": 1653980400000,
                            "y": 223500
                        },
                        {
                            "x": 1656572400000,
                            "y": 229900
                        },
                        {
                            "x": 1659250800000,
                            "y": 231100
                        },
                        {
                            "x": 1661929200000,
                            "y": 230200
                        },
                        {
                            "x": 1664521200000,
                            "y": 232900
                        },
                        {
                            "x": 1667199600000,
                            "y": 234600
                        },
                        {
                            "x": 1669795200000,
                            "y": 233800
                        },
                        {
                            "x": 1672473600000,
                            "y": 233400
                        },
                        {
                            "x": 1675152000000,
                            "y": 231600
                        },
                        {
                            "x": 1677571200000,
                            "y": 234400
                        },
                        {
                            "x": 1680246000000,
                            "y": 240000
                        },
                        {
                            "x": 1682838000000,
                            "y": 239300
                        },
                        {
                            "x": 1685516400000,
                            "y": 241100
                        },
                        {
                            "x": 1688108400000,
                            "y": 235100
                        },
                        {
                            "x": 1690786800000,
                            "y": 240000
                        },
                        {
                            "x": 1693465200000,
                            "y": 242600
                        },
                        {
                            "x": 1696057200000,
                            "y": 244800
                        },
                        {
                            "x": 1698735600000,
                            "y": 246400
                        },
                        {
                            "x": 1701331200000,
                            "y": 245200
                        },
                        {
                            "x": 1704009600000,
                            "y": 242800
                        },
                        {
                            "x": 1706688000000,
                            "y": 287600
                        },
                        {
                            "x": 1707292800000,
                            "y": 277300
                        }
                    ],
                    "name": "This home"
                }
            ]
        }
    }
}