{
    "data": {
        "property": {
            "homeValueChartData": [
                {
                    "points": [
                        {
                            "x": 1393574400000,
                            "y": 106323
                        },
                        {
                            "x": 1396249200000,
                            "y": 104794
                        },
                        {
                            "x": 1398841200000,
                            "y": 101565
                        },
                        {
                            "x": 1401519600000,
                            "y": 102139
                        },
                        {
                            "x": 1404111600000,
                            "y": 102487
                        },
                        {
                            "x": 1406790000000,
                            "y": 104905
                        },
                        {
                            "x": 1409468400000,
                            "y": 110906
                        },
                        {
                            "x": 1412060400000,
                            "y": 114112
                        },
                        {
                            "x": 1414738800000,
                            "y": 114352
                        },
                        {
                            "x": 1417334400000,
                            "y": 112417
                        },
                        {
                            "x": 1420012800000,
                            "y": 116937
                        },
                        {
                            "x": 1422691200000,
                            "y": 115460
                        },
                        {
                            "x": 1425110400000,
                            "y": 113946
                        },
                        {
                            "x": 1427785200000,
                            "y": 117262
                        },
                        {
                            "x": 1430377200000,
                            "y": 120798
                        },
                        {
                            "x": 1433055600000,
                            "y": 120649
                        },
                        {
                            "x": 1435647600000,
                            "y": 120235
                        },
                        {
                            "x": 1438326000000,
                            "y": 119139
                        },
                        {
                            "x": 1441004400000,
                            "y": 123768
                        },
                        {
                            "x": 1443596400000,
                            "y": 122880
                        },
                        {
                            "x": 1446274800000,
                            "y": 116969
                        },
                        {
                            "x": 1448870400000,
                            "y": 125622
                        },
                        {
                            "x": 1451548800000,
                            "y": 124878
                        },
                        {
                            "x": 1454227200000,
                            "y": 129872
                        },
                        {
                            "x": 1456732800000,
                            "y": 129519
                        },
                        {
                            "x": 1459407600000,
                            "y": 130114
                        },
                        {
                            "x": 1461999600000,
                            "y": 129401
                        },
                        {
                            "x": 1464678000000,
                            "y": 129856
                        },
                        {
                            "x": 1467270000000,
                            "y": 132110
                        },
                        {
                            "x": 1469948400000,
                            "y": 132307
                        },
                        {
                            "x": 1472626800000,
                            "y": 134752
                        },
                        {
                            "x": 1475218800000,
                            "y": 130580
                        },
                        {
                            "x": 1477897200000,
                            "y": 131210
                        },
                        {
                            "x": 1480492800000,
                            "y": 132773
                        },
                        {
                            "x": 1483171200000,
                            "y": 132920
                        },
                        {
                            "x": 1485849600000,
                            "y": 133451
                        },
                        {
                            "x": 1488268800000,
                            "y": 134485
                        },
                        {
                            "x": 1490943600000,
                            "y": 134158
                        },
                        {
                            "x": 1493535600000,
                            "y": 137361
                        },
                        {
                            "x": 1496214000000,
                            "y": 135773
                        },
                        {
                            "x": 1498806000000,
                            "y": 135618
                        },
                        {
                            "x": 1501484400000,
                            "y": 138682
                        },
                        {
                            "x": 1504162800000,
                            "y": 138594
                        },
                        {
                            "x": 1506754800000,
                            "y": 138738
                        },
                        {
                            "x": 1509433200000,
                            "y": 141264
                        },
                        {
                            "x": 1512028800000,
                            "y": 140146
                        },
                        {
                            "x": 1514707200000,
                            "y": 140815
                        },
                        {
                            "x": 1517385600000,
                            "y": 141807
                        },
                        {
                            "x": 1519804800000,
                            "y": 142337
                        },
                        {
                            "x": 1522479600000,
                            "y": 146397
                        },
                        {
                            "x": 1525071600000,
                            "y": 144149
                        },
                        {
                            "x": 1527750000000,
                            "y": 146988
                        },
                        {
                            "x": 1530342000000,
                            "y": 147106
                        },
                        {
                            "x": 1533020400000,
                            "y": 147670
                        },
                        {
                            "x": 1535698800000,
                            "y": 149082
                        },
                        {
                            "x": 1538290800000,
                            "y": 148026
                        },
                        {
                            "x": 1540969200000,
                            "y": 147613
                        },
                        {
                            "x": 1543564800000,
                            "y": 149630
                        },
                        {
                            "x": 1546243200000,
                            "y": 150040
                        },
                        {
                            "x": 1548921600000,
                            "y": 150355
                        },
                        {
                            "x": 1551340800000,
                            "y": 150649
                        },
                        {
                            "x": 1554015600000,
                            "y": 151417
                        },
                        {
                            "x": 1556607600000,
                            "y": 151505
                        },
                        {
                            "x": 1559286000000,
                            "y": 150993
                        },
                        {
                            "x": 1561878000000,
                            "y": 152169
                        },
                        {
                            "x": 1564556400000,
                            "y": 150743
                        },
                        {
                            "x": 1567234800000,
                            "y": 151153
                        },
                        {
                            "x": 1569826800000,
                            "y": 157313
                        },
                        {
                            "x": 1572505200000,
                            "y": 160676
                        },
                        {
                            "x": 1575100800000,
                            "y": 159518
                        },
                        {
                            "x": 1577779200000,
                            "y": 157131
                        },
                        {
                            "x": 1580457600000,
                            "y": 159160
                        },
                        {
                            "x": 1582963200000,
                            "y": 163802
                        },
                        {
                            "x": 1585638000000,
                            "y": 162811
                        },
                        {
                            "x": 1588230000000,
                            "y": 164091
                        },
                        {
                            "x": 1590908400000,
                            "y": 167536
                        },
                        {
                            "x": 1593500400000,
                            "y": 171126
                        },
                        {
                            "x": 1596178800000,
                            "y": 169913
                        },
                        {
                            "x": 1598857200000,
                            "y": 168612
                        },
                        {
                            "x": 1601449200000,
                            "y": 172090
                        },
                        {
                            "x": 1604127600000,
                            "y": 173478
                        },
                        {
                            "x": 1606723200000,
                            "y": 174334
                        },
                        {
                            "x": 1609401600000,
                            "y": 177344
                        },
                        {
                            "x": 1612080000000,
                            "y": 176786
                        },
                        {
                            "x": 1614499200000,
                            "y": 180306
                        },
                        {
                            "x": 1617174000000,
                            "y": 186655
                        },
                        {
                            "x": 1619766000000,
                            "y": 194802
                        },
                        {
                            "x": 1622444400000,
                            "y": 194563
                        },
                        {
                            "x": 1625036400000,
                            "y": 193700
                        },
                        {
                            "x": 1627714800000,
                            "y": 195900
                        },
                        {
                            "x": 1630393200000,
                            "y": 199400
                        },
                        {
                            "x": 1632985200000,
                            "y": 203800
                        },
                        {
                            "x": 1635663600000,
                            "y": 207200
                        },
                        {
                            "x": 1638259200000,
                            "y": 211300
                        },
                        {
                            "x": 1640937600000,
                            "y": 216500
                        },
                        {
                            "x": 1643616000000,
                            "y": 223200
                        },
                        {
                            "x": 1646035200000,
                            "y": 227400
                        },
                        {
                            "x": 1648710000000,
                            "y": 235000
                        },
                        {
                            "x": 1651302000000,
                            "y": 244500
                        },
                        {
                            "x": 1653980400000,
                            "y": 253300
                        },
                        {
                            "x": 1656572400000,
                            "y": 259900
                        },
                        {
                            "x": 1659250800000,
                            "y": 260300
                        },
                        {
                            "x": 1661929200000,
                            "y": 259600
                        },
                        {
                            "x": 1664521200000,
                            "y": 260700
                        },
                        {
                            "x": 1667199600000,
                            "y": 263300
                        },
                        {
                            "x": 1669795200000,
                            "y": 262500
                        },
                        {
                            "x": 1672473600000,
                            "y": 261500
                        },
                        {
                            "x": 1675152000000,
                            "y": 260300
                        },
                        {
                            "x": 1677571200000,
                            "y": 263600
                        },
                        {
                            "x": 1680246000000,
                            "y": 271900
                        },
                        {
                            "x": 1682838000000,
                            "y": 269700
                        },
                        {
                            "x": 1685516400000,
                            "y": 270500
                        },
                        {
                            "x": 1688108400000,
                            "y": 268300
                        },
                        {
                            "x": 1690786800000,
                            "y": 276200
                        },
                        {
                            "x": 1693465200000,
                            "y": 275600
                        },
                        {
                            "x": 1696057200000,
                            "y": 278100
                        },
                        {
                            "x": 1698735600000,
                            "y": 279700
                        },
                        {
                            "x": 1701331200000,
                            "y": 276600
                        },
                        {
                            "x": 1704009600000,
                            "y": 277800
                        },
                        {
                            "x": 1706688000000,
                            "y": 266900
                        },
                        {
                            "x": 1707292800000,
                            "y": 257500
                        }
                    ],
                    "name": "This home"
                },
                {
                    "points": [
                        {
                            "x": 1472799600000,
                            "y": 130000
                        }
                    ],
                    "name": "Sale"
                }
            ]
        }
    }
}