{
    "user_info": {
        "isLoggedIn": false,
        "hasHousingConnectorPermission": false,
        "savedHomesCount": 0,
        "personalizedSearchTraceID": "c282f7ef810880e14b01b9f645ffd22b",
        "guid": "e5cd1d67-9c5e-4704-b1e3-ca5b56864703",
        "zuid": "",
        "isBot": false,
        "email": "",
        "displayName": ""
    },
    "map_state": {
        "customRegionPolygonWkt": null,
        "schoolPolygonWkt": null,
        "isCurrentLocationSearch": false,
        "userPosition": {
            "lat": null,
            "lon": null
        }
    },
    "region_state": {
        "regionInfo": [
            {
                "regionId": 72538,
                "regionType": 7,
                "regionName": "33319",
                "displayName": "Lauderhill FL 33319",
                "isPointRegion": false
            }
        ],
        "regionBounds": {
            "north": 26.201399,
            "south": 26.164782,
            "east": -80.195306,
            "west": -80.252002
        }
    },
    "search_page_seo": {
        "baseUrl": "/lauderhill-fl-33319/",
        "windowTitle": "33319 Real Estate - 33319 Homes For Sale | Zillow",
        "metaDescription": "Zillow has 103 homes for sale in 33319. View listing photos, review sales history, and use our detailed real estate filters to find the perfect place."
    },
    "request_id": 4
}