{
    "search_progress": {
        "zip_code": 33499,
        "page": 2
    },
    "filter_state": {
        "sortSelection": {
            "value": "days"
        },
        "includeHomesWithNoHoaData": {
            "value": false
        },
        "built": {
            "min": 1970
        },
        "isAllHomes": {
            "value": true
        },
        "isLotLand": {
            "value": false
        },
        "isManufactured": {
            "value": false
        },
        "isNewConstruction": {
            "value": true
        },
        "isAuction": {
            "value": false
        },
        "hoa": {
            "max": 400
        }
    }
}