[
    {
        "zpid": "44274111",
        "id": "44274111",
        "rawHomeStatusCd": "ForSale",
        "marketingStatusSimplifiedCd": "For Sale by Agent",
        "imgSrc": "https://photos.zillowstatic.com/fp/a030cf2ad340cbcda74dccb3a6bbdd6f-p_e.jpg",
        "hasImage": true,
        "detailUrl": "https://www.zillow.com/homedetails/11929-SW-72nd-Ter-Miami-FL-33183/44274111_zpid/",
        "statusType": "FOR_SALE",
        "statusText": "House for sale",
        "countryCurrency": "$",
        "price": "$2,625,000",
        "unformattedPrice": 2625000,
        "address": "11929 SW 72nd Ter, Miami, FL 33183",
        "addressStreet": "11929 SW 72nd Ter",
        "addressCity": "Miami",
        "addressState": "FL",
        "addressZipcode": "33183",
        "isUndisclosedAddress": false,
        "beds": 5,
        "baths": 4.0,
        "area": 3184,
        "latLong": {
            "latitude": 25.70048,
            "longitude": -80.38635
        },
        "isZillowOwned": false,
        "variableData": {
            "type": "PRICE_REDUCTION",
            "text": "$25,000 (Jan 23)"
        },
        "hdpData": {
            "homeInfo": {
                "zpid": 44274111,
                "streetAddress": "11929 SW 72nd Ter",
                "zipcode": "33183",
                "city": "Miami",
                "state": "FL",
                "latitude": 25.70048,
                "longitude": -80.38635,
                "price": 2625000.0,
                "datePriceChanged": 1705996800000,
                "bathrooms": 4.0,
                "bedrooms": 5.0,
                "livingArea": 3184.0,
                "homeType": "SINGLE_FAMILY",
                "homeStatus": "FOR_SALE",
                "daysOnZillow": 131,
                "isFeatured": false,
                "shouldHighlight": false,
                "zestimate": 2443700,
                "rentZestimate": 13932,
                "listing_sub_type": {
                    "is_FSBA": true
                },
                "priceReduction": "$25,000 (Jan 23)",
                "isUnmappable": false,
                "isPreforeclosureAuction": false,
                "homeStatusForHDP": "FOR_SALE",
                "priceForHDP": 2625000.0,
                "priceChange": -25000,
                "timeOnZillow": 11326186000,
                "isNonOwnerOccupied": true,
                "isPremierBuilder": false,
                "isZillowOwned": false,
                "currency": "USD",
                "country": "USA",
                "taxAssessedValue": 814967.0,
                "lotAreaValue": 0.39944903581267216,
                "lotAreaUnit": "acres",
                "isShowcaseListing": false
            }
        },
        "isSaved": false,
        "isUserClaimingOwner": false,
        "isUserConfirmedClaim": false,
        "pgapt": "ForSale",
        "sgapt": "For Sale (Broker)",
        "zestimate": 2443700,
        "shouldShowZestimateAsPrice": false,
        "has3DModel": false,
        "hasVideo": false,
        "isHomeRec": false,
        "hasAdditionalAttributions": true,
        "isFeaturedListing": false,
        "isShowcaseListing": false,
        "list": true,
        "relaxed": false,
        "info3String": "https://photos.zillowstatic.com/fp/a8b02d5ac61ac8b9a11bda64382b4f89-zillow_web_48_23.jpg",
        "brokerName": "Phantom Real Estate",
        "carouselPhotos": [
            {
                "url": "https://photos.zillowstatic.com/fp/a030cf2ad340cbcda74dccb3a6bbdd6f-p_e.jpg"
            },
            {
                "url": "https://photos.zillowstatic.com/fp/4e1a4a2b7e02e18fecf8feacec18b0e6-p_e.jpg"
            },
            {
                "url": "https://photos.zillowstatic.com/fp/bc9200a6abcec630b5299d4ffca2ad87-p_e.jpg"
            },
            {
                "url": "https://photos.zillowstatic.com/fp/d5bebadf99ea81f98bb39826af5b1d05-p_e.jpg"
            },
            {
                "url": "https://photos.zillowstatic.com/fp/1e09d3f6d30b015cf217416876a94a64-p_e.jpg"
            },
            {
                "url": "https://photos.zillowstatic.com/fp/5be2e7483f36a838f819f1b9cc5d8b73-p_e.jpg"
            },
            {
                "url": "https://photos.zillowstatic.com/fp/624f652a06f4b013608adf0ca937a6d4-p_e.jpg"
            },
            {
                "url": "https://photos.zillowstatic.com/fp/74b1f26be21fda565f3e3df4c6038519-p_e.jpg"
            },
            {
                "url": "https://photos.zillowstatic.com/fp/2addeb2dc3499d8bd9401b0cbbaa9a86-p_e.jpg"
            },
            {
                "url": "https://photos.zillowstatic.com/fp/65a59e876234768ae8949547cf3906d7-p_e.jpg"
            },
            {
                "url": "https://photos.zillowstatic.com/fp/d3be939c18983f51f5682bceade42f1e-p_e.jpg"
            },
            {
                "url": "https://photos.zillowstatic.com/fp/c7ceb2aee8e35aa4acd1e3b2c39244c5-p_e.jpg"
            },
            {
                "url": "https://photos.zillowstatic.com/fp/82c5c9dbd2444687803cf416eea32a95-p_e.jpg"
            },
            {
                "url": "https://photos.zillowstatic.com/fp/4178963115ce41f0d2ecb519e1ceec48-p_e.jpg"
            },
            {
                "url": "https://photos.zillowstatic.com/fp/ce46acaa5cc943f7915e98fda4c75de4-p_e.jpg"
            },
            {
                "url": "https://photos.zillowstatic.com/fp/e0f8d8bcdc8fc3d246f305bfda653795-p_e.jpg"
            },
            {
                "url": "https://photos.zillowstatic.com/fp/428b4ebe5d56bb72b099f8687c941822-p_e.jpg"
            },
            {
                "url": "https://photos.zillowstatic.com/fp/201747608d8e3f68095e07019f4ce872-p_e.jpg"
            },
            {
                "url": "https://photos.zillowstatic.com/fp/b641dfa2b60298f7a0c9c9a413c4b0cb-p_e.jpg"
            },
            {
                "url": "https://photos.zillowstatic.com/fp/5b1678c40c7ae8d278f3cadd7da649b1-p_e.jpg"
            },
            {
                "url": "https://photos.zillowstatic.com/fp/b221038900466bb838fc70d01be0446b-p_e.jpg"
            },
            {
                "url": "https://photos.zillowstatic.com/fp/dd1bb455d8df6a91fa2bfee8bda7362b-p_e.jpg"
            },
            {
                "url": "https://photos.zillowstatic.com/fp/0918c422766e3d76e944512da4df6a36-p_e.jpg"
            },
            {
                "url": "https://photos.zillowstatic.com/fp/7ff5ddb0cef15e9f5b00ac0fe4a1f67f-p_e.jpg"
            },
            {
                "url": "https://photos.zillowstatic.com/fp/33aa7cc843d5d1914e2708ccd2652a61-p_e.jpg"
            },
            {
                "url": "https://photos.zillowstatic.com/fp/f4edec1c991d00105cfaa15254b531fc-p_e.jpg"
            },
            {
                "url": "https://photos.zillowstatic.com/fp/7b5c587021f8f9a3b138d8a8a23b023f-p_e.jpg"
            },
            {
                "url": "https://photos.zillowstatic.com/fp/84fbe5d3d07e06115554d2a33b946f3b-p_e.jpg"
            },
            {
                "url": "https://photos.zillowstatic.com/fp/6f3c24e1444be470df40ae459958f54d-p_e.jpg"
            },
            {
                "url": "https://photos.zillowstatic.com/fp/a818f5813d670b29c482948b0f00a475-p_e.jpg"
            },
            {
                "url": "https://photos.zillowstatic.com/fp/8a5989818b7a88632243b8a91370df5d-p_e.jpg"
            },
            {
                "url": "https://photos.zillowstatic.com/fp/e6124f3c56deb53851b93ad9a1f20936-p_e.jpg"
            },
            {
                "url": "https://photos.zillowstatic.com/fp/0378488691a3e1b84c3635c70c08b80d-p_e.jpg"
            },
            {
                "url": "https://photos.zillowstatic.com/fp/13abd107c1bc5f721047dff4abd0f9a7-p_e.jpg"
            }
        ],
        "rooms": []
    },
    {
        "zpid": "44253953",
        "id": "44253953",
        "rawHomeStatusCd": "ForSale",
        "marketingStatusSimplifiedCd": "For Sale by Agent",
        "imgSrc": "https://photos.zillowstatic.com/fp/b2d3592c7dc72b264ece844359c87e71-p_e.jpg",
        "hasImage": true,
        "detailUrl": "https://www.zillow.com/homedetails/6745-SW-132nd-Ave-APT-107-Miami-FL-33183/44253953_zpid/",
        "statusType": "FOR_SALE",
        "statusText": "Condo for sale",
        "countryCurrency": "$",
        "price": "$339,000",
        "unformattedPrice": 339000,
        "address": "6745 SW 132nd Ave APT 107, Miami, FL 33183",
        "addressStreet": "6745 SW 132nd Ave APT 107",
        "addressCity": "Miami",
        "addressState": "FL",
        "addressZipcode": "33183",
        "isUndisclosedAddress": false,
        "beds": 2,
        "baths": 2.0,
        "area": 956,
        "latLong": {
            "latitude": 25.706396,
            "longitude": -80.40678
        },
        "isZillowOwned": false,
        "variableData": {
            "type": "PRICE_REDUCTION",
            "text": "$10,900 (Jan 23)"
        },
        "hdpData": {
            "homeInfo": {
                "zpid": 44253953,
                "streetAddress": "6745 SW 132nd Ave APT 107",
                "zipcode": "33183",
                "city": "Miami",
                "state": "FL",
                "latitude": 25.706396,
                "longitude": -80.40678,
                "price": 339000.0,
                "datePriceChanged": 1705996800000,
                "bathrooms": 2.0,
                "bedrooms": 2.0,
                "livingArea": 956.0,
                "homeType": "CONDO",
                "homeStatus": "FOR_SALE",
                "daysOnZillow": 134,
                "isFeatured": false,
                "shouldHighlight": false,
                "listing_sub_type": {
                    "is_FSBA": true
                },
                "priceReduction": "$10,900 (Jan 23)",
                "isUnmappable": false,
                "isPreforeclosureAuction": false,
                "homeStatusForHDP": "FOR_SALE",
                "priceForHDP": 339000.0,
                "priceChange": -10900,
                "timeOnZillow": 11585386000,
                "isNonOwnerOccupied": true,
                "isPremierBuilder": false,
                "isZillowOwned": false,
                "currency": "USD",
                "country": "USA",
                "taxAssessedValue": 172791.0,
                "unit": "Apt 107",
                "lotAreaValue": 0.0,
                "lotAreaUnit": "sqft",
                "isShowcaseListing": false
            }
        },
        "isSaved": false,
        "isUserClaimingOwner": false,
        "isUserConfirmedClaim": false,
        "pgapt": "ForSale",
        "sgapt": "For Sale (Broker)",
        "shouldShowZestimateAsPrice": false,
        "has3DModel": false,
        "hasVideo": false,
        "isHomeRec": false,
        "hasAdditionalAttributions": true,
        "isFeaturedListing": false,
        "isShowcaseListing": false,
        "list": true,
        "relaxed": false,
        "info3String": "https://photos.zillowstatic.com/fp/a8b02d5ac61ac8b9a11bda64382b4f89-zillow_web_48_23.jpg",
        "brokerName": "Guardian Real Estate Co.",
        "carouselPhotos": [
            {
                "url": "https://photos.zillowstatic.com/fp/b2d3592c7dc72b264ece844359c87e71-p_e.jpg"
            },
            {
                "url": "https://photos.zillowstatic.com/fp/ecb90af3be212d23ca71896276e9961c-p_e.jpg"
            },
            {
                "url": "https://photos.zillowstatic.com/fp/9fd701c162d4eca8a74bd5f633e862d8-p_e.jpg"
            },
            {
                "url": "https://photos.zillowstatic.com/fp/3c5c3486352fb85370e3596b7348a26b-p_e.jpg"
            },
            {
                "url": "https://photos.zillowstatic.com/fp/39a4fadfbdfc66d83ca23f00eb65221a-p_e.jpg"
            },
            {
                "url": "https://photos.zillowstatic.com/fp/de8b210230784c0884f686c48677342c-p_e.jpg"
            },
            {
                "url": "https://photos.zillowstatic.com/fp/87b1b0cfbc1069d67c702ed5df878ec2-p_e.jpg"
            },
            {
                "url": "https://photos.zillowstatic.com/fp/d59357ddbd7a14a969b87a52e042ca0f-p_e.jpg"
            },
            {
                "url": "https://photos.zillowstatic.com/fp/5a279cb04b32557a33eeda9d38cbdd42-p_e.jpg"
            },
            {
                "url": "https://photos.zillowstatic.com/fp/6061dcb46d8e94d87c201e0cb980b312-p_e.jpg"
            },
            {
                "url": "https://photos.zillowstatic.com/fp/cfd596d935c6298075a3b4c1fc80aaf7-p_e.jpg"
            },
            {
                "url": "https://photos.zillowstatic.com/fp/170edc97e2c23b2b10f9ff74c6860727-p_e.jpg"
            },
            {
                "url": "https://photos.zillowstatic.com/fp/a7313494dfac3d83559c54164fb58f7d-p_e.jpg"
            },
            {
                "url": "https://photos.zillowstatic.com/fp/61806b4a194386173f48a97ea018aeda-p_e.jpg"
            },
            {
                "url": "https://photos.zillowstatic.com/fp/9f23531f097bbbdb6e2ce05b109a37a9-p_e.jpg"
            },
            {
                "url": "https://photos.zillowstatic.com/fp/2b4cd794108f20a66112b23e2eafd63d-p_e.jpg"
            },
            {
                "url": "https://photos.zillowstatic.com/fp/6f6e65bbf2fe1a6016588fd5fc4b9a6b-p_e.jpg"
            },
            {
                "url": "https://photos.zillowstatic.com/fp/291c8b155785bcf8d7f6957b45e0b499-p_e.jpg"
            },
            {
                "url": "https://photos.zillowstatic.com/fp/2d97c6aa57bd0640c0b1333147c37405-p_e.jpg"
            },
            {
                "url": "https://photos.zillowstatic.com/fp/8b98dcf5cc3e7b9475d48760141f7f9f-p_e.jpg"
            },
            {
                "url": "https://photos.zillowstatic.com/fp/2d39c6e26159e19995502fe9b768d41a-p_e.jpg"
            },
            {
                "url": "https://photos.zillowstatic.com/fp/33a8ea314158b36362e68c6883bb84e4-p_e.jpg"
            },
            {
                "url": "https://photos.zillowstatic.com/fp/3556f3b63d8811a7997fafe84948f331-p_e.jpg"
            },
            {
                "url": "https://photos.zillowstatic.com/fp/5c702c982d4a526af244989a0e626740-p_e.jpg"
            },
            {
                "url": "https://photos.zillowstatic.com/fp/21c78f03d6d89523f725718fd5c51739-p_e.jpg"
            },
            {
                "url": "https://photos.zillowstatic.com/fp/b5d2dacadfb2c0bfd10298b104b050b4-p_e.jpg"
            },
            {
                "url": "https://photos.zillowstatic.com/fp/308d76f3ae6170ab644f205859e6a7e3-p_e.jpg"
            },
            {
                "url": "https://photos.zillowstatic.com/fp/8ae19dd8664407247631a4234f920219-p_e.jpg"
            },
            {
                "url": "https://photos.zillowstatic.com/fp/43dd8dec7eace64c8cdbfbe6a62973af-p_e.jpg"
            },
            {
                "url": "https://photos.zillowstatic.com/fp/f28bc276046033eb958f3381decea88b-p_e.jpg"
            },
            {
                "url": "https://photos.zillowstatic.com/fp/d75f30c67754858fd40f96ea385cea80-p_e.jpg"
            },
            {
                "url": "https://photos.zillowstatic.com/fp/282608501226be609a835a1417a6914e-p_e.jpg"
            },
            {
                "url": "https://photos.zillowstatic.com/fp/4b11abd6b017b6487b89061023918868-p_e.jpg"
            },
            {
                "url": "https://photos.zillowstatic.com/fp/bb629e69955e926e46725115f18efa93-p_e.jpg"
            },
            {
                "url": "https://photos.zillowstatic.com/fp/f2db6dfcd4863e13fdedd5fb6848f5d7-p_e.jpg"
            },
            {
                "url": "https://photos.zillowstatic.com/fp/897e7a45465728fb9627859f8a9f1dd3-p_e.jpg"
            },
            {
                "url": "https://photos.zillowstatic.com/fp/9e5193d63a2437a66e2b88b4718f7ca3-p_e.jpg"
            }
        ],
        "rooms": []
    },
    {
        "zpid": "44218238",
        "id": "44218238",
        "rawHomeStatusCd": "ForSale",
        "marketingStatusSimplifiedCd": "For Sale by Agent",
        "imgSrc": "https://photos.zillowstatic.com/fp/bb9697cf10abc1a2e2ec47772d9c12ab-p_e.jpg",
        "hasImage": true,
        "detailUrl": "https://www.zillow.com/homedetails/10395-N-Kendall-Dr-APT-V7-Miami-FL-33176/44218238_zpid/",
        "statusType": "FOR_SALE",
        "statusText": "Condo for sale",
        "countryCurrency": "$",
        "price": "$288,900",
        "unformattedPrice": 288900,
        "address": "10395 N Kendall Dr APT V7, Miami, FL 33176",
        "addressStreet": "10395 N Kendall Dr APT V7",
        "addressCity": "Miami",
        "addressState": "FL",
        "addressZipcode": "33176",
        "isUndisclosedAddress": false,
        "beds": 2,
        "baths": 2.0,
        "area": 954,
        "latLong": {
            "latitude": 25.690378,
            "longitude": -80.36158
        },
        "isZillowOwned": false,
        "variableData": {
            "type": "PRICE_REDUCTION",
            "text": "$1,000 (Dec 28)"
        },
        "hdpData": {
            "homeInfo": {
                "zpid": 44218238,
                "streetAddress": "10395 N Kendall Dr APT V7",
                "zipcode": "33176",
                "city": "Miami",
                "state": "FL",
                "latitude": 25.690378,
                "longitude": -80.36158,
                "price": 288900.0,
                "datePriceChanged": 1703750400000,
                "bathrooms": 2.0,
                "bedrooms": 2.0,
                "livingArea": 954.0,
                "homeType": "CONDO",
                "homeStatus": "FOR_SALE",
                "daysOnZillow": 149,
                "isFeatured": false,
                "shouldHighlight": false,
                "zestimate": 279200,
                "rentZestimate": 2499,
                "listing_sub_type": {
                    "is_FSBA": true
                },
                "priceReduction": "$1,000 (Dec 28)",
                "isUnmappable": false,
                "isPreforeclosureAuction": false,
                "homeStatusForHDP": "FOR_SALE",
                "priceForHDP": 288900.0,
                "priceChange": -1000,
                "timeOnZillow": 12881386000,
                "isNonOwnerOccupied": true,
                "isPremierBuilder": false,
                "isZillowOwned": false,
                "currency": "USD",
                "country": "USA",
                "taxAssessedValue": 169448.0,
                "unit": "Apt V7",
                "lotAreaValue": 0.0,
                "lotAreaUnit": "sqft",
                "isShowcaseListing": false
            }
        },
        "isSaved": false,
        "isUserClaimingOwner": false,
        "isUserConfirmedClaim": false,
        "pgapt": "ForSale",
        "sgapt": "For Sale (Broker)",
        "zestimate": 279200,
        "shouldShowZestimateAsPrice": false,
        "has3DModel": false,
        "hasVideo": false,
        "isHomeRec": false,
        "hasAdditionalAttributions": true,
        "isFeaturedListing": false,
        "isShowcaseListing": false,
        "list": true,
        "relaxed": false,
        "info3String": "https://photos.zillowstatic.com/fp/a8b02d5ac61ac8b9a11bda64382b4f89-zillow_web_48_23.jpg",
        "brokerName": "Non-MLS Member",
        "carouselPhotos": [
            {
                "url": "https://photos.zillowstatic.com/fp/bb9697cf10abc1a2e2ec47772d9c12ab-p_e.jpg"
            },
            {
                "url": "https://photos.zillowstatic.com/fp/74925c65ed009ab4cad9ba60958e2e99-p_e.jpg"
            },
            {
                "url": "https://photos.zillowstatic.com/fp/95a5b50ce72bc0e88098aa568c2ac444-p_e.jpg"
            },
            {
                "url": "https://photos.zillowstatic.com/fp/37c8cac6ece263728b6ab7ba8f307da7-p_e.jpg"
            },
            {
                "url": "https://photos.zillowstatic.com/fp/6db717a73ab9b4531882d6c0c67be1ae-p_e.jpg"
            },
            {
                "url": "https://photos.zillowstatic.com/fp/8d6fd9147081fb77a530d615e964495a-p_e.jpg"
            },
            {
                "url": "https://photos.zillowstatic.com/fp/338ab0640fd6c707db6de53ccc8caa71-p_e.jpg"
            },
            {
                "url": "https://photos.zillowstatic.com/fp/1c8920c90fbb9946314f81bd40a964bb-p_e.jpg"
            },
            {
                "url": "https://photos.zillowstatic.com/fp/00aea4f451953a0356cdb0e26e1a26ef-p_e.jpg"
            },
            {
                "url": "https://photos.zillowstatic.com/fp/391a99cbc4461782ea0f269f3f1e4676-p_e.jpg"
            },
            {
                "url": "https://photos.zillowstatic.com/fp/fbd5fb9d14862932d446037c7c0b5324-p_e.jpg"
            },
            {
                "url": "https://photos.zillowstatic.com/fp/3a0535882804ab6f61c1636d19f5f0aa-p_e.jpg"
            },
            {
                "url": "https://photos.zillowstatic.com/fp/a4bf269b9ce8f10922495988f8ec9377-p_e.jpg"
            },
            {
                "url": "https://photos.zillowstatic.com/fp/e75657d4ec3d139c108f8a41dcbe6dc4-p_e.jpg"
            },
            {
                "url": "https://photos.zillowstatic.com/fp/a2049ed004538b25aff6207e2f23104e-p_e.jpg"
            },
            {
                "url": "https://photos.zillowstatic.com/fp/d624556dceef873da0c5b6ae1bc48310-p_e.jpg"
            },
            {
                "url": "https://photos.zillowstatic.com/fp/e04ca117274dfee678645f5b0230235f-p_e.jpg"
            },
            {
                "url": "https://photos.zillowstatic.com/fp/959d0f0b7faf8089edbfa0c290c529ff-p_e.jpg"
            },
            {
                "url": "https://photos.zillowstatic.com/fp/63254f9e893caf1d759d615fb76e905d-p_e.jpg"
            },
            {
                "url": "https://photos.zillowstatic.com/fp/cf92321f4cae12dcc42cb827a1879db4-p_e.jpg"
            },
            {
                "url": "https://photos.zillowstatic.com/fp/82cad1792db1fa992aa40c5f38322e58-p_e.jpg"
            },
            {
                "url": "https://photos.zillowstatic.com/fp/f21b2ee46fc79d3ff5dc2ee40b65defd-p_e.jpg"
            },
            {
                "url": "https://photos.zillowstatic.com/fp/35c2e515013818480cd6631b862ff483-p_e.jpg"
            }
        ],
        "rooms": []
    },
    {
        "zpid": "44311071",
        "id": "44311071",
        "rawHomeStatusCd": "ForSale",
        "marketingStatusSimplifiedCd": "For Sale by Agent",
        "imgSrc": "https://photos.zillowstatic.com/fp/dd85da4320ff8e9df231a1fe5442d1f7-p_e.jpg",
        "hasImage": true,
        "detailUrl": "https://www.zillow.com/homedetails/14293-SW-94th-Circle-Ln-APT-101-27-Miami-FL-33186/44311071_zpid/",
        "statusType": "FOR_SALE",
        "statusText": "Condo for sale",
        "countryCurrency": "$",
        "price": "$429,900",
        "unformattedPrice": 429900,
        "address": "14293 SW 94th Circle Ln APT 101-27, Miami, FL 33186",
        "addressStreet": "14293 SW 94th Circle Ln APT 101-27",
        "addressCity": "Miami",
        "addressState": "FL",
        "addressZipcode": "33186",
        "isUndisclosedAddress": false,
        "beds": 3,
        "baths": 3.0,
        "area": 1462,
        "latLong": {
            "latitude": 25.679474,
            "longitude": -80.42148
        },
        "isZillowOwned": false,
        "variableData": {
            "type": "DAYS_ON",
            "text": "169 days on Zillow"
        },
        "hdpData": {
            "homeInfo": {
                "zpid": 44311071,
                "streetAddress": "14293 SW 94th Circle Ln APT 101-27",
                "zipcode": "33186",
                "city": "Miami",
                "state": "FL",
                "latitude": 25.679474,
                "longitude": -80.42148,
                "price": 429900.0,
                "bathrooms": 3.0,
                "bedrooms": 3.0,
                "livingArea": 1462.0,
                "homeType": "CONDO",
                "homeStatus": "FOR_SALE",
                "daysOnZillow": 169,
                "isFeatured": false,
                "shouldHighlight": false,
                "listing_sub_type": {
                    "is_FSBA": true
                },
                "isUnmappable": false,
                "isPreforeclosureAuction": false,
                "homeStatusForHDP": "FOR_SALE",
                "priceForHDP": 429900.0,
                "timeOnZillow": 14609386000,
                "isNonOwnerOccupied": true,
                "isPremierBuilder": false,
                "isZillowOwned": false,
                "currency": "USD",
                "country": "USA",
                "taxAssessedValue": 250465.0,
                "unit": "Apt 101-27",
                "lotAreaValue": 0.0,
                "lotAreaUnit": "sqft",
                "isShowcaseListing": false
            }
        },
        "isSaved": false,
        "isUserClaimingOwner": false,
        "isUserConfirmedClaim": false,
        "pgapt": "ForSale",
        "sgapt": "For Sale (Broker)",
        "shouldShowZestimateAsPrice": false,
        "has3DModel": false,
        "hasVideo": false,
        "isHomeRec": false,
        "hasAdditionalAttributions": true,
        "isFeaturedListing": false,
        "isShowcaseListing": false,
        "list": true,
        "relaxed": false,
        "info3String": "https://photos.zillowstatic.com/fp/a8b02d5ac61ac8b9a11bda64382b4f89-zillow_web_48_23.jpg",
        "brokerName": "Top Team Realty, LLC.",
        "carouselPhotos": [
            {
                "url": "https://photos.zillowstatic.com/fp/dd85da4320ff8e9df231a1fe5442d1f7-p_e.jpg"
            },
            {
                "url": "https://photos.zillowstatic.com/fp/5e40613f23aea6e625674398736d93b1-p_e.jpg"
            },
            {
                "url": "https://photos.zillowstatic.com/fp/344db6a4674b9fd26dc3846b4b21d2e2-p_e.jpg"
            },
            {
                "url": "https://photos.zillowstatic.com/fp/5dd4dd7fb7a0406b2911793092e50f65-p_e.jpg"
            },
            {
                "url": "https://photos.zillowstatic.com/fp/25afa42ef563f79710697d96f2faae1a-p_e.jpg"
            },
            {
                "url": "https://photos.zillowstatic.com/fp/a5db060fe495f936f39953588f6749a4-p_e.jpg"
            },
            {
                "url": "https://photos.zillowstatic.com/fp/2efd62869a0cc97e6802141c7b4654d6-p_e.jpg"
            },
            {
                "url": "https://photos.zillowstatic.com/fp/e1a113095f0bf98872d5005f03870e61-p_e.jpg"
            },
            {
                "url": "https://photos.zillowstatic.com/fp/e2832fd34805137e853be457f38673ac-p_e.jpg"
            },
            {
                "url": "https://photos.zillowstatic.com/fp/93c5f9fc5a3421fd8dfb97b14670ec17-p_e.jpg"
            },
            {
                "url": "https://photos.zillowstatic.com/fp/77033082b5afd09e84c9c9174243fbab-p_e.jpg"
            }
        ],
        "rooms": []
    },
    {
        "zpid": "44218126",
        "id": "44218126",
        "rawHomeStatusCd": "ForSale",
        "marketingStatusSimplifiedCd": "For Sale by Agent",
        "imgSrc": "https://photos.zillowstatic.com/fp/8498cda69ba0c577e6726cc609ff26f4-p_e.jpg",
        "hasImage": true,
        "detailUrl": "https://www.zillow.com/homedetails/10367-N-Kendall-Dr-APT-E7-Miami-FL-33176/44218126_zpid/",
        "statusType": "FOR_SALE",
        "statusText": "Condo for sale",
        "countryCurrency": "$",
        "price": "$325,000",
        "unformattedPrice": 325000,
        "address": "10367 N Kendall Dr APT E7, Miami, FL 33176",
        "addressStreet": "10367 N Kendall Dr APT E7",
        "addressCity": "Miami",
        "addressState": "FL",
        "addressZipcode": "33176",
        "isUndisclosedAddress": false,
        "beds": 2,
        "baths": 2.0,
        "area": 954,
        "latLong": {
            "latitude": 25.688484,
            "longitude": -80.36116
        },
        "isZillowOwned": false,
        "variableData": {
            "type": "DAYS_ON",
            "text": "217 days on Zillow"
        },
        "hdpData": {
            "homeInfo": {
                "zpid": 44218126,
                "streetAddress": "10367 N Kendall Dr APT E7",
                "zipcode": "33176",
                "city": "Miami",
                "state": "FL",
                "latitude": 25.688484,
                "longitude": -80.36116,
                "price": 325000.0,
                "datePriceChanged": 1705651200000,
                "bathrooms": 2.0,
                "bedrooms": 2.0,
                "livingArea": 954.0,
                "homeType": "CONDO",
                "homeStatus": "FOR_SALE",
                "daysOnZillow": 217,
                "isFeatured": false,
                "shouldHighlight": false,
                "listing_sub_type": {
                    "is_FSBA": true
                },
                "isUnmappable": false,
                "isPreforeclosureAuction": false,
                "homeStatusForHDP": "FOR_SALE",
                "priceForHDP": 325000.0,
                "priceChange": 25000,
                "timeOnZillow": 18756586000,
                "isNonOwnerOccupied": true,
                "isPremierBuilder": false,
                "isZillowOwned": false,
                "currency": "USD",
                "country": "USA",
                "taxAssessedValue": 169448.0,
                "unit": "Apt E7",
                "lotAreaValue": 0.0,
                "lotAreaUnit": "sqft",
                "isShowcaseListing": false
            }
        },
        "isSaved": false,
        "isUserClaimingOwner": false,
        "isUserConfirmedClaim": false,
        "pgapt": "ForSale",
        "sgapt": "For Sale (Broker)",
        "shouldShowZestimateAsPrice": false,
        "has3DModel": false,
        "hasVideo": false,
        "isHomeRec": false,
        "hasAdditionalAttributions": true,
        "isFeaturedListing": false,
        "isShowcaseListing": false,
        "list": true,
        "relaxed": false,
        "info3String": "https://photos.zillowstatic.com/fp/a8b02d5ac61ac8b9a11bda64382b4f89-zillow_web_48_23.jpg",
        "brokerName": "Lisayly Hurtado PA",
        "carouselPhotos": [
            {
                "url": "https://photos.zillowstatic.com/fp/8498cda69ba0c577e6726cc609ff26f4-p_e.jpg"
            },
            {
                "url": "https://photos.zillowstatic.com/fp/1b53bb46208780285199d3c35afde35e-p_e.jpg"
            },
            {
                "url": "https://photos.zillowstatic.com/fp/84dbca9bd957d5469b30390d7bb4119d-p_e.jpg"
            },
            {
                "url": "https://photos.zillowstatic.com/fp/ce2979a957ef11a663c259cf8bf60f70-p_e.jpg"
            },
            {
                "url": "https://photos.zillowstatic.com/fp/2ad50dbb991a4fe4a4440cd2cf42afd7-p_e.jpg"
            },
            {
                "url": "https://photos.zillowstatic.com/fp/701bfc613030a3de329432fa538a617c-p_e.jpg"
            },
            {
                "url": "https://photos.zillowstatic.com/fp/e4d02a85bff2083d34c10602f86a9ffa-p_e.jpg"
            },
            {
                "url": "https://photos.zillowstatic.com/fp/d08888e0ce4ea02bbfea935f7393483a-p_e.jpg"
            },
            {
                "url": "https://photos.zillowstatic.com/fp/e354571889f4840943bd6a4834e76d05-p_e.jpg"
            },
            {
                "url": "https://photos.zillowstatic.com/fp/da83cf51e363dbc3b3f1585eeb17024f-p_e.jpg"
            },
            {
                "url": "https://photos.zillowstatic.com/fp/ccf5f3ac265a020dd142523d7ba9584a-p_e.jpg"
            },
            {
                "url": "https://photos.zillowstatic.com/fp/b160fed8c9b20fc0d5f7f44323072d43-p_e.jpg"
            },
            {
                "url": "https://photos.zillowstatic.com/fp/1624f58f7620db3f63b8e996e912d8da-p_e.jpg"
            },
            {
                "url": "https://photos.zillowstatic.com/fp/c4ebd6f304c5839c393331db0515eb76-p_e.jpg"
            },
            {
                "url": "https://photos.zillowstatic.com/fp/ab8d218e1889b842d4d52a1c2095ecf2-p_e.jpg"
            },
            {
                "url": "https://photos.zillowstatic.com/fp/1f8f6d8a0762dfbfce31921c5b741556-p_e.jpg"
            },
            {
                "url": "https://photos.zillowstatic.com/fp/833a3fa799dd676161642eab6e818e22-p_e.jpg"
            },
            {
                "url": "https://photos.zillowstatic.com/fp/870475abfc985d1df633444d9ac4a186-p_e.jpg"
            },
            {
                "url": "https://photos.zillowstatic.com/fp/c80097a248f339424a86a67c9bd18759-p_e.jpg"
            }
        ],
        "rooms": []
    },
    {
        "zpid": "44255187",
        "id": "44255187",
        "rawHomeStatusCd": "ForSale",
        "marketingStatusSimplifiedCd": "For Sale by Agent",
        "imgSrc": "https://photos.zillowstatic.com/fp/696437a4b578a46161ec29badb2a00db-p_e.jpg",
        "hasImage": true,
        "detailUrl": "https://www.zillow.com/homedetails/12760-SW-65th-St-Miami-FL-33183/44255187_zpid/",
        "statusType": "FOR_SALE",
        "statusText": "House for sale",
        "countryCurrency": "$",
        "price": "$675,000",
        "unformattedPrice": 675000,
        "address": "12760 SW 65th St, Miami, FL 33183",
        "addressStreet": "12760 SW 65th St",
        "addressCity": "Miami",
        "addressState": "FL",
        "addressZipcode": "33183",
        "isUndisclosedAddress": false,
        "beds": 3,
        "baths": 2.0,
        "area": 1495,
        "latLong": {
            "latitude": 25.706533,
            "longitude": -80.401245
        },
        "isZillowOwned": false,
        "variableData": {
            "type": "DAYS_ON",
            "text": "241 days on Zillow"
        },
        "hdpData": {
            "homeInfo": {
                "zpid": 44255187,
                "streetAddress": "12760 SW 65th St",
                "zipcode": "33183",
                "city": "Miami",
                "state": "FL",
                "latitude": 25.706533,
                "longitude": -80.401245,
                "price": 675000.0,
                "bathrooms": 2.0,
                "bedrooms": 3.0,
                "livingArea": 1495.0,
                "homeType": "SINGLE_FAMILY",
                "homeStatus": "FOR_SALE",
                "daysOnZillow": 241,
                "isFeatured": false,
                "shouldHighlight": false,
                "rentZestimate": 3628,
                "listing_sub_type": {
                    "is_FSBA": true
                },
                "isUnmappable": false,
                "isPreforeclosureAuction": false,
                "homeStatusForHDP": "FOR_SALE",
                "priceForHDP": 675000.0,
                "timeOnZillow": 20830186000,
                "isNonOwnerOccupied": true,
                "isPremierBuilder": false,
                "isZillowOwned": false,
                "currency": "USD",
                "country": "USA",
                "taxAssessedValue": 400089.0,
                "lotAreaValue": 6257.0,
                "lotAreaUnit": "sqft",
                "isShowcaseListing": false
            }
        },
        "isSaved": false,
        "isUserClaimingOwner": false,
        "isUserConfirmedClaim": false,
        "pgapt": "ForSale",
        "sgapt": "For Sale (Broker)",
        "shouldShowZestimateAsPrice": false,
        "has3DModel": false,
        "hasVideo": false,
        "isHomeRec": false,
        "hasAdditionalAttributions": true,
        "isFeaturedListing": false,
        "isShowcaseListing": false,
        "list": true,
        "relaxed": false,
        "info3String": "https://photos.zillowstatic.com/fp/a8b02d5ac61ac8b9a11bda64382b4f89-zillow_web_48_23.jpg",
        "brokerName": "GRM International Realty, Inc.",
        "carouselPhotos": [
            {
                "url": "https://photos.zillowstatic.com/fp/696437a4b578a46161ec29badb2a00db-p_e.jpg"
            },
            {
                "url": "https://photos.zillowstatic.com/fp/b23510496ad86211fc94bbf01569e650-p_e.jpg"
            },
            {
                "url": "https://photos.zillowstatic.com/fp/a3eb6a695d8d0c094ff6eb744c1e7edb-p_e.jpg"
            },
            {
                "url": "https://photos.zillowstatic.com/fp/8c0d4c30003d031e93dbd3d152f8a804-p_e.jpg"
            },
            {
                "url": "https://photos.zillowstatic.com/fp/d9179d56f661d61938790074672ea4ed-p_e.jpg"
            },
            {
                "url": "https://photos.zillowstatic.com/fp/206c49c42054dae3d3ae406eed6e7d9e-p_e.jpg"
            },
            {
                "url": "https://photos.zillowstatic.com/fp/68cf9505a2a0fec52ef3e32c8dfcf29a-p_e.jpg"
            },
            {
                "url": "https://photos.zillowstatic.com/fp/a5b4fbc2e3bccde5ce9ec9fddd72aac1-p_e.jpg"
            },
            {
                "url": "https://photos.zillowstatic.com/fp/4b0b2c6629091e6f92eb78cc3fad742d-p_e.jpg"
            },
            {
                "url": "https://photos.zillowstatic.com/fp/d8a4911da17fe697ecc61f7e80f5eb09-p_e.jpg"
            },
            {
                "url": "https://photos.zillowstatic.com/fp/202905f6ea6381348f4a9eba05968e00-p_e.jpg"
            },
            {
                "url": "https://photos.zillowstatic.com/fp/f07cc5b494a4fd941125a9f353bfaaa6-p_e.jpg"
            },
            {
                "url": "https://photos.zillowstatic.com/fp/e6e9211761b0fc87da76f13af2b1814f-p_e.jpg"
            },
            {
                "url": "https://photos.zillowstatic.com/fp/af72b539bc34daeebe47471201ef19ce-p_e.jpg"
            },
            {
                "url": "https://photos.zillowstatic.com/fp/5acb05e27989e977809f1255edd6c4d1-p_e.jpg"
            },
            {
                "url": "https://photos.zillowstatic.com/fp/dc0facb4a356ad88d1a488f823328b19-p_e.jpg"
            },
            {
                "url": "https://photos.zillowstatic.com/fp/34733157f106c86ceed71451a939c4e6-p_e.jpg"
            },
            {
                "url": "https://photos.zillowstatic.com/fp/6a66c768066d0d48dadf8ad39dab687b-p_e.jpg"
            },
            {
                "url": "https://photos.zillowstatic.com/fp/3e4c5f03ccac6fd375d8e6548d1ed8b5-p_e.jpg"
            }
        ],
        "rooms": []
    },
    {
        "zpid": "64857943",
        "id": "64857943",
        "rawHomeStatusCd": "ForSale",
        "marketingStatusSimplifiedCd": "For Sale by Agent",
        "imgSrc": "https://photos.zillowstatic.com/fp/06726412f56c36de1bdc56ab19d9ee59-p_e.jpg",
        "hasImage": true,
        "detailUrl": "https://www.zillow.com/homedetails/10755-SW-108th-Ave-APT-302-Miami-FL-33176/64857943_zpid/",
        "statusType": "FOR_SALE",
        "statusText": "Condo for sale",
        "countryCurrency": "$",
        "price": "$335,000",
        "unformattedPrice": 335000,
        "address": "10755 SW 108th Ave APT 302, Miami, FL 33176",
        "addressStreet": "10755 SW 108th Ave APT 302",
        "addressCity": "Miami",
        "addressState": "FL",
        "addressZipcode": "33176",
        "isUndisclosedAddress": false,
        "beds": 2,
        "baths": 2.0,
        "area": 1050,
        "latLong": {
            "latitude": 25.669718,
            "longitude": -80.36982
        },
        "isZillowOwned": false,
        "variableData": {
            "type": "PRICE_REDUCTION",
            "text": "$4,000 (Nov 1)"
        },
        "hdpData": {
            "homeInfo": {
                "zpid": 64857943,
                "streetAddress": "10755 SW 108th Ave APT 302",
                "zipcode": "33176",
                "city": "Miami",
                "state": "FL",
                "latitude": 25.669718,
                "longitude": -80.36982,
                "price": 335000.0,
                "datePriceChanged": 1698822000000,
                "bathrooms": 2.0,
                "bedrooms": 2.0,
                "livingArea": 1050.0,
                "homeType": "CONDO",
                "homeStatus": "FOR_SALE",
                "daysOnZillow": 265,
                "isFeatured": false,
                "shouldHighlight": false,
                "zestimate": 323600,
                "rentZestimate": 2500,
                "listing_sub_type": {
                    "is_FSBA": true
                },
                "priceReduction": "$4,000 (Nov 1)",
                "isUnmappable": false,
                "isPreforeclosureAuction": false,
                "homeStatusForHDP": "FOR_SALE",
                "priceForHDP": 335000.0,
                "priceChange": -4000,
                "timeOnZillow": 22903786000,
                "isNonOwnerOccupied": true,
                "isPremierBuilder": false,
                "isZillowOwned": false,
                "currency": "USD",
                "country": "USA",
                "taxAssessedValue": 176400.0,
                "unit": "Apt 302",
                "lotAreaValue": 0.0,
                "lotAreaUnit": "sqft",
                "isShowcaseListing": false
            }
        },
        "isSaved": false,
        "isUserClaimingOwner": false,
        "isUserConfirmedClaim": false,
        "pgapt": "ForSale",
        "sgapt": "For Sale (Broker)",
        "zestimate": 323600,
        "shouldShowZestimateAsPrice": false,
        "has3DModel": false,
        "hasVideo": false,
        "isHomeRec": false,
        "hasAdditionalAttributions": true,
        "isFeaturedListing": false,
        "isShowcaseListing": false,
        "list": true,
        "relaxed": false,
        "info3String": "https://photos.zillowstatic.com/fp/a8b02d5ac61ac8b9a11bda64382b4f89-zillow_web_48_23.jpg",
        "brokerName": "La Rosa Realty Kendall, LLC.",
        "carouselPhotos": [
            {
                "url": "https://photos.zillowstatic.com/fp/06726412f56c36de1bdc56ab19d9ee59-p_e.jpg"
            },
            {
                "url": "https://photos.zillowstatic.com/fp/1eb934225686afdf50ce7b2d867c85cb-p_e.jpg"
            },
            {
                "url": "https://photos.zillowstatic.com/fp/e2233778bc9ba3e5740257fdd98b8897-p_e.jpg"
            },
            {
                "url": "https://photos.zillowstatic.com/fp/54887a7655044fe431318a95e1c2200c-p_e.jpg"
            },
            {
                "url": "https://photos.zillowstatic.com/fp/951b97367c038aecebebfe46b5fe5427-p_e.jpg"
            },
            {
                "url": "https://photos.zillowstatic.com/fp/adf08581bb12e24acbf2f227788ab7e9-p_e.jpg"
            },
            {
                "url": "https://photos.zillowstatic.com/fp/eb3c21066799195b7da3e5514acb9c1c-p_e.jpg"
            },
            {
                "url": "https://photos.zillowstatic.com/fp/9e8e45228ffb52982c2e52607ff9d6e6-p_e.jpg"
            },
            {
                "url": "https://photos.zillowstatic.com/fp/1a1df653d642f519f8eeccfa6173984f-p_e.jpg"
            },
            {
                "url": "https://photos.zillowstatic.com/fp/7ecbc4006974307d315993c595397b34-p_e.jpg"
            },
            {
                "url": "https://photos.zillowstatic.com/fp/df7207c58dd5e54315a3e75c15461dd6-p_e.jpg"
            },
            {
                "url": "https://photos.zillowstatic.com/fp/4bcbefb2ea21a972adc817d329b05f39-p_e.jpg"
            },
            {
                "url": "https://photos.zillowstatic.com/fp/f3bff23023ceae6c83333f2ad6ab17cb-p_e.jpg"
            },
            {
                "url": "https://photos.zillowstatic.com/fp/1b79386541e2d0240fb6a4418ad939b6-p_e.jpg"
            },
            {
                "url": "https://photos.zillowstatic.com/fp/0f61b04f4a66aeeb7bdc554a6529918e-p_e.jpg"
            },
            {
                "url": "https://photos.zillowstatic.com/fp/6814f85b6bbf99cd079b8d686b7cfa83-p_e.jpg"
            },
            {
                "url": "https://photos.zillowstatic.com/fp/1eb791dd3e8078bcb97a4a6c2e212810-p_e.jpg"
            },
            {
                "url": "https://photos.zillowstatic.com/fp/08f6924827c3fff510f44c8b040390f3-p_e.jpg"
            },
            {
                "url": "https://photos.zillowstatic.com/fp/a4fe50b4bb040973aec42835ce1beb88-p_e.jpg"
            },
            {
                "url": "https://photos.zillowstatic.com/fp/c0e9ae22b9843bc38e4fef11291084cd-p_e.jpg"
            },
            {
                "url": "https://photos.zillowstatic.com/fp/3142de23fff08b19501a40664817d258-p_e.jpg"
            },
            {
                "url": "https://photos.zillowstatic.com/fp/816d40b8d14cdfcd3b403cd3ac3e6b0f-p_e.jpg"
            }
        ],
        "rooms": []
    },
    {
        "zpid": "44270137",
        "id": "44270137",
        "rawHomeStatusCd": "ForSale",
        "marketingStatusSimplifiedCd": "For Sale by Agent",
        "imgSrc": "https://photos.zillowstatic.com/fp/23de87a34878dd2c9230971248703be2-p_e.jpg",
        "hasImage": true,
        "detailUrl": "https://www.zillow.com/homedetails/8647-SW-137th-Ave-8647-Miami-FL-33183/44270137_zpid/",
        "statusType": "FOR_SALE",
        "statusText": "Townhouse for sale",
        "countryCurrency": "$",
        "price": "$399,000",
        "unformattedPrice": 399000,
        "address": "8647 SW 137th Ave #8647, Miami, FL 33183",
        "addressStreet": "8647 SW 137th Ave #8647",
        "addressCity": "Miami",
        "addressState": "FL",
        "addressZipcode": "33183",
        "isUndisclosedAddress": false,
        "beds": 2,
        "baths": 3.0,
        "area": 1346,
        "latLong": {
            "latitude": 25.686983,
            "longitude": -80.415
        },
        "isZillowOwned": false,
        "variableData": {
            "type": "PRICE_REDUCTION",
            "text": "$16,000 (Nov 2)"
        },
        "hdpData": {
            "homeInfo": {
                "zpid": 44270137,
                "streetAddress": "8647 SW 137th Ave #8647",
                "zipcode": "33183",
                "city": "Miami",
                "state": "FL",
                "latitude": 25.686983,
                "longitude": -80.415,
                "price": 399000.0,
                "datePriceChanged": 1698908400000,
                "bathrooms": 3.0,
                "bedrooms": 2.0,
                "livingArea": 1346.0,
                "homeType": "TOWNHOUSE",
                "homeStatus": "FOR_SALE",
                "daysOnZillow": 286,
                "isFeatured": false,
                "shouldHighlight": false,
                "zestimate": 378500,
                "rentZestimate": 2650,
                "listing_sub_type": {
                    "is_FSBA": true
                },
                "priceReduction": "$16,000 (Nov 2)",
                "isUnmappable": false,
                "isPreforeclosureAuction": false,
                "homeStatusForHDP": "FOR_SALE",
                "priceForHDP": 399000.0,
                "priceChange": -16000,
                "timeOnZillow": 24718186000,
                "isNonOwnerOccupied": true,
                "isPremierBuilder": false,
                "isZillowOwned": false,
                "currency": "USD",
                "country": "USA",
                "taxAssessedValue": 196730.0,
                "unit": "# 8647",
                "lotAreaValue": 0.0,
                "lotAreaUnit": "sqft",
                "isShowcaseListing": false
            }
        },
        "isSaved": false,
        "isUserClaimingOwner": false,
        "isUserConfirmedClaim": false,
        "pgapt": "ForSale",
        "sgapt": "For Sale (Broker)",
        "zestimate": 378500,
        "shouldShowZestimateAsPrice": false,
        "has3DModel": false,
        "hasVideo": false,
        "isHomeRec": false,
        "hasAdditionalAttributions": true,
        "isFeaturedListing": false,
        "isShowcaseListing": false,
        "list": true,
        "relaxed": false,
        "info3String": "https://photos.zillowstatic.com/fp/a8b02d5ac61ac8b9a11bda64382b4f89-zillow_web_48_23.jpg",
        "brokerName": "Horizon Homes Realty Corp",
        "carouselPhotos": [
            {
                "url": "https://photos.zillowstatic.com/fp/23de87a34878dd2c9230971248703be2-p_e.jpg"
            },
            {
                "url": "https://photos.zillowstatic.com/fp/4edb8d1a5ccc8fe36c407f93b2c664ed-p_e.jpg"
            },
            {
                "url": "https://photos.zillowstatic.com/fp/705398dadbddcf4816094c355d5d5cc9-p_e.jpg"
            },
            {
                "url": "https://photos.zillowstatic.com/fp/e4425a7e374f047ef34d14a23d26a369-p_e.jpg"
            },
            {
                "url": "https://photos.zillowstatic.com/fp/ae68edbc61a50f5a1219efbd9702a326-p_e.jpg"
            },
            {
                "url": "https://photos.zillowstatic.com/fp/cfb492bf0d12f767f3ea7d7ffcdd3f1d-p_e.jpg"
            },
            {
                "url": "https://photos.zillowstatic.com/fp/ba00dd1ec364c82dbfe2d8887e9206e3-p_e.jpg"
            },
            {
                "url": "https://photos.zillowstatic.com/fp/928e55e11a5d9e107cf499397f6c76ed-p_e.jpg"
            },
            {
                "url": "https://photos.zillowstatic.com/fp/0c809c7fcff078ecebe1ce9b2c936caf-p_e.jpg"
            },
            {
                "url": "https://photos.zillowstatic.com/fp/1be97639a19b3074d21822c6fb1eceb0-p_e.jpg"
            },
            {
                "url": "https://photos.zillowstatic.com/fp/752674340ba71ab31960990b0e685fb2-p_e.jpg"
            },
            {
                "url": "https://photos.zillowstatic.com/fp/a358ec520689e186c36565fbb27164db-p_e.jpg"
            },
            {
                "url": "https://photos.zillowstatic.com/fp/65991956a9514f278c3a73bccc3c9632-p_e.jpg"
            },
            {
                "url": "https://photos.zillowstatic.com/fp/c9b2536f617829b7dc9e7aa134146e92-p_e.jpg"
            },
            {
                "url": "https://photos.zillowstatic.com/fp/95106dca4c8dd01dc71e057fdb1737c6-p_e.jpg"
            },
            {
                "url": "https://photos.zillowstatic.com/fp/0b2fe537f4b2f90af1edc90dbf3a3bb6-p_e.jpg"
            },
            {
                "url": "https://photos.zillowstatic.com/fp/6217f52b1e61facaaf67d8924f314d8f-p_e.jpg"
            },
            {
                "url": "https://photos.zillowstatic.com/fp/dd287f3fde1ef518944f21ca846bda4b-p_e.jpg"
            },
            {
                "url": "https://photos.zillowstatic.com/fp/68f9e879dd10331a2783ae21a8443fd3-p_e.jpg"
            },
            {
                "url": "https://photos.zillowstatic.com/fp/445a66fc9fdef1bb432332df0ead0ff6-p_e.jpg"
            },
            {
                "url": "https://photos.zillowstatic.com/fp/99e801a348b6a7f06a2d10b78104d522-p_e.jpg"
            }
        ],
        "rooms": []
    },
    {
        "zpid": "44211343",
        "id": "44211343",
        "rawHomeStatusCd": "ForSale",
        "marketingStatusSimplifiedCd": "For Sale by Agent",
        "imgSrc": "https://photos.zillowstatic.com/fp/adf5d10f83c047145ab59fc35b608735-p_e.jpg",
        "hasImage": true,
        "detailUrl": "https://www.zillow.com/homedetails/9760-SW-60th-St-Miami-FL-33173/44211343_zpid/",
        "statusType": "FOR_SALE",
        "statusText": "House for sale",
        "countryCurrency": "$",
        "price": "$4,399,000",
        "unformattedPrice": 4399000,
        "address": "9760 SW 60th St, Miami, FL 33173",
        "addressStreet": "9760 SW 60th St",
        "addressCity": "Miami",
        "addressState": "FL",
        "addressZipcode": "33173",
        "isUndisclosedAddress": false,
        "beds": 4,
        "baths": 5.0,
        "area": 5326,
        "latLong": {
            "latitude": 25.712019,
            "longitude": -80.3519
        },
        "isZillowOwned": false,
        "variableData": {
            "type": "DAYS_ON",
            "text": "437 days on Zillow"
        },
        "hdpData": {
            "homeInfo": {
                "zpid": 44211343,
                "streetAddress": "9760 SW 60th St",
                "zipcode": "33173",
                "city": "Miami",
                "state": "FL",
                "latitude": 25.712019,
                "longitude": -80.3519,
                "price": 4399000.0,
                "bathrooms": 5.0,
                "bedrooms": 4.0,
                "livingArea": 5326.0,
                "homeType": "SINGLE_FAMILY",
                "homeStatus": "FOR_SALE",
                "daysOnZillow": 437,
                "isFeatured": false,
                "shouldHighlight": false,
                "zestimate": 3994300,
                "rentZestimate": 17190,
                "listing_sub_type": {
                    "is_FSBA": true
                },
                "isUnmappable": false,
                "isPreforeclosureAuction": false,
                "homeStatusForHDP": "FOR_SALE",
                "priceForHDP": 4399000.0,
                "timeOnZillow": 37764586000,
                "isNonOwnerOccupied": true,
                "isPremierBuilder": false,
                "isZillowOwned": false,
                "currency": "USD",
                "country": "USA",
                "taxAssessedValue": 1993204.0,
                "lotAreaValue": 1.154,
                "lotAreaUnit": "acres",
                "isShowcaseListing": false
            }
        },
        "isSaved": false,
        "isUserClaimingOwner": false,
        "isUserConfirmedClaim": false,
        "pgapt": "ForSale",
        "sgapt": "For Sale (Broker)",
        "zestimate": 3994300,
        "shouldShowZestimateAsPrice": false,
        "has3DModel": false,
        "hasVideo": false,
        "isHomeRec": false,
        "hasAdditionalAttributions": true,
        "isFeaturedListing": false,
        "isShowcaseListing": false,
        "list": true,
        "relaxed": false,
        "info3String": "https://photos.zillowstatic.com/fp/a8b02d5ac61ac8b9a11bda64382b4f89-zillow_web_48_23.jpg",
        "brokerName": "BrokerNation Real Estate",
        "carouselPhotos": [
            {
                "url": "https://photos.zillowstatic.com/fp/adf5d10f83c047145ab59fc35b608735-p_e.jpg"
            },
            {
                "url": "https://photos.zillowstatic.com/fp/9808cc630f64f116cbdf774954f4a346-p_e.jpg"
            },
            {
                "url": "https://photos.zillowstatic.com/fp/32846da6b59c33052db83302c104a5de-p_e.jpg"
            },
            {
                "url": "https://photos.zillowstatic.com/fp/b7104c7691e8a8265123a73cce4b28f3-p_e.jpg"
            },
            {
                "url": "https://photos.zillowstatic.com/fp/b683f26fa5d762d2d385e92fcc17a398-p_e.jpg"
            },
            {
                "url": "https://photos.zillowstatic.com/fp/3f4d809a44bf0756c809b796ab8f4e9a-p_e.jpg"
            },
            {
                "url": "https://photos.zillowstatic.com/fp/548e30f68b626e5e2711021bd30639db-p_e.jpg"
            },
            {
                "url": "https://photos.zillowstatic.com/fp/656e43b38b004b13efe968c9ea5ec004-p_e.jpg"
            },
            {
                "url": "https://photos.zillowstatic.com/fp/82de3c544e2e631490514b841d10363e-p_e.jpg"
            },
            {
                "url": "https://photos.zillowstatic.com/fp/87c09839511ff02290b17f1a9966764e-p_e.jpg"
            },
            {
                "url": "https://photos.zillowstatic.com/fp/fc2253ffcc9589f553a045b64140a53a-p_e.jpg"
            },
            {
                "url": "https://photos.zillowstatic.com/fp/d95d7fc9dd803c7edcc757dce86789b3-p_e.jpg"
            },
            {
                "url": "https://photos.zillowstatic.com/fp/23786cd05b0414a67428270d5eb41c2c-p_e.jpg"
            },
            {
                "url": "https://photos.zillowstatic.com/fp/915d13d4b6a3168b44c634e07ad3e955-p_e.jpg"
            },
            {
                "url": "https://photos.zillowstatic.com/fp/a48eae3bd80bee8fc057a6b8cb8e0455-p_e.jpg"
            },
            {
                "url": "https://photos.zillowstatic.com/fp/605451a7631658a71208119352543921-p_e.jpg"
            },
            {
                "url": "https://photos.zillowstatic.com/fp/81fc46b8e5ec8e1de06a1c856c5ef38d-p_e.jpg"
            },
            {
                "url": "https://photos.zillowstatic.com/fp/0532ec887c7062dfad4f87f9c9de0c58-p_e.jpg"
            },
            {
                "url": "https://photos.zillowstatic.com/fp/0065ad9aaeafc1c8437bbf80a10c8e1d-p_e.jpg"
            },
            {
                "url": "https://photos.zillowstatic.com/fp/ddd94df76a07714b43a795f69a3af521-p_e.jpg"
            },
            {
                "url": "https://photos.zillowstatic.com/fp/5347ced60ec76fcd08145740199f4b3c-p_e.jpg"
            },
            {
                "url": "https://photos.zillowstatic.com/fp/933219f55ed6d930dbc85affb4fe71b8-p_e.jpg"
            },
            {
                "url": "https://photos.zillowstatic.com/fp/ccc2969928f2febe55b738481c8bc2b9-p_e.jpg"
            },
            {
                "url": "https://photos.zillowstatic.com/fp/ed052d245dc8f1130564ce55f384dc4e-p_e.jpg"
            },
            {
                "url": "https://photos.zillowstatic.com/fp/c08404c3da57d9ef928f93e2200848e0-p_e.jpg"
            },
            {
                "url": "https://photos.zillowstatic.com/fp/a2c3959ffd67f91564592fe02db986de-p_e.jpg"
            },
            {
                "url": "https://photos.zillowstatic.com/fp/a349c70eb6b63e436c8b94772632d997-p_e.jpg"
            },
            {
                "url": "https://photos.zillowstatic.com/fp/693448bfa8a79e6a1d91f5501d288c46-p_e.jpg"
            },
            {
                "url": "https://photos.zillowstatic.com/fp/72dcac894e4642567a2be3b4c50edd6c-p_e.jpg"
            },
            {
                "url": "https://photos.zillowstatic.com/fp/8633882fe954763fa06b6036549b704f-p_e.jpg"
            },
            {
                "url": "https://photos.zillowstatic.com/fp/72876c2dfa84e48709fc384d42105636-p_e.jpg"
            },
            {
                "url": "https://photos.zillowstatic.com/fp/6aba6be1067bfadb9f518bf50b23f9c1-p_e.jpg"
            },
            {
                "url": "https://photos.zillowstatic.com/fp/6cccaf655d7a1c174bccda18727061cb-p_e.jpg"
            },
            {
                "url": "https://photos.zillowstatic.com/fp/56f0a23cc8fab3e2ea281d4b176987f3-p_e.jpg"
            },
            {
                "url": "https://photos.zillowstatic.com/fp/a005b5268459b2010a8621780a34b239-p_e.jpg"
            },
            {
                "url": "https://photos.zillowstatic.com/fp/ea3545ea7893c7362877f2532eb66039-p_e.jpg"
            },
            {
                "url": "https://photos.zillowstatic.com/fp/d442ddc8069b510e52b2cf390b49f1d1-p_e.jpg"
            },
            {
                "url": "https://photos.zillowstatic.com/fp/2e456f40a70943ce8b17ab0fc3edbabc-p_e.jpg"
            },
            {
                "url": "https://photos.zillowstatic.com/fp/2ff77f909d75c579c9bf58105d5efbfb-p_e.jpg"
            },
            {
                "url": "https://photos.zillowstatic.com/fp/62ac83b2fc79869e1a9e6c80ea1a86b0-p_e.jpg"
            },
            {
                "url": "https://photos.zillowstatic.com/fp/77a9089be730c89721f15ac643d86a59-p_e.jpg"
            },
            {
                "url": "https://photos.zillowstatic.com/fp/8c0a7771e6f385a3209931809be8c66a-p_e.jpg"
            },
            {
                "url": "https://photos.zillowstatic.com/fp/88a39650e47b038a2543bc11f6825ae2-p_e.jpg"
            },
            {
                "url": "https://photos.zillowstatic.com/fp/fccd3e635165537d56c4edf3cb66f9af-p_e.jpg"
            },
            {
                "url": "https://photos.zillowstatic.com/fp/0e868f151de77d8b94822579ece122be-p_e.jpg"
            },
            {
                "url": "https://photos.zillowstatic.com/fp/c0f81718be0288ec7261354cace30c17-p_e.jpg"
            },
            {
                "url": "https://photos.zillowstatic.com/fp/e4d06dca15ca5042556de898faead098-p_e.jpg"
            },
            {
                "url": "https://photos.zillowstatic.com/fp/71f790d70934a9cee644ac6eed7448e8-p_e.jpg"
            },
            {
                "url": "https://photos.zillowstatic.com/fp/22dd2c1c9a2ea10244e2dd78f7308cbd-p_e.jpg"
            },
            {
                "url": "https://photos.zillowstatic.com/fp/3a56d84dde3a0e6dd9a51ff30b4e7090-p_e.jpg"
            },
            {
                "url": "https://photos.zillowstatic.com/fp/60ef105341a0288bbbd6acfb48354a48-p_e.jpg"
            },
            {
                "url": "https://photos.zillowstatic.com/fp/7394eb59cd950b49e88412e1037e8488-p_e.jpg"
            },
            {
                "url": "https://photos.zillowstatic.com/fp/6d746a200a19ceb321236ddba7db3a0b-p_e.jpg"
            },
            {
                "url": "https://photos.zillowstatic.com/fp/b0b81afa6f8b2e15c230787210c9f335-p_e.jpg"
            },
            {
                "url": "https://photos.zillowstatic.com/fp/a86b454d27d8bb0084f314de05f93035-p_e.jpg"
            },
            {
                "url": "https://photos.zillowstatic.com/fp/2dab47fcdacab7c43d9b950edb4f80e2-p_e.jpg"
            },
            {
                "url": "https://photos.zillowstatic.com/fp/66807347c221901c61fc508ed83ce472-p_e.jpg"
            },
            {
                "url": "https://photos.zillowstatic.com/fp/b08e8977b3b8d3e1feb106e22aa75022-p_e.jpg"
            },
            {
                "url": "https://photos.zillowstatic.com/fp/fdd219051af6b5b225a523ee02e08ade-p_e.jpg"
            },
            {
                "url": "https://photos.zillowstatic.com/fp/b964605e27f8fb75ce75ceaf2bbb6971-p_e.jpg"
            },
            {
                "url": "https://photos.zillowstatic.com/fp/270c31d41b414cd4fc5239f981a0e47a-p_e.jpg"
            },
            {
                "url": "https://photos.zillowstatic.com/fp/95980ba7cea78eb8c08cd3e9c9279ca2-p_e.jpg"
            },
            {
                "url": "https://photos.zillowstatic.com/fp/6ada00045a74ee919f3e241092cc5734-p_e.jpg"
            },
            {
                "url": "https://photos.zillowstatic.com/fp/9ad5170267f732ddc6b7e83923e5c25c-p_e.jpg"
            },
            {
                "url": "https://photos.zillowstatic.com/fp/8e386cc56ef596e1f14cb4851e16dc34-p_e.jpg"
            },
            {
                "url": "https://photos.zillowstatic.com/fp/fa26237a33a761ae789463e20c92428c-p_e.jpg"
            },
            {
                "url": "https://photos.zillowstatic.com/fp/955ca5ff02d0368048cb4d10ba2db492-p_e.jpg"
            },
            {
                "url": "https://photos.zillowstatic.com/fp/cc99a9a845d7d767e8c4a5ab84618ee2-p_e.jpg"
            },
            {
                "url": "https://photos.zillowstatic.com/fp/b92e324b6b1ed0049382aeab893e3e69-p_e.jpg"
            },
            {
                "url": "https://photos.zillowstatic.com/fp/e839c0e73fb133e024ee3db435234ef5-p_e.jpg"
            },
            {
                "url": "https://photos.zillowstatic.com/fp/39302947f806928e0f28cc3d7d17b970-p_e.jpg"
            },
            {
                "url": "https://photos.zillowstatic.com/fp/d5336ae5e6abc978de25494e7af1bf48-p_e.jpg"
            },
            {
                "url": "https://photos.zillowstatic.com/fp/3d24ccbfe98ca73c8999bbac78e2f4a6-p_e.jpg"
            },
            {
                "url": "https://photos.zillowstatic.com/fp/6157ecdf33423756a980b8e2063fdeb0-p_e.jpg"
            },
            {
                "url": "https://photos.zillowstatic.com/fp/e9cda994bf8ddd604eba6f8cbf45a657-p_e.jpg"
            },
            {
                "url": "https://photos.zillowstatic.com/fp/c4eb204499dba94558f0233833a7d556-p_e.jpg"
            },
            {
                "url": "https://photos.zillowstatic.com/fp/7d4fd2277acc50cfea30e16f44da91eb-p_e.jpg"
            },
            {
                "url": "https://photos.zillowstatic.com/fp/7b24525c17f57025d171f85869a4e0be-p_e.jpg"
            },
            {
                "url": "https://photos.zillowstatic.com/fp/d03e8edcce453d9ca3bdeabd91c0aa0c-p_e.jpg"
            },
            {
                "url": "https://photos.zillowstatic.com/fp/1f10f40de7b9edfe56c2282ade71e949-p_e.jpg"
            },
            {
                "url": "https://photos.zillowstatic.com/fp/a6e99c3be6df323e235b1235b5a02ca5-p_e.jpg"
            },
            {
                "url": "https://photos.zillowstatic.com/fp/2e7b89362a6844e4c6a4b2ad048b9578-p_e.jpg"
            },
            {
                "url": "https://photos.zillowstatic.com/fp/3e5fd0fb7f39b6e2c1502ff31271cbba-p_e.jpg"
            },
            {
                "url": "https://photos.zillowstatic.com/fp/51873f19b75f8d17b7f8381b09426eb3-p_e.jpg"
            },
            {
                "url": "https://photos.zillowstatic.com/fp/d7370e3eccaffab0071e403efd4bc2c4-p_e.jpg"
            },
            {
                "url": "https://photos.zillowstatic.com/fp/81030fb137f9e66c52b0b0a3cb6e4258-p_e.jpg"
            },
            {
                "url": "https://photos.zillowstatic.com/fp/6b8f2f60ce03f838b0839b094381f9b3-p_e.jpg"
            },
            {
                "url": "https://photos.zillowstatic.com/fp/43c30ff85216a5ec2b28c7be5e7ded7e-p_e.jpg"
            },
            {
                "url": "https://photos.zillowstatic.com/fp/d3a6d9325a5415eff8f21fdf1f6a8914-p_e.jpg"
            },
            {
                "url": "https://photos.zillowstatic.com/fp/069d5a100f248677895129c26debdf59-p_e.jpg"
            },
            {
                "url": "https://photos.zillowstatic.com/fp/8f5f5591b20671c68aac6185f2179b68-p_e.jpg"
            },
            {
                "url": "https://photos.zillowstatic.com/fp/e91ef3b49de8b29426538152c617fdce-p_e.jpg"
            },
            {
                "url": "https://photos.zillowstatic.com/fp/6c46613a58a4125e3320d96e5b6f148e-p_e.jpg"
            },
            {
                "url": "https://photos.zillowstatic.com/fp/ac52e5db3a1042dac6ad5642bbd6eb92-p_e.jpg"
            },
            {
                "url": "https://photos.zillowstatic.com/fp/a01b29c26890ebf8a8eda47824dc8737-p_e.jpg"
            },
            {
                "url": "https://photos.zillowstatic.com/fp/e4f650973a6c035a25810c48fb17688b-p_e.jpg"
            },
            {
                "url": "https://photos.zillowstatic.com/fp/e1b8a3d825fa424dbd6eb024f090eb78-p_e.jpg"
            },
            {
                "url": "https://photos.zillowstatic.com/fp/ed58525d035681cb24e3e2574ecc0b95-p_e.jpg"
            },
            {
                "url": "https://photos.zillowstatic.com/fp/bbf465f38c4181607aad6c76e0c39e4b-p_e.jpg"
            },
            {
                "url": "https://photos.zillowstatic.com/fp/bbcefcb9e352ab50fe84edaf3d1e45ce-p_e.jpg"
            }
        ],
        "rooms": []
    }
]