{
    "user_info": {
        "isLoggedIn": false,
        "hasHousingConnectorPermission": false,
        "savedHomesCount": 0,
        "personalizedSearchTraceID": "72cdc71cb028cecb0eb2a681adf4e79e",
        "guid": "af5b2b90-b0ea-4702-adc4-259d05447582",
        "zuid": "",
        "isBot": false,
        "email": "",
        "displayName": ""
    },
    "map_state": {
        "customRegionPolygonWkt": null,
        "schoolPolygonWkt": null,
        "isCurrentLocationSearch": false,
        "userPosition": {
            "lat": null,
            "lon": null
        }
    },
    "region_state": {
        "regionInfo": [
            {
                "regionId": 72517,
                "regionType": 7,
                "regionName": "33283",
                "displayName": "Miami FL 33283",
                "isPointRegion": true
            }
        ],
        "regionBounds": {
            "north": 25.709215,
            "south": 25.672984999999997,
            "east": -80.36818500000001,
            "west": -80.404415
        }
    },
    "search_page_seo": {
        "baseUrl": "/miami-fl-33283/",
        "windowTitle": "33283 Real Estate - 33283 Homes For Sale | Zillow",
        "metaDescription": "Zillow has 91 homes for sale in 33283. View listing photos, review sales history, and use our detailed real estate filters to find the perfect place."
    },
    "request_id": 4
}