{
    "user_info": {
        "isLoggedIn": false,
        "hasHousingConnectorPermission": false,
        "savedHomesCount": 0,
        "personalizedSearchTraceID": "aff9346e83d69f9d0af19b5786db3f4b",
        "guid": "e383ef24-87d2-4dc1-ba34-857a555994f7",
        "zuid": "",
        "isBot": false,
        "email": "",
        "displayName": ""
    },
    "map_state": {
        "customRegionPolygonWkt": null,
        "schoolPolygonWkt": null,
        "isCurrentLocationSearch": false,
        "userPosition": {
            "lat": null,
            "lon": null
        }
    },
    "region_state": {
        "regionInfo": [
            {
                "regionId": 72565,
                "regionType": 7,
                "regionName": "33359",
                "displayName": "Lauderhill FL 33359",
                "isPointRegion": true
            }
        ],
        "regionBounds": {
            "north": 26.182815,
            "south": 26.146584999999998,
            "east": -80.215485,
            "west": -80.25171499999999
        }
    },
    "search_page_seo": {
        "baseUrl": "/lauderhill-fl-33359/",
        "windowTitle": "33359 Real Estate - 33359 Homes For Sale | Zillow",
        "metaDescription": "Zillow has 275 homes for sale in 33359. View listing photos, review sales history, and use our detailed real estate filters to find the perfect place."
    },
    "request_id": 4
}