{
    "user_info": {
        "isLoggedIn": false,
        "hasHousingConnectorPermission": false,
        "savedHomesCount": 0,
        "personalizedSearchTraceID": "58852cda1bc462ce184208585adb4b8c",
        "guid": "8eba574d-4576-4b9b-959d-37ba4ca6b9b8",
        "zuid": "",
        "isBot": false,
        "email": "",
        "displayName": ""
    },
    "map_state": {
        "customRegionPolygonWkt": null,
        "schoolPolygonWkt": null,
        "isCurrentLocationSearch": false,
        "userPosition": {
            "lat": null,
            "lon": null
        }
    },
    "region_state": {
        "regionInfo": [
            {
                "regionId": 72529,
                "regionType": 7,
                "regionName": "33310",
                "displayName": "Oakland Park FL 33310",
                "isPointRegion": true
            }
        ],
        "regionBounds": {
            "north": 26.183415,
            "south": 26.147184999999997,
            "east": -80.15118500000001,
            "west": -80.187415
        }
    },
    "search_page_seo": {
        "baseUrl": "/oakland-park-fl-33310/",
        "windowTitle": "33310 Real Estate - 33310 Homes For Sale | Zillow",
        "metaDescription": "Zillow has 144 homes for sale in 33310. View listing photos, review sales history, and use our detailed real estate filters to find the perfect place."
    },
    "request_id": 4
}