{
    "user_info": {
        "isLoggedIn": false,
        "hasHousingConnectorPermission": false,
        "savedHomesCount": 0,
        "personalizedSearchTraceID": "7a253c3687130a6bbb1d450f206cf32f",
        "guid": "26e8864d-5a70-4e17-929d-7294b24952a4",
        "zuid": "",
        "isBot": false,
        "email": "",
        "displayName": ""
    },
    "map_state": {
        "customRegionPolygonWkt": null,
        "schoolPolygonWkt": null,
        "isCurrentLocationSearch": false,
        "userPosition": {
            "lat": null,
            "lon": null
        }
    },
    "region_state": {
        "regionInfo": [
            {
                "regionId": 757359,
                "regionType": 7,
                "regionName": "33191",
                "displayName": "Miami FL 33191",
                "isPointRegion": false
            }
        ],
        "regionBounds": {
            "north": 25.793441,
            "south": 25.78208,
            "east": -80.313606,
            "west": -80.33052
        }
    },
    "search_page_seo": {
        "baseUrl": "/miami-fl-33191/",
        "windowTitle": "33191 Real Estate - 33191 Homes For Sale | Zillow",
        "metaDescription": "Zillow has 0 homes for sale in 33191. View listing photos, review sales history, and use our detailed real estate filters to find the perfect place."
    },
    "request_id": 4
}