{
    "user_info": {
        "isLoggedIn": false,
        "hasHousingConnectorPermission": false,
        "savedHomesCount": 0,
        "personalizedSearchTraceID": "3cd9967f60632ddf67458b425089c5bb",
        "guid": "bb339a4b-4ed7-4440-94ad-bfcc19001201",
        "zuid": "",
        "isBot": false,
        "email": "",
        "displayName": ""
    },
    "map_state": {
        "customRegionPolygonWkt": null,
        "schoolPolygonWkt": null,
        "isCurrentLocationSearch": false,
        "userPosition": {
            "lat": null,
            "lon": null
        }
    },
    "region_state": {
        "regionInfo": [
            {
                "regionId": 72547,
                "regionType": 7,
                "regionName": "33328",
                "displayName": "Davie FL 33328",
                "isPointRegion": false
            }
        ],
        "regionBounds": {
            "north": 26.090781,
            "south": 26.044128,
            "east": -80.24077,
            "west": -80.297965
        }
    },
    "search_page_seo": {
        "baseUrl": "/davie-fl-33328/",
        "windowTitle": "33328 Real Estate - 33328 Homes For Sale | Zillow",
        "metaDescription": "Zillow has 33 homes for sale in 33328. View listing photos, review sales history, and use our detailed real estate filters to find the perfect place."
    },
    "request_id": 4
}