{
    "user_info": {
        "isLoggedIn": false,
        "hasHousingConnectorPermission": false,
        "savedHomesCount": 0,
        "personalizedSearchTraceID": "3395ba06f71135e7a16799aa1ecb267b",
        "guid": "7be060cc-e0b4-4255-aafa-597746ca5c00",
        "zuid": "",
        "isBot": false,
        "email": "",
        "displayName": ""
    },
    "map_state": {
        "customRegionPolygonWkt": null,
        "schoolPolygonWkt": null,
        "isCurrentLocationSearch": false,
        "userPosition": {
            "lat": null,
            "lon": null
        }
    },
    "region_state": {
        "regionInfo": [
            {
                "regionId": 72421,
                "regionType": 7,
                "regionName": "33112",
                "displayName": "Miami FL 33112",
                "isPointRegion": true
            }
        ],
        "regionBounds": {
            "north": 25.806015000000002,
            "south": 25.769785,
            "east": -80.30058500000001,
            "west": -80.336815
        }
    },
    "search_page_seo": {
        "baseUrl": "/miami-fl-33112/",
        "windowTitle": "33112 Real Estate - 33112 Homes For Sale | Zillow",
        "metaDescription": "Zillow has 114 homes for sale in 33112. View listing photos, review sales history, and use our detailed real estate filters to find the perfect place."
    },
    "request_id": 4
}