[
    {
        "zpid": "44163945",
        "id": "44163945",
        "rawHomeStatusCd": "ForSale",
        "marketingStatusSimplifiedCd": "For Sale by Agent",
        "imgSrc": "https://photos.zillowstatic.com/fp/f847ee30cf5a62330289102cddad4d66-p_e.jpg",
        "hasImage": true,
        "detailUrl": "https://www.zillow.com/homedetails/12673-NW-8th-Way-Miami-FL-33182/44163945_zpid/",
        "statusType": "FOR_SALE",
        "statusText": "House for sale",
        "countryCurrency": "$",
        "price": "$590,000",
        "unformattedPrice": 590000,
        "address": "12673 NW 8th Way, Miami, FL 33182",
        "addressStreet": "12673 NW 8th Way",
        "addressCity": "Miami",
        "addressState": "FL",
        "addressZipcode": "33182",
        "isUndisclosedAddress": false,
        "beds": 4,
        "baths": 3.0,
        "area": 1690,
        "latLong": {
            "latitude": 25.777454,
            "longitude": -80.40028
        },
        "isZillowOwned": false,
        "variableData": {
            "type": "DAYS_ON",
            "text": "6 days on Zillow"
        },
        "hdpData": {
            "homeInfo": {
                "zpid": 44163945,
                "streetAddress": "12673 NW 8th Way",
                "zipcode": "33182",
                "city": "Miami",
                "state": "FL",
                "latitude": 25.777454,
                "longitude": -80.40028,
                "price": 590000.0,
                "bathrooms": 3.0,
                "bedrooms": 4.0,
                "livingArea": 1690.0,
                "homeType": "SINGLE_FAMILY",
                "homeStatus": "FOR_SALE",
                "daysOnZillow": 6,
                "isFeatured": false,
                "shouldHighlight": false,
                "zestimate": 528300,
                "rentZestimate": 3750,
                "listing_sub_type": {
                    "is_FSBA": true
                },
                "isUnmappable": false,
                "isPreforeclosureAuction": false,
                "homeStatusForHDP": "FOR_SALE",
                "priceForHDP": 590000.0,
                "timeOnZillow": 525665000,
                "isNonOwnerOccupied": true,
                "isPremierBuilder": false,
                "isZillowOwned": false,
                "currency": "USD",
                "country": "USA",
                "taxAssessedValue": 306924.0,
                "lotAreaValue": 2424.0,
                "lotAreaUnit": "sqft",
                "isShowcaseListing": false
            }
        },
        "isSaved": false,
        "isUserClaimingOwner": false,
        "isUserConfirmedClaim": false,
        "pgapt": "ForSale",
        "sgapt": "For Sale (Broker)",
        "zestimate": 528300,
        "shouldShowZestimateAsPrice": false,
        "has3DModel": false,
        "hasVideo": false,
        "isHomeRec": false,
        "hasAdditionalAttributions": true,
        "isFeaturedListing": false,
        "isShowcaseListing": false,
        "list": true,
        "relaxed": false,
        "info3String": "https://photos.zillowstatic.com/fp/a8b02d5ac61ac8b9a11bda64382b4f89-zillow_web_48_23.jpg",
        "brokerName": "One Sotheby's Int'l Realty",
        "carouselPhotos": [
            {
                "url": "https://photos.zillowstatic.com/fp/f847ee30cf5a62330289102cddad4d66-p_e.jpg"
            },
            {
                "url": "https://photos.zillowstatic.com/fp/b148a384887f4e96348751cda0a500ad-p_e.jpg"
            },
            {
                "url": "https://photos.zillowstatic.com/fp/2c92067411c36605e7cbc0623ab143ad-p_e.jpg"
            },
            {
                "url": "https://photos.zillowstatic.com/fp/01142610afe15a94cc0758defd7f921d-p_e.jpg"
            },
            {
                "url": "https://photos.zillowstatic.com/fp/d5380434f82116aaa8f97aa192b1e64b-p_e.jpg"
            },
            {
                "url": "https://photos.zillowstatic.com/fp/67e72148f7f6bf5763366c0709359539-p_e.jpg"
            },
            {
                "url": "https://photos.zillowstatic.com/fp/5af16f17528e550f94eb26126c0f324b-p_e.jpg"
            },
            {
                "url": "https://photos.zillowstatic.com/fp/0325fbe28b58f08413ad85f7bd15b291-p_e.jpg"
            },
            {
                "url": "https://photos.zillowstatic.com/fp/44490affc192db1efbfdfaff27ad6382-p_e.jpg"
            },
            {
                "url": "https://photos.zillowstatic.com/fp/049cedfb29e041fce5c08e5c9b16eb1f-p_e.jpg"
            },
            {
                "url": "https://photos.zillowstatic.com/fp/0fa71e257b15fd642f6b1ff9094f924c-p_e.jpg"
            },
            {
                "url": "https://photos.zillowstatic.com/fp/d0a0127e21be665aeb6c5f8afa7c5e9f-p_e.jpg"
            },
            {
                "url": "https://photos.zillowstatic.com/fp/ded3cd0d07ba0942a71eee0a28372fd3-p_e.jpg"
            },
            {
                "url": "https://photos.zillowstatic.com/fp/dc393742895cbc7012d2707684e937b1-p_e.jpg"
            },
            {
                "url": "https://photos.zillowstatic.com/fp/d344224e49a136f96e3ccc488f706d4b-p_e.jpg"
            },
            {
                "url": "https://photos.zillowstatic.com/fp/803fcbf9445016dc80057b0cfa3c7916-p_e.jpg"
            },
            {
                "url": "https://photos.zillowstatic.com/fp/e20722bb71fa6077a5c255fbc389904e-p_e.jpg"
            },
            {
                "url": "https://photos.zillowstatic.com/fp/9fff3c118d926acc2e591840c6a20ce2-p_e.jpg"
            },
            {
                "url": "https://photos.zillowstatic.com/fp/1e80b5b50afe009ca2c9c9699792e28b-p_e.jpg"
            },
            {
                "url": "https://photos.zillowstatic.com/fp/3df9fc64527c21866bb3f99a3f49dcd8-p_e.jpg"
            },
            {
                "url": "https://photos.zillowstatic.com/fp/917239062be816b5d927f1d599151a9d-p_e.jpg"
            },
            {
                "url": "https://photos.zillowstatic.com/fp/8ca84e704526c50291ca15fb6f4ddf61-p_e.jpg"
            },
            {
                "url": "https://photos.zillowstatic.com/fp/ecfd3c659da88d50cbeb8939c5ec6139-p_e.jpg"
            },
            {
                "url": "https://photos.zillowstatic.com/fp/b052440886456aa13019b099e3b4e709-p_e.jpg"
            },
            {
                "url": "https://photos.zillowstatic.com/fp/d2cc6c4534419b678bd36055f6542278-p_e.jpg"
            },
            {
                "url": "https://photos.zillowstatic.com/fp/f5671afadedb0507590f20bde4426244-p_e.jpg"
            },
            {
                "url": "https://photos.zillowstatic.com/fp/c3994e79f5a94cde43180522bd7b0097-p_e.jpg"
            },
            {
                "url": "https://photos.zillowstatic.com/fp/8847ac5c08bb2c55e91cbe56b65d7eb3-p_e.jpg"
            },
            {
                "url": "https://photos.zillowstatic.com/fp/3418c9fdc65f67c39ab2b1450ab5ef70-p_e.jpg"
            },
            {
                "url": "https://photos.zillowstatic.com/fp/00e1c5f1e6a9aac8cdc0b29a0ef31219-p_e.jpg"
            },
            {
                "url": "https://photos.zillowstatic.com/fp/1eec5feb3e1c6a679e5a47501e87332b-p_e.jpg"
            },
            {
                "url": "https://photos.zillowstatic.com/fp/6ce48fbc5e5fe165d51f35fc87330259-p_e.jpg"
            },
            {
                "url": "https://photos.zillowstatic.com/fp/6e4629f2b958647dd0d6a9703686e422-p_e.jpg"
            },
            {
                "url": "https://photos.zillowstatic.com/fp/f17d23c34ebde78d0f6c821b98a41eee-p_e.jpg"
            },
            {
                "url": "https://photos.zillowstatic.com/fp/339bffbff4924cd25db15ae614c55c61-p_e.jpg"
            },
            {
                "url": "https://photos.zillowstatic.com/fp/6d473e2c76702278e28c5f45b9d01bee-p_e.jpg"
            }
        ],
        "rooms": []
    },
    {
        "zpid": "44164360",
        "id": "44164360",
        "rawHomeStatusCd": "ForSale",
        "marketingStatusSimplifiedCd": "For Sale by Agent",
        "imgSrc": "https://photos.zillowstatic.com/fp/77c0f7a5252773db3f03eb41e7d403e5-p_e.jpg",
        "hasImage": true,
        "detailUrl": "https://www.zillow.com/homedetails/Miami-FL-33182/44164360_zpid/",
        "statusType": "FOR_SALE",
        "statusText": "Townhouse for sale",
        "countryCurrency": "$",
        "price": "$365,000",
        "unformattedPrice": 365000,
        "address": "(undisclosed Address), Miami, FL 33182",
        "addressStreet": "(undisclosed Address)",
        "addressCity": "Miami",
        "addressState": "FL",
        "addressZipcode": "33182",
        "isUndisclosedAddress": true,
        "beds": 2,
        "baths": 3.0,
        "latLong": {},
        "isZillowOwned": false,
        "variableData": {
            "type": "DAYS_ON",
            "text": "19 days on Zillow"
        },
        "hdpData": {
            "homeInfo": {
                "zpid": 44164360,
                "streetAddress": "(undisclosed Address)",
                "zipcode": "33182",
                "city": "Miami",
                "state": "FL",
                "price": 365000.0,
                "bathrooms": 3.0,
                "bedrooms": 2.0,
                "homeType": "TOWNHOUSE",
                "homeStatus": "FOR_SALE",
                "daysOnZillow": 19,
                "isFeatured": false,
                "shouldHighlight": false,
                "listing_sub_type": {
                    "is_FSBA": true
                },
                "isUnmappable": false,
                "isPreforeclosureAuction": false,
                "homeStatusForHDP": "FOR_SALE",
                "priceForHDP": 365000.0,
                "timeOnZillow": 1648865000,
                "isNonOwnerOccupied": true,
                "isPremierBuilder": false,
                "isZillowOwned": false,
                "currency": "USD",
                "country": "USA",
                "lotAreaValue": 0.0,
                "lotAreaUnit": "sqft",
                "isShowcaseListing": false
            }
        },
        "isSaved": false,
        "isUserClaimingOwner": false,
        "isUserConfirmedClaim": false,
        "pgapt": "ForSale",
        "sgapt": "For Sale (Broker)",
        "shouldShowZestimateAsPrice": false,
        "has3DModel": false,
        "hasVideo": false,
        "isHomeRec": false,
        "hasAdditionalAttributions": true,
        "isFeaturedListing": false,
        "isShowcaseListing": false,
        "list": true,
        "relaxed": false,
        "info3String": "https://photos.zillowstatic.com/fp/a8b02d5ac61ac8b9a11bda64382b4f89-zillow_web_48_23.jpg",
        "brokerName": "Nadia Ferreira Silva R.E Broker",
        "carouselPhotos": [
            {
                "url": "https://photos.zillowstatic.com/fp/77c0f7a5252773db3f03eb41e7d403e5-p_e.jpg"
            },
            {
                "url": "https://photos.zillowstatic.com/fp/048c431a8fe171f728ce2b3a405a7709-p_e.jpg"
            },
            {
                "url": "https://photos.zillowstatic.com/fp/aa68099b5d0077b197e62eab79b4cf24-p_e.jpg"
            },
            {
                "url": "https://photos.zillowstatic.com/fp/f47bee784961fcc92d80c58b384962cc-p_e.jpg"
            },
            {
                "url": "https://photos.zillowstatic.com/fp/6e43a3316df6bb753fa420ec67ddb62d-p_e.jpg"
            },
            {
                "url": "https://photos.zillowstatic.com/fp/87c16e049b2cdff8e10d7eceb4319803-p_e.jpg"
            },
            {
                "url": "https://photos.zillowstatic.com/fp/3b8d7b51e5108da2e02b112139335f1b-p_e.jpg"
            },
            {
                "url": "https://photos.zillowstatic.com/fp/0f57bd3c4c5094b20b90d7e2737264c6-p_e.jpg"
            },
            {
                "url": "https://photos.zillowstatic.com/fp/aa6d109655337d38f150cc212149f412-p_e.jpg"
            },
            {
                "url": "https://photos.zillowstatic.com/fp/e1dc9383e3d3e9cd6b85e0885ee0cf5f-p_e.jpg"
            },
            {
                "url": "https://photos.zillowstatic.com/fp/3ac96a4b1d59926a464029cb8d562074-p_e.jpg"
            }
        ],
        "rooms": []
    },
    {
        "zpid": "44227485",
        "id": "44227485",
        "rawHomeStatusCd": "ForSale",
        "marketingStatusSimplifiedCd": "For Sale by Agent",
        "imgSrc": "https://photos.zillowstatic.com/fp/e0cd1a095edf27226b46c2e5df22f419-p_e.jpg",
        "hasImage": true,
        "detailUrl": "https://www.zillow.com/homedetails/279-NW-119th-Ave-Miami-FL-33182/44227485_zpid/",
        "statusType": "FOR_SALE",
        "statusText": "House for sale",
        "countryCurrency": "$",
        "price": "$3,700,000",
        "unformattedPrice": 3700000,
        "address": "279 NW 119th Ave, Miami, FL 33182",
        "addressStreet": "279 NW 119th Ave",
        "addressCity": "Miami",
        "addressState": "FL",
        "addressZipcode": "33182",
        "isUndisclosedAddress": false,
        "beds": 5,
        "baths": 5.0,
        "area": 3000,
        "latLong": {
            "latitude": 25.770786,
            "longitude": -80.38876
        },
        "isZillowOwned": false,
        "variableData": {
            "type": "DAYS_ON",
            "text": "21 days on Zillow"
        },
        "hdpData": {
            "homeInfo": {
                "zpid": 44227485,
                "streetAddress": "279 NW 119th Ave",
                "zipcode": "33182",
                "city": "Miami",
                "state": "FL",
                "latitude": 25.770786,
                "longitude": -80.38876,
                "price": 3700000.0,
                "bathrooms": 5.0,
                "bedrooms": 5.0,
                "livingArea": 3000.0,
                "homeType": "SINGLE_FAMILY",
                "homeStatus": "FOR_SALE",
                "daysOnZillow": 21,
                "isFeatured": false,
                "shouldHighlight": false,
                "listing_sub_type": {
                    "is_FSBA": true
                },
                "isUnmappable": false,
                "isPreforeclosureAuction": false,
                "homeStatusForHDP": "FOR_SALE",
                "priceForHDP": 3700000.0,
                "timeOnZillow": 1821665000,
                "isNonOwnerOccupied": true,
                "isPremierBuilder": false,
                "isZillowOwned": false,
                "currency": "USD",
                "country": "USA",
                "taxAssessedValue": 724362.0,
                "lotAreaValue": 0.8074150596877869,
                "lotAreaUnit": "acres",
                "isShowcaseListing": false
            }
        },
        "isSaved": false,
        "isUserClaimingOwner": false,
        "isUserConfirmedClaim": false,
        "pgapt": "ForSale",
        "sgapt": "For Sale (Broker)",
        "shouldShowZestimateAsPrice": false,
        "has3DModel": false,
        "hasVideo": false,
        "isHomeRec": false,
        "hasAdditionalAttributions": true,
        "isFeaturedListing": false,
        "isShowcaseListing": false,
        "list": true,
        "relaxed": false,
        "info3String": "https://photos.zillowstatic.com/fp/a8b02d5ac61ac8b9a11bda64382b4f89-zillow_web_48_23.jpg",
        "brokerName": "BHHS EWM Realty",
        "carouselPhotos": [
            {
                "url": "https://photos.zillowstatic.com/fp/e0cd1a095edf27226b46c2e5df22f419-p_e.jpg"
            },
            {
                "url": "https://photos.zillowstatic.com/fp/7309b5e7d998af579a039bb8e0736eeb-p_e.jpg"
            },
            {
                "url": "https://photos.zillowstatic.com/fp/d34234e2e64769db3e4ba5fccac6f7ba-p_e.jpg"
            },
            {
                "url": "https://photos.zillowstatic.com/fp/17cd4798c169e06b77c6055aec35dcbe-p_e.jpg"
            },
            {
                "url": "https://photos.zillowstatic.com/fp/67c46d0e1f2af21a1dcf627868b20c1e-p_e.jpg"
            },
            {
                "url": "https://photos.zillowstatic.com/fp/196580ce49c0d97fd3da2a5849c4a6d3-p_e.jpg"
            },
            {
                "url": "https://photos.zillowstatic.com/fp/6abfb28fa11f535863e66bd13eb544ac-p_e.jpg"
            },
            {
                "url": "https://photos.zillowstatic.com/fp/eba54b08a0db28950c033b4d54d88918-p_e.jpg"
            },
            {
                "url": "https://photos.zillowstatic.com/fp/2e2f43c571d825217d0cfab6177ea2ca-p_e.jpg"
            },
            {
                "url": "https://photos.zillowstatic.com/fp/e65a59c466eabb61338d9768f9dab86c-p_e.jpg"
            },
            {
                "url": "https://photos.zillowstatic.com/fp/0a76ca0fb1f9f66f40ccac93695201a1-p_e.jpg"
            },
            {
                "url": "https://photos.zillowstatic.com/fp/795ec777647b4db89a21580bee0fa265-p_e.jpg"
            },
            {
                "url": "https://photos.zillowstatic.com/fp/cba9584ae45479efe806bd69d60c657b-p_e.jpg"
            },
            {
                "url": "https://photos.zillowstatic.com/fp/38afbc68851fcc87df714ede5c42dbbc-p_e.jpg"
            },
            {
                "url": "https://photos.zillowstatic.com/fp/0e94968a194b83b445270d77de573c52-p_e.jpg"
            },
            {
                "url": "https://photos.zillowstatic.com/fp/463fce8905cdaa2c8d997baef511e042-p_e.jpg"
            },
            {
                "url": "https://photos.zillowstatic.com/fp/3255edb8105eee9801115b3adf580095-p_e.jpg"
            },
            {
                "url": "https://photos.zillowstatic.com/fp/78b7a9a2379ec9e615f8f1bd19f4f0fe-p_e.jpg"
            },
            {
                "url": "https://photos.zillowstatic.com/fp/a887a9b190472bd306391855deef97f5-p_e.jpg"
            },
            {
                "url": "https://photos.zillowstatic.com/fp/533c5edaaee78a814230d647cbaeb275-p_e.jpg"
            },
            {
                "url": "https://photos.zillowstatic.com/fp/ccad78f800d6725ab1fd78eb737a45f8-p_e.jpg"
            },
            {
                "url": "https://photos.zillowstatic.com/fp/221f57b00559350e6ca3ee3f9a21efa9-p_e.jpg"
            },
            {
                "url": "https://photos.zillowstatic.com/fp/364a3caa233eb8178301e458e68e3cc6-p_e.jpg"
            },
            {
                "url": "https://photos.zillowstatic.com/fp/bd7a5577d0c52ad1a072f77f9d57ab4e-p_e.jpg"
            },
            {
                "url": "https://photos.zillowstatic.com/fp/8171fe25c3c4dc27b3de91c1cf38c9c3-p_e.jpg"
            },
            {
                "url": "https://photos.zillowstatic.com/fp/c295ff4f664f7ea5e03c0b97c06a0882-p_e.jpg"
            },
            {
                "url": "https://photos.zillowstatic.com/fp/2e3482c96f8314371761c288f79174d0-p_e.jpg"
            },
            {
                "url": "https://photos.zillowstatic.com/fp/46cf3a7c3460fd772ef63530374b83ff-p_e.jpg"
            },
            {
                "url": "https://photos.zillowstatic.com/fp/12ddc36544b04dd6741c804abc9a1ebd-p_e.jpg"
            },
            {
                "url": "https://photos.zillowstatic.com/fp/96ef9213e6f62563eca17fffc2bcb01a-p_e.jpg"
            },
            {
                "url": "https://photos.zillowstatic.com/fp/33f098d5329356879091c4d030983da9-p_e.jpg"
            },
            {
                "url": "https://photos.zillowstatic.com/fp/2fd95f95804efd362ea24eacc185a315-p_e.jpg"
            },
            {
                "url": "https://photos.zillowstatic.com/fp/b83f6d59d82b30393f6b166f58272626-p_e.jpg"
            },
            {
                "url": "https://photos.zillowstatic.com/fp/d65acb56fdff15276e60a8cca32f8178-p_e.jpg"
            },
            {
                "url": "https://photos.zillowstatic.com/fp/f7bbb81b88351e96c45d061aa7d746a6-p_e.jpg"
            },
            {
                "url": "https://photos.zillowstatic.com/fp/e45cabd86642aabab9b0cd834cb6a7c9-p_e.jpg"
            },
            {
                "url": "https://photos.zillowstatic.com/fp/7ee53f7cfb9094003723917a733023af-p_e.jpg"
            },
            {
                "url": "https://photos.zillowstatic.com/fp/03988025f67c9ca8c6a19b84f2c55b4b-p_e.jpg"
            },
            {
                "url": "https://photos.zillowstatic.com/fp/29e651913dce2a766be3d03d2da5190f-p_e.jpg"
            },
            {
                "url": "https://photos.zillowstatic.com/fp/d6f1ba58d9cef620d9f81775491b7fe7-p_e.jpg"
            },
            {
                "url": "https://photos.zillowstatic.com/fp/595c48f238b3000153868669ff9c26b4-p_e.jpg"
            },
            {
                "url": "https://photos.zillowstatic.com/fp/1f2862fbdf32c1ebaafd7723eee6bb17-p_e.jpg"
            },
            {
                "url": "https://photos.zillowstatic.com/fp/c149b3270103688d831b3514b1990e43-p_e.jpg"
            },
            {
                "url": "https://photos.zillowstatic.com/fp/4df1dc6142ffb6c08a3c43dcd0e50475-p_e.jpg"
            },
            {
                "url": "https://photos.zillowstatic.com/fp/036d709ac937c9bfd82c2e7fca23cf01-p_e.jpg"
            },
            {
                "url": "https://photos.zillowstatic.com/fp/4f91199df442f7f29b7826c52bde2c8f-p_e.jpg"
            },
            {
                "url": "https://photos.zillowstatic.com/fp/ace73a3a4969c218556ec185ff7b5909-p_e.jpg"
            },
            {
                "url": "https://photos.zillowstatic.com/fp/c98674cb0fcf0ae1f93948868c92a6f4-p_e.jpg"
            },
            {
                "url": "https://photos.zillowstatic.com/fp/5f2b8e55d286a5d0c9a9696cc72f6916-p_e.jpg"
            },
            {
                "url": "https://photos.zillowstatic.com/fp/04653f7aed31876b5ac6c370d90df566-p_e.jpg"
            },
            {
                "url": "https://photos.zillowstatic.com/fp/419208fc58660ff87dbe88d25b6f776b-p_e.jpg"
            },
            {
                "url": "https://photos.zillowstatic.com/fp/1fc78b06bbfa1fc990b43a9f248a09e5-p_e.jpg"
            },
            {
                "url": "https://photos.zillowstatic.com/fp/b8fbfe6d9bad5e01721aeca1d4060167-p_e.jpg"
            },
            {
                "url": "https://photos.zillowstatic.com/fp/07fd8532ba32a81a233c1503b3d1a1c5-p_e.jpg"
            },
            {
                "url": "https://photos.zillowstatic.com/fp/fe0d5d8ae679fae1ca6288a708284935-p_e.jpg"
            },
            {
                "url": "https://photos.zillowstatic.com/fp/294f52fb9d888b3f3853b38826ed7c1a-p_e.jpg"
            },
            {
                "url": "https://photos.zillowstatic.com/fp/d8295879f1e1093376d9974cde50ee9a-p_e.jpg"
            },
            {
                "url": "https://photos.zillowstatic.com/fp/6a487c1e3f7c8755190c01f22f23c37d-p_e.jpg"
            },
            {
                "url": "https://photos.zillowstatic.com/fp/1c24173eba0ff6ad497707efcd764a8d-p_e.jpg"
            },
            {
                "url": "https://photos.zillowstatic.com/fp/d56f5a843d631727b8c78671c0aa64e5-p_e.jpg"
            },
            {
                "url": "https://photos.zillowstatic.com/fp/b82b651c86b6c301e8be784a6926aaff-p_e.jpg"
            },
            {
                "url": "https://photos.zillowstatic.com/fp/0faa90825c37541a98b9b023f09ef5fc-p_e.jpg"
            },
            {
                "url": "https://photos.zillowstatic.com/fp/a2d8db9f5afa743955548a3d57ff1a37-p_e.jpg"
            },
            {
                "url": "https://photos.zillowstatic.com/fp/916194660fea5d1e886a252ef9b739e3-p_e.jpg"
            },
            {
                "url": "https://photos.zillowstatic.com/fp/925681dbecc5cd42a729f920ee485736-p_e.jpg"
            },
            {
                "url": "https://photos.zillowstatic.com/fp/1c8bf3faf2f11d8fa54a881eefea05b3-p_e.jpg"
            },
            {
                "url": "https://photos.zillowstatic.com/fp/ae9c8d2bc995f49c612bf3c6f9b48896-p_e.jpg"
            }
        ],
        "rooms": []
    },
    {
        "zpid": "44164362",
        "id": "44164362",
        "rawHomeStatusCd": "ForSale",
        "marketingStatusSimplifiedCd": "For Sale by Agent",
        "imgSrc": "https://photos.zillowstatic.com/fp/41e1629288d1e1ae51fc628737abe26d-p_e.jpg",
        "hasImage": true,
        "detailUrl": "https://www.zillow.com/homedetails/1187-NW-123rd-Pl-204-Miami-FL-33182/44164362_zpid/",
        "statusType": "FOR_SALE",
        "statusText": "Townhouse for sale",
        "countryCurrency": "$",
        "price": "$500,000",
        "unformattedPrice": 500000,
        "address": "1187 NW 123rd Pl #204, Miami, FL 33182",
        "addressStreet": "1187 NW 123rd Pl #204",
        "addressCity": "Miami",
        "addressState": "FL",
        "addressZipcode": "33182",
        "isUndisclosedAddress": false,
        "beds": 3,
        "baths": 3.0,
        "area": 1240,
        "latLong": {
            "latitude": 25.781927,
            "longitude": -80.393555
        },
        "isZillowOwned": false,
        "variableData": {
            "type": "DAYS_ON",
            "text": "96 days on Zillow"
        },
        "hdpData": {
            "homeInfo": {
                "zpid": 44164362,
                "streetAddress": "1187 NW 123rd Pl #204",
                "zipcode": "33182",
                "city": "Miami",
                "state": "FL",
                "latitude": 25.781927,
                "longitude": -80.393555,
                "price": 500000.0,
                "bathrooms": 3.0,
                "bedrooms": 3.0,
                "livingArea": 1240.0,
                "homeType": "TOWNHOUSE",
                "homeStatus": "FOR_SALE",
                "daysOnZillow": 96,
                "isFeatured": false,
                "shouldHighlight": false,
                "zestimate": 477800,
                "rentZestimate": 3170,
                "listing_sub_type": {
                    "is_FSBA": true
                },
                "isUnmappable": false,
                "isPreforeclosureAuction": false,
                "homeStatusForHDP": "FOR_SALE",
                "priceForHDP": 500000.0,
                "timeOnZillow": 8301665000,
                "isNonOwnerOccupied": true,
                "isPremierBuilder": false,
                "isZillowOwned": false,
                "currency": "USD",
                "country": "USA",
                "taxAssessedValue": 236880.0,
                "unit": "# 204",
                "lotAreaValue": 0.0,
                "lotAreaUnit": "sqft",
                "isShowcaseListing": false
            }
        },
        "isSaved": false,
        "isUserClaimingOwner": false,
        "isUserConfirmedClaim": false,
        "pgapt": "ForSale",
        "sgapt": "For Sale (Broker)",
        "zestimate": 477800,
        "shouldShowZestimateAsPrice": false,
        "has3DModel": false,
        "hasVideo": false,
        "isHomeRec": false,
        "hasAdditionalAttributions": true,
        "isFeaturedListing": false,
        "isShowcaseListing": false,
        "list": true,
        "relaxed": false,
        "info3String": "https://photos.zillowstatic.com/fp/a8b02d5ac61ac8b9a11bda64382b4f89-zillow_web_48_23.jpg",
        "brokerName": "La Rosa Realty Kendall, LLC.",
        "carouselPhotos": [
            {
                "url": "https://photos.zillowstatic.com/fp/41e1629288d1e1ae51fc628737abe26d-p_e.jpg"
            },
            {
                "url": "https://photos.zillowstatic.com/fp/175e87991b0f02812e82075f112bcddb-p_e.jpg"
            },
            {
                "url": "https://photos.zillowstatic.com/fp/34aeef29f16bd7bce0a0512f394ec5e4-p_e.jpg"
            },
            {
                "url": "https://photos.zillowstatic.com/fp/c5f6c9747abfb14d4d910ea2c85522e8-p_e.jpg"
            },
            {
                "url": "https://photos.zillowstatic.com/fp/1e85782f24d0785ef21594de4995b867-p_e.jpg"
            },
            {
                "url": "https://photos.zillowstatic.com/fp/ea9d5e1b9a396bd571e9c4fa410c90c8-p_e.jpg"
            },
            {
                "url": "https://photos.zillowstatic.com/fp/b947ab75d31ee566ffc9c7e9a4114249-p_e.jpg"
            },
            {
                "url": "https://photos.zillowstatic.com/fp/52984019b2c886cc72d664f6f1740889-p_e.jpg"
            },
            {
                "url": "https://photos.zillowstatic.com/fp/0cb7a145dd072d31addf18838069c561-p_e.jpg"
            },
            {
                "url": "https://photos.zillowstatic.com/fp/909995a4f30da8256d0353c68de1940a-p_e.jpg"
            },
            {
                "url": "https://photos.zillowstatic.com/fp/55f4918149e8c84fb3c485faf57322b6-p_e.jpg"
            },
            {
                "url": "https://photos.zillowstatic.com/fp/4de2807a0d193189584e434e59a20787-p_e.jpg"
            },
            {
                "url": "https://photos.zillowstatic.com/fp/97a75942a94848f494570fadec52be66-p_e.jpg"
            },
            {
                "url": "https://photos.zillowstatic.com/fp/a42fe12d02863449818f947b83055c4a-p_e.jpg"
            },
            {
                "url": "https://photos.zillowstatic.com/fp/ed3667342cd64387dd03c958bc94424b-p_e.jpg"
            },
            {
                "url": "https://photos.zillowstatic.com/fp/4ffbb3af19d49eb1b489df89e373db55-p_e.jpg"
            },
            {
                "url": "https://photos.zillowstatic.com/fp/e6aaad4f3021846e0303627526b063fc-p_e.jpg"
            },
            {
                "url": "https://photos.zillowstatic.com/fp/c74606a6d26399eadc4aeb1d3f80bf17-p_e.jpg"
            },
            {
                "url": "https://photos.zillowstatic.com/fp/8b308abda894d8fa7413b05467da1d8d-p_e.jpg"
            },
            {
                "url": "https://photos.zillowstatic.com/fp/1daceacd853621bd0b35e68a7e32463d-p_e.jpg"
            },
            {
                "url": "https://photos.zillowstatic.com/fp/798462b9b8dc07ff4a3fc1e5f6447275-p_e.jpg"
            },
            {
                "url": "https://photos.zillowstatic.com/fp/2e7daa4d9b42756df1a20568733554e2-p_e.jpg"
            },
            {
                "url": "https://photos.zillowstatic.com/fp/58f5f7aa914527db260167f5d127bec3-p_e.jpg"
            },
            {
                "url": "https://photos.zillowstatic.com/fp/71f48643243033b9e40105c5014d13e1-p_e.jpg"
            },
            {
                "url": "https://photos.zillowstatic.com/fp/da26621db3dad1e816eed32f101c42db-p_e.jpg"
            },
            {
                "url": "https://photos.zillowstatic.com/fp/ad72f610b889a690c0c78431aad48707-p_e.jpg"
            },
            {
                "url": "https://photos.zillowstatic.com/fp/f026a1805075f5af2e5bef6b63c8cd0f-p_e.jpg"
            },
            {
                "url": "https://photos.zillowstatic.com/fp/d154713e96ead8c2427a465870cf5413-p_e.jpg"
            },
            {
                "url": "https://photos.zillowstatic.com/fp/8b3d9184a2610d43edac1153700cd371-p_e.jpg"
            },
            {
                "url": "https://photos.zillowstatic.com/fp/8afde3dccef1b17018f6b2c008cdf6e8-p_e.jpg"
            },
            {
                "url": "https://photos.zillowstatic.com/fp/1eacd68285d9437b48166b94ab3b522b-p_e.jpg"
            },
            {
                "url": "https://photos.zillowstatic.com/fp/c561f4109724e0cd8e4d70cb280aa65d-p_e.jpg"
            },
            {
                "url": "https://photos.zillowstatic.com/fp/b0aa40717735eae0aeef0aff7199c52a-p_e.jpg"
            },
            {
                "url": "https://photos.zillowstatic.com/fp/5c2411e567edf9051baeaa8507013702-p_e.jpg"
            }
        ],
        "rooms": []
    },
    {
        "zpid": "252195590",
        "id": "252195590",
        "rawHomeStatusCd": "ForSale",
        "marketingStatusSimplifiedCd": "For Sale by Agent",
        "imgSrc": "https://photos.zillowstatic.com/fp/2f054a193b0926d103bb44ae8240dc2c-p_e.jpg",
        "hasImage": true,
        "detailUrl": "https://www.zillow.com/homedetails/35-NW-121st-Ct-Miami-FL-33182/252195590_zpid/",
        "statusType": "FOR_SALE",
        "statusText": "House for sale",
        "countryCurrency": "$",
        "price": "$2,300,000",
        "unformattedPrice": 2300000,
        "address": "35 NW 121st Ct, Miami, FL 33182",
        "addressStreet": "35 NW 121st Ct",
        "addressCity": "Miami",
        "addressState": "FL",
        "addressZipcode": "33182",
        "isUndisclosedAddress": false,
        "beds": 5,
        "baths": 5.0,
        "area": 4426,
        "latLong": {
            "latitude": 25.76778,
            "longitude": -80.39209
        },
        "isZillowOwned": false,
        "variableData": {
            "type": "DAYS_ON",
            "text": "146 days on Zillow"
        },
        "hdpData": {
            "homeInfo": {
                "zpid": 252195590,
                "streetAddress": "35 NW 121st Ct",
                "zipcode": "33182",
                "city": "Miami",
                "state": "FL",
                "latitude": 25.76778,
                "longitude": -80.39209,
                "price": 2300000.0,
                "bathrooms": 5.0,
                "bedrooms": 5.0,
                "livingArea": 4426.0,
                "homeType": "SINGLE_FAMILY",
                "homeStatus": "FOR_SALE",
                "daysOnZillow": 146,
                "isFeatured": false,
                "shouldHighlight": false,
                "zestimate": 2166100,
                "rentZestimate": 12599,
                "listing_sub_type": {
                    "is_FSBA": true
                },
                "isUnmappable": false,
                "isPreforeclosureAuction": false,
                "homeStatusForHDP": "FOR_SALE",
                "priceForHDP": 2300000.0,
                "timeOnZillow": 12621665000,
                "isNonOwnerOccupied": true,
                "isPremierBuilder": false,
                "isZillowOwned": false,
                "currency": "USD",
                "country": "USA",
                "taxAssessedValue": 1082328.0,
                "lotAreaValue": 0.34490358126721765,
                "lotAreaUnit": "acres",
                "isShowcaseListing": false
            }
        },
        "isSaved": false,
        "isUserClaimingOwner": false,
        "isUserConfirmedClaim": false,
        "pgapt": "ForSale",
        "sgapt": "For Sale (Broker)",
        "zestimate": 2166100,
        "shouldShowZestimateAsPrice": false,
        "has3DModel": false,
        "hasVideo": false,
        "isHomeRec": false,
        "hasAdditionalAttributions": true,
        "isFeaturedListing": false,
        "isShowcaseListing": false,
        "list": true,
        "relaxed": false,
        "info3String": "https://photos.zillowstatic.com/fp/a8b02d5ac61ac8b9a11bda64382b4f89-zillow_web_48_23.jpg",
        "brokerName": "Top Investments Real Estate Corp",
        "carouselPhotos": [
            {
                "url": "https://photos.zillowstatic.com/fp/2f054a193b0926d103bb44ae8240dc2c-p_e.jpg"
            },
            {
                "url": "https://photos.zillowstatic.com/fp/39f1ef13a62cdb1dd4f6049b2e3aa01c-p_e.jpg"
            },
            {
                "url": "https://photos.zillowstatic.com/fp/5d6b8a527d3ea4bf0d9c44e65f8977ea-p_e.jpg"
            },
            {
                "url": "https://photos.zillowstatic.com/fp/36a863bcbfffb45ae9b565eaea9f1278-p_e.jpg"
            },
            {
                "url": "https://photos.zillowstatic.com/fp/bd46847a7287a9ac6a186db220cb0dd8-p_e.jpg"
            },
            {
                "url": "https://photos.zillowstatic.com/fp/3b9ade388c418a5b98851c68156ae969-p_e.jpg"
            },
            {
                "url": "https://photos.zillowstatic.com/fp/2e7332b158655f4da9be692ed1abdacb-p_e.jpg"
            },
            {
                "url": "https://photos.zillowstatic.com/fp/5e62a4d83113ffedc749b9388d40ce18-p_e.jpg"
            },
            {
                "url": "https://photos.zillowstatic.com/fp/dd8792c42ea386288fbc7d3b6d89a8fb-p_e.jpg"
            },
            {
                "url": "https://photos.zillowstatic.com/fp/0de3098efe03d0ddea3fa6c75aba5fd9-p_e.jpg"
            },
            {
                "url": "https://photos.zillowstatic.com/fp/97881ee2fe1c61ede4efd146b47ffdd7-p_e.jpg"
            },
            {
                "url": "https://photos.zillowstatic.com/fp/01cf6decc7e864653126deff172e59f7-p_e.jpg"
            },
            {
                "url": "https://photos.zillowstatic.com/fp/8313eebea2d3c9b419d1e9f08478dee4-p_e.jpg"
            },
            {
                "url": "https://photos.zillowstatic.com/fp/46bfcc397e16df5ad3411b004bee8a83-p_e.jpg"
            },
            {
                "url": "https://photos.zillowstatic.com/fp/152808a3613056b7c87495aea5f72fed-p_e.jpg"
            },
            {
                "url": "https://photos.zillowstatic.com/fp/51b5f5f77d81342e5eff8c8b658335fa-p_e.jpg"
            },
            {
                "url": "https://photos.zillowstatic.com/fp/764bfd630a188a16e3e0399a582f5eaa-p_e.jpg"
            },
            {
                "url": "https://photos.zillowstatic.com/fp/8f499378b156cfa6c91e3cd30a7ef4da-p_e.jpg"
            },
            {
                "url": "https://photos.zillowstatic.com/fp/967bfef6a4acbc1a71d7ceae0bd866a3-p_e.jpg"
            },
            {
                "url": "https://photos.zillowstatic.com/fp/6ea3938038afa23dacfc7afcefecc46e-p_e.jpg"
            },
            {
                "url": "https://photos.zillowstatic.com/fp/b960055d93685803d2db1e135a0ca80a-p_e.jpg"
            },
            {
                "url": "https://photos.zillowstatic.com/fp/7707c6a31a39d910e937c8315035bdc9-p_e.jpg"
            },
            {
                "url": "https://photos.zillowstatic.com/fp/8a3934d624ef7c0a5d4059875e072ca3-p_e.jpg"
            },
            {
                "url": "https://photos.zillowstatic.com/fp/92f7ffd92b1ccf7e0d9946694f238ba1-p_e.jpg"
            },
            {
                "url": "https://photos.zillowstatic.com/fp/71503dbd8487c5a6b7e687c2572ddec1-p_e.jpg"
            },
            {
                "url": "https://photos.zillowstatic.com/fp/b11630a18cc2415dfa572be288e5ffee-p_e.jpg"
            },
            {
                "url": "https://photos.zillowstatic.com/fp/1f0c41923c092d00257b9d2e638f66af-p_e.jpg"
            },
            {
                "url": "https://photos.zillowstatic.com/fp/709b948ebbb0b95d860d4e66acffd823-p_e.jpg"
            },
            {
                "url": "https://photos.zillowstatic.com/fp/b751df5927457cd71917746986c55c98-p_e.jpg"
            },
            {
                "url": "https://photos.zillowstatic.com/fp/ec229204612b90550cdd13f6b37f80dc-p_e.jpg"
            },
            {
                "url": "https://photos.zillowstatic.com/fp/09d863b51f39be9222016b61c9f6d507-p_e.jpg"
            },
            {
                "url": "https://photos.zillowstatic.com/fp/9f61a3662541d714b56b7ffb3cce2dbb-p_e.jpg"
            },
            {
                "url": "https://photos.zillowstatic.com/fp/73d64377063863964f094d2b2a2d4142-p_e.jpg"
            },
            {
                "url": "https://photos.zillowstatic.com/fp/d5275ee152ee6e7d84c5d9a19f41252a-p_e.jpg"
            },
            {
                "url": "https://photos.zillowstatic.com/fp/bc1577d678cb57a567979403e0815449-p_e.jpg"
            },
            {
                "url": "https://photos.zillowstatic.com/fp/63fd80fdcb291eb5b32ceb750b5e911b-p_e.jpg"
            },
            {
                "url": "https://photos.zillowstatic.com/fp/881e8ec54204e580a07a7434a90d484e-p_e.jpg"
            },
            {
                "url": "https://photos.zillowstatic.com/fp/b9957cc30f32d5c605de833188f2e11b-p_e.jpg"
            },
            {
                "url": "https://photos.zillowstatic.com/fp/dca9ba6ca1b047a26d30ed856ee2594d-p_e.jpg"
            },
            {
                "url": "https://photos.zillowstatic.com/fp/f250dd924d29e10eb3a4d560ccbe1a64-p_e.jpg"
            },
            {
                "url": "https://photos.zillowstatic.com/fp/26dc3cfb86e059d50db3aadedb4bd8f0-p_e.jpg"
            },
            {
                "url": "https://photos.zillowstatic.com/fp/384045a345324effe81a96aab2cde433-p_e.jpg"
            },
            {
                "url": "https://photos.zillowstatic.com/fp/0fab0ee2d6e424b3e9b6f0cc29b90225-p_e.jpg"
            },
            {
                "url": "https://photos.zillowstatic.com/fp/166fca41d28db3b5534a7c4e6dbf0812-p_e.jpg"
            },
            {
                "url": "https://photos.zillowstatic.com/fp/ce57f88264eef142e078c8eda56c4bed-p_e.jpg"
            },
            {
                "url": "https://photos.zillowstatic.com/fp/12c031eae96cfee3a5158ada70185949-p_e.jpg"
            },
            {
                "url": "https://photos.zillowstatic.com/fp/86e3e35f618007205b722a5f011189c2-p_e.jpg"
            },
            {
                "url": "https://photos.zillowstatic.com/fp/4abca77f2fe8d39569bbc7a3ece9199f-p_e.jpg"
            },
            {
                "url": "https://photos.zillowstatic.com/fp/d129b2906e8b49fb51ac200047eba480-p_e.jpg"
            }
        ],
        "rooms": []
    }
]