{
    "user_info": {
        "isLoggedIn": false,
        "hasHousingConnectorPermission": false,
        "savedHomesCount": 0,
        "personalizedSearchTraceID": "ee0680d75475987e87a6c1068bcbf9de",
        "guid": "caa0b6c0-9cee-45e7-8c2f-0e7d1e9a0126",
        "zuid": "",
        "isBot": false,
        "email": "",
        "displayName": ""
    },
    "map_state": {
        "customRegionPolygonWkt": null,
        "schoolPolygonWkt": null,
        "isCurrentLocationSearch": false,
        "userPosition": {
            "lat": null,
            "lon": null
        }
    },
    "region_state": {
        "regionInfo": [
            {
                "regionId": 72484,
                "regionType": 7,
                "regionName": "33182",
                "displayName": "Tamiami FL 33182",
                "isPointRegion": false
            }
        ],
        "regionBounds": {
            "north": 25.813298,
            "south": 25.761183,
            "east": -80.384734,
            "west": -80.434315
        }
    },
    "search_page_seo": {
        "baseUrl": "/tamiami-fl-33182/",
        "windowTitle": "33182 Real Estate - 33182 Homes For Sale | Zillow",
        "metaDescription": "Zillow has 5 homes for sale in 33182. View listing photos, review sales history, and use our detailed real estate filters to find the perfect place."
    },
    "request_id": 4
}