{
    "user_info": {
        "isLoggedIn": false,
        "hasHousingConnectorPermission": false,
        "savedHomesCount": 0,
        "personalizedSearchTraceID": "0d3615e9f348664223611588c4399f3e",
        "guid": "5ec4ab84-4b5f-41ab-bc92-2486be3f585c",
        "zuid": "",
        "isBot": false,
        "email": "",
        "displayName": ""
    },
    "map_state": {
        "customRegionPolygonWkt": null,
        "schoolPolygonWkt": null,
        "isCurrentLocationSearch": false,
        "userPosition": {
            "lat": null,
            "lon": null
        }
    },
    "region_state": {
        "regionInfo": [
            {
                "regionId": 72366,
                "regionType": 7,
                "regionName": "33028",
                "displayName": "Pembroke Pines FL 33028",
                "isPointRegion": false
            }
        ],
        "regionBounds": {
            "north": 26.029706,
            "south": 26.007731,
            "east": -80.312216,
            "west": -80.377248
        }
    },
    "search_page_seo": {
        "baseUrl": "/pembroke-pines-fl-33028/",
        "windowTitle": "33028 Real Estate - 33028 Homes For Sale | Zillow",
        "metaDescription": "Zillow has 31 homes for sale in 33028. View listing photos, review sales history, and use our detailed real estate filters to find the perfect place."
    },
    "request_id": 4
}