[
    {
        "zpid": "46797273",
        "id": "46797273",
        "rawHomeStatusCd": "ForSale",
        "marketingStatusSimplifiedCd": "For Sale by Agent",
        "imgSrc": "https://photos.zillowstatic.com/fp/ab50d0b57d83429f0101739559fdd25b-p_e.jpg",
        "hasImage": true,
        "detailUrl": "https://www.zillow.com/homedetails/4108-S-Ocean-Blvd-Highland-Beach-FL-33487/46797273_zpid/",
        "statusType": "FOR_SALE",
        "statusText": "House for sale",
        "countryCurrency": "$",
        "price": "$4,495,000",
        "unformattedPrice": 4495000,
        "address": "4108 S Ocean Blvd, Highland Beach, FL 33487",
        "addressStreet": "4108 S Ocean Blvd",
        "addressCity": "Highland Beach",
        "addressState": "FL",
        "addressZipcode": "33487",
        "isUndisclosedAddress": false,
        "beds": 5,
        "baths": 5.0,
        "area": 4232,
        "latLong": {
            "latitude": 26.402191,
            "longitude": -80.06583
        },
        "isZillowOwned": false,
        "variableData": {
            "type": "DAYS_ON",
            "text": "695 days on Zillow"
        },
        "hdpData": {
            "homeInfo": {
                "zpid": 46797273,
                "streetAddress": "4108 S Ocean Blvd",
                "zipcode": "33487",
                "city": "Highland Beach",
                "state": "FL",
                "latitude": 26.402191,
                "longitude": -80.06583,
                "price": 4495000.0,
                "datePriceChanged": 1698303600000,
                "bathrooms": 5.0,
                "bedrooms": 5.0,
                "livingArea": 4232.0,
                "homeType": "SINGLE_FAMILY",
                "homeStatus": "FOR_SALE",
                "daysOnZillow": 695,
                "isFeatured": false,
                "shouldHighlight": false,
                "rentZestimate": 16592,
                "listing_sub_type": {
                    "is_FSBA": true
                },
                "priceReduction": "",
                "isUnmappable": false,
                "isPreforeclosureAuction": false,
                "homeStatusForHDP": "FOR_SALE",
                "priceForHDP": 4495000.0,
                "priceChange": -4000,
                "timeOnZillow": 60083642000,
                "isNonOwnerOccupied": true,
                "isPremierBuilder": false,
                "isZillowOwned": false,
                "currency": "USD",
                "country": "USA",
                "taxAssessedValue": 1545847.0,
                "lotAreaValue": 10027.0,
                "lotAreaUnit": "sqft",
                "isShowcaseListing": false
            }
        },
        "isSaved": false,
        "isUserClaimingOwner": false,
        "isUserConfirmedClaim": false,
        "pgapt": "ForSale",
        "sgapt": "For Sale (Broker)",
        "shouldShowZestimateAsPrice": false,
        "has3DModel": false,
        "hasVideo": false,
        "isHomeRec": false,
        "hasAdditionalAttributions": true,
        "isFeaturedListing": false,
        "isShowcaseListing": false,
        "list": true,
        "relaxed": false,
        "info2String": "Listing provided by BeachesMLS",
        "info3String": "https://photos.zillowstatic.com/fp/11470fbfca6bd246a8708da0ff0e5603-zillow_web_48_23.jpg",
        "brokerName": "Realty Standard Inc",
        "carouselPhotos": [
            {
                "url": "https://photos.zillowstatic.com/fp/ab50d0b57d83429f0101739559fdd25b-p_e.jpg"
            },
            {
                "url": "https://photos.zillowstatic.com/fp/4375ac7734537a10a308aaddee73644c-p_e.jpg"
            },
            {
                "url": "https://photos.zillowstatic.com/fp/e31bbbfbc6b835fc03edb9cafa9dc1cb-p_e.jpg"
            },
            {
                "url": "https://photos.zillowstatic.com/fp/b37c976d0917b530188a293cd3e9164b-p_e.jpg"
            },
            {
                "url": "https://photos.zillowstatic.com/fp/6a72a52a0df5bb054042137a6a3b91d2-p_e.jpg"
            },
            {
                "url": "https://photos.zillowstatic.com/fp/f1855d5fe071865b3de2e0d40c8633f5-p_e.jpg"
            },
            {
                "url": "https://photos.zillowstatic.com/fp/fa907e1f14bf8db23fcb1982591ea9e2-p_e.jpg"
            },
            {
                "url": "https://photos.zillowstatic.com/fp/3099590d34d25210873aadb9a9062446-p_e.jpg"
            },
            {
                "url": "https://photos.zillowstatic.com/fp/e41bf26551683a83059214a0f14170e9-p_e.jpg"
            },
            {
                "url": "https://photos.zillowstatic.com/fp/03afd145ded4705611a5af1f7b138bb1-p_e.jpg"
            },
            {
                "url": "https://photos.zillowstatic.com/fp/d89e1a5818dd5db5f13c610dd5a2a11a-p_e.jpg"
            },
            {
                "url": "https://photos.zillowstatic.com/fp/b6dccc9950da550cb05c781a55b1393f-p_e.jpg"
            },
            {
                "url": "https://photos.zillowstatic.com/fp/405a611d235a2c65907e5379c433f8b9-p_e.jpg"
            },
            {
                "url": "https://photos.zillowstatic.com/fp/82b9f4e02592eaf0bc12f28d81284008-p_e.jpg"
            },
            {
                "url": "https://photos.zillowstatic.com/fp/ea7db056b618c563f43a635020e5606a-p_e.jpg"
            },
            {
                "url": "https://photos.zillowstatic.com/fp/bcd34ef94b77cb98064955c671cca974-p_e.jpg"
            },
            {
                "url": "https://photos.zillowstatic.com/fp/5da8aac2a4294dfdcb9fad6aae3407ab-p_e.jpg"
            },
            {
                "url": "https://photos.zillowstatic.com/fp/015dc207ee2701d1ea26fe6ee9b9e6bf-p_e.jpg"
            },
            {
                "url": "https://photos.zillowstatic.com/fp/caee91c7f6626fd369f633784fb89759-p_e.jpg"
            },
            {
                "url": "https://photos.zillowstatic.com/fp/503ce0ca5acffcbbadb3b8f467d6aafe-p_e.jpg"
            },
            {
                "url": "https://photos.zillowstatic.com/fp/33dfbce5b1dd42d7f4e98e8220a79588-p_e.jpg"
            },
            {
                "url": "https://photos.zillowstatic.com/fp/285ee3980bd8ef09aa311cd5b42c284a-p_e.jpg"
            },
            {
                "url": "https://photos.zillowstatic.com/fp/096caf74a4184d6618321c31a9c70aae-p_e.jpg"
            },
            {
                "url": "https://photos.zillowstatic.com/fp/cc74c69e691f95e476253b9bdd9dae22-p_e.jpg"
            },
            {
                "url": "https://photos.zillowstatic.com/fp/f353777d4c91fc85d2b05e1d899df911-p_e.jpg"
            },
            {
                "url": "https://photos.zillowstatic.com/fp/5c360580a8e2f81b4d38d741d0a82bcf-p_e.jpg"
            },
            {
                "url": "https://photos.zillowstatic.com/fp/27a0f6651bb16bda1d45d13b41de20d0-p_e.jpg"
            },
            {
                "url": "https://photos.zillowstatic.com/fp/42ffdcb036a50d4efc70e1a1c6bd3ef9-p_e.jpg"
            },
            {
                "url": "https://photos.zillowstatic.com/fp/b0d2bb55d6dc2046824276f5c9fcc70f-p_e.jpg"
            },
            {
                "url": "https://photos.zillowstatic.com/fp/1f7c33d73f7e1db47705953019e04266-p_e.jpg"
            },
            {
                "url": "https://photos.zillowstatic.com/fp/aa6d4f2627cdb99c3c70eedadde6c0f6-p_e.jpg"
            },
            {
                "url": "https://photos.zillowstatic.com/fp/36a46ab56fb5d48f0415e3aec0618ea0-p_e.jpg"
            },
            {
                "url": "https://photos.zillowstatic.com/fp/f0a956fca9bd08d9f48cfedd69340f25-p_e.jpg"
            },
            {
                "url": "https://photos.zillowstatic.com/fp/d412c7799ff297a2c5e2c816580fdd94-p_e.jpg"
            },
            {
                "url": "https://photos.zillowstatic.com/fp/2d983f08b586541adabeca5b3a97d90a-p_e.jpg"
            },
            {
                "url": "https://photos.zillowstatic.com/fp/7661c0200fa0b5bcaf978ae89bd80573-p_e.jpg"
            },
            {
                "url": "https://photos.zillowstatic.com/fp/2f563d62ba88b25820f30aff12ff2d0a-p_e.jpg"
            },
            {
                "url": "https://photos.zillowstatic.com/fp/b342765dfc2afd239025981148d10d4e-p_e.jpg"
            },
            {
                "url": "https://photos.zillowstatic.com/fp/573eec2f214393e64a726c1a0c4fe988-p_e.jpg"
            },
            {
                "url": "https://photos.zillowstatic.com/fp/36808683b94e1e63e8be0ba5517e8f6e-p_e.jpg"
            },
            {
                "url": "https://photos.zillowstatic.com/fp/c601a5c7b3fe50d5ce40c561de4bfc0d-p_e.jpg"
            },
            {
                "url": "https://photos.zillowstatic.com/fp/7549cceb8d1d0e56732eb93cfe144356-p_e.jpg"
            },
            {
                "url": "https://photos.zillowstatic.com/fp/7791b2b9f7a5373dcb1d3c138b884cad-p_e.jpg"
            },
            {
                "url": "https://photos.zillowstatic.com/fp/085ca13a4ef0382c8148258ab0b69505-p_e.jpg"
            },
            {
                "url": "https://photos.zillowstatic.com/fp/dce29a13fecacd9192bbba135e84dab5-p_e.jpg"
            },
            {
                "url": "https://photos.zillowstatic.com/fp/b5fb10e495680bf67a7eb8940e8e5f67-p_e.jpg"
            },
            {
                "url": "https://photos.zillowstatic.com/fp/494668f24246b8bbc65c9d093d115872-p_e.jpg"
            },
            {
                "url": "https://photos.zillowstatic.com/fp/f6eda2dce6464a5fa091c59060d0aaf7-p_e.jpg"
            },
            {
                "url": "https://photos.zillowstatic.com/fp/98b3757e494711d0da5f0d42a6304219-p_e.jpg"
            },
            {
                "url": "https://photos.zillowstatic.com/fp/05b1c2fd76089e9cb257a01c1f9b88ca-p_e.jpg"
            },
            {
                "url": "https://photos.zillowstatic.com/fp/08d99dd9bbcbb7a42a8578e8807534c6-p_e.jpg"
            },
            {
                "url": "https://photos.zillowstatic.com/fp/6645f74aba38f2f6d14972c9477ba0e2-p_e.jpg"
            },
            {
                "url": "https://photos.zillowstatic.com/fp/562756fc8cc112b9eb3cf70f9d528aa4-p_e.jpg"
            },
            {
                "url": "https://photos.zillowstatic.com/fp/4c3f2c8fdb509169f5f1ba262b41e55e-p_e.jpg"
            },
            {
                "url": "https://photos.zillowstatic.com/fp/6989d69a5849e31bf1b5c05dce173704-p_e.jpg"
            },
            {
                "url": "https://photos.zillowstatic.com/fp/86c5f433648d706878caf881ae64c259-p_e.jpg"
            },
            {
                "url": "https://photos.zillowstatic.com/fp/deb917d825f16c5fd9356f781a563c1f-p_e.jpg"
            },
            {
                "url": "https://photos.zillowstatic.com/fp/9736cdf071101f98f4d557f682ddf28e-p_e.jpg"
            },
            {
                "url": "https://photos.zillowstatic.com/fp/b5e2b513da238b1c6db231df356be358-p_e.jpg"
            }
        ],
        "rooms": [
            {
                "roomArea": 208.0,
                "roomAreaUnits": null
            },
            {
                "roomArea": 255.0,
                "roomAreaUnits": null
            },
            {
                "roomArea": 234.0,
                "roomAreaUnits": null
            },
            {
                "roomArea": 156.0,
                "roomAreaUnits": null
            },
            {
                "roomArea": 169.0,
                "roomAreaUnits": null
            }
        ]
    }
]