{
    "user_info": {
        "isLoggedIn": false,
        "hasHousingConnectorPermission": false,
        "savedHomesCount": 0,
        "personalizedSearchTraceID": "12291bdb8d1cca6af6b5f505bee05d5d",
        "guid": "21a82cd1-5dac-4f08-bcda-0d0fa966562c",
        "zuid": "",
        "isBot": false,
        "email": "",
        "displayName": ""
    },
    "map_state": {
        "customRegionPolygonWkt": null,
        "schoolPolygonWkt": null,
        "isCurrentLocationSearch": false,
        "userPosition": {
            "lat": null,
            "lon": null
        }
    },
    "region_state": {
        "regionInfo": [
            {
                "regionId": 72642,
                "regionType": 7,
                "regionName": "33487",
                "displayName": "Boca Raton FL 33487",
                "isPointRegion": false
            }
        ],
        "regionBounds": {
            "north": 26.426552,
            "south": 26.320927,
            "east": -80.058064,
            "west": -80.121906
        }
    },
    "search_page_seo": {
        "baseUrl": "/boca-raton-fl-33487/",
        "windowTitle": "33487 Real Estate - 33487 Homes For Sale | Zillow",
        "metaDescription": "Zillow has 42 homes for sale in 33487. View listing photos, review sales history, and use our detailed real estate filters to find the perfect place."
    },
    "request_id": 4
}