[
    {
        "zpid": "43134081",
        "id": "43134081",
        "rawHomeStatusCd": "ForSale",
        "marketingStatusSimplifiedCd": "For Sale by Agent",
        "imgSrc": "https://photos.zillowstatic.com/fp/8503b656dcadee2659bfa4dbd279dff8-p_e.jpg",
        "hasImage": true,
        "detailUrl": "https://www.zillow.com/homedetails/141-W-Bayridge-Dr-Fort-Lauderdale-FL-33326/43134081_zpid/",
        "statusType": "FOR_SALE",
        "statusText": "House for sale",
        "countryCurrency": "$",
        "price": "$830,000",
        "unformattedPrice": 830000,
        "address": "141 W Bayridge Dr, Fort Lauderdale, FL 33326",
        "addressStreet": "141 W Bayridge Dr",
        "addressCity": "Fort Lauderdale",
        "addressState": "FL",
        "addressZipcode": "33326",
        "isUndisclosedAddress": false,
        "beds": 5,
        "baths": 4.0,
        "area": 2192,
        "latLong": {
            "latitude": 26.120173,
            "longitude": -80.39338
        },
        "isZillowOwned": false,
        "variableData": {
            "type": "PRICE_REDUCTION",
            "text": "$20,000 (Dec 29)"
        },
        "hdpData": {
            "homeInfo": {
                "zpid": 43134081,
                "streetAddress": "141 W Bayridge Dr",
                "zipcode": "33326",
                "city": "Fort Lauderdale",
                "state": "FL",
                "latitude": 26.120173,
                "longitude": -80.39338,
                "price": 830000.0,
                "datePriceChanged": 1703836800000,
                "bathrooms": 4.0,
                "bedrooms": 5.0,
                "livingArea": 2192.0,
                "homeType": "SINGLE_FAMILY",
                "homeStatus": "FOR_SALE",
                "daysOnZillow": 141,
                "isFeatured": false,
                "shouldHighlight": false,
                "rentZestimate": 5134,
                "listing_sub_type": {
                    "is_FSBA": true
                },
                "priceReduction": "$20,000 (Dec 29)",
                "isUnmappable": false,
                "isPreforeclosureAuction": false,
                "homeStatusForHDP": "FOR_SALE",
                "priceForHDP": 830000.0,
                "priceChange": -20000,
                "timeOnZillow": 12190623000,
                "isNonOwnerOccupied": true,
                "isPremierBuilder": false,
                "isZillowOwned": false,
                "currency": "USD",
                "country": "USA",
                "taxAssessedValue": 616660.0,
                "lotAreaValue": 8372.0,
                "lotAreaUnit": "sqft",
                "isShowcaseListing": false
            }
        },
        "isSaved": false,
        "isUserClaimingOwner": false,
        "isUserConfirmedClaim": false,
        "pgapt": "ForSale",
        "sgapt": "For Sale (Broker)",
        "shouldShowZestimateAsPrice": false,
        "has3DModel": false,
        "hasVideo": false,
        "isHomeRec": false,
        "hasAdditionalAttributions": true,
        "isFeaturedListing": false,
        "isShowcaseListing": false,
        "list": true,
        "relaxed": false,
        "info3String": "https://photos.zillowstatic.com/fp/a8b02d5ac61ac8b9a11bda64382b4f89-zillow_web_48_23.jpg",
        "brokerName": "List-A-House Realty, LLC",
        "carouselPhotos": [
            {
                "url": "https://photos.zillowstatic.com/fp/8503b656dcadee2659bfa4dbd279dff8-p_e.jpg"
            },
            {
                "url": "https://photos.zillowstatic.com/fp/1032dd75d95f4d31ad36e0259f34bcb2-p_e.jpg"
            },
            {
                "url": "https://photos.zillowstatic.com/fp/4a4c2c62f3bedbf502fad65ca9ac542f-p_e.jpg"
            },
            {
                "url": "https://photos.zillowstatic.com/fp/46660ce41608ae902ceb47a0bae0e2b3-p_e.jpg"
            },
            {
                "url": "https://photos.zillowstatic.com/fp/ea73146bf0eceea6a5ed3262d1dcb882-p_e.jpg"
            },
            {
                "url": "https://photos.zillowstatic.com/fp/7ae27e28238ca913b0e1c18750ccec3e-p_e.jpg"
            },
            {
                "url": "https://photos.zillowstatic.com/fp/86b21796db94a5b74063c0517ee067f7-p_e.jpg"
            },
            {
                "url": "https://photos.zillowstatic.com/fp/dbce052697296184d9ff4f0000e9272d-p_e.jpg"
            },
            {
                "url": "https://photos.zillowstatic.com/fp/8dd0e8fe521158a09d6db30cb444c9e1-p_e.jpg"
            },
            {
                "url": "https://photos.zillowstatic.com/fp/794313dba2b5f6a8c01b3b22b89d4292-p_e.jpg"
            },
            {
                "url": "https://photos.zillowstatic.com/fp/4ea9be55956f5ef10b32c18f46060e3b-p_e.jpg"
            },
            {
                "url": "https://photos.zillowstatic.com/fp/137b1b0abd7ee3d3ceea13fcd26c3cb0-p_e.jpg"
            },
            {
                "url": "https://photos.zillowstatic.com/fp/f65bf8336ea3dab386e66ad3605ca704-p_e.jpg"
            },
            {
                "url": "https://photos.zillowstatic.com/fp/da513f93fe456a18568b03db19adf777-p_e.jpg"
            },
            {
                "url": "https://photos.zillowstatic.com/fp/2677fcb35a77e43763ed241a138c62aa-p_e.jpg"
            },
            {
                "url": "https://photos.zillowstatic.com/fp/e79017b7019530661cfa947135da9555-p_e.jpg"
            },
            {
                "url": "https://photos.zillowstatic.com/fp/279332a7fe3ae8784fdbac00b5061e2e-p_e.jpg"
            },
            {
                "url": "https://photos.zillowstatic.com/fp/31248e7c5b974f642d7f80170bbdad74-p_e.jpg"
            },
            {
                "url": "https://photos.zillowstatic.com/fp/6be7c24906402d14a061a974dcf277e7-p_e.jpg"
            },
            {
                "url": "https://photos.zillowstatic.com/fp/1ba1ca7730d436eeba3d504de40e9aee-p_e.jpg"
            },
            {
                "url": "https://photos.zillowstatic.com/fp/f5ca6f5258a9cec60745e6971f7afeff-p_e.jpg"
            },
            {
                "url": "https://photos.zillowstatic.com/fp/b343c002cb9f4bac626f84e4bceb4624-p_e.jpg"
            },
            {
                "url": "https://photos.zillowstatic.com/fp/413d9ea09546938eb0a2b8983568e986-p_e.jpg"
            },
            {
                "url": "https://photos.zillowstatic.com/fp/db072badc037d1adb36eaee911b7f685-p_e.jpg"
            },
            {
                "url": "https://photos.zillowstatic.com/fp/8e5beff784ec4cd4ff8fa123260be8db-p_e.jpg"
            },
            {
                "url": "https://photos.zillowstatic.com/fp/c279480ca4f99167c541a66572d4e327-p_e.jpg"
            },
            {
                "url": "https://photos.zillowstatic.com/fp/1914044f161a6b0827a48fd20e4689b3-p_e.jpg"
            },
            {
                "url": "https://photos.zillowstatic.com/fp/feabc946a7468f31a0c57a2bf2bdebe4-p_e.jpg"
            },
            {
                "url": "https://photos.zillowstatic.com/fp/60df19c4f0638d47f9565f6f0ae2ded1-p_e.jpg"
            },
            {
                "url": "https://photos.zillowstatic.com/fp/6de2486890bd7074e0ebec8191018fba-p_e.jpg"
            },
            {
                "url": "https://photos.zillowstatic.com/fp/b5a883271bf2e0886f2cfc9875a2d5c8-p_e.jpg"
            },
            {
                "url": "https://photos.zillowstatic.com/fp/af04ab2ec24350e60da68c2bef8b7279-p_e.jpg"
            },
            {
                "url": "https://photos.zillowstatic.com/fp/2ed5c82f290cc63222c8b15be611b947-p_e.jpg"
            },
            {
                "url": "https://photos.zillowstatic.com/fp/0ba308398cc0ab79775f59f86d0e4f2a-p_e.jpg"
            },
            {
                "url": "https://photos.zillowstatic.com/fp/50b0edc026035ba54d258b3684ec183a-p_e.jpg"
            },
            {
                "url": "https://photos.zillowstatic.com/fp/5d7f9c2adab4dad97a7e37c28a81214a-p_e.jpg"
            },
            {
                "url": "https://photos.zillowstatic.com/fp/e4bbe6fff870a14295ecbd86f2931012-p_e.jpg"
            }
        ],
        "rooms": []
    },
    {
        "zpid": "43131792",
        "id": "43131792",
        "rawHomeStatusCd": "ForSale",
        "marketingStatusSimplifiedCd": "For Sale by Agent",
        "imgSrc": "https://photos.zillowstatic.com/fp/5746e29ff246f41f25cfa538b98af226-p_e.jpg",
        "hasImage": true,
        "detailUrl": "https://www.zillow.com/homedetails/15701-W-Waterside-Cir-APT-206-Sunrise-FL-33326/43131792_zpid/",
        "statusType": "FOR_SALE",
        "statusText": "Condo for sale",
        "countryCurrency": "$",
        "price": "$319,000",
        "unformattedPrice": 319000,
        "address": "15701 W Waterside Cir APT 206, Sunrise, FL 33326",
        "addressStreet": "15701 W Waterside Cir APT 206",
        "addressCity": "Sunrise",
        "addressState": "FL",
        "addressZipcode": "33326",
        "isUndisclosedAddress": false,
        "beds": 3,
        "baths": 2.0,
        "area": 950,
        "latLong": {
            "latitude": 26.120441,
            "longitude": -80.35979
        },
        "isZillowOwned": false,
        "variableData": {
            "type": "DAYS_ON",
            "text": "145 days on Zillow"
        },
        "hdpData": {
            "homeInfo": {
                "zpid": 43131792,
                "streetAddress": "15701 W Waterside Cir APT 206",
                "zipcode": "33326",
                "city": "Sunrise",
                "state": "FL",
                "latitude": 26.120441,
                "longitude": -80.35979,
                "price": 319000.0,
                "datePriceChanged": 1696662000000,
                "bathrooms": 2.0,
                "bedrooms": 3.0,
                "livingArea": 950.0,
                "homeType": "CONDO",
                "homeStatus": "FOR_SALE",
                "daysOnZillow": 145,
                "isFeatured": false,
                "shouldHighlight": false,
                "zestimate": 305400,
                "rentZestimate": 2299,
                "listing_sub_type": {
                    "is_FSBA": true
                },
                "priceReduction": "",
                "isUnmappable": false,
                "isPreforeclosureAuction": false,
                "homeStatusForHDP": "FOR_SALE",
                "priceForHDP": 319000.0,
                "priceChange": -11000,
                "timeOnZillow": 12536223000,
                "isNonOwnerOccupied": true,
                "isPremierBuilder": false,
                "isZillowOwned": false,
                "currency": "USD",
                "country": "USA",
                "taxAssessedValue": 190680.0,
                "unit": "Apt 206",
                "lotAreaValue": 0.0,
                "lotAreaUnit": "sqft",
                "isShowcaseListing": false
            }
        },
        "isSaved": false,
        "isUserClaimingOwner": false,
        "isUserConfirmedClaim": false,
        "pgapt": "ForSale",
        "sgapt": "For Sale (Broker)",
        "zestimate": 305400,
        "shouldShowZestimateAsPrice": false,
        "has3DModel": false,
        "hasVideo": false,
        "isHomeRec": false,
        "hasAdditionalAttributions": true,
        "isFeaturedListing": false,
        "isShowcaseListing": false,
        "list": true,
        "relaxed": false,
        "info3String": "https://photos.zillowstatic.com/fp/a8b02d5ac61ac8b9a11bda64382b4f89-zillow_web_48_23.jpg",
        "brokerName": "Coldwell Banker Realty",
        "carouselPhotos": [
            {
                "url": "https://photos.zillowstatic.com/fp/5746e29ff246f41f25cfa538b98af226-p_e.jpg"
            },
            {
                "url": "https://photos.zillowstatic.com/fp/c68bca46e3c446fc9c745f860b858564-p_e.jpg"
            },
            {
                "url": "https://photos.zillowstatic.com/fp/d9663ff2c6503a74d0f89950db5278d7-p_e.jpg"
            },
            {
                "url": "https://photos.zillowstatic.com/fp/c0b175908221a1d6b8afc19939f36c77-p_e.jpg"
            },
            {
                "url": "https://photos.zillowstatic.com/fp/758df2b8420b9ad7ec17c13db9b2eee1-p_e.jpg"
            },
            {
                "url": "https://photos.zillowstatic.com/fp/c7ed46ac942a29eacbafb1ee36cda1f6-p_e.jpg"
            },
            {
                "url": "https://photos.zillowstatic.com/fp/7e1f105106eb628a66156cd72bb59318-p_e.jpg"
            },
            {
                "url": "https://photos.zillowstatic.com/fp/df2fde56482a3aee49654b6525d6e6e4-p_e.jpg"
            },
            {
                "url": "https://photos.zillowstatic.com/fp/73626fa71af7fa780019f0718205b649-p_e.jpg"
            },
            {
                "url": "https://photos.zillowstatic.com/fp/5dc22c646fb39b29ea6f7dacca3de617-p_e.jpg"
            },
            {
                "url": "https://photos.zillowstatic.com/fp/d0f269a9323859da10eedeb66310d9d7-p_e.jpg"
            },
            {
                "url": "https://photos.zillowstatic.com/fp/c92090eba7f4776f84a60f3ed29059d0-p_e.jpg"
            },
            {
                "url": "https://photos.zillowstatic.com/fp/bb7bff42ef4111830a0add9722e58a96-p_e.jpg"
            },
            {
                "url": "https://photos.zillowstatic.com/fp/50e3c3f701460fd85a3f872af120a426-p_e.jpg"
            },
            {
                "url": "https://photos.zillowstatic.com/fp/506c7ae893751baaf1e91298d9c7fffc-p_e.jpg"
            },
            {
                "url": "https://photos.zillowstatic.com/fp/a1a04d5969ab6b4cca2365ee799fd435-p_e.jpg"
            },
            {
                "url": "https://photos.zillowstatic.com/fp/0a31240f9270a6917b9a4cca68022a92-p_e.jpg"
            },
            {
                "url": "https://photos.zillowstatic.com/fp/1aa669b4105c316e7bed7f1ba14d8f1c-p_e.jpg"
            },
            {
                "url": "https://photos.zillowstatic.com/fp/1fb6caec325708e0c3a95c21d5b62755-p_e.jpg"
            },
            {
                "url": "https://photos.zillowstatic.com/fp/84bcc223cc1ec9234d0ed700840f6633-p_e.jpg"
            },
            {
                "url": "https://photos.zillowstatic.com/fp/dc7c77fe350bf0a4bd13e7f87edd8ab5-p_e.jpg"
            },
            {
                "url": "https://photos.zillowstatic.com/fp/d192c3c74071aa6dbb2698d3abb705a6-p_e.jpg"
            },
            {
                "url": "https://photos.zillowstatic.com/fp/5897ca518f2d63256ba561bb9850514e-p_e.jpg"
            }
        ],
        "rooms": []
    },
    {
        "zpid": "43136209",
        "id": "43136209",
        "rawHomeStatusCd": "ForSale",
        "marketingStatusSimplifiedCd": "For Sale by Agent",
        "imgSrc": "https://photos.zillowstatic.com/fp/f65a111f8985259f6ead7d4ee60a176a-p_e.jpg",
        "hasImage": true,
        "detailUrl": "https://www.zillow.com/homedetails/16708-SW-5th-Way-Fort-Lauderdale-FL-33326/43136209_zpid/",
        "statusType": "FOR_SALE",
        "statusText": "House for sale",
        "countryCurrency": "$",
        "price": "$609,000",
        "unformattedPrice": 609000,
        "address": "16708 SW 5th Way, Fort Lauderdale, FL 33326",
        "addressStreet": "16708 SW 5th Way",
        "addressCity": "Fort Lauderdale",
        "addressState": "FL",
        "addressZipcode": "33326",
        "isUndisclosedAddress": false,
        "beds": 3,
        "baths": 2.0,
        "area": 1386,
        "latLong": {
            "latitude": 26.110462,
            "longitude": -80.38013
        },
        "isZillowOwned": false,
        "variableData": {
            "type": "DAYS_ON",
            "text": "145 days on Zillow"
        },
        "hdpData": {
            "homeInfo": {
                "zpid": 43136209,
                "streetAddress": "16708 SW 5th Way",
                "zipcode": "33326",
                "city": "Fort Lauderdale",
                "state": "FL",
                "latitude": 26.110462,
                "longitude": -80.38013,
                "price": 609000.0,
                "datePriceChanged": 1705564800000,
                "bathrooms": 2.0,
                "bedrooms": 3.0,
                "livingArea": 1386.0,
                "homeType": "SINGLE_FAMILY",
                "homeStatus": "FOR_SALE",
                "daysOnZillow": 145,
                "isFeatured": false,
                "shouldHighlight": false,
                "zestimate": 581000,
                "rentZestimate": 3764,
                "listing_sub_type": {
                    "is_FSBA": true
                },
                "isUnmappable": false,
                "isPreforeclosureAuction": false,
                "homeStatusForHDP": "FOR_SALE",
                "priceForHDP": 609000.0,
                "priceChange": 39000,
                "timeOnZillow": 12536223000,
                "isNonOwnerOccupied": true,
                "isPremierBuilder": false,
                "isZillowOwned": false,
                "currency": "USD",
                "country": "USA",
                "taxAssessedValue": 370950.0,
                "lotAreaValue": 6465.0,
                "lotAreaUnit": "sqft",
                "isShowcaseListing": false
            }
        },
        "isSaved": false,
        "isUserClaimingOwner": false,
        "isUserConfirmedClaim": false,
        "pgapt": "ForSale",
        "sgapt": "For Sale (Broker)",
        "zestimate": 581000,
        "shouldShowZestimateAsPrice": false,
        "has3DModel": false,
        "hasVideo": false,
        "isHomeRec": false,
        "hasAdditionalAttributions": true,
        "isFeaturedListing": false,
        "isShowcaseListing": false,
        "list": true,
        "relaxed": false,
        "info3String": "https://photos.zillowstatic.com/fp/a8b02d5ac61ac8b9a11bda64382b4f89-zillow_web_48_23.jpg",
        "brokerName": "Avanti Way Realty LLC",
        "carouselPhotos": [
            {
                "url": "https://photos.zillowstatic.com/fp/f65a111f8985259f6ead7d4ee60a176a-p_e.jpg"
            },
            {
                "url": "https://photos.zillowstatic.com/fp/f63faf46a5fc073f0d5b80a541551644-p_e.jpg"
            },
            {
                "url": "https://photos.zillowstatic.com/fp/b6a7114dcf7ecdc12290205c240d4d23-p_e.jpg"
            },
            {
                "url": "https://photos.zillowstatic.com/fp/a27feee73c3ea3d668a15c2a43c9c8cc-p_e.jpg"
            },
            {
                "url": "https://photos.zillowstatic.com/fp/28f46226561110a5d5e1864d02fdaee3-p_e.jpg"
            },
            {
                "url": "https://photos.zillowstatic.com/fp/5e2e95c54126062470fd704ca531e382-p_e.jpg"
            },
            {
                "url": "https://photos.zillowstatic.com/fp/3440e306b9771b5f7d1b4b5b754d5218-p_e.jpg"
            },
            {
                "url": "https://photos.zillowstatic.com/fp/04cea491375e6ce40856b926c95e3e1e-p_e.jpg"
            },
            {
                "url": "https://photos.zillowstatic.com/fp/a7585750d9b6c32d3705e8de6c21d72e-p_e.jpg"
            },
            {
                "url": "https://photos.zillowstatic.com/fp/f8b76e52321afb8bbb5a6c6df286fc5e-p_e.jpg"
            },
            {
                "url": "https://photos.zillowstatic.com/fp/36e1654bda3544b330d9cb4cea30a25b-p_e.jpg"
            },
            {
                "url": "https://photos.zillowstatic.com/fp/3277a8039c6106746228cba78a4cc940-p_e.jpg"
            },
            {
                "url": "https://photos.zillowstatic.com/fp/a3c75a327fb074bed1fc9903925b1fc6-p_e.jpg"
            },
            {
                "url": "https://photos.zillowstatic.com/fp/2b7cee908af90c50da4d51ef174d1ad8-p_e.jpg"
            },
            {
                "url": "https://photos.zillowstatic.com/fp/a3166d39eee2ea24239f0f4fc37fcb07-p_e.jpg"
            },
            {
                "url": "https://photos.zillowstatic.com/fp/2be5bbc6a8fd08abb4cdbb76b60f61f1-p_e.jpg"
            },
            {
                "url": "https://photos.zillowstatic.com/fp/55f2eb8192cfb2f52ff0db6fc217aefc-p_e.jpg"
            },
            {
                "url": "https://photos.zillowstatic.com/fp/225118493c16682a70685bfd56b79828-p_e.jpg"
            },
            {
                "url": "https://photos.zillowstatic.com/fp/563ed391cf7047577c5d499fe2599d4d-p_e.jpg"
            },
            {
                "url": "https://photos.zillowstatic.com/fp/53b5ccace7835038ed240452fa9c99c8-p_e.jpg"
            },
            {
                "url": "https://photos.zillowstatic.com/fp/ba0a78275b0641be9cc0637ed2f99385-p_e.jpg"
            },
            {
                "url": "https://photos.zillowstatic.com/fp/c95a5c1865af185e8c5339627a7b237d-p_e.jpg"
            },
            {
                "url": "https://photos.zillowstatic.com/fp/2fbbe41d5c455a5e84d6d6182916e00f-p_e.jpg"
            },
            {
                "url": "https://photos.zillowstatic.com/fp/59ef69cef96a0f9eb2858ee4d5c80914-p_e.jpg"
            },
            {
                "url": "https://photos.zillowstatic.com/fp/08430ab804970d0bf8d159623d5bbbb3-p_e.jpg"
            },
            {
                "url": "https://photos.zillowstatic.com/fp/841817dad7d93145e6eeee9d49ddac44-p_e.jpg"
            },
            {
                "url": "https://photos.zillowstatic.com/fp/25e9972807895ca61cf9c7a0da2f11a6-p_e.jpg"
            }
        ],
        "rooms": []
    },
    {
        "zpid": "43137547",
        "id": "43137547",
        "rawHomeStatusCd": "ForSale",
        "marketingStatusSimplifiedCd": "For Sale by Agent",
        "imgSrc": "https://photos.zillowstatic.com/fp/39c28b1eaaf713b478942d1be0a85236-p_e.jpg",
        "hasImage": true,
        "detailUrl": "https://www.zillow.com/homedetails/1031-Sandalwood-Ln-Weston-FL-33326/43137547_zpid/",
        "statusType": "FOR_SALE",
        "statusText": "House for sale",
        "countryCurrency": "$",
        "price": "$1,149,999",
        "unformattedPrice": 1149999,
        "address": "1031 Sandalwood Ln, Weston, FL 33326",
        "addressStreet": "1031 Sandalwood Ln",
        "addressCity": "Weston",
        "addressState": "FL",
        "addressZipcode": "33326",
        "isUndisclosedAddress": false,
        "beds": 5,
        "baths": 3.0,
        "area": 2922,
        "latLong": {
            "latitude": 26.10928,
            "longitude": -80.367645
        },
        "isZillowOwned": false,
        "variableData": {
            "type": "DAYS_ON",
            "text": "186 days on Zillow"
        },
        "hdpData": {
            "homeInfo": {
                "zpid": 43137547,
                "streetAddress": "1031 Sandalwood Ln",
                "zipcode": "33326",
                "city": "Weston",
                "state": "FL",
                "latitude": 26.10928,
                "longitude": -80.367645,
                "price": 1149999.0,
                "datePriceChanged": 1695452400000,
                "bathrooms": 3.0,
                "bedrooms": 5.0,
                "livingArea": 2922.0,
                "homeType": "SINGLE_FAMILY",
                "homeStatus": "FOR_SALE",
                "daysOnZillow": 186,
                "isFeatured": false,
                "shouldHighlight": false,
                "listing_sub_type": {
                    "is_FSBA": true
                },
                "priceReduction": "",
                "isUnmappable": false,
                "isPreforeclosureAuction": false,
                "homeStatusForHDP": "FOR_SALE",
                "priceForHDP": 1149999.0,
                "priceChange": -49901,
                "timeOnZillow": 16078623000,
                "isNonOwnerOccupied": true,
                "isPremierBuilder": false,
                "isZillowOwned": false,
                "currency": "USD",
                "country": "USA",
                "taxAssessedValue": 718170.0,
                "lotAreaValue": 0.36092745638200185,
                "lotAreaUnit": "acres",
                "isShowcaseListing": false
            }
        },
        "isSaved": false,
        "isUserClaimingOwner": false,
        "isUserConfirmedClaim": false,
        "pgapt": "ForSale",
        "sgapt": "For Sale (Broker)",
        "shouldShowZestimateAsPrice": false,
        "has3DModel": false,
        "hasVideo": false,
        "isHomeRec": false,
        "hasAdditionalAttributions": true,
        "isFeaturedListing": false,
        "isShowcaseListing": false,
        "list": true,
        "relaxed": false,
        "info3String": "https://photos.zillowstatic.com/fp/a8b02d5ac61ac8b9a11bda64382b4f89-zillow_web_48_23.jpg",
        "brokerName": "Keller Williams Central",
        "carouselPhotos": [
            {
                "url": "https://photos.zillowstatic.com/fp/39c28b1eaaf713b478942d1be0a85236-p_e.jpg"
            },
            {
                "url": "https://photos.zillowstatic.com/fp/5b5b43de704157d0479b0bcf942ebfe0-p_e.jpg"
            },
            {
                "url": "https://photos.zillowstatic.com/fp/7c075f425511a55de58617f01f264798-p_e.jpg"
            },
            {
                "url": "https://photos.zillowstatic.com/fp/da3874fc5ab53c3e8585e899b59996a1-p_e.jpg"
            },
            {
                "url": "https://photos.zillowstatic.com/fp/1f1e8b1e34237dc89727dcdece141742-p_e.jpg"
            },
            {
                "url": "https://photos.zillowstatic.com/fp/7f3b344399b2d4df7de35c9305eedbfc-p_e.jpg"
            },
            {
                "url": "https://photos.zillowstatic.com/fp/5c14887c9b5191a483397edf78d30df4-p_e.jpg"
            },
            {
                "url": "https://photos.zillowstatic.com/fp/3394af052a366eb1cb6a331815694078-p_e.jpg"
            },
            {
                "url": "https://photos.zillowstatic.com/fp/7cefa2155fd6f777fe3a7c8dab0f2a39-p_e.jpg"
            },
            {
                "url": "https://photos.zillowstatic.com/fp/867ea342c12e454850754f62654aef20-p_e.jpg"
            },
            {
                "url": "https://photos.zillowstatic.com/fp/48815f0c3d36cc2cdf20b79ae537f834-p_e.jpg"
            },
            {
                "url": "https://photos.zillowstatic.com/fp/d105f19992b059235e79829c1ac0d7b3-p_e.jpg"
            },
            {
                "url": "https://photos.zillowstatic.com/fp/a4a36217f1a13424222fccb6769f09f2-p_e.jpg"
            },
            {
                "url": "https://photos.zillowstatic.com/fp/6c6f3e8c3754702142e77149f3a31e2a-p_e.jpg"
            },
            {
                "url": "https://photos.zillowstatic.com/fp/680718e2bed1d7d459e1b4b5609377c8-p_e.jpg"
            },
            {
                "url": "https://photos.zillowstatic.com/fp/4f02fddeb9ccbd082f2f6ea8e4b0502b-p_e.jpg"
            },
            {
                "url": "https://photos.zillowstatic.com/fp/7102086b2e8365095c00d0e67a03f705-p_e.jpg"
            },
            {
                "url": "https://photos.zillowstatic.com/fp/290c86b2c902439a7c6be31b34f74a92-p_e.jpg"
            },
            {
                "url": "https://photos.zillowstatic.com/fp/6965072e9c4f49d7a9a17074e3504c47-p_e.jpg"
            },
            {
                "url": "https://photos.zillowstatic.com/fp/ec5ba780597c67109797a4c8b1337612-p_e.jpg"
            },
            {
                "url": "https://photos.zillowstatic.com/fp/1969fa8057edbc4cb00d58b7262ca1a3-p_e.jpg"
            },
            {
                "url": "https://photos.zillowstatic.com/fp/7e2f4e95e0a6790277e9729af7eee60f-p_e.jpg"
            },
            {
                "url": "https://photos.zillowstatic.com/fp/835938546571f32759944d6c4a971b1e-p_e.jpg"
            },
            {
                "url": "https://photos.zillowstatic.com/fp/eb7690c96209dbe37670e9165eb50892-p_e.jpg"
            },
            {
                "url": "https://photos.zillowstatic.com/fp/67a2cc8a49485dca6e97fecd93dd16c9-p_e.jpg"
            },
            {
                "url": "https://photos.zillowstatic.com/fp/9d02da5457eb2c056f50297df7193c6e-p_e.jpg"
            },
            {
                "url": "https://photos.zillowstatic.com/fp/b83737a547cf471d33a83dfc68548396-p_e.jpg"
            }
        ],
        "rooms": []
    },
    {
        "zpid": "43131926",
        "id": "43131926",
        "rawHomeStatusCd": "ForSale",
        "marketingStatusSimplifiedCd": "For Sale by Agent",
        "imgSrc": "https://photos.zillowstatic.com/fp/9bc698f5ccd79aaa171c5d4167363658-p_e.jpg",
        "hasImage": true,
        "detailUrl": "https://www.zillow.com/homedetails/330-Golfview-Dr-Weston-FL-33326/43131926_zpid/",
        "statusType": "FOR_SALE",
        "statusText": "House for sale",
        "countryCurrency": "$",
        "price": "$1,177,330",
        "unformattedPrice": 1177330,
        "address": "330 Golfview Dr, Weston, FL 33326",
        "addressStreet": "330 Golfview Dr",
        "addressCity": "Weston",
        "addressState": "FL",
        "addressZipcode": "33326",
        "isUndisclosedAddress": false,
        "beds": 5,
        "baths": 3.0,
        "area": 3494,
        "latLong": {
            "latitude": 26.117506,
            "longitude": -80.37411
        },
        "isZillowOwned": false,
        "variableData": {
            "type": "3D_HOME",
            "text": "3D Tour"
        },
        "hdpData": {
            "homeInfo": {
                "zpid": 43131926,
                "streetAddress": "330 Golfview Dr",
                "zipcode": "33326",
                "city": "Weston",
                "state": "FL",
                "latitude": 26.117506,
                "longitude": -80.37411,
                "price": 1177330.0,
                "datePriceChanged": 1699603200000,
                "bathrooms": 3.0,
                "bedrooms": 5.0,
                "livingArea": 3494.0,
                "homeType": "SINGLE_FAMILY",
                "homeStatus": "FOR_SALE",
                "daysOnZillow": 194,
                "isFeatured": false,
                "shouldHighlight": false,
                "listing_sub_type": {
                    "is_FSBA": true
                },
                "priceReduction": "$20,000 (Nov 10)",
                "isUnmappable": false,
                "isPreforeclosureAuction": false,
                "homeStatusForHDP": "FOR_SALE",
                "priceForHDP": 1177330.0,
                "priceChange": -20000,
                "timeOnZillow": 16769823000,
                "isNonOwnerOccupied": true,
                "isPremierBuilder": false,
                "isZillowOwned": false,
                "currency": "USD",
                "country": "USA",
                "taxAssessedValue": 619880.0,
                "lotAreaValue": 0.42238292011019285,
                "lotAreaUnit": "acres",
                "isShowcaseListing": false
            }
        },
        "isSaved": false,
        "isUserClaimingOwner": false,
        "isUserConfirmedClaim": false,
        "pgapt": "ForSale",
        "sgapt": "For Sale (Broker)",
        "shouldShowZestimateAsPrice": false,
        "has3DModel": true,
        "hasVideo": false,
        "isHomeRec": false,
        "hasAdditionalAttributions": true,
        "isFeaturedListing": false,
        "isShowcaseListing": false,
        "list": true,
        "relaxed": false,
        "info3String": "https://photos.zillowstatic.com/fp/a8b02d5ac61ac8b9a11bda64382b4f89-zillow_web_48_23.jpg",
        "brokerName": "The Keyes Company",
        "carouselPhotos": [
            {
                "url": "https://photos.zillowstatic.com/fp/9bc698f5ccd79aaa171c5d4167363658-p_e.jpg"
            },
            {
                "url": "https://photos.zillowstatic.com/fp/24d6c4bf7e1d7b38247267b018674527-p_e.jpg"
            },
            {
                "url": "https://photos.zillowstatic.com/fp/0f2020c8b2ee24b7e8627d3435f92157-p_e.jpg"
            },
            {
                "url": "https://photos.zillowstatic.com/fp/8850b19a484a6be95aeb67051bbf3d89-p_e.jpg"
            },
            {
                "url": "https://photos.zillowstatic.com/fp/8ddae02638e91ec75a441a1dd43cff06-p_e.jpg"
            },
            {
                "url": "https://photos.zillowstatic.com/fp/e8052f355f6187b1d669bea5d54cab6e-p_e.jpg"
            },
            {
                "url": "https://photos.zillowstatic.com/fp/abca462e5c267dd26f52ad8f2c022209-p_e.jpg"
            },
            {
                "url": "https://photos.zillowstatic.com/fp/3165e62742a2a1f5d906f05f6ba49063-p_e.jpg"
            },
            {
                "url": "https://photos.zillowstatic.com/fp/30da19eaea0d3a2315f88166d43ef372-p_e.jpg"
            },
            {
                "url": "https://photos.zillowstatic.com/fp/e83f28b8c5c043fc90caee17864dffba-p_e.jpg"
            },
            {
                "url": "https://photos.zillowstatic.com/fp/92417e3d863bd2b7f1823f4d22bd3811-p_e.jpg"
            },
            {
                "url": "https://photos.zillowstatic.com/fp/fb853641289abd0439acd5fea827d167-p_e.jpg"
            },
            {
                "url": "https://photos.zillowstatic.com/fp/af52e59f79e4f07f39008a37dea3174b-p_e.jpg"
            },
            {
                "url": "https://photos.zillowstatic.com/fp/cf19e895ddb50c4ccbea0bc5956bc3ea-p_e.jpg"
            },
            {
                "url": "https://photos.zillowstatic.com/fp/fb67245a2d93907bbdffc1567d3ec0ee-p_e.jpg"
            },
            {
                "url": "https://photos.zillowstatic.com/fp/a3e34b9c93853fa6115c196e59075b97-p_e.jpg"
            },
            {
                "url": "https://photos.zillowstatic.com/fp/64c782eb6e2f6849be09f07d28cb6117-p_e.jpg"
            },
            {
                "url": "https://photos.zillowstatic.com/fp/778c6434b650473f0e46ebf6a0dfdee8-p_e.jpg"
            },
            {
                "url": "https://photos.zillowstatic.com/fp/31fad69edaff4c9d8a3e02e00554510a-p_e.jpg"
            },
            {
                "url": "https://photos.zillowstatic.com/fp/dae4b29bc4c9cea9a32dd0ddedd20cda-p_e.jpg"
            },
            {
                "url": "https://photos.zillowstatic.com/fp/2c8485970a26d6faec0e75a9b525359a-p_e.jpg"
            },
            {
                "url": "https://photos.zillowstatic.com/fp/668709f145c5d33420ac7a01f48ccebe-p_e.jpg"
            },
            {
                "url": "https://photos.zillowstatic.com/fp/d8aed39499aec46d836564967c8820c0-p_e.jpg"
            },
            {
                "url": "https://photos.zillowstatic.com/fp/c75da7aa57f7fe50d28f6d6f4b854695-p_e.jpg"
            },
            {
                "url": "https://photos.zillowstatic.com/fp/c3f7da0de284802d25732909180f38be-p_e.jpg"
            },
            {
                "url": "https://photos.zillowstatic.com/fp/47dc5f6bf4e211dd1f27e1bd55f8237e-p_e.jpg"
            },
            {
                "url": "https://photos.zillowstatic.com/fp/d833c5a45150548952497f313306c44e-p_e.jpg"
            },
            {
                "url": "https://photos.zillowstatic.com/fp/6b2dd1b5eb33f36fd85e7f5518054b65-p_e.jpg"
            },
            {
                "url": "https://photos.zillowstatic.com/fp/7a6e05a7b18042f9bd7e94ea56e5f29f-p_e.jpg"
            },
            {
                "url": "https://photos.zillowstatic.com/fp/169e611b7b3dd22e3088412568325d08-p_e.jpg"
            },
            {
                "url": "https://photos.zillowstatic.com/fp/43ef50d6fa50457a080609b7a437ba24-p_e.jpg"
            },
            {
                "url": "https://photos.zillowstatic.com/fp/3e18fe944fa155faa8e6c12a5dbb6c9b-p_e.jpg"
            },
            {
                "url": "https://photos.zillowstatic.com/fp/618e1b3184c18ed35cadf58503e7c29e-p_e.jpg"
            },
            {
                "url": "https://photos.zillowstatic.com/fp/30ef9b6d2ad6efc24e4db1e1e0c0bc0b-p_e.jpg"
            },
            {
                "url": "https://photos.zillowstatic.com/fp/f34ebd22881db87188a4027d8331ade5-p_e.jpg"
            },
            {
                "url": "https://photos.zillowstatic.com/fp/2746b22915926939db0112401a044ee0-p_e.jpg"
            },
            {
                "url": "https://photos.zillowstatic.com/fp/b934bfbeed59e948a5e8306b1ce839d7-p_e.jpg"
            },
            {
                "url": "https://photos.zillowstatic.com/fp/b2d7853f65d2266714ecf9e1880203f7-p_e.jpg"
            },
            {
                "url": "https://photos.zillowstatic.com/fp/5b457e8149d74c62e75501f8c546ca55-p_e.jpg"
            },
            {
                "url": "https://photos.zillowstatic.com/fp/0f818c17af3bca4060ebce7a3e5a6421-p_e.jpg"
            },
            {
                "url": "https://photos.zillowstatic.com/fp/c7595195db251febf1a95c04470ae995-p_e.jpg"
            },
            {
                "url": "https://photos.zillowstatic.com/fp/c585362d35899ca60273235e0fd3f59c-p_e.jpg"
            },
            {
                "url": "https://photos.zillowstatic.com/fp/2e71820e448e0919be9df48625bcde1d-p_e.jpg"
            },
            {
                "url": "https://photos.zillowstatic.com/fp/8aaf1e595eebbb62a9530953ee772bf0-p_e.jpg"
            },
            {
                "url": "https://photos.zillowstatic.com/fp/fa446577cefa90888ad339d3a850997d-p_e.jpg"
            },
            {
                "url": "https://photos.zillowstatic.com/fp/951e80704e36485497c1f9fd8e18a3e9-p_e.jpg"
            },
            {
                "url": "https://photos.zillowstatic.com/fp/37b5108094a9eec5295ee09eafe1f2ae-p_e.jpg"
            },
            {
                "url": "https://photos.zillowstatic.com/fp/a2e8cccb7bef59cdcc6ac711af2a606f-p_e.jpg"
            },
            {
                "url": "https://photos.zillowstatic.com/fp/426810d2d7e3c3d2def8e5adc8c1626f-p_e.jpg"
            },
            {
                "url": "https://photos.zillowstatic.com/fp/1ba7161d5599f9a530a47261b88ae931-p_e.jpg"
            },
            {
                "url": "https://photos.zillowstatic.com/fp/3c0c036050157464168160200c7e4856-p_e.jpg"
            },
            {
                "url": "https://photos.zillowstatic.com/fp/7b5afee0f40747b670122803e4934e0f-p_e.jpg"
            },
            {
                "url": "https://photos.zillowstatic.com/fp/9f7ef41c0f51f0b2880c8b278886d47e-p_e.jpg"
            },
            {
                "url": "https://photos.zillowstatic.com/fp/ff8f2d9e7ef7967da6995dcc494d59d9-p_e.jpg"
            },
            {
                "url": "https://photos.zillowstatic.com/fp/b7a543b9765691cec36e46bbacdc45aa-p_e.jpg"
            },
            {
                "url": "https://photos.zillowstatic.com/fp/4c4403b069ac0ba6c5e84619e8da8e76-p_e.jpg"
            },
            {
                "url": "https://photos.zillowstatic.com/fp/e88e3aa3f6f12dc9a100ed4cbc8494dd-p_e.jpg"
            },
            {
                "url": "https://photos.zillowstatic.com/fp/27e508ee64a32114a894279105532d9d-p_e.jpg"
            },
            {
                "url": "https://photos.zillowstatic.com/fp/6134ad1a6c67edb2e23ec038647b5cb7-p_e.jpg"
            },
            {
                "url": "https://photos.zillowstatic.com/fp/dd62eeaed8ad4a30a9770e1a97fd4801-p_e.jpg"
            },
            {
                "url": "https://photos.zillowstatic.com/fp/c4464211d20242f16ff487a6f995b1fc-p_e.jpg"
            },
            {
                "url": "https://photos.zillowstatic.com/fp/ed1b625a8c2dee14a81f72e403e6e0c4-p_e.jpg"
            },
            {
                "url": "https://photos.zillowstatic.com/fp/b96d3f9a3b900c92d704fcec6c9b48a8-p_e.jpg"
            },
            {
                "url": "https://photos.zillowstatic.com/fp/ddd3d94e4a3fd2e105e7ac0be18d2795-p_e.jpg"
            },
            {
                "url": "https://photos.zillowstatic.com/fp/ab036e6edad57256a922bf78f0fca9ad-p_e.jpg"
            },
            {
                "url": "https://photos.zillowstatic.com/fp/908215ea180f3b9eb3f86f33461ef29b-p_e.jpg"
            }
        ],
        "rooms": []
    },
    {
        "zpid": "43132709",
        "id": "43132709",
        "rawHomeStatusCd": "ForSale",
        "marketingStatusSimplifiedCd": "For Sale by Agent",
        "imgSrc": "https://photos.zillowstatic.com/fp/45f9a119d72ba6745da681e16b3387b0-p_e.jpg",
        "hasImage": true,
        "detailUrl": "https://www.zillow.com/homedetails/16325-Golf-Club-Rd-APT-101-Weston-FL-33326/43132709_zpid/",
        "statusType": "FOR_SALE",
        "statusText": "Condo for sale",
        "countryCurrency": "$",
        "price": "$390,000",
        "unformattedPrice": 390000,
        "address": "16325 Golf Club Rd APT 101, Weston, FL 33326",
        "addressStreet": "16325 Golf Club Rd APT 101",
        "addressCity": "Weston",
        "addressState": "FL",
        "addressZipcode": "33326",
        "isUndisclosedAddress": false,
        "beds": 2,
        "baths": 3.0,
        "area": 1235,
        "latLong": {
            "latitude": 26.117992,
            "longitude": -80.36874
        },
        "isZillowOwned": false,
        "variableData": {
            "type": "DAYS_ON",
            "text": "232 days on Zillow"
        },
        "hdpData": {
            "homeInfo": {
                "zpid": 43132709,
                "streetAddress": "16325 Golf Club Rd APT 101",
                "zipcode": "33326",
                "city": "Weston",
                "state": "FL",
                "latitude": 26.117992,
                "longitude": -80.36874,
                "price": 390000.0,
                "bathrooms": 3.0,
                "bedrooms": 2.0,
                "livingArea": 1235.0,
                "homeType": "CONDO",
                "homeStatus": "FOR_SALE",
                "daysOnZillow": 232,
                "isFeatured": false,
                "shouldHighlight": false,
                "listing_sub_type": {
                    "is_FSBA": true
                },
                "isUnmappable": false,
                "isPreforeclosureAuction": false,
                "homeStatusForHDP": "FOR_SALE",
                "priceForHDP": 390000.0,
                "timeOnZillow": 20053023000,
                "isNonOwnerOccupied": true,
                "isPremierBuilder": false,
                "isZillowOwned": false,
                "currency": "USD",
                "country": "USA",
                "taxAssessedValue": 218880.0,
                "unit": "Apt 101",
                "lotAreaValue": 0.0,
                "lotAreaUnit": "sqft",
                "isShowcaseListing": false
            }
        },
        "isSaved": false,
        "isUserClaimingOwner": false,
        "isUserConfirmedClaim": false,
        "pgapt": "ForSale",
        "sgapt": "For Sale (Broker)",
        "shouldShowZestimateAsPrice": false,
        "has3DModel": false,
        "hasVideo": false,
        "isHomeRec": false,
        "hasAdditionalAttributions": true,
        "isFeaturedListing": false,
        "isShowcaseListing": false,
        "list": true,
        "relaxed": false,
        "info3String": "https://photos.zillowstatic.com/fp/a8b02d5ac61ac8b9a11bda64382b4f89-zillow_web_48_23.jpg",
        "brokerName": "Optimar International Realty",
        "carouselPhotos": [
            {
                "url": "https://photos.zillowstatic.com/fp/45f9a119d72ba6745da681e16b3387b0-p_e.jpg"
            },
            {
                "url": "https://photos.zillowstatic.com/fp/c50f5bb4ab2bfd24d77907e7c96c0871-p_e.jpg"
            },
            {
                "url": "https://photos.zillowstatic.com/fp/01ed159a718c84b2dd3763026f3c562b-p_e.jpg"
            },
            {
                "url": "https://photos.zillowstatic.com/fp/821bccbe887da63c9f57fe44633fa1d3-p_e.jpg"
            },
            {
                "url": "https://photos.zillowstatic.com/fp/b78d0fc77aaf3707884f96a45464685d-p_e.jpg"
            },
            {
                "url": "https://photos.zillowstatic.com/fp/b6b8fea11ba162bada8b055fa7a5ef5c-p_e.jpg"
            },
            {
                "url": "https://photos.zillowstatic.com/fp/46ebcf87f55c097b10f30bd1cc3e50cc-p_e.jpg"
            },
            {
                "url": "https://photos.zillowstatic.com/fp/34a8c923257f5cf6eb61d6ce10212c2d-p_e.jpg"
            },
            {
                "url": "https://photos.zillowstatic.com/fp/56e27af94ca57e411f7207b236622cc8-p_e.jpg"
            },
            {
                "url": "https://photos.zillowstatic.com/fp/6baae583a6792e1db64094285c02325a-p_e.jpg"
            },
            {
                "url": "https://photos.zillowstatic.com/fp/b5a8a19d4d0fe0cb4dcec4801d137bde-p_e.jpg"
            },
            {
                "url": "https://photos.zillowstatic.com/fp/300ce6a8c1650477d82c510ca6d393f5-p_e.jpg"
            },
            {
                "url": "https://photos.zillowstatic.com/fp/dbd335d968b3500dc95923f23a461d1d-p_e.jpg"
            },
            {
                "url": "https://photos.zillowstatic.com/fp/b3b0de69f154a44224939bda6e653d29-p_e.jpg"
            },
            {
                "url": "https://photos.zillowstatic.com/fp/50fd037375c6899cba1a449d366bdc33-p_e.jpg"
            },
            {
                "url": "https://photos.zillowstatic.com/fp/13ff0b98e524b176d7d14161c31a38f0-p_e.jpg"
            }
        ],
        "rooms": []
    }
]