{
    "user_info": {
        "isLoggedIn": false,
        "hasHousingConnectorPermission": false,
        "savedHomesCount": 0,
        "personalizedSearchTraceID": "d3209f6f74bcd09eec29bd43b8e2cfea",
        "guid": "7a31a056-8796-40cf-859c-59c607d84aba",
        "zuid": "",
        "isBot": false,
        "email": "",
        "displayName": ""
    },
    "map_state": {
        "customRegionPolygonWkt": null,
        "schoolPolygonWkt": null,
        "isCurrentLocationSearch": false,
        "userPosition": {
            "lat": null,
            "lon": null
        }
    },
    "region_state": {
        "regionInfo": [
            {
                "regionId": 72545,
                "regionType": 7,
                "regionName": "33326",
                "displayName": "Sunrise FL 33326",
                "isPointRegion": false
            }
        ],
        "regionBounds": {
            "north": 26.141676,
            "south": 26.08587,
            "east": -80.346107,
            "west": -80.421571
        }
    },
    "search_page_seo": {
        "baseUrl": "/sunrise-fl-33326/",
        "windowTitle": "33326 Real Estate - 33326 Homes For Sale | Zillow",
        "metaDescription": "Zillow has 47 homes for sale in 33326. View listing photos, review sales history, and use our detailed real estate filters to find the perfect place."
    },
    "request_id": 4
}