{
    "user_info": {
        "isLoggedIn": false,
        "hasHousingConnectorPermission": false,
        "savedHomesCount": 0,
        "personalizedSearchTraceID": "1ed4f291145eda67c3de7f063df28fdf",
        "guid": "ccb5f75e-5d71-49d2-bb78-3b2a0bdfffaf",
        "zuid": "",
        "isBot": false,
        "email": "",
        "displayName": ""
    },
    "map_state": {
        "customRegionPolygonWkt": null,
        "schoolPolygonWkt": null,
        "isCurrentLocationSearch": false,
        "userPosition": {
            "lat": null,
            "lon": null
        }
    },
    "region_state": {
        "regionInfo": [
            {
                "regionId": 72553,
                "regionType": 7,
                "regionName": "33335",
                "displayName": "Oakland Park FL 33335",
                "isPointRegion": true
            }
        ],
        "regionBounds": {
            "north": 26.187015000000002,
            "south": 26.150785,
            "east": -80.11348500000001,
            "west": -80.149715
        }
    },
    "search_page_seo": {
        "baseUrl": "/oakland-park-fl-33335/",
        "windowTitle": "33335 Real Estate - 33335 Homes For Sale | Zillow",
        "metaDescription": "Zillow has 136 homes for sale in 33335. View listing photos, review sales history, and use our detailed real estate filters to find the perfect place."
    },
    "request_id": 4
}