{
    "user_info": {
        "isLoggedIn": false,
        "hasHousingConnectorPermission": false,
        "savedHomesCount": 0,
        "personalizedSearchTraceID": "4131fcfbae98ab41e798275266051faa",
        "guid": "21853d19-4585-4381-b1ed-1d0bece13495",
        "zuid": "",
        "isBot": false,
        "email": "",
        "displayName": ""
    },
    "map_state": {
        "customRegionPolygonWkt": null,
        "schoolPolygonWkt": null,
        "isCurrentLocationSearch": false,
        "userPosition": {
            "lat": null,
            "lon": null
        }
    },
    "region_state": {
        "regionInfo": [
            {
                "regionId": 72478,
                "regionType": 7,
                "regionName": "33176",
                "displayName": "Miami FL 33176",
                "isPointRegion": false
            }
        ],
        "regionBounds": {
            "north": 25.690806,
            "south": 25.623953,
            "east": -80.331403,
            "west": -80.38555
        }
    },
    "search_page_seo": {
        "baseUrl": "/miami-fl-33176/",
        "windowTitle": "33176 Real Estate - 33176 Homes For Sale | Zillow",
        "metaDescription": "Zillow has 24 homes for sale in 33176. View listing photos, review sales history, and use our detailed real estate filters to find the perfect place."
    },
    "request_id": 4
}