{
    "user_info": {
        "isLoggedIn": false,
        "hasHousingConnectorPermission": false,
        "savedHomesCount": 0,
        "personalizedSearchTraceID": "91c1002cbecaf8970a423d38b6b025de",
        "guid": "a78d6e73-0e65-4d44-9785-55ae9d82909a",
        "zuid": "",
        "isBot": false,
        "email": "",
        "displayName": ""
    },
    "map_state": {
        "customRegionPolygonWkt": null,
        "schoolPolygonWkt": null,
        "isCurrentLocationSearch": false,
        "userPosition": {
            "lat": null,
            "lon": null
        }
    },
    "region_state": {
        "regionInfo": [
            {
                "regionId": 72440,
                "regionType": 7,
                "regionName": "33137",
                "displayName": "Miami FL 33137",
                "isPointRegion": false
            }
        ],
        "regionBounds": {
            "north": 25.836767,
            "south": 25.749459,
            "east": -80.155257,
            "west": -80.212151
        }
    },
    "search_page_seo": {
        "baseUrl": "/miami-fl-33137/",
        "windowTitle": "33137 Real Estate - 33137 Homes For Sale | Zillow",
        "metaDescription": "Zillow has 41 homes for sale in 33137. View listing photos, review sales history, and use our detailed real estate filters to find the perfect place."
    },
    "request_id": 4
}