{
    "user_info": {
        "isLoggedIn": false,
        "hasHousingConnectorPermission": false,
        "savedHomesCount": 0,
        "personalizedSearchTraceID": "2bf8622eceb8ebfe42c58ee7cca287fb",
        "guid": "06c9931d-08f2-4a6a-ab67-43f155575f13",
        "zuid": "",
        "isBot": false,
        "email": "",
        "displayName": ""
    },
    "map_state": {
        "customRegionPolygonWkt": null,
        "schoolPolygonWkt": null,
        "isCurrentLocationSearch": false,
        "userPosition": {
            "lat": null,
            "lon": null
        }
    },
    "region_state": {
        "regionInfo": [
            {
                "regionId": 72608,
                "regionType": 7,
                "regionName": "33442",
                "displayName": "Deerfield Beach FL 33442",
                "isPointRegion": false
            }
        ],
        "regionBounds": {
            "north": 26.327949,
            "south": 26.274962,
            "east": -80.116118,
            "west": -80.170149
        }
    },
    "search_page_seo": {
        "baseUrl": "/deerfield-beach-fl-33442/",
        "windowTitle": "33442 Real Estate - 33442 Homes For Sale | Zillow",
        "metaDescription": "Zillow has 62 homes for sale in 33442. View listing photos, review sales history, and use our detailed real estate filters to find the perfect place."
    },
    "request_id": 4
}