{
    "user_info": {
        "isLoggedIn": false,
        "hasHousingConnectorPermission": false,
        "savedHomesCount": 0,
        "personalizedSearchTraceID": "ece1d44891dfc8e78f33ab5ed3727751",
        "guid": "a1973e4c-7a8b-4137-8a69-0a7a83e0b10d",
        "zuid": "",
        "isBot": false,
        "email": "",
        "displayName": ""
    },
    "map_state": {
        "customRegionPolygonWkt": null,
        "schoolPolygonWkt": null,
        "isCurrentLocationSearch": false,
        "userPosition": {
            "lat": null,
            "lon": null
        }
    },
    "region_state": {
        "regionInfo": [
            {
                "regionId": 72415,
                "regionType": 7,
                "regionName": "33101",
                "displayName": "Miami FL 33101",
                "isPointRegion": true
            }
        ],
        "regionBounds": {
            "north": 25.797015000000002,
            "south": 25.760785,
            "east": -80.17978500000001,
            "west": -80.216015
        }
    },
    "search_page_seo": {
        "baseUrl": "/miami-fl-33101/",
        "windowTitle": "33101 Real Estate - 33101 Homes For Sale | Zillow",
        "metaDescription": "Zillow has 226 homes for sale in 33101. View listing photos, review sales history, and use our detailed real estate filters to find the perfect place."
    },
    "request_id": 4
}