{
    "user_info": {
        "isLoggedIn": false,
        "hasHousingConnectorPermission": false,
        "savedHomesCount": 0,
        "personalizedSearchTraceID": "2fa377af9b3d3138fe649b5112afa8e1",
        "guid": "1d5e984f-bbc8-4703-a7c5-0845b73854e0",
        "zuid": "",
        "isBot": false,
        "email": "",
        "displayName": ""
    },
    "map_state": {
        "customRegionPolygonWkt": null,
        "schoolPolygonWkt": null,
        "isCurrentLocationSearch": false,
        "userPosition": {
            "lat": null,
            "lon": null
        }
    },
    "region_state": {
        "regionInfo": [
            {
                "regionId": 72641,
                "regionType": 7,
                "regionName": "33486",
                "displayName": "Boca Raton FL 33486",
                "isPointRegion": false
            }
        ],
        "regionBounds": {
            "north": 26.367942,
            "south": 26.322809,
            "east": -80.092892,
            "west": -80.137519
        }
    },
    "search_page_seo": {
        "baseUrl": "/boca-raton-fl-33486/",
        "windowTitle": "33486 Real Estate - 33486 Homes For Sale | Zillow",
        "metaDescription": "Zillow has 40 homes for sale in 33486. View listing photos, review sales history, and use our detailed real estate filters to find the perfect place."
    },
    "request_id": 4
}