{
    "data": {
        "property": {
            "zpid": 162029003,
            "livingArea": 1635,
            "countyFIPS": "12099",
            "parcelId": "00424616320000770",
            "taxHistory": [
                {
                    "time": 1643578232174,
                    "taxPaid": 6082,
                    "taxIncreaseRate": 0.0051231203,
                    "value": 381057,
                    "valueIncreaseRate": 0.030000703
                },
                {
                    "time": 1612042232174,
                    "taxPaid": 6051,
                    "taxIncreaseRate": 0.0061623594,
                    "value": 369958,
                    "valueIncreaseRate": 0.014000274
                },
                {
                    "time": 1580419832174,
                    "taxPaid": 6013.94,
                    "taxIncreaseRate": 0.04739266,
                    "value": 364850,
                    "valueIncreaseRate": 0.056387983
                },
                {
                    "time": 1548883832174,
                    "taxPaid": 5741.82,
                    "taxIncreaseRate": 0,
                    "value": 345375,
                    "valueIncreaseRate": 0.019000694
                },
                {
                    "time": 1517347832174,
                    "taxPaid": 5741.82,
                    "taxIncreaseRate": 0.05288036,
                    "value": 338935,
                    "valueIncreaseRate": -0.0006604572
                },
                {
                    "time": 1485811832174,
                    "taxPaid": 5453.44,
                    "taxIncreaseRate": -0.124564156,
                    "value": 339159,
                    "valueIncreaseRate": 5.9216123
                },
                {
                    "time": 1454189432174,
                    "taxPaid": 6229.4,
                    "taxIncreaseRate": 0,
                    "value": 49000,
                    "valueIncreaseRate": 0
                }
            ],
            "priceHistory": [
                {
                    "time": 1701216000000,
                    "price": 640000,
                    "priceChangeRate": 0.4222222222222222,
                    "event": "Sold",
                    "source": "Public Record",
                    "buyerAgent": null,
                    "sellerAgent": null,
                    "showCountyLink": false,
                    "postingIsRental": false
                },
                {
                    "time": 1571184000000,
                    "price": 450000,
                    "priceChangeRate": -0.042349436050223455,
                    "event": "Sold",
                    "source": "Public Record",
                    "buyerAgent": {
                        "photo": {
                            "url": "https://photos.zillowstatic.com/h_e/ISxbzejo0urw3h1000000000.jpg"
                        },
                        "profileUrl": "/profile/DawnTillDusk/",
                        "name": "Dawn Forgione"
                    },
                    "sellerAgent": null,
                    "showCountyLink": false,
                    "postingIsRental": false
                },
                {
                    "time": 1567468800000,
                    "price": 469900,
                    "priceChangeRate": -0.010528532322594231,
                    "event": "Price change",
                    "source": "Luxury Partners Realty",
                    "buyerAgent": null,
                    "sellerAgent": null,
                    "showCountyLink": false,
                    "postingIsRental": false
                },
                {
                    "time": 1563235200000,
                    "price": 474900,
                    "priceChangeRate": 0,
                    "event": "Listed for sale",
                    "source": "Luxury Partners Realty",
                    "buyerAgent": null,
                    "sellerAgent": null,
                    "showCountyLink": false,
                    "postingIsRental": false
                }
            ],
            "currency": "USD",
            "country": "USA"
        }
    }
}