{
    "user_info": {
        "isLoggedIn": false,
        "hasHousingConnectorPermission": false,
        "savedHomesCount": 0,
        "personalizedSearchTraceID": "66a105c79b05e690f2ca4251d3863349",
        "guid": "932fa84f-9fba-44fd-8b40-45c727fc5398",
        "zuid": "",
        "isBot": false,
        "email": "",
        "displayName": ""
    },
    "map_state": {
        "customRegionPolygonWkt": null,
        "schoolPolygonWkt": null,
        "isCurrentLocationSearch": false,
        "userPosition": {
            "lat": null,
            "lon": null
        }
    },
    "region_state": {
        "regionInfo": [
            {
                "regionId": 72598,
                "regionType": 7,
                "regionName": "33432",
                "displayName": "Boca Raton FL 33432",
                "isPointRegion": false
            }
        ],
        "regionBounds": {
            "north": 26.369504,
            "south": 26.320755,
            "east": -80.064279,
            "west": -80.098888
        }
    },
    "search_page_seo": {
        "baseUrl": "/boca-raton-fl-33432/",
        "windowTitle": "33432 Real Estate - 33432 Homes For Sale | Zillow",
        "metaDescription": "Zillow has 92 homes for sale in 33432. View listing photos, review sales history, and use our detailed real estate filters to find the perfect place."
    },
    "request_id": 4
}