[
    {
        "zpid": "2053373396",
        "id": "2053373396",
        "rawHomeStatusCd": "ForSale",
        "marketingStatusSimplifiedCd": "New Construction",
        "imgSrc": "https://photos.zillowstatic.com/fp/95dea2b2c351b9b464079dc025599c46-p_e.jpg",
        "hasImage": true,
        "detailUrl": "https://www.zillow.com/homedetails/555-N-Miami-Ave-6706-Miami-FL-33136/2053373396_zpid/",
        "statusType": "FOR_SALE",
        "statusText": "New construction",
        "countryCurrency": "$",
        "price": "$8,000,000",
        "unformattedPrice": 8000000,
        "address": "555 N Miami Ave #6706, Miami, FL 33136",
        "addressStreet": "555 N Miami Ave #6706",
        "addressCity": "Miami",
        "addressState": "FL",
        "addressZipcode": "33136",
        "isUndisclosedAddress": false,
        "beds": 3,
        "baths": 3.0,
        "latLong": {
            "latitude": 25.779833,
            "longitude": -80.193695
        },
        "isZillowOwned": false,
        "variableData": {
            "type": "DAYS_ON",
            "text": "20 days on Zillow"
        },
        "hdpData": {
            "homeInfo": {
                "zpid": 2053373396,
                "streetAddress": "555 N Miami Ave #6706",
                "zipcode": "33136",
                "city": "Miami",
                "state": "FL",
                "latitude": 25.779833,
                "longitude": -80.193695,
                "price": 8000000.0,
                "bathrooms": 3.0,
                "bedrooms": 3.0,
                "homeType": "CONDO",
                "homeStatus": "FOR_SALE",
                "daysOnZillow": 20,
                "isFeatured": false,
                "shouldHighlight": false,
                "listing_sub_type": {
                    "is_newHome": true
                },
                "isUnmappable": false,
                "isPreforeclosureAuction": false,
                "homeStatusForHDP": "FOR_SALE",
                "priceForHDP": 8000000.0,
                "timeOnZillow": 1734580000,
                "newConstructionType": "NEW_CONSTRUCTION_TYPE_OTHER",
                "isNonOwnerOccupied": true,
                "isPremierBuilder": false,
                "isZillowOwned": false,
                "currency": "USD",
                "country": "USA",
                "unit": "# 6706",
                "lotAreaValue": 0.0,
                "lotAreaUnit": "sqft",
                "isShowcaseListing": false
            }
        },
        "isSaved": false,
        "isUserClaimingOwner": false,
        "isUserConfirmedClaim": false,
        "pgapt": "ForSale",
        "sgapt": "New Construction",
        "shouldShowZestimateAsPrice": false,
        "has3DModel": false,
        "hasVideo": false,
        "isHomeRec": false,
        "hasAdditionalAttributions": true,
        "isFeaturedListing": false,
        "isShowcaseListing": false,
        "list": true,
        "relaxed": false,
        "info3String": "https://photos.zillowstatic.com/fp/a8b02d5ac61ac8b9a11bda64382b4f89-zillow_web_48_23.jpg",
        "brokerName": "Fortune International Realty",
        "carouselPhotos": [
            {
                "url": "https://photos.zillowstatic.com/fp/95dea2b2c351b9b464079dc025599c46-p_e.jpg"
            },
            {
                "url": "https://photos.zillowstatic.com/fp/427f91dec5c2be82f673ee78611bc40c-p_e.jpg"
            },
            {
                "url": "https://photos.zillowstatic.com/fp/7c1810723df387390f101a89c816bd55-p_e.jpg"
            },
            {
                "url": "https://photos.zillowstatic.com/fp/35bb18ca1405b06e70d6c19bf9a45680-p_e.jpg"
            },
            {
                "url": "https://photos.zillowstatic.com/fp/276bbd86528d2be16e0c28e16aa7bcc1-p_e.jpg"
            },
            {
                "url": "https://photos.zillowstatic.com/fp/c37b04c4a479e311c1516cc6ae68d1e1-p_e.jpg"
            },
            {
                "url": "https://photos.zillowstatic.com/fp/e4bbee10c7a5fcd17a5e991041930bd0-p_e.jpg"
            },
            {
                "url": "https://photos.zillowstatic.com/fp/474882c5e50f069e1b6262b074bd9dad-p_e.jpg"
            },
            {
                "url": "https://photos.zillowstatic.com/fp/3ea39f8bc5df84c52b99bea16d329ebe-p_e.jpg"
            },
            {
                "url": "https://photos.zillowstatic.com/fp/3a4aaaf2b28572172fc3ec06bb35c2f0-p_e.jpg"
            },
            {
                "url": "https://photos.zillowstatic.com/fp/7ae3ac67d7cfc98f57ea76304a7b08fd-p_e.jpg"
            },
            {
                "url": "https://photos.zillowstatic.com/fp/ec3613d61acd6d79f1f42903954fff8e-p_e.jpg"
            },
            {
                "url": "https://photos.zillowstatic.com/fp/f7840f6d81e9bf748123e7e6208c3bb1-p_e.jpg"
            },
            {
                "url": "https://photos.zillowstatic.com/fp/d649228d08318db3184f3c0af29d991c-p_e.jpg"
            },
            {
                "url": "https://photos.zillowstatic.com/fp/3fe290b7294afe9158a57a7561113018-p_e.jpg"
            }
        ],
        "rooms": []
    },
    {
        "zpid": "2053373482",
        "id": "2053373482",
        "rawHomeStatusCd": "ForSale",
        "marketingStatusSimplifiedCd": "For Sale by Agent",
        "imgSrc": "https://photos.zillowstatic.com/fp/b8f1b9a3bfcd99a77741d691a669ab1e-p_e.jpg",
        "hasImage": true,
        "detailUrl": "https://www.zillow.com/homedetails/555-N-Miami-Ave-4908-Miami-FL-33136/2053373482_zpid/",
        "statusType": "FOR_SALE",
        "statusText": "Condo for sale",
        "countryCurrency": "$",
        "price": "$1,450,000",
        "unformattedPrice": 1450000,
        "address": "555 N Miami Ave #4908, Miami, FL 33136",
        "addressStreet": "555 N Miami Ave #4908",
        "addressCity": "Miami",
        "addressState": "FL",
        "addressZipcode": "33136",
        "isUndisclosedAddress": false,
        "beds": 1,
        "baths": 1.0,
        "area": 1020,
        "latLong": {
            "latitude": 25.779833,
            "longitude": -80.193695
        },
        "isZillowOwned": false,
        "variableData": {
            "type": "DAYS_ON",
            "text": "20 days on Zillow"
        },
        "hdpData": {
            "homeInfo": {
                "zpid": 2053373482,
                "streetAddress": "555 N Miami Ave #4908",
                "zipcode": "33136",
                "city": "Miami",
                "state": "FL",
                "latitude": 25.779833,
                "longitude": -80.193695,
                "price": 1450000.0,
                "bathrooms": 1.0,
                "bedrooms": 1.0,
                "livingArea": 1020.0,
                "homeType": "CONDO",
                "homeStatus": "FOR_SALE",
                "daysOnZillow": 20,
                "isFeatured": false,
                "shouldHighlight": false,
                "listing_sub_type": {
                    "is_FSBA": true
                },
                "isUnmappable": false,
                "isPreforeclosureAuction": false,
                "homeStatusForHDP": "FOR_SALE",
                "priceForHDP": 1450000.0,
                "timeOnZillow": 1734580000,
                "isNonOwnerOccupied": true,
                "isPremierBuilder": false,
                "isZillowOwned": false,
                "currency": "USD",
                "country": "USA",
                "unit": "# 4908",
                "lotAreaValue": 0.0,
                "lotAreaUnit": "sqft",
                "isShowcaseListing": false
            }
        },
        "isSaved": false,
        "isUserClaimingOwner": false,
        "isUserConfirmedClaim": false,
        "pgapt": "ForSale",
        "sgapt": "For Sale (Broker)",
        "shouldShowZestimateAsPrice": false,
        "has3DModel": false,
        "hasVideo": false,
        "isHomeRec": false,
        "hasAdditionalAttributions": true,
        "isFeaturedListing": false,
        "isShowcaseListing": false,
        "list": true,
        "relaxed": false,
        "info3String": "https://photos.zillowstatic.com/fp/a8b02d5ac61ac8b9a11bda64382b4f89-zillow_web_48_23.jpg",
        "brokerName": "Fortune International Realty",
        "carouselPhotos": [
            {
                "url": "https://photos.zillowstatic.com/fp/b8f1b9a3bfcd99a77741d691a669ab1e-p_e.jpg"
            },
            {
                "url": "https://photos.zillowstatic.com/fp/7dbdf0678d3639c685050733ba09ef97-p_e.jpg"
            },
            {
                "url": "https://photos.zillowstatic.com/fp/611e87a7f1f163f632242b1f52115fc8-p_e.jpg"
            },
            {
                "url": "https://photos.zillowstatic.com/fp/0088201b938111ebd743d99c908b84c2-p_e.jpg"
            },
            {
                "url": "https://photos.zillowstatic.com/fp/ee8f87a54d5c2c0ccb6f793d5afcedc6-p_e.jpg"
            },
            {
                "url": "https://photos.zillowstatic.com/fp/72f5b10e5ecba3e4aff8114ff71800d1-p_e.jpg"
            },
            {
                "url": "https://photos.zillowstatic.com/fp/b2e118215edab077435b770ca6dfcedb-p_e.jpg"
            },
            {
                "url": "https://photos.zillowstatic.com/fp/02f7aff1ca8ce4e1a0968bc499ef5ccc-p_e.jpg"
            },
            {
                "url": "https://photos.zillowstatic.com/fp/782f6c7a5b3c457b95776b74817aed8e-p_e.jpg"
            },
            {
                "url": "https://photos.zillowstatic.com/fp/02fc1d6c2834c62de50c72fb20926a32-p_e.jpg"
            },
            {
                "url": "https://photos.zillowstatic.com/fp/b1a5c92a528ba2c23a392e40aa166b54-p_e.jpg"
            },
            {
                "url": "https://photos.zillowstatic.com/fp/8c7a0766f027933d53fc97fc55e15dbe-p_e.jpg"
            }
        ],
        "rooms": []
    },
    {
        "zpid": "2053373894",
        "id": "2053373894",
        "rawHomeStatusCd": "ForSale",
        "marketingStatusSimplifiedCd": "For Sale by Agent",
        "imgSrc": "https://photos.zillowstatic.com/fp/0ea7cde26ae2513eb62956d6cb1e32e0-p_e.jpg",
        "hasImage": true,
        "detailUrl": "https://www.zillow.com/homedetails/555-N-Miami-Ave-4511-Miami-FL-33136/2053373894_zpid/",
        "statusType": "FOR_SALE",
        "statusText": "Condo for sale",
        "countryCurrency": "$",
        "price": "$680,000",
        "unformattedPrice": 680000,
        "address": "555 N Miami Ave #4511, Miami, FL 33136",
        "addressStreet": "555 N Miami Ave #4511",
        "addressCity": "Miami",
        "addressState": "FL",
        "addressZipcode": "33136",
        "isUndisclosedAddress": false,
        "beds": 0,
        "baths": 1.0,
        "latLong": {
            "latitude": 25.779833,
            "longitude": -80.193695
        },
        "isZillowOwned": false,
        "variableData": {
            "type": "DAYS_ON",
            "text": "20 days on Zillow"
        },
        "hdpData": {
            "homeInfo": {
                "zpid": 2053373894,
                "streetAddress": "555 N Miami Ave #4511",
                "zipcode": "33136",
                "city": "Miami",
                "state": "FL",
                "latitude": 25.779833,
                "longitude": -80.193695,
                "price": 680000.0,
                "bathrooms": 1.0,
                "bedrooms": 0.0,
                "homeType": "CONDO",
                "homeStatus": "FOR_SALE",
                "daysOnZillow": 20,
                "isFeatured": false,
                "shouldHighlight": false,
                "listing_sub_type": {
                    "is_FSBA": true
                },
                "isUnmappable": false,
                "isPreforeclosureAuction": false,
                "homeStatusForHDP": "FOR_SALE",
                "priceForHDP": 680000.0,
                "timeOnZillow": 1734580000,
                "isNonOwnerOccupied": true,
                "isPremierBuilder": false,
                "isZillowOwned": false,
                "currency": "USD",
                "country": "USA",
                "unit": "# 4511",
                "lotAreaValue": 0.0,
                "lotAreaUnit": "sqft",
                "isShowcaseListing": false
            }
        },
        "isSaved": false,
        "isUserClaimingOwner": false,
        "isUserConfirmedClaim": false,
        "pgapt": "ForSale",
        "sgapt": "For Sale (Broker)",
        "shouldShowZestimateAsPrice": false,
        "has3DModel": false,
        "hasVideo": false,
        "isHomeRec": false,
        "hasAdditionalAttributions": true,
        "isFeaturedListing": false,
        "isShowcaseListing": false,
        "list": true,
        "relaxed": false,
        "info3String": "https://photos.zillowstatic.com/fp/a8b02d5ac61ac8b9a11bda64382b4f89-zillow_web_48_23.jpg",
        "brokerName": "Fortune International Realty",
        "carouselPhotos": [
            {
                "url": "https://photos.zillowstatic.com/fp/0ea7cde26ae2513eb62956d6cb1e32e0-p_e.jpg"
            },
            {
                "url": "https://photos.zillowstatic.com/fp/ecce3abbb7388a9b95a43227912c8563-p_e.jpg"
            },
            {
                "url": "https://photos.zillowstatic.com/fp/a8d9eb1206f61c072e061946f0d1ac7f-p_e.jpg"
            },
            {
                "url": "https://photos.zillowstatic.com/fp/e4bd95fdf9b0c453c9e42f2ae343134f-p_e.jpg"
            },
            {
                "url": "https://photos.zillowstatic.com/fp/564efe0d0ef3ca8015c00bc74927a457-p_e.jpg"
            },
            {
                "url": "https://photos.zillowstatic.com/fp/ae39d78415a2c2a81a9f2e9d57ad16ad-p_e.jpg"
            },
            {
                "url": "https://photos.zillowstatic.com/fp/eec55cca5dfdec08dc5a03d7d1b7ec53-p_e.jpg"
            },
            {
                "url": "https://photos.zillowstatic.com/fp/1a272d9f39664efbe990f59703732b4a-p_e.jpg"
            },
            {
                "url": "https://photos.zillowstatic.com/fp/ceef49c2761d1c2e5f02c68c4475b2da-p_e.jpg"
            },
            {
                "url": "https://photos.zillowstatic.com/fp/999ddae1c7fff25ce22fc0f59dd3a479-p_e.jpg"
            },
            {
                "url": "https://photos.zillowstatic.com/fp/e2cc83c49f0c3f857d0c087b8d72c1f0-p_e.jpg"
            },
            {
                "url": "https://photos.zillowstatic.com/fp/84f23db81d51d2e2637a60370de351e8-p_e.jpg"
            }
        ],
        "rooms": []
    },
    {
        "zpid": "2053373271",
        "id": "2053373271",
        "rawHomeStatusCd": "ForSale",
        "marketingStatusSimplifiedCd": "For Sale by Agent",
        "imgSrc": "https://photos.zillowstatic.com/fp/8e40c918d9cd0ea3e559b567beafcbc4-p_e.jpg",
        "hasImage": true,
        "detailUrl": "https://www.zillow.com/homedetails/555-N-Miami-Ave-4910-Miami-FL-33136/2053373271_zpid/",
        "statusType": "FOR_SALE",
        "statusText": "Condo for sale",
        "countryCurrency": "$",
        "price": "$900,000",
        "unformattedPrice": 900000,
        "address": "555 N Miami Ave #4910, Miami, FL 33136",
        "addressStreet": "555 N Miami Ave #4910",
        "addressCity": "Miami",
        "addressState": "FL",
        "addressZipcode": "33136",
        "isUndisclosedAddress": false,
        "beds": 1,
        "baths": 1.0,
        "area": 645,
        "latLong": {
            "latitude": 25.779833,
            "longitude": -80.193695
        },
        "isZillowOwned": false,
        "variableData": {
            "type": "DAYS_ON",
            "text": "21 days on Zillow"
        },
        "hdpData": {
            "homeInfo": {
                "zpid": 2053373271,
                "streetAddress": "555 N Miami Ave #4910",
                "zipcode": "33136",
                "city": "Miami",
                "state": "FL",
                "latitude": 25.779833,
                "longitude": -80.193695,
                "price": 900000.0,
                "bathrooms": 1.0,
                "bedrooms": 1.0,
                "livingArea": 645.0,
                "homeType": "CONDO",
                "homeStatus": "FOR_SALE",
                "daysOnZillow": 21,
                "isFeatured": false,
                "shouldHighlight": false,
                "listing_sub_type": {
                    "is_FSBA": true
                },
                "isUnmappable": false,
                "isPreforeclosureAuction": false,
                "homeStatusForHDP": "FOR_SALE",
                "priceForHDP": 900000.0,
                "timeOnZillow": 1820980000,
                "isNonOwnerOccupied": true,
                "isPremierBuilder": false,
                "isZillowOwned": false,
                "currency": "USD",
                "country": "USA",
                "unit": "# 4910",
                "lotAreaValue": 0.0,
                "lotAreaUnit": "sqft",
                "isShowcaseListing": false
            }
        },
        "isSaved": false,
        "isUserClaimingOwner": false,
        "isUserConfirmedClaim": false,
        "pgapt": "ForSale",
        "sgapt": "For Sale (Broker)",
        "shouldShowZestimateAsPrice": false,
        "has3DModel": false,
        "hasVideo": false,
        "isHomeRec": false,
        "hasAdditionalAttributions": true,
        "isFeaturedListing": false,
        "isShowcaseListing": false,
        "list": true,
        "relaxed": false,
        "info3String": "https://photos.zillowstatic.com/fp/a8b02d5ac61ac8b9a11bda64382b4f89-zillow_web_48_23.jpg",
        "brokerName": "Fortune Christie's International Real Estate",
        "carouselPhotos": [
            {
                "url": "https://photos.zillowstatic.com/fp/8e40c918d9cd0ea3e559b567beafcbc4-p_e.jpg"
            },
            {
                "url": "https://photos.zillowstatic.com/fp/38dd70908a5817f0e7289da56b61b124-p_e.jpg"
            }
        ],
        "rooms": []
    },
    {
        "zpid": "2053389781",
        "id": "2053389781",
        "rawHomeStatusCd": "ForSale",
        "marketingStatusSimplifiedCd": "For Sale by Agent",
        "imgSrc": "https://photos.zillowstatic.com/fp/12c4972bbe1afcd8aadc325d303b097d-p_e.jpg",
        "hasImage": true,
        "detailUrl": "https://www.zillow.com/homedetails/555-N-Miami-Ave-4613-Miami-FL-33136/2053389781_zpid/",
        "statusType": "FOR_SALE",
        "statusText": "Condo for sale",
        "countryCurrency": "$",
        "price": "$692,000",
        "unformattedPrice": 692000,
        "address": "555 N Miami Ave #4613, Miami, FL 33136",
        "addressStreet": "555 N Miami Ave #4613",
        "addressCity": "Miami",
        "addressState": "FL",
        "addressZipcode": "33136",
        "isUndisclosedAddress": false,
        "beds": 0,
        "baths": 1.0,
        "latLong": {
            "latitude": 25.779833,
            "longitude": -80.193695
        },
        "isZillowOwned": false,
        "variableData": {
            "type": "DAYS_ON",
            "text": "21 days on Zillow"
        },
        "hdpData": {
            "homeInfo": {
                "zpid": 2053389781,
                "streetAddress": "555 N Miami Ave #4613",
                "zipcode": "33136",
                "city": "Miami",
                "state": "FL",
                "latitude": 25.779833,
                "longitude": -80.193695,
                "price": 692000.0,
                "bathrooms": 1.0,
                "bedrooms": 0.0,
                "homeType": "CONDO",
                "homeStatus": "FOR_SALE",
                "daysOnZillow": 21,
                "isFeatured": false,
                "shouldHighlight": false,
                "listing_sub_type": {
                    "is_FSBA": true
                },
                "isUnmappable": false,
                "isPreforeclosureAuction": false,
                "homeStatusForHDP": "FOR_SALE",
                "priceForHDP": 692000.0,
                "timeOnZillow": 1820980000,
                "isNonOwnerOccupied": true,
                "isPremierBuilder": false,
                "isZillowOwned": false,
                "currency": "USD",
                "country": "USA",
                "unit": "# 4613",
                "lotAreaValue": 0.0,
                "lotAreaUnit": "sqft",
                "isShowcaseListing": false
            }
        },
        "isSaved": false,
        "isUserClaimingOwner": false,
        "isUserConfirmedClaim": false,
        "pgapt": "ForSale",
        "sgapt": "For Sale (Broker)",
        "shouldShowZestimateAsPrice": false,
        "has3DModel": false,
        "hasVideo": false,
        "isHomeRec": false,
        "hasAdditionalAttributions": true,
        "isFeaturedListing": false,
        "isShowcaseListing": false,
        "list": true,
        "relaxed": false,
        "info3String": "https://photos.zillowstatic.com/fp/a8b02d5ac61ac8b9a11bda64382b4f89-zillow_web_48_23.jpg",
        "brokerName": "Fortune Christie's International Real Estate",
        "carouselPhotos": [
            {
                "url": "https://photos.zillowstatic.com/fp/12c4972bbe1afcd8aadc325d303b097d-p_e.jpg"
            },
            {
                "url": "https://photos.zillowstatic.com/fp/cbc384ef4f01460dbe1681cdeec2cc0a-p_e.jpg"
            },
            {
                "url": "https://photos.zillowstatic.com/fp/58d09e9d2d67cb130849273385594b53-p_e.jpg"
            },
            {
                "url": "https://photos.zillowstatic.com/fp/ced35642b4b253c2df99da0f58ef4c0d-p_e.jpg"
            },
            {
                "url": "https://photos.zillowstatic.com/fp/635f230b9c4dfe6c23b880f0e24ed43b-p_e.jpg"
            },
            {
                "url": "https://photos.zillowstatic.com/fp/6375dc001e3304a61626631e919a80f4-p_e.jpg"
            },
            {
                "url": "https://photos.zillowstatic.com/fp/15e999bd2f3f0c83adcaf58096979758-p_e.jpg"
            },
            {
                "url": "https://photos.zillowstatic.com/fp/004ebbc7ca64871852026fe19727f4bf-p_e.jpg"
            },
            {
                "url": "https://photos.zillowstatic.com/fp/e72716e1c4d3ed7a377e75e62b2ed8bb-p_e.jpg"
            },
            {
                "url": "https://photos.zillowstatic.com/fp/09d08f76575dc9d3555d8d0b0ac3fe5b-p_e.jpg"
            },
            {
                "url": "https://photos.zillowstatic.com/fp/d9b2deefe6b974e7aa8feed229b74e37-p_e.jpg"
            },
            {
                "url": "https://photos.zillowstatic.com/fp/c7ae886159271a46a34f08ded2b0d843-p_e.jpg"
            }
        ],
        "rooms": []
    },
    {
        "zpid": "2053389994",
        "id": "2053389994",
        "rawHomeStatusCd": "ForSale",
        "marketingStatusSimplifiedCd": "New Construction",
        "imgSrc": "https://photos.zillowstatic.com/fp/5056ae8deff8ef704349d94cc76fdeba-p_e.jpg",
        "hasImage": true,
        "detailUrl": "https://www.zillow.com/homedetails/555-N-Miami-Ave-5701-Miami-FL-33136/2053389994_zpid/",
        "statusType": "FOR_SALE",
        "statusText": "New construction",
        "countryCurrency": "$",
        "price": "$1,900,000",
        "unformattedPrice": 1900000,
        "address": "555 N Miami Ave #5701, Miami, FL 33136",
        "addressStreet": "555 N Miami Ave #5701",
        "addressCity": "Miami",
        "addressState": "FL",
        "addressZipcode": "33136",
        "isUndisclosedAddress": false,
        "beds": 2,
        "baths": 2.0,
        "latLong": {
            "latitude": 25.779833,
            "longitude": -80.193695
        },
        "isZillowOwned": false,
        "variableData": {
            "type": "DAYS_ON",
            "text": "21 days on Zillow"
        },
        "hdpData": {
            "homeInfo": {
                "zpid": 2053389994,
                "streetAddress": "555 N Miami Ave #5701",
                "zipcode": "33136",
                "city": "Miami",
                "state": "FL",
                "latitude": 25.779833,
                "longitude": -80.193695,
                "price": 1900000.0,
                "bathrooms": 2.0,
                "bedrooms": 2.0,
                "homeType": "CONDO",
                "homeStatus": "FOR_SALE",
                "daysOnZillow": 21,
                "isFeatured": false,
                "shouldHighlight": false,
                "listing_sub_type": {
                    "is_newHome": true
                },
                "isUnmappable": false,
                "isPreforeclosureAuction": false,
                "homeStatusForHDP": "FOR_SALE",
                "priceForHDP": 1900000.0,
                "timeOnZillow": 1820980000,
                "newConstructionType": "NEW_CONSTRUCTION_TYPE_OTHER",
                "isNonOwnerOccupied": true,
                "isPremierBuilder": false,
                "isZillowOwned": false,
                "currency": "USD",
                "country": "USA",
                "unit": "# 5701",
                "lotAreaValue": 0.0,
                "lotAreaUnit": "sqft",
                "isShowcaseListing": false
            }
        },
        "isSaved": false,
        "isUserClaimingOwner": false,
        "isUserConfirmedClaim": false,
        "pgapt": "ForSale",
        "sgapt": "New Construction",
        "shouldShowZestimateAsPrice": false,
        "has3DModel": false,
        "hasVideo": false,
        "isHomeRec": false,
        "hasAdditionalAttributions": true,
        "isFeaturedListing": false,
        "isShowcaseListing": false,
        "list": true,
        "relaxed": false,
        "info3String": "https://photos.zillowstatic.com/fp/a8b02d5ac61ac8b9a11bda64382b4f89-zillow_web_48_23.jpg",
        "brokerName": "Fortune Christie's International Real Estate",
        "carouselPhotos": [
            {
                "url": "https://photos.zillowstatic.com/fp/5056ae8deff8ef704349d94cc76fdeba-p_e.jpg"
            },
            {
                "url": "https://photos.zillowstatic.com/fp/c579bf0a55c50dd0c655060a011ddeb5-p_e.jpg"
            },
            {
                "url": "https://photos.zillowstatic.com/fp/f9f54b7ed87f44d9f58e59d8d08df16a-p_e.jpg"
            },
            {
                "url": "https://photos.zillowstatic.com/fp/f0f5518d82c674b8bd68f139876758cd-p_e.jpg"
            },
            {
                "url": "https://photos.zillowstatic.com/fp/fe9d57636b0ccea2410048cd767e8ffa-p_e.jpg"
            },
            {
                "url": "https://photos.zillowstatic.com/fp/181c0376765b706597f2d48aa20417d8-p_e.jpg"
            },
            {
                "url": "https://photos.zillowstatic.com/fp/a00cdbc63a4150ce06db91b98b9b841b-p_e.jpg"
            },
            {
                "url": "https://photos.zillowstatic.com/fp/4f56b432f12b9060344ff1989dfb2abe-p_e.jpg"
            },
            {
                "url": "https://photos.zillowstatic.com/fp/ea846dcc800d25daf5bdbd4e4b8d70e8-p_e.jpg"
            },
            {
                "url": "https://photos.zillowstatic.com/fp/3082d1c2c22e3398ad66571ccb57c0f3-p_e.jpg"
            },
            {
                "url": "https://photos.zillowstatic.com/fp/b278a92bbe7f6bab3d66c3ad8bc7f983-p_e.jpg"
            },
            {
                "url": "https://photos.zillowstatic.com/fp/043fccc81227d6b8359df8ef6fa16f8d-p_e.jpg"
            },
            {
                "url": "https://photos.zillowstatic.com/fp/5ca4f27db35ad990baca165eef997cba-p_e.jpg"
            },
            {
                "url": "https://photos.zillowstatic.com/fp/8979f1a9c26de4d3683498eb84cd28e8-p_e.jpg"
            },
            {
                "url": "https://photos.zillowstatic.com/fp/fff0a3d8c06fbc52ddf7a9c70018e56f-p_e.jpg"
            },
            {
                "url": "https://photos.zillowstatic.com/fp/a90c4e772ba038c1ab68b5305517e727-p_e.jpg"
            },
            {
                "url": "https://photos.zillowstatic.com/fp/ea698ad622c8bf5e54f6bbcb32474f14-p_e.jpg"
            }
        ],
        "rooms": []
    },
    {
        "zpid": "2053390601",
        "id": "2053390601",
        "rawHomeStatusCd": "ForSale",
        "marketingStatusSimplifiedCd": "New Construction",
        "imgSrc": "https://photos.zillowstatic.com/fp/78ef8b7584e24b9ac403e1d9379c9217-p_e.jpg",
        "hasImage": true,
        "detailUrl": "https://www.zillow.com/homedetails/555-N-Miami-Ave-6710-Miami-FL-33136/2053390601_zpid/",
        "statusType": "FOR_SALE",
        "statusText": "New construction",
        "countryCurrency": "$",
        "price": "$10,500,000",
        "unformattedPrice": 10500000,
        "address": "555 N Miami Ave #6710, Miami, FL 33136",
        "addressStreet": "555 N Miami Ave #6710",
        "addressCity": "Miami",
        "addressState": "FL",
        "addressZipcode": "33136",
        "isUndisclosedAddress": false,
        "beds": 3,
        "baths": 4.0,
        "latLong": {
            "latitude": 25.779833,
            "longitude": -80.193695
        },
        "isZillowOwned": false,
        "variableData": {
            "type": "DAYS_ON",
            "text": "21 days on Zillow"
        },
        "hdpData": {
            "homeInfo": {
                "zpid": 2053390601,
                "streetAddress": "555 N Miami Ave #6710",
                "zipcode": "33136",
                "city": "Miami",
                "state": "FL",
                "latitude": 25.779833,
                "longitude": -80.193695,
                "price": 10500000.0,
                "bathrooms": 4.0,
                "bedrooms": 3.0,
                "homeType": "CONDO",
                "homeStatus": "FOR_SALE",
                "daysOnZillow": 21,
                "isFeatured": false,
                "shouldHighlight": false,
                "listing_sub_type": {
                    "is_newHome": true
                },
                "isUnmappable": false,
                "isPreforeclosureAuction": false,
                "homeStatusForHDP": "FOR_SALE",
                "priceForHDP": 10500000.0,
                "timeOnZillow": 1820980000,
                "newConstructionType": "NEW_CONSTRUCTION_TYPE_OTHER",
                "isNonOwnerOccupied": true,
                "isPremierBuilder": false,
                "isZillowOwned": false,
                "currency": "USD",
                "country": "USA",
                "unit": "# 6710",
                "lotAreaValue": 0.0,
                "lotAreaUnit": "sqft",
                "isShowcaseListing": false
            }
        },
        "isSaved": false,
        "isUserClaimingOwner": false,
        "isUserConfirmedClaim": false,
        "pgapt": "ForSale",
        "sgapt": "New Construction",
        "shouldShowZestimateAsPrice": false,
        "has3DModel": false,
        "hasVideo": false,
        "isHomeRec": false,
        "hasAdditionalAttributions": true,
        "isFeaturedListing": false,
        "isShowcaseListing": false,
        "list": true,
        "relaxed": false,
        "info3String": "https://photos.zillowstatic.com/fp/a8b02d5ac61ac8b9a11bda64382b4f89-zillow_web_48_23.jpg",
        "brokerName": "Fortune International Realty",
        "carouselPhotos": [
            {
                "url": "https://photos.zillowstatic.com/fp/78ef8b7584e24b9ac403e1d9379c9217-p_e.jpg"
            },
            {
                "url": "https://photos.zillowstatic.com/fp/0a53bd77c1fd8c441687d236d0f587c6-p_e.jpg"
            },
            {
                "url": "https://photos.zillowstatic.com/fp/b1b5b74c483d603808005c34538b680b-p_e.jpg"
            },
            {
                "url": "https://photos.zillowstatic.com/fp/c8ba57d8c7e9fa7afcd40ebe7200a02c-p_e.jpg"
            },
            {
                "url": "https://photos.zillowstatic.com/fp/542fc632c8c2e3557ec2fd80d297a390-p_e.jpg"
            },
            {
                "url": "https://photos.zillowstatic.com/fp/c081d9aab225b4e7eef409172d75205f-p_e.jpg"
            },
            {
                "url": "https://photos.zillowstatic.com/fp/4826389ffbd76209da071e9b4611e40c-p_e.jpg"
            },
            {
                "url": "https://photos.zillowstatic.com/fp/8246ce0746826a3942f15241fa747d8f-p_e.jpg"
            },
            {
                "url": "https://photos.zillowstatic.com/fp/e4dc18a5336092cf959d30268c9052fb-p_e.jpg"
            },
            {
                "url": "https://photos.zillowstatic.com/fp/f0589e938ff2b86c64c55dddcc07a7fe-p_e.jpg"
            },
            {
                "url": "https://photos.zillowstatic.com/fp/f889cef487384d01ec4dadd3091bb3b5-p_e.jpg"
            },
            {
                "url": "https://photos.zillowstatic.com/fp/c409f830f3f5fa44f18ed2a9ee210bef-p_e.jpg"
            },
            {
                "url": "https://photos.zillowstatic.com/fp/25566cd29eefa2368f3bd58d44f5caa1-p_e.jpg"
            },
            {
                "url": "https://photos.zillowstatic.com/fp/85ae3cd7d3c05d83437278b7ba57b142-p_e.jpg"
            },
            {
                "url": "https://photos.zillowstatic.com/fp/5571615ef35ada7d81a02dec395dc6cc-p_e.jpg"
            }
        ],
        "rooms": []
    },
    {
        "zpid": "2053476625",
        "id": "2053476625",
        "rawHomeStatusCd": "ForSale",
        "marketingStatusSimplifiedCd": "For Sale by Agent",
        "imgSrc": "https://photos.zillowstatic.com/fp/fbfec136424acc80a3feb4faccda05a2-p_e.jpg",
        "hasImage": true,
        "detailUrl": "https://www.zillow.com/homedetails/555-N-Miami-Ave-4405-Miami-FL-33136/2053476625_zpid/",
        "statusType": "FOR_SALE",
        "statusText": "Condo for sale",
        "countryCurrency": "$",
        "price": "$699,000",
        "unformattedPrice": 699000,
        "address": "555 N Miami Ave #4405, Miami, FL 33136",
        "addressStreet": "555 N Miami Ave #4405",
        "addressCity": "Miami",
        "addressState": "FL",
        "addressZipcode": "33136",
        "isUndisclosedAddress": false,
        "beds": 0,
        "baths": 1.0,
        "latLong": {
            "latitude": 25.779833,
            "longitude": -80.193695
        },
        "isZillowOwned": false,
        "variableData": {
            "type": "DAYS_ON",
            "text": "24 days on Zillow"
        },
        "hdpData": {
            "homeInfo": {
                "zpid": 2053476625,
                "streetAddress": "555 N Miami Ave #4405",
                "zipcode": "33136",
                "city": "Miami",
                "state": "FL",
                "latitude": 25.779833,
                "longitude": -80.193695,
                "price": 699000.0,
                "bathrooms": 1.0,
                "bedrooms": 0.0,
                "homeType": "CONDO",
                "homeStatus": "FOR_SALE",
                "daysOnZillow": 24,
                "isFeatured": false,
                "shouldHighlight": false,
                "listing_sub_type": {
                    "is_FSBA": true
                },
                "isUnmappable": false,
                "isPreforeclosureAuction": false,
                "homeStatusForHDP": "FOR_SALE",
                "priceForHDP": 699000.0,
                "timeOnZillow": 2080180000,
                "isNonOwnerOccupied": true,
                "isPremierBuilder": false,
                "isZillowOwned": false,
                "currency": "USD",
                "country": "USA",
                "unit": "# 4405",
                "lotAreaValue": 0.0,
                "lotAreaUnit": "sqft",
                "isShowcaseListing": false
            }
        },
        "isSaved": false,
        "isUserClaimingOwner": false,
        "isUserConfirmedClaim": false,
        "pgapt": "ForSale",
        "sgapt": "For Sale (Broker)",
        "shouldShowZestimateAsPrice": false,
        "has3DModel": false,
        "hasVideo": false,
        "isHomeRec": false,
        "hasAdditionalAttributions": true,
        "isFeaturedListing": false,
        "isShowcaseListing": false,
        "list": true,
        "relaxed": false,
        "info3String": "https://photos.zillowstatic.com/fp/a8b02d5ac61ac8b9a11bda64382b4f89-zillow_web_48_23.jpg",
        "brokerName": "Fortune International Realty",
        "carouselPhotos": [
            {
                "url": "https://photos.zillowstatic.com/fp/fbfec136424acc80a3feb4faccda05a2-p_e.jpg"
            },
            {
                "url": "https://photos.zillowstatic.com/fp/25a73fb7ef30898971c9d5f6141e969e-p_e.jpg"
            },
            {
                "url": "https://photos.zillowstatic.com/fp/58e6cd089a655b6f190eebf49f02c1f2-p_e.jpg"
            },
            {
                "url": "https://photos.zillowstatic.com/fp/83714e334c8db668587157b8ab13f76d-p_e.jpg"
            },
            {
                "url": "https://photos.zillowstatic.com/fp/1631895e709592a13aba3c26014e578f-p_e.jpg"
            },
            {
                "url": "https://photos.zillowstatic.com/fp/9108cab150e1980d7817f8a04b025269-p_e.jpg"
            },
            {
                "url": "https://photos.zillowstatic.com/fp/f953427275a3151d6309d6f2d07d9263-p_e.jpg"
            },
            {
                "url": "https://photos.zillowstatic.com/fp/cec4a995bf03db76672a1a030dde2cae-p_e.jpg"
            },
            {
                "url": "https://photos.zillowstatic.com/fp/4fb6cfc4f62c41a3be5f17b04fac6d27-p_e.jpg"
            },
            {
                "url": "https://photos.zillowstatic.com/fp/c304b95fbc50359ec38cb883278009b0-p_e.jpg"
            },
            {
                "url": "https://photos.zillowstatic.com/fp/1e105c4cbf18153e93280c4b5aa2aae3-p_e.jpg"
            },
            {
                "url": "https://photos.zillowstatic.com/fp/a46928cf8fd8d2d0269407a5431b4607-p_e.jpg"
            }
        ],
        "rooms": []
    },
    {
        "zpid": "2053476989",
        "id": "2053476989",
        "rawHomeStatusCd": "ForSale",
        "marketingStatusSimplifiedCd": "New Construction",
        "imgSrc": "https://photos.zillowstatic.com/fp/1cbcab533179a6f188805b7249ef91bb-p_e.jpg",
        "hasImage": true,
        "detailUrl": "https://www.zillow.com/homedetails/555-N-Miami-Ave-6701-Miami-FL-33136/2053476989_zpid/",
        "statusType": "FOR_SALE",
        "statusText": "New construction",
        "countryCurrency": "$",
        "price": "$10,000,000",
        "unformattedPrice": 10000000,
        "address": "555 N Miami Ave #6701, Miami, FL 33136",
        "addressStreet": "555 N Miami Ave #6701",
        "addressCity": "Miami",
        "addressState": "FL",
        "addressZipcode": "33136",
        "isUndisclosedAddress": false,
        "beds": 3,
        "baths": 3.0,
        "latLong": {
            "latitude": 25.779833,
            "longitude": -80.193695
        },
        "isZillowOwned": false,
        "variableData": {
            "type": "DAYS_ON",
            "text": "24 days on Zillow"
        },
        "hdpData": {
            "homeInfo": {
                "zpid": 2053476989,
                "streetAddress": "555 N Miami Ave #6701",
                "zipcode": "33136",
                "city": "Miami",
                "state": "FL",
                "latitude": 25.779833,
                "longitude": -80.193695,
                "price": 10000000.0,
                "bathrooms": 3.0,
                "bedrooms": 3.0,
                "homeType": "CONDO",
                "homeStatus": "FOR_SALE",
                "daysOnZillow": 24,
                "isFeatured": false,
                "shouldHighlight": false,
                "listing_sub_type": {
                    "is_newHome": true
                },
                "isUnmappable": false,
                "isPreforeclosureAuction": false,
                "homeStatusForHDP": "FOR_SALE",
                "priceForHDP": 10000000.0,
                "timeOnZillow": 2080180000,
                "newConstructionType": "NEW_CONSTRUCTION_TYPE_OTHER",
                "isNonOwnerOccupied": true,
                "isPremierBuilder": false,
                "isZillowOwned": false,
                "currency": "USD",
                "country": "USA",
                "unit": "# 6701",
                "lotAreaValue": 0.0,
                "lotAreaUnit": "sqft",
                "isShowcaseListing": false
            }
        },
        "isSaved": false,
        "isUserClaimingOwner": false,
        "isUserConfirmedClaim": false,
        "pgapt": "ForSale",
        "sgapt": "New Construction",
        "shouldShowZestimateAsPrice": false,
        "has3DModel": false,
        "hasVideo": false,
        "isHomeRec": false,
        "hasAdditionalAttributions": true,
        "isFeaturedListing": false,
        "isShowcaseListing": false,
        "list": true,
        "relaxed": false,
        "info3String": "https://photos.zillowstatic.com/fp/a8b02d5ac61ac8b9a11bda64382b4f89-zillow_web_48_23.jpg",
        "brokerName": "Fortune International Realty",
        "carouselPhotos": [
            {
                "url": "https://photos.zillowstatic.com/fp/1cbcab533179a6f188805b7249ef91bb-p_e.jpg"
            },
            {
                "url": "https://photos.zillowstatic.com/fp/b97216ad8ca0855a4d37e2e68fc1eb08-p_e.jpg"
            },
            {
                "url": "https://photos.zillowstatic.com/fp/db5fda9ec2275ff233daccf82ef31652-p_e.jpg"
            },
            {
                "url": "https://photos.zillowstatic.com/fp/b089894020f6c2b19dba8285a8e00b7c-p_e.jpg"
            },
            {
                "url": "https://photos.zillowstatic.com/fp/1aef7d2b624132ee48459f7c8507f347-p_e.jpg"
            },
            {
                "url": "https://photos.zillowstatic.com/fp/4fdceba720601a5b3ea49edc1c6f21a9-p_e.jpg"
            },
            {
                "url": "https://photos.zillowstatic.com/fp/10b7ba884ddddc48cb9eb5e72054f4cd-p_e.jpg"
            },
            {
                "url": "https://photos.zillowstatic.com/fp/24bfbf36087654f6a15b0d697d3bc9f0-p_e.jpg"
            },
            {
                "url": "https://photos.zillowstatic.com/fp/7fe2ddeef965ebbadbe5dd3ba9e6570a-p_e.jpg"
            },
            {
                "url": "https://photos.zillowstatic.com/fp/e2e25792e2965a8ceef4c50e65f1c5e5-p_e.jpg"
            },
            {
                "url": "https://photos.zillowstatic.com/fp/de96365557a110023c92f4cd94a1db12-p_e.jpg"
            },
            {
                "url": "https://photos.zillowstatic.com/fp/60632c74f513d2925e51580876067d59-p_e.jpg"
            },
            {
                "url": "https://photos.zillowstatic.com/fp/7cf55d6a2da2cd617671fcea37a50644-p_e.jpg"
            },
            {
                "url": "https://photos.zillowstatic.com/fp/686a8a0f428861cd4a0ea15191e9a034-p_e.jpg"
            },
            {
                "url": "https://photos.zillowstatic.com/fp/b949db3df0214797c47f6e0d34cae403-p_e.jpg"
            }
        ],
        "rooms": []
    },
    {
        "zpid": "2053477355",
        "id": "2053477355",
        "rawHomeStatusCd": "ForSale",
        "marketingStatusSimplifiedCd": "For Sale by Agent",
        "imgSrc": "https://photos.zillowstatic.com/fp/ec5f0c6fe69c2a2476ae8be4cb3d9af7-p_e.jpg",
        "hasImage": true,
        "detailUrl": "https://www.zillow.com/homedetails/555-N-Miami-Ave-4814-Miami-FL-33136/2053477355_zpid/",
        "statusType": "FOR_SALE",
        "statusText": "Condo for sale",
        "countryCurrency": "$",
        "price": "$950,000",
        "unformattedPrice": 950000,
        "address": "555 N Miami Ave #4814, Miami, FL 33136",
        "addressStreet": "555 N Miami Ave #4814",
        "addressCity": "Miami",
        "addressState": "FL",
        "addressZipcode": "33136",
        "isUndisclosedAddress": false,
        "beds": 1,
        "baths": 1.0,
        "area": 645,
        "latLong": {
            "latitude": 25.779833,
            "longitude": -80.193695
        },
        "isZillowOwned": false,
        "variableData": {
            "type": "DAYS_ON",
            "text": "24 days on Zillow"
        },
        "hdpData": {
            "homeInfo": {
                "zpid": 2053477355,
                "streetAddress": "555 N Miami Ave #4814",
                "zipcode": "33136",
                "city": "Miami",
                "state": "FL",
                "latitude": 25.779833,
                "longitude": -80.193695,
                "price": 950000.0,
                "bathrooms": 1.0,
                "bedrooms": 1.0,
                "livingArea": 645.0,
                "homeType": "CONDO",
                "homeStatus": "FOR_SALE",
                "daysOnZillow": 24,
                "isFeatured": false,
                "shouldHighlight": false,
                "listing_sub_type": {
                    "is_FSBA": true
                },
                "isUnmappable": false,
                "isPreforeclosureAuction": false,
                "homeStatusForHDP": "FOR_SALE",
                "priceForHDP": 950000.0,
                "timeOnZillow": 2080180000,
                "isNonOwnerOccupied": true,
                "isPremierBuilder": false,
                "isZillowOwned": false,
                "currency": "USD",
                "country": "USA",
                "unit": "# 4814",
                "lotAreaValue": 0.0,
                "lotAreaUnit": "sqft",
                "isShowcaseListing": false
            }
        },
        "isSaved": false,
        "isUserClaimingOwner": false,
        "isUserConfirmedClaim": false,
        "pgapt": "ForSale",
        "sgapt": "For Sale (Broker)",
        "shouldShowZestimateAsPrice": false,
        "has3DModel": false,
        "hasVideo": false,
        "isHomeRec": false,
        "hasAdditionalAttributions": true,
        "isFeaturedListing": false,
        "isShowcaseListing": false,
        "list": true,
        "relaxed": false,
        "info3String": "https://photos.zillowstatic.com/fp/a8b02d5ac61ac8b9a11bda64382b4f89-zillow_web_48_23.jpg",
        "brokerName": "Fortune International Realty",
        "carouselPhotos": [
            {
                "url": "https://photos.zillowstatic.com/fp/ec5f0c6fe69c2a2476ae8be4cb3d9af7-p_e.jpg"
            },
            {
                "url": "https://photos.zillowstatic.com/fp/f271293bbfae166f9e4bcab54bc9838f-p_e.jpg"
            },
            {
                "url": "https://photos.zillowstatic.com/fp/c4387bcaed4d97b0eea692d2c24dabaa-p_e.jpg"
            },
            {
                "url": "https://photos.zillowstatic.com/fp/e760722f62e676befff095cf6d9f50c4-p_e.jpg"
            },
            {
                "url": "https://photos.zillowstatic.com/fp/70321f14fd0a088c67b342c62ea38a61-p_e.jpg"
            },
            {
                "url": "https://photos.zillowstatic.com/fp/758ae4e504c14e918f34d2b7b89ac0b1-p_e.jpg"
            },
            {
                "url": "https://photos.zillowstatic.com/fp/7c96d4a30e48b8524af3f187f25e9603-p_e.jpg"
            },
            {
                "url": "https://photos.zillowstatic.com/fp/658ac15f581c0080064800b86b99ae4f-p_e.jpg"
            },
            {
                "url": "https://photos.zillowstatic.com/fp/5ffdf420d63ecbb301b340ce0765482e-p_e.jpg"
            },
            {
                "url": "https://photos.zillowstatic.com/fp/d00455df9da85cea716f3985c891c7e7-p_e.jpg"
            },
            {
                "url": "https://photos.zillowstatic.com/fp/4549ad55bc9c68d9b71a9f764ac4d7af-p_e.jpg"
            },
            {
                "url": "https://photos.zillowstatic.com/fp/c26e65303cc0da4c1a4404b2ca694eab-p_e.jpg"
            }
        ],
        "rooms": []
    },
    {
        "zpid": "43826062",
        "id": "43826062",
        "rawHomeStatusCd": "ForSale",
        "marketingStatusSimplifiedCd": "For Sale by Agent",
        "imgSrc": "https://photos.zillowstatic.com/fp/d5b056d471e482c5589da40b147dcc18-p_e.jpg",
        "hasImage": true,
        "detailUrl": "https://www.zillow.com/homedetails/1000-NW-North-River-Dr-12-Miami-FL-33136/43826062_zpid/",
        "statusType": "FOR_SALE",
        "statusText": "Townhouse for sale",
        "countryCurrency": "$",
        "price": "$1,200,000",
        "unformattedPrice": 1200000,
        "address": "1000 NW North River Dr #12, Miami, FL 33136",
        "addressStreet": "1000 NW North River Dr #12",
        "addressCity": "Miami",
        "addressState": "FL",
        "addressZipcode": "33136",
        "isUndisclosedAddress": false,
        "beds": 2,
        "baths": 3.0,
        "area": 1192,
        "latLong": {
            "latitude": 25.781752,
            "longitude": -80.211555
        },
        "isZillowOwned": false,
        "variableData": {
            "type": "DAYS_ON",
            "text": "108 days on Zillow"
        },
        "hdpData": {
            "homeInfo": {
                "zpid": 43826062,
                "streetAddress": "1000 NW North River Dr #12",
                "zipcode": "33136",
                "city": "Miami",
                "state": "FL",
                "latitude": 25.781752,
                "longitude": -80.211555,
                "price": 1200000.0,
                "bathrooms": 3.0,
                "bedrooms": 2.0,
                "livingArea": 1192.0,
                "homeType": "TOWNHOUSE",
                "homeStatus": "FOR_SALE",
                "daysOnZillow": 108,
                "isFeatured": false,
                "shouldHighlight": false,
                "listing_sub_type": {
                    "is_FSBA": true
                },
                "isUnmappable": false,
                "isPreforeclosureAuction": false,
                "homeStatusForHDP": "FOR_SALE",
                "priceForHDP": 1200000.0,
                "timeOnZillow": 9337780000,
                "isNonOwnerOccupied": true,
                "isPremierBuilder": false,
                "isZillowOwned": false,
                "currency": "USD",
                "country": "USA",
                "taxAssessedValue": 402000.0,
                "unit": "# 12",
                "lotAreaValue": 0.0,
                "lotAreaUnit": "sqft",
                "isShowcaseListing": false
            }
        },
        "isSaved": false,
        "isUserClaimingOwner": false,
        "isUserConfirmedClaim": false,
        "pgapt": "ForSale",
        "sgapt": "For Sale (Broker)",
        "shouldShowZestimateAsPrice": false,
        "has3DModel": false,
        "hasVideo": false,
        "isHomeRec": false,
        "hasAdditionalAttributions": true,
        "isFeaturedListing": false,
        "isShowcaseListing": false,
        "list": true,
        "relaxed": false,
        "info3String": "https://photos.zillowstatic.com/fp/a8b02d5ac61ac8b9a11bda64382b4f89-zillow_web_48_23.jpg",
        "brokerName": "One Stop Realty",
        "carouselPhotos": [
            {
                "url": "https://photos.zillowstatic.com/fp/d5b056d471e482c5589da40b147dcc18-p_e.jpg"
            },
            {
                "url": "https://photos.zillowstatic.com/fp/b449764a60f28b1b66a9d34b8202766a-p_e.jpg"
            },
            {
                "url": "https://photos.zillowstatic.com/fp/41b78bf4ab44488433faa10494588c2a-p_e.jpg"
            },
            {
                "url": "https://photos.zillowstatic.com/fp/9ab8e0f2e34d5dc85407de64fa726a1c-p_e.jpg"
            },
            {
                "url": "https://photos.zillowstatic.com/fp/35e7c3a60d45ccc63304c6219714186f-p_e.jpg"
            },
            {
                "url": "https://photos.zillowstatic.com/fp/712032caf77936dbde8d83fbfd83b0a2-p_e.jpg"
            },
            {
                "url": "https://photos.zillowstatic.com/fp/c59ed5819eb3f2a259686989bfdc9cd8-p_e.jpg"
            },
            {
                "url": "https://photos.zillowstatic.com/fp/b169c8c98a93d7e2c3a3312dce847c50-p_e.jpg"
            },
            {
                "url": "https://photos.zillowstatic.com/fp/66e32170eaab34d4d580c120b69dc5e1-p_e.jpg"
            },
            {
                "url": "https://photos.zillowstatic.com/fp/be0c74994248feac3c4438e8f588966a-p_e.jpg"
            },
            {
                "url": "https://photos.zillowstatic.com/fp/b7f9a3d4ba6ca6b3f46a3eca8ee3513d-p_e.jpg"
            },
            {
                "url": "https://photos.zillowstatic.com/fp/a80c87eca762d7ca52399d2315f2ee2e-p_e.jpg"
            },
            {
                "url": "https://photos.zillowstatic.com/fp/9d9d48d2d358a791b5eb63a81438646a-p_e.jpg"
            },
            {
                "url": "https://photos.zillowstatic.com/fp/4f97c5bea3b51a63cad5dd8025c45522-p_e.jpg"
            },
            {
                "url": "https://photos.zillowstatic.com/fp/fe6b973f00a90f6091a4cae88161e704-p_e.jpg"
            },
            {
                "url": "https://photos.zillowstatic.com/fp/b6df82a44cc22619db32d688164b21ef-p_e.jpg"
            },
            {
                "url": "https://photos.zillowstatic.com/fp/607f06272d0b09c75148ac05a9fb57ff-p_e.jpg"
            },
            {
                "url": "https://photos.zillowstatic.com/fp/ced20f6983c34ab73a09ebf616fbab78-p_e.jpg"
            },
            {
                "url": "https://photos.zillowstatic.com/fp/ec20ce18d684a2aa1bffe1552df0078e-p_e.jpg"
            },
            {
                "url": "https://photos.zillowstatic.com/fp/e4cc4041aba1f11e47e8e32779b5529c-p_e.jpg"
            },
            {
                "url": "https://photos.zillowstatic.com/fp/8caf3b9e2ea919615ad84d487a932c01-p_e.jpg"
            },
            {
                "url": "https://photos.zillowstatic.com/fp/35562f8022c3190b2c0ff20c392bff8a-p_e.jpg"
            },
            {
                "url": "https://photos.zillowstatic.com/fp/9a20629c4224787556a66bcbb6a5b8a2-p_e.jpg"
            },
            {
                "url": "https://photos.zillowstatic.com/fp/20ba6152079bdc47fd1edf8890353409-p_e.jpg"
            },
            {
                "url": "https://photos.zillowstatic.com/fp/0587ceee2d4fc85aa3d20c05e03ace13-p_e.jpg"
            },
            {
                "url": "https://photos.zillowstatic.com/fp/646091ae0f4e52c9b844861038e1b6d2-p_e.jpg"
            },
            {
                "url": "https://photos.zillowstatic.com/fp/f76b28834ea674b6753847ef27d81e6d-p_e.jpg"
            },
            {
                "url": "https://photos.zillowstatic.com/fp/e7b85a1bc19161fd91997d583487a649-p_e.jpg"
            },
            {
                "url": "https://photos.zillowstatic.com/fp/325a94ced23b49312384c9ffbf71b711-p_e.jpg"
            },
            {
                "url": "https://photos.zillowstatic.com/fp/c3e1ddb2803bba28431859c072314937-p_e.jpg"
            }
        ],
        "rooms": []
    },
    {
        "zpid": "63614314",
        "id": "63614314",
        "rawHomeStatusCd": "ForSale",
        "marketingStatusSimplifiedCd": "For Sale by Agent",
        "imgSrc": "https://photos.zillowstatic.com/fp/098065fec3ed7573a06f33077eb4eb9e-p_e.jpg",
        "hasImage": true,
        "detailUrl": "https://www.zillow.com/homedetails/1984-NW-4th-Ct-308-Miami-FL-33136/63614314_zpid/",
        "statusType": "FOR_SALE",
        "statusText": "Condo for sale",
        "countryCurrency": "$",
        "price": "$399,000",
        "unformattedPrice": 399000,
        "address": "1984 NW 4th Ct #308, Miami, FL 33136",
        "addressStreet": "1984 NW 4th Ct #308",
        "addressCity": "Miami",
        "addressState": "FL",
        "addressZipcode": "33136",
        "isUndisclosedAddress": false,
        "beds": 4,
        "baths": 2.0,
        "area": 1114,
        "latLong": {
            "latitude": 25.794441,
            "longitude": -80.20368
        },
        "isZillowOwned": false,
        "variableData": {
            "type": "DAYS_ON",
            "text": "466 days on Zillow"
        },
        "hdpData": {
            "homeInfo": {
                "zpid": 63614314,
                "streetAddress": "1984 NW 4th Ct #308",
                "zipcode": "33136",
                "city": "Miami",
                "state": "FL",
                "latitude": 25.794441,
                "longitude": -80.20368,
                "price": 399000.0,
                "datePriceChanged": 1669708800000,
                "bathrooms": 2.0,
                "bedrooms": 4.0,
                "livingArea": 1114.0,
                "homeType": "CONDO",
                "homeStatus": "FOR_SALE",
                "daysOnZillow": 466,
                "isFeatured": false,
                "shouldHighlight": false,
                "listing_sub_type": {
                    "is_FSBA": true
                },
                "priceReduction": "",
                "isUnmappable": false,
                "isPreforeclosureAuction": false,
                "homeStatusForHDP": "FOR_SALE",
                "priceForHDP": 399000.0,
                "priceChange": -26000,
                "timeOnZillow": 40268980000,
                "isNonOwnerOccupied": true,
                "isPremierBuilder": false,
                "isZillowOwned": false,
                "currency": "USD",
                "country": "USA",
                "taxAssessedValue": 161500.0,
                "unit": "# 308",
                "lotAreaValue": 0.0,
                "lotAreaUnit": "sqft",
                "isShowcaseListing": false
            }
        },
        "isSaved": false,
        "isUserClaimingOwner": false,
        "isUserConfirmedClaim": false,
        "pgapt": "ForSale",
        "sgapt": "For Sale (Broker)",
        "shouldShowZestimateAsPrice": false,
        "has3DModel": false,
        "hasVideo": false,
        "isHomeRec": false,
        "hasAdditionalAttributions": true,
        "isFeaturedListing": false,
        "isShowcaseListing": false,
        "list": true,
        "relaxed": false,
        "info3String": "https://photos.zillowstatic.com/fp/a8b02d5ac61ac8b9a11bda64382b4f89-zillow_web_48_23.jpg",
        "brokerName": "South Florida Realty LLC",
        "carouselPhotos": [
            {
                "url": "https://photos.zillowstatic.com/fp/098065fec3ed7573a06f33077eb4eb9e-p_e.jpg"
            },
            {
                "url": "https://photos.zillowstatic.com/fp/c0aa7112b62f7c8504cd063f739c1b07-p_e.jpg"
            },
            {
                "url": "https://photos.zillowstatic.com/fp/de3d621bc15c355fdc9cc974a266454a-p_e.jpg"
            },
            {
                "url": "https://photos.zillowstatic.com/fp/c0078f12cc6873f2be20160f9d2a674c-p_e.jpg"
            },
            {
                "url": "https://photos.zillowstatic.com/fp/4866e8d27b7e0376de401836e253e8c7-p_e.jpg"
            },
            {
                "url": "https://photos.zillowstatic.com/fp/c5689638e2dcda6a815825d0e5e7ea65-p_e.jpg"
            },
            {
                "url": "https://photos.zillowstatic.com/fp/e2a8889a07a74cf2be85b0fef8b61612-p_e.jpg"
            },
            {
                "url": "https://photos.zillowstatic.com/fp/3ea74b646469dc7c53b439de8b2b10ba-p_e.jpg"
            },
            {
                "url": "https://photos.zillowstatic.com/fp/a5549542da55fac46bc6d0cb0cecd96d-p_e.jpg"
            },
            {
                "url": "https://photos.zillowstatic.com/fp/7046e4e02443f07fb3a6c5e1e48617d6-p_e.jpg"
            },
            {
                "url": "https://photos.zillowstatic.com/fp/cd99a065b5e1e598aff4d965bf2aeb42-p_e.jpg"
            },
            {
                "url": "https://photos.zillowstatic.com/fp/3dbe1a0ba84c9bf758d137eba4de1c9b-p_e.jpg"
            },
            {
                "url": "https://photos.zillowstatic.com/fp/5295ab7bb73baa97b99d3263cd42b4e1-p_e.jpg"
            },
            {
                "url": "https://photos.zillowstatic.com/fp/cc22875376cdcfaa9c60a96a6db9f38f-p_e.jpg"
            },
            {
                "url": "https://photos.zillowstatic.com/fp/b25c385325307c5037be2dd07856dd9b-p_e.jpg"
            },
            {
                "url": "https://photos.zillowstatic.com/fp/d16e19c841380d34717ea6673ee6d557-p_e.jpg"
            }
        ],
        "rooms": []
    }
]