{
    "user_info": {
        "isLoggedIn": false,
        "hasHousingConnectorPermission": false,
        "savedHomesCount": 0,
        "personalizedSearchTraceID": "42c25cf6d2e1acb5a2e5822623d73e2d",
        "guid": "03905cfd-81db-43c5-b8af-8a3cbbbda0e2",
        "zuid": "",
        "isBot": false,
        "email": "",
        "displayName": ""
    },
    "map_state": {
        "customRegionPolygonWkt": null,
        "schoolPolygonWkt": null,
        "isCurrentLocationSearch": false,
        "userPosition": {
            "lat": null,
            "lon": null
        }
    },
    "region_state": {
        "regionInfo": [
            {
                "regionId": 72439,
                "regionType": 7,
                "regionName": "33136",
                "displayName": "Miami FL 33136",
                "isPointRegion": false
            }
        ],
        "regionBounds": {
            "north": 25.795623,
            "south": 25.778238,
            "east": -80.192123,
            "west": -80.216705
        }
    },
    "search_page_seo": {
        "baseUrl": "/miami-fl-33136/",
        "windowTitle": "33136 Real Estate - 33136 Homes For Sale | Zillow",
        "metaDescription": "Zillow has 12 homes for sale in 33136. View listing photos, review sales history, and use our detailed real estate filters to find the perfect place."
    },
    "request_id": 4
}