[
    {
        "zpid": "2053044266",
        "id": "2053044266",
        "rawHomeStatusCd": "ForSale",
        "marketingStatusSimplifiedCd": "For Sale by Agent",
        "imgSrc": "https://photos.zillowstatic.com/fp/5690afe6aee100d56649cb4b10cffac6-p_e.jpg",
        "hasImage": true,
        "detailUrl": "https://www.zillow.com/homedetails/19458-NW-28th-Pl-19458-Miami-Gardens-FL-33056/2053044266_zpid/",
        "statusType": "FOR_SALE",
        "statusText": "Townhouse for sale",
        "countryCurrency": "$",
        "price": "$399,000",
        "unformattedPrice": 399000,
        "address": "19458 NW 28th Pl #19458, Miami Gardens, FL 33056",
        "addressStreet": "19458 NW 28th Pl #19458",
        "addressCity": "Miami Gardens",
        "addressState": "FL",
        "addressZipcode": "33056",
        "isUndisclosedAddress": false,
        "beds": 3,
        "baths": 2.0,
        "area": 1019,
        "latLong": {
            "latitude": 25.951231,
            "longitude": -80.24972
        },
        "isZillowOwned": false,
        "variableData": {
            "type": "DAYS_ON",
            "text": "1 day on Zillow"
        },
        "hdpData": {
            "homeInfo": {
                "zpid": 2053044266,
                "streetAddress": "19458 NW 28th Pl #19458",
                "zipcode": "33056",
                "city": "Miami Gardens",
                "state": "FL",
                "latitude": 25.951231,
                "longitude": -80.24972,
                "price": 399000.0,
                "bathrooms": 2.0,
                "bedrooms": 3.0,
                "livingArea": 1019.0,
                "homeType": "TOWNHOUSE",
                "homeStatus": "FOR_SALE",
                "daysOnZillow": 1,
                "isFeatured": false,
                "shouldHighlight": false,
                "listing_sub_type": {
                    "is_FSBA": true
                },
                "isUnmappable": false,
                "isPreforeclosureAuction": false,
                "homeStatusForHDP": "FOR_SALE",
                "priceForHDP": 399000.0,
                "timeOnZillow": 92159000,
                "isNonOwnerOccupied": true,
                "isPremierBuilder": false,
                "isZillowOwned": false,
                "currency": "USD",
                "country": "USA",
                "unit": "# 19458",
                "lotAreaValue": 0.0,
                "lotAreaUnit": "sqft",
                "isShowcaseListing": false
            }
        },
        "isSaved": false,
        "isUserClaimingOwner": false,
        "isUserConfirmedClaim": false,
        "pgapt": "ForSale",
        "sgapt": "For Sale (Broker)",
        "shouldShowZestimateAsPrice": false,
        "has3DModel": false,
        "hasVideo": false,
        "isHomeRec": false,
        "hasAdditionalAttributions": true,
        "isFeaturedListing": false,
        "isShowcaseListing": false,
        "list": true,
        "relaxed": false,
        "info3String": "https://photos.zillowstatic.com/fp/a8b02d5ac61ac8b9a11bda64382b4f89-zillow_web_48_23.jpg",
        "brokerName": "Rev Realty Group, LLC.",
        "carouselPhotos": [
            {
                "url": "https://photos.zillowstatic.com/fp/5690afe6aee100d56649cb4b10cffac6-p_e.jpg"
            },
            {
                "url": "https://photos.zillowstatic.com/fp/501b5f40f8132100ffbf74fcc013a926-p_e.jpg"
            },
            {
                "url": "https://photos.zillowstatic.com/fp/ecee550a4b8350bf20b1b38f87054042-p_e.jpg"
            },
            {
                "url": "https://photos.zillowstatic.com/fp/8755feb33006e332ec94156023f0a9cf-p_e.jpg"
            },
            {
                "url": "https://photos.zillowstatic.com/fp/af8dc7071fc37171f7ce34c4ba9fdf1d-p_e.jpg"
            },
            {
                "url": "https://photos.zillowstatic.com/fp/56651058d7ece139385aa316c2997eea-p_e.jpg"
            },
            {
                "url": "https://photos.zillowstatic.com/fp/18b5576424872660f93ac54f190cfb23-p_e.jpg"
            },
            {
                "url": "https://photos.zillowstatic.com/fp/d8fe96a30ae117ebec6ba815b77f49f6-p_e.jpg"
            },
            {
                "url": "https://photos.zillowstatic.com/fp/ba6c0d729670a9414de1436e58b5f83a-p_e.jpg"
            },
            {
                "url": "https://photos.zillowstatic.com/fp/3981c40d3d58a2a40ce3fff4f336c73d-p_e.jpg"
            },
            {
                "url": "https://photos.zillowstatic.com/fp/067e62a0d5b87fd47c582eafead3c225-p_e.jpg"
            },
            {
                "url": "https://photos.zillowstatic.com/fp/c98c39b865eaee11da1a766f311c0608-p_e.jpg"
            },
            {
                "url": "https://photos.zillowstatic.com/fp/2749bcf3db515f071512956f8ef72d3f-p_e.jpg"
            },
            {
                "url": "https://photos.zillowstatic.com/fp/7ce374fb639a195cc257e5fb89925bba-p_e.jpg"
            },
            {
                "url": "https://photos.zillowstatic.com/fp/98078cebcc98df8aa279286c1171b646-p_e.jpg"
            },
            {
                "url": "https://photos.zillowstatic.com/fp/2c34871f0bba5ac9dea8d42cc73e06de-p_e.jpg"
            },
            {
                "url": "https://photos.zillowstatic.com/fp/14be5e4354adeebbcef587270b8335da-p_e.jpg"
            },
            {
                "url": "https://photos.zillowstatic.com/fp/c5fd241542d06339e4f0cdb395184091-p_e.jpg"
            },
            {
                "url": "https://photos.zillowstatic.com/fp/16771dc9ce311c0657eaaae86fb58e2d-p_e.jpg"
            },
            {
                "url": "https://photos.zillowstatic.com/fp/8eb1c6905b92bbc5b2c2997ac564f6d0-p_e.jpg"
            },
            {
                "url": "https://photos.zillowstatic.com/fp/46249b9b9bd3784d6677326df6376fb7-p_e.jpg"
            },
            {
                "url": "https://photos.zillowstatic.com/fp/ec1c44ff3170aadd6ae759e5e83904d0-p_e.jpg"
            }
        ],
        "rooms": []
    },
    {
        "zpid": "62933810",
        "id": "62933810",
        "rawHomeStatusCd": "ForSale",
        "marketingStatusSimplifiedCd": "For Sale by Agent",
        "imgSrc": "https://photos.zillowstatic.com/fp/e25148e2c960a176d0b65d737e7e13d4-p_e.jpg",
        "hasImage": true,
        "detailUrl": "https://www.zillow.com/homedetails/2859-NW-203rd-Ln-Miami-Gardens-FL-33056/62933810_zpid/",
        "statusType": "FOR_SALE",
        "statusText": "Townhouse for sale",
        "countryCurrency": "$",
        "price": "$355,000",
        "unformattedPrice": 355000,
        "address": "2859 NW 203rd Ln, Miami Gardens, FL 33056",
        "addressStreet": "2859 NW 203rd Ln",
        "addressCity": "Miami Gardens",
        "addressState": "FL",
        "addressZipcode": "33056",
        "isUndisclosedAddress": false,
        "beds": 3,
        "baths": 2.0,
        "area": 999,
        "latLong": {
            "latitude": 25.958897,
            "longitude": -80.2499
        },
        "isZillowOwned": false,
        "variableData": {
            "type": "DAYS_ON",
            "text": "4 days on Zillow"
        },
        "hdpData": {
            "homeInfo": {
                "zpid": 62933810,
                "streetAddress": "2859 NW 203rd Ln",
                "zipcode": "33056",
                "city": "Miami Gardens",
                "state": "FL",
                "latitude": 25.958897,
                "longitude": -80.2499,
                "price": 355000.0,
                "bathrooms": 2.0,
                "bedrooms": 3.0,
                "livingArea": 999.0,
                "homeType": "TOWNHOUSE",
                "homeStatus": "FOR_SALE",
                "daysOnZillow": 4,
                "isFeatured": false,
                "shouldHighlight": false,
                "zestimate": 357300,
                "rentZestimate": 2800,
                "listing_sub_type": {
                    "is_FSBA": true
                },
                "isUnmappable": false,
                "isPreforeclosureAuction": false,
                "homeStatusForHDP": "FOR_SALE",
                "priceForHDP": 355000.0,
                "timeOnZillow": 353217000,
                "isNonOwnerOccupied": true,
                "isPremierBuilder": false,
                "isZillowOwned": false,
                "currency": "USD",
                "country": "USA",
                "taxAssessedValue": 186660.0,
                "lotAreaValue": 4200.0,
                "lotAreaUnit": "sqft",
                "isShowcaseListing": false
            }
        },
        "isSaved": false,
        "isUserClaimingOwner": false,
        "isUserConfirmedClaim": false,
        "pgapt": "ForSale",
        "sgapt": "For Sale (Broker)",
        "zestimate": 357300,
        "shouldShowZestimateAsPrice": false,
        "has3DModel": false,
        "hasVideo": false,
        "isHomeRec": false,
        "hasAdditionalAttributions": true,
        "isFeaturedListing": false,
        "isShowcaseListing": false,
        "list": true,
        "relaxed": false,
        "info2String": "Listing provided by BeachesMLS",
        "info3String": "https://photos.zillowstatic.com/fp/11470fbfca6bd246a8708da0ff0e5603-zillow_web_48_23.jpg",
        "brokerName": "Keller Williams Realty Of The Treasure Coast",
        "carouselPhotos": [
            {
                "url": "https://photos.zillowstatic.com/fp/e25148e2c960a176d0b65d737e7e13d4-p_e.jpg"
            },
            {
                "url": "https://photos.zillowstatic.com/fp/9a2c8382799cf49917bef3e36b885bd4-p_e.jpg"
            },
            {
                "url": "https://photos.zillowstatic.com/fp/1ee79fc3450f5472c7b4dc435acd0936-p_e.jpg"
            },
            {
                "url": "https://photos.zillowstatic.com/fp/c904f20036721eb0258358afa4fb6119-p_e.jpg"
            },
            {
                "url": "https://photos.zillowstatic.com/fp/daa1e38c5136910b34fa5483e8e3d6e5-p_e.jpg"
            },
            {
                "url": "https://photos.zillowstatic.com/fp/c3a7103c870ac00c23b64505f76bc200-p_e.jpg"
            },
            {
                "url": "https://photos.zillowstatic.com/fp/f51a4f3ed37b861366eec04d0e2351c4-p_e.jpg"
            },
            {
                "url": "https://photos.zillowstatic.com/fp/c9cb68f289e468a8a4d7554ea6053f15-p_e.jpg"
            },
            {
                "url": "https://photos.zillowstatic.com/fp/73385f0b3f4eccda40d4435a7b812ed2-p_e.jpg"
            },
            {
                "url": "https://photos.zillowstatic.com/fp/189863e4bf3a25d29f76fb30c0d695ab-p_e.jpg"
            },
            {
                "url": "https://photos.zillowstatic.com/fp/e6bc349e8278799ebf7295afe133b9a4-p_e.jpg"
            },
            {
                "url": "https://photos.zillowstatic.com/fp/b21ecbc5eb5388a14a8505adcfe9bc7b-p_e.jpg"
            },
            {
                "url": "https://photos.zillowstatic.com/fp/1b7e0e01673b7fd65325c4ff8b59fd30-p_e.jpg"
            },
            {
                "url": "https://photos.zillowstatic.com/fp/8f62a78676411266c30c84211e9b9060-p_e.jpg"
            },
            {
                "url": "https://photos.zillowstatic.com/fp/f38bdb6e35863c2dc6bbd79882af82f1-p_e.jpg"
            },
            {
                "url": "https://photos.zillowstatic.com/fp/aad832e02015e1ec01b00d080b21fd11-p_e.jpg"
            },
            {
                "url": "https://photos.zillowstatic.com/fp/d80315fc3b68d04ec1a973a4b6c9b5c0-p_e.jpg"
            },
            {
                "url": "https://photos.zillowstatic.com/fp/61841db8eac115013f7faa9c43e948b6-p_e.jpg"
            },
            {
                "url": "https://photos.zillowstatic.com/fp/d285d85fab50803fc3263b939cb2bd8e-p_e.jpg"
            },
            {
                "url": "https://photos.zillowstatic.com/fp/fea1e8ebff99834342d10d505c2897f8-p_e.jpg"
            },
            {
                "url": "https://photos.zillowstatic.com/fp/da14415cdac599027618bb137c1ecf48-p_e.jpg"
            },
            {
                "url": "https://photos.zillowstatic.com/fp/34cb2b81ac51c0170a8b8c98fecab54f-p_e.jpg"
            },
            {
                "url": "https://photos.zillowstatic.com/fp/c4bad3f76207a77bc905ec7cc354e2b1-p_e.jpg"
            },
            {
                "url": "https://photos.zillowstatic.com/fp/afd3249ab5b80246ad5dfc313f8c391e-p_e.jpg"
            }
        ],
        "rooms": [
            {
                "roomArea": 168.0,
                "roomAreaUnits": null
            },
            {
                "roomArea": 100.0,
                "roomAreaUnits": null
            },
            {
                "roomArea": 144.0,
                "roomAreaUnits": null
            }
        ]
    },
    {
        "zpid": "44095746",
        "id": "44095746",
        "rawHomeStatusCd": "ForSale",
        "marketingStatusSimplifiedCd": "For Sale by Agent",
        "imgSrc": "https://photos.zillowstatic.com/fp/a8585b6c9b8b5a3a6974a2586558a039-p_e.jpg",
        "hasImage": true,
        "detailUrl": "https://www.zillow.com/homedetails/2974-NW-191st-Ter-Miami-Gardens-FL-33056/44095746_zpid/",
        "statusType": "FOR_SALE",
        "statusText": "House for sale",
        "countryCurrency": "$",
        "price": "$350,000",
        "unformattedPrice": 350000,
        "address": "2974 NW 191st Ter, Miami Gardens, FL 33056",
        "addressStreet": "2974 NW 191st Ter",
        "addressCity": "Miami Gardens",
        "addressState": "FL",
        "addressZipcode": "33056",
        "isUndisclosedAddress": false,
        "beds": 3,
        "baths": 1.0,
        "latLong": {
            "latitude": 25.948221,
            "longitude": -80.251114
        },
        "isZillowOwned": false,
        "variableData": {
            "type": "DAYS_ON",
            "text": "19 days on Zillow"
        },
        "hdpData": {
            "homeInfo": {
                "zpid": 44095746,
                "streetAddress": "2974 NW 191st Ter",
                "zipcode": "33056",
                "city": "Miami Gardens",
                "state": "FL",
                "latitude": 25.948221,
                "longitude": -80.251114,
                "price": 350000.0,
                "bathrooms": 1.0,
                "bedrooms": 3.0,
                "homeType": "SINGLE_FAMILY",
                "homeStatus": "FOR_SALE",
                "daysOnZillow": 19,
                "isFeatured": false,
                "shouldHighlight": false,
                "listing_sub_type": {
                    "is_FSBA": true
                },
                "isUnmappable": false,
                "isPreforeclosureAuction": false,
                "homeStatusForHDP": "FOR_SALE",
                "priceForHDP": 350000.0,
                "timeOnZillow": 1647359000,
                "isNonOwnerOccupied": true,
                "isPremierBuilder": false,
                "isZillowOwned": false,
                "currency": "USD",
                "country": "USA",
                "taxAssessedValue": 174170.0,
                "lotAreaValue": 1.0,
                "lotAreaUnit": "sqft",
                "isShowcaseListing": false
            }
        },
        "isSaved": false,
        "isUserClaimingOwner": false,
        "isUserConfirmedClaim": false,
        "pgapt": "ForSale",
        "sgapt": "For Sale (Broker)",
        "shouldShowZestimateAsPrice": false,
        "has3DModel": false,
        "hasVideo": false,
        "isHomeRec": false,
        "hasAdditionalAttributions": true,
        "isFeaturedListing": false,
        "isShowcaseListing": false,
        "list": true,
        "relaxed": false,
        "info3String": "https://photos.zillowstatic.com/fp/a8b02d5ac61ac8b9a11bda64382b4f89-zillow_web_48_23.jpg",
        "brokerName": "OD Realty Group Corp.",
        "carouselPhotos": [
            {
                "url": "https://photos.zillowstatic.com/fp/a8585b6c9b8b5a3a6974a2586558a039-p_e.jpg"
            },
            {
                "url": "https://photos.zillowstatic.com/fp/8037a0b1c59a74eac2d58d530c6fdb0f-p_e.jpg"
            },
            {
                "url": "https://photos.zillowstatic.com/fp/d058e8aa00a02730780a31958cf87fac-p_e.jpg"
            },
            {
                "url": "https://photos.zillowstatic.com/fp/b0671f8a0f9dca0d8306458222c2cc6a-p_e.jpg"
            },
            {
                "url": "https://photos.zillowstatic.com/fp/f4a4b566df7e6168e771e405dbacdb27-p_e.jpg"
            },
            {
                "url": "https://photos.zillowstatic.com/fp/018d94963adcd40a0fbe5ea91b04d82e-p_e.jpg"
            },
            {
                "url": "https://photos.zillowstatic.com/fp/03e59d74f689288a010fcd54e7466221-p_e.jpg"
            },
            {
                "url": "https://photos.zillowstatic.com/fp/2f35336788fe279feb5f5cab02de1316-p_e.jpg"
            }
        ],
        "rooms": []
    },
    {
        "zpid": "44063834",
        "id": "44063834",
        "rawHomeStatusCd": "ForSale",
        "marketingStatusSimplifiedCd": "For Sale by Agent",
        "imgSrc": "https://photos.zillowstatic.com/fp/fdbd8541329931926a7a5d2bf42aec67-p_e.jpg",
        "hasImage": true,
        "detailUrl": "https://www.zillow.com/homedetails/3060-NW-203rd-Ter-Miami-Gardens-FL-33056/44063834_zpid/",
        "statusType": "FOR_SALE",
        "statusText": "House for sale",
        "countryCurrency": "$",
        "price": "$451,000",
        "unformattedPrice": 451000,
        "address": "3060 NW 203rd Ter, Miami Gardens, FL 33056",
        "addressStreet": "3060 NW 203rd Ter",
        "addressCity": "Miami Gardens",
        "addressState": "FL",
        "addressZipcode": "33056",
        "isUndisclosedAddress": false,
        "beds": 3,
        "baths": 2.0,
        "area": 1205,
        "latLong": {
            "latitude": 25.958956,
            "longitude": -80.25229
        },
        "isZillowOwned": false,
        "variableData": {
            "type": "PRICE_REDUCTION",
            "text": "$1,000 (Jan 28)"
        },
        "hdpData": {
            "homeInfo": {
                "zpid": 44063834,
                "streetAddress": "3060 NW 203rd Ter",
                "zipcode": "33056",
                "city": "Miami Gardens",
                "state": "FL",
                "latitude": 25.958956,
                "longitude": -80.25229,
                "price": 451000.0,
                "datePriceChanged": 1706428800000,
                "bathrooms": 2.0,
                "bedrooms": 3.0,
                "livingArea": 1205.0,
                "homeType": "SINGLE_FAMILY",
                "homeStatus": "FOR_SALE",
                "daysOnZillow": 20,
                "isFeatured": false,
                "shouldHighlight": false,
                "listing_sub_type": {
                    "is_FSBA": true
                },
                "priceReduction": "$1,000 (Jan 28)",
                "isUnmappable": false,
                "isPreforeclosureAuction": false,
                "homeStatusForHDP": "FOR_SALE",
                "priceForHDP": 451000.0,
                "priceChange": -1000,
                "timeOnZillow": 1733759000,
                "isNonOwnerOccupied": true,
                "isPremierBuilder": false,
                "isZillowOwned": false,
                "currency": "USD",
                "country": "USA",
                "taxAssessedValue": 267351.0,
                "lotAreaValue": 5016.0,
                "lotAreaUnit": "sqft",
                "isShowcaseListing": false
            }
        },
        "isSaved": false,
        "isUserClaimingOwner": false,
        "isUserConfirmedClaim": false,
        "pgapt": "ForSale",
        "sgapt": "For Sale (Broker)",
        "shouldShowZestimateAsPrice": false,
        "has3DModel": false,
        "hasVideo": false,
        "isHomeRec": false,
        "hasAdditionalAttributions": true,
        "isFeaturedListing": false,
        "isShowcaseListing": false,
        "list": true,
        "relaxed": false,
        "info3String": "https://photos.zillowstatic.com/fp/a8b02d5ac61ac8b9a11bda64382b4f89-zillow_web_48_23.jpg",
        "brokerName": "Vylla Home",
        "carouselPhotos": [
            {
                "url": "https://photos.zillowstatic.com/fp/fdbd8541329931926a7a5d2bf42aec67-p_e.jpg"
            },
            {
                "url": "https://photos.zillowstatic.com/fp/eda46ff45dad118fb9ec5e1e64fa765a-p_e.jpg"
            },
            {
                "url": "https://photos.zillowstatic.com/fp/98b62b3b775f8d9663c84fca609e8111-p_e.jpg"
            },
            {
                "url": "https://photos.zillowstatic.com/fp/367ac63bf06b2ee1671bef8e2682bf23-p_e.jpg"
            }
        ],
        "rooms": []
    },
    {
        "zpid": "252195596",
        "id": "252195596",
        "rawHomeStatusCd": "ForSale",
        "marketingStatusSimplifiedCd": "For Sale by Agent",
        "imgSrc": "https://photos.zillowstatic.com/fp/89dac6368002f8abb29035627f5c31d4-p_e.jpg",
        "hasImage": true,
        "detailUrl": "https://www.zillow.com/homedetails/2812-NW-180th-St-Miami-Gardens-FL-33056/252195596_zpid/",
        "statusType": "FOR_SALE",
        "statusText": "Townhouse for sale",
        "countryCurrency": "$",
        "price": "$399,000",
        "unformattedPrice": 399000,
        "address": "2812 NW 180th St, Miami Gardens, FL 33056",
        "addressStreet": "2812 NW 180th St",
        "addressCity": "Miami Gardens",
        "addressState": "FL",
        "addressZipcode": "33056",
        "isUndisclosedAddress": false,
        "beds": 2,
        "baths": 3.0,
        "area": 1228,
        "latLong": {
            "latitude": 25.937649,
            "longitude": -80.249565
        },
        "isZillowOwned": false,
        "variableData": {
            "type": "DAYS_ON",
            "text": "24 days on Zillow"
        },
        "hdpData": {
            "homeInfo": {
                "zpid": 252195596,
                "streetAddress": "2812 NW 180th St",
                "zipcode": "33056",
                "city": "Miami Gardens",
                "state": "FL",
                "latitude": 25.937649,
                "longitude": -80.249565,
                "price": 399000.0,
                "bathrooms": 3.0,
                "bedrooms": 2.0,
                "livingArea": 1228.0,
                "homeType": "TOWNHOUSE",
                "homeStatus": "FOR_SALE",
                "daysOnZillow": 24,
                "isFeatured": false,
                "shouldHighlight": false,
                "zestimate": 398100,
                "rentZestimate": 2756,
                "listing_sub_type": {
                    "is_FSBA": true
                },
                "isUnmappable": false,
                "isPreforeclosureAuction": false,
                "homeStatusForHDP": "FOR_SALE",
                "priceForHDP": 399000.0,
                "timeOnZillow": 2075520000,
                "isNonOwnerOccupied": true,
                "isPremierBuilder": false,
                "isZillowOwned": false,
                "currency": "USD",
                "country": "USA",
                "taxAssessedValue": 257400.0,
                "isShowcaseListing": false
            }
        },
        "isSaved": false,
        "isUserClaimingOwner": false,
        "isUserConfirmedClaim": false,
        "pgapt": "ForSale",
        "sgapt": "For Sale (Broker)",
        "zestimate": 398100,
        "shouldShowZestimateAsPrice": false,
        "has3DModel": false,
        "hasVideo": false,
        "isHomeRec": false,
        "hasAdditionalAttributions": true,
        "isFeaturedListing": false,
        "isShowcaseListing": false,
        "list": true,
        "relaxed": false,
        "info3String": "https://photos.zillowstatic.com/fp/11470fbfca6bd246a8708da0ff0e5603-zillow_web_48_23.jpg",
        "brokerName": "SANTABARBARA BUSINESS GROUP LLC",
        "carouselPhotos": [
            {
                "url": "https://photos.zillowstatic.com/fp/89dac6368002f8abb29035627f5c31d4-p_e.jpg"
            },
            {
                "url": "https://photos.zillowstatic.com/fp/50281c7fd30626ff43a9c86cdc2f1a90-p_e.jpg"
            },
            {
                "url": "https://photos.zillowstatic.com/fp/dbe022dfcf1f91cc31109654dd76bc51-p_e.jpg"
            },
            {
                "url": "https://photos.zillowstatic.com/fp/7286078e09eac82c986b638d513bcd85-p_e.jpg"
            },
            {
                "url": "https://photos.zillowstatic.com/fp/c6739dd952f9d879e74fd9bd662da2c3-p_e.jpg"
            },
            {
                "url": "https://photos.zillowstatic.com/fp/ae638c79742954b0adcd812eebe60201-p_e.jpg"
            },
            {
                "url": "https://photos.zillowstatic.com/fp/93835b8b3ee4c6f1de92571c67ab0a4b-p_e.jpg"
            },
            {
                "url": "https://photos.zillowstatic.com/fp/a104422ad19e057b7d32eb78e147c123-p_e.jpg"
            },
            {
                "url": "https://photos.zillowstatic.com/fp/ade0ef426e1b4d2da0939f168f72cdde-p_e.jpg"
            },
            {
                "url": "https://photos.zillowstatic.com/fp/e8a073b4a0c7fe93413dd9a4ff58fae4-p_e.jpg"
            },
            {
                "url": "https://photos.zillowstatic.com/fp/44e31a3862436456d3151c4aa60efca6-p_e.jpg"
            },
            {
                "url": "https://photos.zillowstatic.com/fp/1f67a9278d33da98ab809c23d9cf66de-p_e.jpg"
            },
            {
                "url": "https://photos.zillowstatic.com/fp/8f6124abd2dad94bd1fb7e958ee5464a-p_e.jpg"
            },
            {
                "url": "https://photos.zillowstatic.com/fp/e37100cd310959e0738ea1d43ea281b2-p_e.jpg"
            },
            {
                "url": "https://photos.zillowstatic.com/fp/26947be8d1b3bdd8f439ab541f40a53b-p_e.jpg"
            },
            {
                "url": "https://photos.zillowstatic.com/fp/2a8e390884005b402d70784172ab8194-p_e.jpg"
            },
            {
                "url": "https://photos.zillowstatic.com/fp/fcd02c2e9f980c05bf39027efc62cd94-p_e.jpg"
            },
            {
                "url": "https://photos.zillowstatic.com/fp/2852b5487ba282b697d8873fd6128a4e-p_e.jpg"
            },
            {
                "url": "https://photos.zillowstatic.com/fp/eedd898fe1115461f6c365a530c22642-p_e.jpg"
            }
        ],
        "rooms": [
            {
                "roomArea": null,
                "roomAreaUnits": null
            }
        ]
    },
    {
        "zpid": "44062791",
        "id": "44062791",
        "rawHomeStatusCd": "ForSale",
        "marketingStatusSimplifiedCd": "For Sale by Agent",
        "imgSrc": "https://photos.zillowstatic.com/fp/281f24ce7333f74adc7bd47466913f54-p_e.jpg",
        "hasImage": true,
        "detailUrl": "https://www.zillow.com/homedetails/20831-NW-30th-Ave-Miami-Gardens-FL-33056/44062791_zpid/",
        "statusType": "FOR_SALE",
        "statusText": "House for sale",
        "countryCurrency": "$",
        "price": "$475,000",
        "unformattedPrice": 475000,
        "address": "20831 NW 30th Ave, Miami Gardens, FL 33056",
        "addressStreet": "20831 NW 30th Ave",
        "addressCity": "Miami Gardens",
        "addressState": "FL",
        "addressZipcode": "33056",
        "isUndisclosedAddress": false,
        "beds": 3,
        "baths": 2.0,
        "area": 1118,
        "latLong": {
            "latitude": 25.966013,
            "longitude": -80.251755
        },
        "isZillowOwned": false,
        "variableData": {
            "type": "DAYS_ON",
            "text": "32 days on Zillow"
        },
        "hdpData": {
            "homeInfo": {
                "zpid": 44062791,
                "streetAddress": "20831 NW 30th Ave",
                "zipcode": "33056",
                "city": "Miami Gardens",
                "state": "FL",
                "latitude": 25.966013,
                "longitude": -80.251755,
                "price": 475000.0,
                "bathrooms": 2.0,
                "bedrooms": 3.0,
                "livingArea": 1118.0,
                "homeType": "SINGLE_FAMILY",
                "homeStatus": "FOR_SALE",
                "daysOnZillow": 32,
                "isFeatured": false,
                "shouldHighlight": false,
                "zestimate": 463800,
                "rentZestimate": 2749,
                "listing_sub_type": {
                    "is_FSBA": true
                },
                "isUnmappable": false,
                "isPreforeclosureAuction": false,
                "homeStatusForHDP": "FOR_SALE",
                "priceForHDP": 475000.0,
                "timeOnZillow": 2779972000,
                "isNonOwnerOccupied": true,
                "isPremierBuilder": false,
                "isZillowOwned": false,
                "currency": "USD",
                "country": "USA",
                "taxAssessedValue": 239339.0,
                "lotAreaValue": 0.0,
                "lotAreaUnit": "sqft",
                "isShowcaseListing": false
            }
        },
        "isSaved": false,
        "isUserClaimingOwner": false,
        "isUserConfirmedClaim": false,
        "pgapt": "ForSale",
        "sgapt": "For Sale (Broker)",
        "zestimate": 463800,
        "shouldShowZestimateAsPrice": false,
        "has3DModel": false,
        "hasVideo": false,
        "isHomeRec": false,
        "hasAdditionalAttributions": true,
        "isFeaturedListing": false,
        "isShowcaseListing": false,
        "list": true,
        "relaxed": false,
        "info2String": "Listing provided by BeachesMLS",
        "info3String": "https://photos.zillowstatic.com/fp/11470fbfca6bd246a8708da0ff0e5603-zillow_web_48_23.jpg",
        "brokerName": "Century 21 Tenace Realty",
        "carouselPhotos": [
            {
                "url": "https://photos.zillowstatic.com/fp/281f24ce7333f74adc7bd47466913f54-p_e.jpg"
            },
            {
                "url": "https://photos.zillowstatic.com/fp/93d2b027fd10d33b1a17fd88aec35ff1-p_e.jpg"
            },
            {
                "url": "https://photos.zillowstatic.com/fp/3bee4ff46f3cff7127f07ba8c8d45c33-p_e.jpg"
            },
            {
                "url": "https://photos.zillowstatic.com/fp/1123f7bc2b646ea39ae5fdfaf30443d0-p_e.jpg"
            },
            {
                "url": "https://photos.zillowstatic.com/fp/f323670862a82001eba3f44965d362cc-p_e.jpg"
            },
            {
                "url": "https://photos.zillowstatic.com/fp/83bf50c927608ea9c2478c298218e3a6-p_e.jpg"
            },
            {
                "url": "https://photos.zillowstatic.com/fp/b5dd30e9d4b419f2e5d74bc1bb2d81fe-p_e.jpg"
            },
            {
                "url": "https://photos.zillowstatic.com/fp/4c8d47d1c42e7e3f9631a9a44b8bfc7f-p_e.jpg"
            },
            {
                "url": "https://photos.zillowstatic.com/fp/7b7fd6dd9a38fc8b5b2c6e35c576f9f6-p_e.jpg"
            },
            {
                "url": "https://photos.zillowstatic.com/fp/562223dc5ab8418cab33d727dde91c31-p_e.jpg"
            },
            {
                "url": "https://photos.zillowstatic.com/fp/35bed5f7b7dbd81fcbdd93a91c68be03-p_e.jpg"
            }
        ],
        "rooms": [
            {
                "roomArea": 144.0,
                "roomAreaUnits": null
            },
            {
                "roomArea": 80.0,
                "roomAreaUnits": null
            },
            {
                "roomArea": 154.0,
                "roomAreaUnits": null
            }
        ]
    },
    {
        "zpid": "44063546",
        "id": "44063546",
        "rawHomeStatusCd": "ForSale",
        "marketingStatusSimplifiedCd": "For Sale by Agent",
        "imgSrc": "https://photos.zillowstatic.com/fp/32a66ccea3424a9810c94ab663343e65-p_e.jpg",
        "hasImage": true,
        "detailUrl": "https://www.zillow.com/homedetails/3580-NW-204th-Ter-Miami-Gardens-FL-33056/44063546_zpid/",
        "statusType": "FOR_SALE",
        "statusText": "House for sale",
        "countryCurrency": "$",
        "price": "$457,900",
        "unformattedPrice": 457900,
        "address": "3580 NW 204th Ter, Miami Gardens, FL 33056",
        "addressStreet": "3580 NW 204th Ter",
        "addressCity": "Miami Gardens",
        "addressState": "FL",
        "addressZipcode": "33056",
        "isUndisclosedAddress": false,
        "beds": 3,
        "baths": 2.0,
        "area": 1225,
        "latLong": {
            "latitude": 25.960886,
            "longitude": -80.2611
        },
        "isZillowOwned": false,
        "variableData": {
            "type": "PRICE_REDUCTION",
            "text": "$2,000 (Jan 25)"
        },
        "hdpData": {
            "homeInfo": {
                "zpid": 44063546,
                "streetAddress": "3580 NW 204th Ter",
                "zipcode": "33056",
                "city": "Miami Gardens",
                "state": "FL",
                "latitude": 25.960886,
                "longitude": -80.2611,
                "price": 457900.0,
                "datePriceChanged": 1706169600000,
                "bathrooms": 2.0,
                "bedrooms": 3.0,
                "livingArea": 1225.0,
                "homeType": "SINGLE_FAMILY",
                "homeStatus": "FOR_SALE",
                "daysOnZillow": 111,
                "isFeatured": false,
                "shouldHighlight": false,
                "zestimate": 444600,
                "rentZestimate": 2999,
                "listing_sub_type": {
                    "is_FSBA": true
                },
                "priceReduction": "$2,000 (Jan 25)",
                "isUnmappable": false,
                "isPreforeclosureAuction": false,
                "homeStatusForHDP": "FOR_SALE",
                "priceForHDP": 457900.0,
                "priceChange": -2000,
                "timeOnZillow": 9634583000,
                "isNonOwnerOccupied": true,
                "isPremierBuilder": false,
                "isZillowOwned": false,
                "currency": "USD",
                "country": "USA",
                "taxAssessedValue": 243294.0,
                "lotAreaValue": 4500.0,
                "lotAreaUnit": "sqft",
                "isShowcaseListing": false
            }
        },
        "isSaved": false,
        "isUserClaimingOwner": false,
        "isUserConfirmedClaim": false,
        "pgapt": "ForSale",
        "sgapt": "For Sale (Broker)",
        "zestimate": 444600,
        "shouldShowZestimateAsPrice": false,
        "has3DModel": false,
        "hasVideo": false,
        "isHomeRec": false,
        "hasAdditionalAttributions": true,
        "isFeaturedListing": false,
        "isShowcaseListing": false,
        "list": true,
        "relaxed": false,
        "info2String": "Listing provided by BeachesMLS",
        "info3String": "https://photos.zillowstatic.com/fp/11470fbfca6bd246a8708da0ff0e5603-zillow_web_48_23.jpg",
        "brokerName": "MV Realty PBC LLC",
        "carouselPhotos": [
            {
                "url": "https://photos.zillowstatic.com/fp/32a66ccea3424a9810c94ab663343e65-p_e.jpg"
            },
            {
                "url": "https://photos.zillowstatic.com/fp/85c43e345340c66fafb48b39849cd090-p_e.jpg"
            },
            {
                "url": "https://photos.zillowstatic.com/fp/b8dccc6ce3a733d7c2de104e217359f9-p_e.jpg"
            },
            {
                "url": "https://photos.zillowstatic.com/fp/de492832828c5018d9f4ec7511c8e469-p_e.jpg"
            },
            {
                "url": "https://photos.zillowstatic.com/fp/f87867e646e886a63a20d8fab81d19f4-p_e.jpg"
            },
            {
                "url": "https://photos.zillowstatic.com/fp/9f7a9be7452a2dbed968e2689ce5310d-p_e.jpg"
            },
            {
                "url": "https://photos.zillowstatic.com/fp/577216e8ec3fce6c6abd275c500e9561-p_e.jpg"
            },
            {
                "url": "https://photos.zillowstatic.com/fp/efcf965038c335f05714a4d37f0276c5-p_e.jpg"
            },
            {
                "url": "https://photos.zillowstatic.com/fp/60028f02e9f8c3328d80f76dd4c6366d-p_e.jpg"
            },
            {
                "url": "https://photos.zillowstatic.com/fp/4006d0078b72ce5926ea7bbfd58faff7-p_e.jpg"
            },
            {
                "url": "https://photos.zillowstatic.com/fp/4d68efff4c05a1995fe42472407c3287-p_e.jpg"
            },
            {
                "url": "https://photos.zillowstatic.com/fp/007bd89edf78bd5586868c42d34f22a1-p_e.jpg"
            },
            {
                "url": "https://photos.zillowstatic.com/fp/b271e9587e1f90d19b1ea1c490f8024c-p_e.jpg"
            },
            {
                "url": "https://photos.zillowstatic.com/fp/23416c0e8abb25493ab8fe719f87e917-p_e.jpg"
            },
            {
                "url": "https://photos.zillowstatic.com/fp/f169babd2e798bb9d535f91b59ec12c4-p_e.jpg"
            },
            {
                "url": "https://photos.zillowstatic.com/fp/806d207a2c9c76d9eb522bbdd04aef22-p_e.jpg"
            }
        ],
        "rooms": [
            {
                "roomArea": 1.0,
                "roomAreaUnits": null
            },
            {
                "roomArea": 1.0,
                "roomAreaUnits": null
            },
            {
                "roomArea": 1.0,
                "roomAreaUnits": null
            }
        ]
    }
]