{
    "user_info": {
        "isLoggedIn": false,
        "hasHousingConnectorPermission": false,
        "savedHomesCount": 0,
        "personalizedSearchTraceID": "775880adec4289bf12a584a8a3fba78f",
        "guid": "f5b783e4-abde-4ad5-9fa5-aa87625158ce",
        "zuid": "",
        "isBot": false,
        "email": "",
        "displayName": ""
    },
    "map_state": {
        "customRegionPolygonWkt": null,
        "schoolPolygonWkt": null,
        "isCurrentLocationSearch": false,
        "userPosition": {
            "lat": null,
            "lon": null
        }
    },
    "region_state": {
        "regionInfo": [
            {
                "regionId": 72388,
                "regionType": 7,
                "regionName": "33056",
                "displayName": "Miami Gardens FL 33056",
                "isPointRegion": false
            }
        ],
        "regionBounds": {
            "north": 25.973337,
            "south": 25.92574,
            "east": -80.227841,
            "west": -80.265283
        }
    },
    "search_page_seo": {
        "baseUrl": "/miami-gardens-fl-33056/",
        "windowTitle": "33056 Real Estate - 33056 Homes For Sale | Zillow",
        "metaDescription": "Zillow has 7 homes for sale in 33056. View listing photos, review sales history, and use our detailed real estate filters to find the perfect place."
    },
    "request_id": 4
}