{
    "user_info": {
        "isLoggedIn": false,
        "hasHousingConnectorPermission": false,
        "savedHomesCount": 0,
        "personalizedSearchTraceID": "d47e657e798915e5db0d8d15ec8c332d",
        "guid": "2867d426-ed39-44ab-b438-86d9d6e168a7",
        "zuid": "",
        "isBot": false,
        "email": "",
        "displayName": ""
    },
    "map_state": {
        "customRegionPolygonWkt": null,
        "schoolPolygonWkt": null,
        "isCurrentLocationSearch": false,
        "userPosition": {
            "lat": null,
            "lon": null
        }
    },
    "region_state": {
        "regionInfo": [
            {
                "regionId": 72548,
                "regionType": 7,
                "regionName": "33329",
                "displayName": "Davie FL 33329",
                "isPointRegion": true
            }
        ],
        "regionBounds": {
            "north": 26.122015,
            "south": 26.085784999999998,
            "east": -80.25348500000001,
            "west": -80.289715
        }
    },
    "search_page_seo": {
        "baseUrl": "/davie-fl-33329/",
        "windowTitle": "33329 Real Estate - 33329 Homes For Sale | Zillow",
        "metaDescription": "Zillow has 74 homes for sale in 33329. View listing photos, review sales history, and use our detailed real estate filters to find the perfect place."
    },
    "request_id": 4
}