{
    "user_info": {
        "isLoggedIn": false,
        "hasHousingConnectorPermission": false,
        "savedHomesCount": 0,
        "personalizedSearchTraceID": "0b699dcfd7c2d9da961aad1ce3c2b1f2",
        "guid": "f0ad9937-6e8c-4c9b-a340-979d3e6b263d",
        "zuid": "",
        "isBot": false,
        "email": "",
        "displayName": ""
    },
    "map_state": {
        "customRegionPolygonWkt": null,
        "schoolPolygonWkt": null,
        "isCurrentLocationSearch": false,
        "userPosition": {
            "lat": null,
            "lon": null
        }
    },
    "region_state": {
        "regionInfo": [
            {
                "regionId": 72524,
                "regionType": 7,
                "regionName": "33305",
                "displayName": "Fort Lauderdale FL 33305",
                "isPointRegion": false
            }
        ],
        "regionBounds": {
            "north": 26.161978,
            "south": 26.137723,
            "east": -80.095427,
            "west": -80.146392
        }
    },
    "search_page_seo": {
        "baseUrl": "/fort-lauderdale-fl-33305/",
        "windowTitle": "33305 Real Estate - 33305 Homes For Sale | Zillow",
        "metaDescription": "Zillow has 15 homes for sale in 33305. View listing photos, review sales history, and use our detailed real estate filters to find the perfect place."
    },
    "request_id": 4
}