{
    "user_info": {
        "isLoggedIn": false,
        "hasHousingConnectorPermission": false,
        "savedHomesCount": 0,
        "personalizedSearchTraceID": "8330b2e7ab16df5384c1e5f9778d44de",
        "guid": "ee676fd5-9819-44d7-8a54-a83d3ec8d7af",
        "zuid": "",
        "isBot": false,
        "email": "",
        "displayName": ""
    },
    "map_state": {
        "customRegionPolygonWkt": null,
        "schoolPolygonWkt": null,
        "isCurrentLocationSearch": false,
        "userPosition": {
            "lat": null,
            "lon": null
        }
    },
    "region_state": {
        "regionInfo": [
            {
                "regionId": 72466,
                "regionType": 7,
                "regionName": "33163",
                "displayName": "Ojus FL 33163",
                "isPointRegion": true
            }
        ],
        "regionBounds": {
            "north": 25.968215,
            "south": 25.931984999999997,
            "east": -80.130785,
            "west": -80.16701499999999
        }
    },
    "search_page_seo": {
        "baseUrl": "/ojus-fl-33163/",
        "windowTitle": "33163 Real Estate - 33163 Homes For Sale | Zillow",
        "metaDescription": "Zillow has 228 homes for sale in 33163. View listing photos, review sales history, and use our detailed real estate filters to find the perfect place."
    },
    "request_id": 4
}