{
    "user_info": {
        "isLoggedIn": false,
        "hasHousingConnectorPermission": false,
        "savedHomesCount": 0,
        "personalizedSearchTraceID": "91409d78471c1246140abd87f65cfec5",
        "guid": "026fe9f4-0641-464f-9131-54cf0a6e7bd6",
        "zuid": "",
        "isBot": false,
        "email": "",
        "displayName": ""
    },
    "map_state": {
        "customRegionPolygonWkt": null,
        "schoolPolygonWkt": null,
        "isCurrentLocationSearch": false,
        "userPosition": {
            "lat": null,
            "lon": null
        }
    },
    "region_state": {
        "regionInfo": [
            {
                "regionId": 72407,
                "regionType": 7,
                "regionName": "33081",
                "displayName": "Hollywood FL 33081",
                "isPointRegion": true
            }
        ],
        "regionBounds": {
            "north": 26.035915000000003,
            "south": 25.999685,
            "east": -80.18528500000001,
            "west": -80.221515
        }
    },
    "search_page_seo": {
        "baseUrl": "/hollywood-fl-33081/",
        "windowTitle": "33081 Real Estate - 33081 Homes For Sale | Zillow",
        "metaDescription": "Zillow has 54 homes for sale in 33081. View listing photos, review sales history, and use our detailed real estate filters to find the perfect place."
    },
    "request_id": 4
}