{
    "user_info": {
        "isLoggedIn": false,
        "hasHousingConnectorPermission": false,
        "savedHomesCount": 0,
        "personalizedSearchTraceID": "ccfd9e5a6cd66c8dfba1c6ea2c689bed",
        "guid": "fc48fe1c-fc60-4ecd-9b92-50e242063785",
        "zuid": "",
        "isBot": false,
        "email": "",
        "displayName": ""
    },
    "map_state": {
        "customRegionPolygonWkt": null,
        "schoolPolygonWkt": null,
        "isCurrentLocationSearch": false,
        "userPosition": {
            "lat": null,
            "lon": null
        }
    },
    "region_state": {
        "regionInfo": [
            {
                "regionId": 72402,
                "regionType": 7,
                "regionName": "33073",
                "displayName": "Coconut Creek FL 33073",
                "isPointRegion": false
            }
        ],
        "regionBounds": {
            "north": 26.327855,
            "south": 26.271454,
            "east": -80.152063,
            "west": -80.202937
        }
    },
    "search_page_seo": {
        "baseUrl": "/coconut-creek-fl-33073/",
        "windowTitle": "33073 Real Estate - 33073 Homes For Sale | Zillow",
        "metaDescription": "Zillow has 64 homes for sale in 33073. View listing photos, review sales history, and use our detailed real estate filters to find the perfect place."
    },
    "request_id": 4
}