{
    "data": {
        "property": {
            "homeValueChartData": [
                {
                    "points": [
                        {
                            "x": 1685516400000,
                            "y": 348000
                        },
                        {
                            "x": 1688108400000,
                            "y": 443200
                        },
                        {
                            "x": 1690786800000,
                            "y": 411700
                        },
                        {
                            "x": 1693465200000,
                            "y": 417200
                        },
                        {
                            "x": 1696057200000,
                            "y": 417800
                        },
                        {
                            "x": 1706688000000,
                            "y": 424300
                        },
                        {
                            "x": 1707206400000,
                            "y": 424200
                        }
                    ],
                    "name": "This home"
                }
            ]
        }
    }
}