{
    "data": {
        "property": {
            "homeValueChartData": [
                {
                    "points": [
                        {
                            "x": 1627714800000,
                            "y": 199300
                        },
                        {
                            "x": 1630393200000,
                            "y": 205000
                        },
                        {
                            "x": 1632985200000,
                            "y": 202600
                        },
                        {
                            "x": 1635663600000,
                            "y": 201000
                        },
                        {
                            "x": 1638259200000,
                            "y": 200500
                        },
                        {
                            "x": 1640937600000,
                            "y": 202100
                        },
                        {
                            "x": 1643616000000,
                            "y": 205000
                        },
                        {
                            "x": 1646035200000,
                            "y": 205000
                        },
                        {
                            "x": 1648710000000,
                            "y": 205000
                        },
                        {
                            "x": 1651302000000,
                            "y": 205000
                        },
                        {
                            "x": 1653980400000,
                            "y": 208900
                        },
                        {
                            "x": 1701331200000,
                            "y": 268500
                        },
                        {
                            "x": 1704009600000,
                            "y": 267500
                        },
                        {
                            "x": 1706688000000,
                            "y": 266100
                        },
                        {
                            "x": 1707206400000,
                            "y": 265900
                        }
                    ],
                    "name": "This home"
                }
            ]
        }
    }
}