{
    "data": {
        "property": {
            "homeValueChartData": [
                {
                    "points": [
                        {
                            "x": 1619766000000,
                            "y": 689970
                        },
                        {
                            "x": 1669795200000,
                            "y": 987000
                        },
                        {
                            "x": 1672473600000,
                            "y": 961700
                        },
                        {
                            "x": 1675152000000,
                            "y": 955700
                        },
                        {
                            "x": 1677571200000,
                            "y": 972500
                        },
                        {
                            "x": 1680246000000,
                            "y": 994600
                        },
                        {
                            "x": 1682838000000,
                            "y": 1014000
                        },
                        {
                            "x": 1685516400000,
                            "y": 1013000
                        },
                        {
                            "x": 1688108400000,
                            "y": 968800
                        },
                        {
                            "x": 1690786800000,
                            "y": 979100
                        },
                        {
                            "x": 1693465200000,
                            "y": 1006000
                        },
                        {
                            "x": 1696057200000,
                            "y": 1017000
                        },
                        {
                            "x": 1698735600000,
                            "y": 1482900
                        },
                        {
                            "x": 1701331200000,
                            "y": 1483200
                        },
                        {
                            "x": 1704009600000,
                            "y": 1475900
                        },
                        {
                            "x": 1706688000000,
                            "y": 1464000
                        },
                        {
                            "x": 1707292800000,
                            "y": 1409200
                        }
                    ],
                    "name": "This home"
                },
                {
                    "points": [
                        {
                            "x": 1608019200000,
                            "y": 669000
                        }
                    ],
                    "name": "Sale"
                }
            ]
        }
    }
}