{
    "data": {
        "property": {
            "homeValueChartData": [
                {
                    "points": [
                        {
                            "x": 1582963200000,
                            "y": 581758
                        },
                        {
                            "x": 1585638000000,
                            "y": 584112
                        },
                        {
                            "x": 1588230000000,
                            "y": 578661
                        },
                        {
                            "x": 1590908400000,
                            "y": 616964
                        },
                        {
                            "x": 1593500400000,
                            "y": 637168
                        },
                        {
                            "x": 1596178800000,
                            "y": 637805
                        },
                        {
                            "x": 1598857200000,
                            "y": 633648
                        },
                        {
                            "x": 1601449200000,
                            "y": 634856
                        },
                        {
                            "x": 1604127600000,
                            "y": 646771
                        },
                        {
                            "x": 1606723200000,
                            "y": 659899
                        },
                        {
                            "x": 1609401600000,
                            "y": 661022
                        },
                        {
                            "x": 1612080000000,
                            "y": 667061
                        },
                        {
                            "x": 1614499200000,
                            "y": 667026
                        },
                        {
                            "x": 1617174000000,
                            "y": 666993
                        },
                        {
                            "x": 1619766000000,
                            "y": 677086
                        },
                        {
                            "x": 1622444400000,
                            "y": 712692
                        },
                        {
                            "x": 1625036400000,
                            "y": 713300
                        },
                        {
                            "x": 1627714800000,
                            "y": 725000
                        },
                        {
                            "x": 1630393200000,
                            "y": 932600
                        },
                        {
                            "x": 1632985200000,
                            "y": 892800
                        },
                        {
                            "x": 1635663600000,
                            "y": 899000
                        },
                        {
                            "x": 1638259200000,
                            "y": 894000
                        },
                        {
                            "x": 1640937600000,
                            "y": 889100
                        },
                        {
                            "x": 1643616000000,
                            "y": 808800
                        },
                        {
                            "x": 1646035200000,
                            "y": 831800
                        },
                        {
                            "x": 1648710000000,
                            "y": 856100
                        },
                        {
                            "x": 1651302000000,
                            "y": 882000
                        },
                        {
                            "x": 1653980400000,
                            "y": 917200
                        },
                        {
                            "x": 1656572400000,
                            "y": 944400
                        },
                        {
                            "x": 1659250800000,
                            "y": 980800
                        },
                        {
                            "x": 1661929200000,
                            "y": 1002700
                        },
                        {
                            "x": 1664521200000,
                            "y": 1007000
                        },
                        {
                            "x": 1667199600000,
                            "y": 1002800
                        },
                        {
                            "x": 1669795200000,
                            "y": 990000
                        },
                        {
                            "x": 1672473600000,
                            "y": 979900
                        },
                        {
                            "x": 1675152000000,
                            "y": 974600
                        },
                        {
                            "x": 1677571200000,
                            "y": 992900
                        },
                        {
                            "x": 1680246000000,
                            "y": 1021700
                        },
                        {
                            "x": 1682838000000,
                            "y": 1025900
                        },
                        {
                            "x": 1685516400000,
                            "y": 1025400
                        },
                        {
                            "x": 1688108400000,
                            "y": 1009000
                        },
                        {
                            "x": 1690786800000,
                            "y": 1032100
                        },
                        {
                            "x": 1693465200000,
                            "y": 1042700
                        },
                        {
                            "x": 1696057200000,
                            "y": 1053200
                        },
                        {
                            "x": 1698735600000,
                            "y": 1050600
                        },
                        {
                            "x": 1701331200000,
                            "y": 1045300
                        },
                        {
                            "x": 1704009600000,
                            "y": 1031100
                        },
                        {
                            "x": 1706688000000,
                            "y": 1193700
                        },
                        {
                            "x": 1707292800000,
                            "y": 1152100
                        }
                    ],
                    "name": "This home"
                },
                {
                    "points": [
                        {
                            "x": 1538377200000,
                            "y": 667400
                        },
                        {
                            "x": 1635922800000,
                            "y": 880000
                        }
                    ],
                    "name": "Sale"
                }
            ]
        }
    }
}