{
    "data": {
        "property": {
            "homeValueChartData": [
                {
                    "points": [
                        {
                            "x": 1601449200000,
                            "y": 320356
                        },
                        {
                            "x": 1604127600000,
                            "y": 335721
                        },
                        {
                            "x": 1606723200000,
                            "y": 337910
                        },
                        {
                            "x": 1609401600000,
                            "y": 341967
                        },
                        {
                            "x": 1612080000000,
                            "y": 344071
                        },
                        {
                            "x": 1614499200000,
                            "y": 345988
                        },
                        {
                            "x": 1617174000000,
                            "y": 349331
                        },
                        {
                            "x": 1619766000000,
                            "y": 350600
                        },
                        {
                            "x": 1622444400000,
                            "y": 364765
                        },
                        {
                            "x": 1625036400000,
                            "y": 371700
                        },
                        {
                            "x": 1627714800000,
                            "y": 381600
                        },
                        {
                            "x": 1630393200000,
                            "y": 391400
                        },
                        {
                            "x": 1632985200000,
                            "y": 402500
                        },
                        {
                            "x": 1635663600000,
                            "y": 405900
                        },
                        {
                            "x": 1638259200000,
                            "y": 408800
                        },
                        {
                            "x": 1640937600000,
                            "y": 420200
                        },
                        {
                            "x": 1643616000000,
                            "y": 428200
                        },
                        {
                            "x": 1646035200000,
                            "y": 432500
                        },
                        {
                            "x": 1648710000000,
                            "y": 447300
                        },
                        {
                            "x": 1651302000000,
                            "y": 470100
                        },
                        {
                            "x": 1653980400000,
                            "y": 471900
                        },
                        {
                            "x": 1656572400000,
                            "y": 473900
                        },
                        {
                            "x": 1659250800000,
                            "y": 477500
                        },
                        {
                            "x": 1661929200000,
                            "y": 478300
                        },
                        {
                            "x": 1664521200000,
                            "y": 474300
                        },
                        {
                            "x": 1667199600000,
                            "y": 476700
                        },
                        {
                            "x": 1669795200000,
                            "y": 474400
                        },
                        {
                            "x": 1672473600000,
                            "y": 470800
                        },
                        {
                            "x": 1675152000000,
                            "y": 466700
                        },
                        {
                            "x": 1677571200000,
                            "y": 471200
                        },
                        {
                            "x": 1680246000000,
                            "y": 479900
                        },
                        {
                            "x": 1682838000000,
                            "y": 494300
                        },
                        {
                            "x": 1685516400000,
                            "y": 497400
                        },
                        {
                            "x": 1688108400000,
                            "y": 493200
                        },
                        {
                            "x": 1690786800000,
                            "y": 496000
                        },
                        {
                            "x": 1693465200000,
                            "y": 503300
                        },
                        {
                            "x": 1696057200000,
                            "y": 505900
                        },
                        {
                            "x": 1698735600000,
                            "y": 509000
                        },
                        {
                            "x": 1701331200000,
                            "y": 508800
                        },
                        {
                            "x": 1704009600000,
                            "y": 500600
                        },
                        {
                            "x": 1706688000000,
                            "y": 568600
                        },
                        {
                            "x": 1707292800000,
                            "y": 548800
                        }
                    ],
                    "name": "This home"
                }
            ]
        }
    }
}