{
    "data": {
        "property": {
            "homeValueChartData": [
                {
                    "points": [
                        {
                            "x": 1669795200000,
                            "y": 893300
                        },
                        {
                            "x": 1672473600000,
                            "y": 869800
                        },
                        {
                            "x": 1675152000000,
                            "y": 854100
                        },
                        {
                            "x": 1677571200000,
                            "y": 865500
                        },
                        {
                            "x": 1680246000000,
                            "y": 918200
                        },
                        {
                            "x": 1682838000000,
                            "y": 965600
                        },
                        {
                            "x": 1685516400000,
                            "y": 973200
                        },
                        {
                            "x": 1688108400000,
                            "y": 910400
                        },
                        {
                            "x": 1690786800000,
                            "y": 922400
                        },
                        {
                            "x": 1693465200000,
                            "y": 971000
                        },
                        {
                            "x": 1696057200000,
                            "y": 979400
                        },
                        {
                            "x": 1698735600000,
                            "y": 982500
                        },
                        {
                            "x": 1701331200000,
                            "y": 982200
                        },
                        {
                            "x": 1704009600000,
                            "y": 1383400
                        },
                        {
                            "x": 1706688000000,
                            "y": 1316700
                        },
                        {
                            "x": 1707379200000,
                            "y": 1294900
                        }
                    ],
                    "name": "This home"
                },
                {
                    "points": [
                        {
                            "x": 1582272000000,
                            "y": 541500
                        }
                    ],
                    "name": "Sale"
                }
            ]
        }
    }
}