{
    "data": {
        "property": {
            "homeValueChartData": [
                {
                    "points": [
                        {
                            "x": 1630393200000,
                            "y": 776800
                        },
                        {
                            "x": 1632985200000,
                            "y": 793100
                        },
                        {
                            "x": 1635663600000,
                            "y": 804900
                        },
                        {
                            "x": 1638259200000,
                            "y": 815200
                        },
                        {
                            "x": 1640937600000,
                            "y": 836300
                        },
                        {
                            "x": 1643616000000,
                            "y": 852900
                        },
                        {
                            "x": 1646035200000,
                            "y": 860100
                        },
                        {
                            "x": 1648710000000,
                            "y": 894900
                        },
                        {
                            "x": 1651302000000,
                            "y": 936700
                        },
                        {
                            "x": 1653980400000,
                            "y": 958800
                        },
                        {
                            "x": 1656572400000,
                            "y": 978400
                        },
                        {
                            "x": 1659250800000,
                            "y": 989100
                        },
                        {
                            "x": 1661929200000,
                            "y": 990700
                        },
                        {
                            "x": 1664521200000,
                            "y": 988000
                        },
                        {
                            "x": 1667199600000,
                            "y": 979100
                        },
                        {
                            "x": 1669795200000,
                            "y": 1016700
                        },
                        {
                            "x": 1672473600000,
                            "y": 1016200
                        },
                        {
                            "x": 1675152000000,
                            "y": 1011300
                        },
                        {
                            "x": 1677571200000,
                            "y": 1004500
                        },
                        {
                            "x": 1680246000000,
                            "y": 1186300
                        },
                        {
                            "x": 1682838000000,
                            "y": 1199900
                        },
                        {
                            "x": 1685516400000,
                            "y": 1188900
                        },
                        {
                            "x": 1688108400000,
                            "y": 1140900
                        },
                        {
                            "x": 1693465200000,
                            "y": 1119400
                        },
                        {
                            "x": 1696057200000,
                            "y": 1110600
                        },
                        {
                            "x": 1698735600000,
                            "y": 981300
                        },
                        {
                            "x": 1701331200000,
                            "y": 982700
                        },
                        {
                            "x": 1704009600000,
                            "y": 975800
                        },
                        {
                            "x": 1706688000000,
                            "y": 1183300
                        },
                        {
                            "x": 1707292800000,
                            "y": 1156300
                        }
                    ],
                    "name": "This home"
                },
                {
                    "points": [
                        {
                            "x": 1628751600000,
                            "y": 768400
                        }
                    ],
                    "name": "Sale"
                }
            ]
        }
    }
}