{
    "data": {
        "property": {
            "homeValueChartData": [
                {
                    "points": [
                        {
                            "x": 1582963200000,
                            "y": 448034
                        },
                        {
                            "x": 1585638000000,
                            "y": 449215
                        },
                        {
                            "x": 1622444400000,
                            "y": 550730
                        },
                        {
                            "x": 1625036400000,
                            "y": 535900
                        },
                        {
                            "x": 1627714800000,
                            "y": 539700
                        },
                        {
                            "x": 1630393200000,
                            "y": 539500
                        },
                        {
                            "x": 1632985200000,
                            "y": 543500
                        },
                        {
                            "x": 1635663600000,
                            "y": 550000
                        },
                        {
                            "x": 1638259200000,
                            "y": 562500
                        },
                        {
                            "x": 1640937600000,
                            "y": 577800
                        },
                        {
                            "x": 1643616000000,
                            "y": 582900
                        },
                        {
                            "x": 1646035200000,
                            "y": 597700
                        },
                        {
                            "x": 1648710000000,
                            "y": 626400
                        },
                        {
                            "x": 1651302000000,
                            "y": 651000
                        },
                        {
                            "x": 1653980400000,
                            "y": 672000
                        },
                        {
                            "x": 1656572400000,
                            "y": 685200
                        },
                        {
                            "x": 1659250800000,
                            "y": 684500
                        },
                        {
                            "x": 1661929200000,
                            "y": 680000
                        },
                        {
                            "x": 1664521200000,
                            "y": 682400
                        },
                        {
                            "x": 1667199600000,
                            "y": 681600
                        },
                        {
                            "x": 1669795200000,
                            "y": 659300
                        },
                        {
                            "x": 1672473600000,
                            "y": 647900
                        },
                        {
                            "x": 1675152000000,
                            "y": 638200
                        },
                        {
                            "x": 1677571200000,
                            "y": 647500
                        },
                        {
                            "x": 1680246000000,
                            "y": 676000
                        },
                        {
                            "x": 1682838000000,
                            "y": 686800
                        },
                        {
                            "x": 1685516400000,
                            "y": 688300
                        },
                        {
                            "x": 1688108400000,
                            "y": 691900
                        },
                        {
                            "x": 1690786800000,
                            "y": 693200
                        },
                        {
                            "x": 1693465200000,
                            "y": 797900
                        },
                        {
                            "x": 1696057200000,
                            "y": 797300
                        },
                        {
                            "x": 1698735600000,
                            "y": 794300
                        },
                        {
                            "x": 1701331200000,
                            "y": 790900
                        },
                        {
                            "x": 1704009600000,
                            "y": 786600
                        },
                        {
                            "x": 1706688000000,
                            "y": 762700
                        },
                        {
                            "x": 1707292800000,
                            "y": 736100
                        }
                    ],
                    "name": "This home"
                },
                {
                    "points": [
                        {
                            "x": 1577088000000,
                            "y": 446100
                        }
                    ],
                    "name": "Sale"
                }
            ]
        }
    }
}