{
    "data": {
        "property": {
            "homeValueChartData": [
                {
                    "points": [
                        {
                            "x": 1393574400000,
                            "y": 55724
                        },
                        {
                            "x": 1396249200000,
                            "y": 56697
                        },
                        {
                            "x": 1398841200000,
                            "y": 55065
                        },
                        {
                            "x": 1401519600000,
                            "y": 56394
                        },
                        {
                            "x": 1404111600000,
                            "y": 55923
                        },
                        {
                            "x": 1406790000000,
                            "y": 56882
                        },
                        {
                            "x": 1409468400000,
                            "y": 56581
                        },
                        {
                            "x": 1412060400000,
                            "y": 57351
                        },
                        {
                            "x": 1414738800000,
                            "y": 56973
                        },
                        {
                            "x": 1417334400000,
                            "y": 56306
                        },
                        {
                            "x": 1420012800000,
                            "y": 57583
                        },
                        {
                            "x": 1422691200000,
                            "y": 58280
                        },
                        {
                            "x": 1425110400000,
                            "y": 59399
                        },
                        {
                            "x": 1427785200000,
                            "y": 58443
                        },
                        {
                            "x": 1430377200000,
                            "y": 59298
                        },
                        {
                            "x": 1433055600000,
                            "y": 58908
                        },
                        {
                            "x": 1435647600000,
                            "y": 59981
                        },
                        {
                            "x": 1438326000000,
                            "y": 59779
                        },
                        {
                            "x": 1441004400000,
                            "y": 60112
                        },
                        {
                            "x": 1443596400000,
                            "y": 61104
                        },
                        {
                            "x": 1446274800000,
                            "y": 66278
                        },
                        {
                            "x": 1448870400000,
                            "y": 56988
                        },
                        {
                            "x": 1451548800000,
                            "y": 57127
                        },
                        {
                            "x": 1454227200000,
                            "y": 101142
                        },
                        {
                            "x": 1456732800000,
                            "y": 98912
                        },
                        {
                            "x": 1459407600000,
                            "y": 109115
                        },
                        {
                            "x": 1461999600000,
                            "y": 108754
                        },
                        {
                            "x": 1464678000000,
                            "y": 113111
                        },
                        {
                            "x": 1467270000000,
                            "y": 117163
                        },
                        {
                            "x": 1469948400000,
                            "y": 116328
                        },
                        {
                            "x": 1472626800000,
                            "y": 115437
                        },
                        {
                            "x": 1475218800000,
                            "y": 115039
                        },
                        {
                            "x": 1477897200000,
                            "y": 117229
                        },
                        {
                            "x": 1480492800000,
                            "y": 123808
                        },
                        {
                            "x": 1483171200000,
                            "y": 124188
                        },
                        {
                            "x": 1485849600000,
                            "y": 129000
                        },
                        {
                            "x": 1488268800000,
                            "y": 127887
                        },
                        {
                            "x": 1490943600000,
                            "y": 128029
                        },
                        {
                            "x": 1493535600000,
                            "y": 128496
                        },
                        {
                            "x": 1496214000000,
                            "y": 127357
                        },
                        {
                            "x": 1498806000000,
                            "y": 134466
                        },
                        {
                            "x": 1501484400000,
                            "y": 125296
                        },
                        {
                            "x": 1504162800000,
                            "y": 104039
                        },
                        {
                            "x": 1506754800000,
                            "y": 124883
                        },
                        {
                            "x": 1509433200000,
                            "y": 129314
                        },
                        {
                            "x": 1512028800000,
                            "y": 122671
                        },
                        {
                            "x": 1514707200000,
                            "y": 125447
                        },
                        {
                            "x": 1517385600000,
                            "y": 133603
                        },
                        {
                            "x": 1519804800000,
                            "y": 132716
                        },
                        {
                            "x": 1522479600000,
                            "y": 135976
                        },
                        {
                            "x": 1525071600000,
                            "y": 134052
                        },
                        {
                            "x": 1527750000000,
                            "y": 135304
                        },
                        {
                            "x": 1530342000000,
                            "y": 135108
                        },
                        {
                            "x": 1533020400000,
                            "y": 135506
                        },
                        {
                            "x": 1535698800000,
                            "y": 136444
                        },
                        {
                            "x": 1538290800000,
                            "y": 136053
                        },
                        {
                            "x": 1540969200000,
                            "y": 135299
                        },
                        {
                            "x": 1543564800000,
                            "y": 139866
                        },
                        {
                            "x": 1546243200000,
                            "y": 135210
                        },
                        {
                            "x": 1548921600000,
                            "y": 133714
                        },
                        {
                            "x": 1551340800000,
                            "y": 130641
                        },
                        {
                            "x": 1554015600000,
                            "y": 123911
                        },
                        {
                            "x": 1556607600000,
                            "y": 124072
                        },
                        {
                            "x": 1559286000000,
                            "y": 124882
                        },
                        {
                            "x": 1561878000000,
                            "y": 125363
                        },
                        {
                            "x": 1564556400000,
                            "y": 125140
                        },
                        {
                            "x": 1567234800000,
                            "y": 125127
                        },
                        {
                            "x": 1569826800000,
                            "y": 127019
                        },
                        {
                            "x": 1572505200000,
                            "y": 126918
                        },
                        {
                            "x": 1575100800000,
                            "y": 127388
                        },
                        {
                            "x": 1577779200000,
                            "y": 129943
                        },
                        {
                            "x": 1580457600000,
                            "y": 132038
                        },
                        {
                            "x": 1582963200000,
                            "y": 127754
                        },
                        {
                            "x": 1585638000000,
                            "y": 128677
                        },
                        {
                            "x": 1588230000000,
                            "y": 131772
                        },
                        {
                            "x": 1590908400000,
                            "y": 138202
                        },
                        {
                            "x": 1593500400000,
                            "y": 137195
                        },
                        {
                            "x": 1596178800000,
                            "y": 136377
                        },
                        {
                            "x": 1598857200000,
                            "y": 136798
                        },
                        {
                            "x": 1601449200000,
                            "y": 133008
                        },
                        {
                            "x": 1604127600000,
                            "y": 132213
                        },
                        {
                            "x": 1606723200000,
                            "y": 136753
                        },
                        {
                            "x": 1609401600000,
                            "y": 136349
                        },
                        {
                            "x": 1612080000000,
                            "y": 138259
                        },
                        {
                            "x": 1614499200000,
                            "y": 137156
                        },
                        {
                            "x": 1617174000000,
                            "y": 135230
                        },
                        {
                            "x": 1619766000000,
                            "y": 144547
                        },
                        {
                            "x": 1622444400000,
                            "y": 142934
                        },
                        {
                            "x": 1625036400000,
                            "y": 143000
                        },
                        {
                            "x": 1627714800000,
                            "y": 145400
                        },
                        {
                            "x": 1630393200000,
                            "y": 143100
                        },
                        {
                            "x": 1632985200000,
                            "y": 143700
                        },
                        {
                            "x": 1635663600000,
                            "y": 146000
                        },
                        {
                            "x": 1638259200000,
                            "y": 148900
                        },
                        {
                            "x": 1640937600000,
                            "y": 150400
                        },
                        {
                            "x": 1643616000000,
                            "y": 150200
                        },
                        {
                            "x": 1646035200000,
                            "y": 152700
                        },
                        {
                            "x": 1648710000000,
                            "y": 176900
                        },
                        {
                            "x": 1651302000000,
                            "y": 183200
                        },
                        {
                            "x": 1653980400000,
                            "y": 188800
                        },
                        {
                            "x": 1656572400000,
                            "y": 191100
                        },
                        {
                            "x": 1659250800000,
                            "y": 192900
                        },
                        {
                            "x": 1661929200000,
                            "y": 193000
                        },
                        {
                            "x": 1664521200000,
                            "y": 197100
                        },
                        {
                            "x": 1667199600000,
                            "y": 198700
                        },
                        {
                            "x": 1669795200000,
                            "y": 194300
                        },
                        {
                            "x": 1672473600000,
                            "y": 194200
                        },
                        {
                            "x": 1675152000000,
                            "y": 193900
                        },
                        {
                            "x": 1677571200000,
                            "y": 197300
                        },
                        {
                            "x": 1680246000000,
                            "y": 206100
                        },
                        {
                            "x": 1682838000000,
                            "y": 203900
                        },
                        {
                            "x": 1685516400000,
                            "y": 206700
                        },
                        {
                            "x": 1688108400000,
                            "y": 214600
                        },
                        {
                            "x": 1690786800000,
                            "y": 213600
                        },
                        {
                            "x": 1693465200000,
                            "y": 213600
                        },
                        {
                            "x": 1696057200000,
                            "y": 219600
                        },
                        {
                            "x": 1698735600000,
                            "y": 220400
                        },
                        {
                            "x": 1701331200000,
                            "y": 274500
                        },
                        {
                            "x": 1704009600000,
                            "y": 254800
                        },
                        {
                            "x": 1706688000000,
                            "y": 256800
                        },
                        {
                            "x": 1707206400000,
                            "y": 256400
                        }
                    ],
                    "name": "This home"
                }
            ]
        }
    }
}