{
    "data": {
        "property": {
            "homeValueChartData": [
                {
                    "points": [
                        {
                            "x": 1393574400000,
                            "y": 714418
                        },
                        {
                            "x": 1396249200000,
                            "y": 709273
                        },
                        {
                            "x": 1398841200000,
                            "y": 695661
                        },
                        {
                            "x": 1401519600000,
                            "y": 725225
                        },
                        {
                            "x": 1404111600000,
                            "y": 728467
                        },
                        {
                            "x": 1406790000000,
                            "y": 724941
                        },
                        {
                            "x": 1409468400000,
                            "y": 723606
                        },
                        {
                            "x": 1412060400000,
                            "y": 729794
                        },
                        {
                            "x": 1414738800000,
                            "y": 736591
                        },
                        {
                            "x": 1417334400000,
                            "y": 614194
                        },
                        {
                            "x": 1420012800000,
                            "y": 623071
                        },
                        {
                            "x": 1422691200000,
                            "y": 631829
                        },
                        {
                            "x": 1425110400000,
                            "y": 641065
                        },
                        {
                            "x": 1427785200000,
                            "y": 642450
                        },
                        {
                            "x": 1430377200000,
                            "y": 656653
                        },
                        {
                            "x": 1433055600000,
                            "y": 659754
                        },
                        {
                            "x": 1435647600000,
                            "y": 675775
                        },
                        {
                            "x": 1438326000000,
                            "y": 699467
                        },
                        {
                            "x": 1441004400000,
                            "y": 689654
                        },
                        {
                            "x": 1443596400000,
                            "y": 680946
                        },
                        {
                            "x": 1446274800000,
                            "y": 685365
                        },
                        {
                            "x": 1448870400000,
                            "y": 662059
                        },
                        {
                            "x": 1451548800000,
                            "y": 671745
                        },
                        {
                            "x": 1454227200000,
                            "y": 689778
                        },
                        {
                            "x": 1456732800000,
                            "y": 700013
                        },
                        {
                            "x": 1459407600000,
                            "y": 711672
                        },
                        {
                            "x": 1461999600000,
                            "y": 706892
                        },
                        {
                            "x": 1464678000000,
                            "y": 708377
                        },
                        {
                            "x": 1467270000000,
                            "y": 699259
                        },
                        {
                            "x": 1469948400000,
                            "y": 713810
                        },
                        {
                            "x": 1472626800000,
                            "y": 722791
                        },
                        {
                            "x": 1475218800000,
                            "y": 712419
                        },
                        {
                            "x": 1477897200000,
                            "y": 705845
                        },
                        {
                            "x": 1480492800000,
                            "y": 817121
                        },
                        {
                            "x": 1483171200000,
                            "y": 822817
                        },
                        {
                            "x": 1485849600000,
                            "y": 849956
                        },
                        {
                            "x": 1488268800000,
                            "y": 857226
                        },
                        {
                            "x": 1490943600000,
                            "y": 869946
                        },
                        {
                            "x": 1493535600000,
                            "y": 880684
                        },
                        {
                            "x": 1496214000000,
                            "y": 864494
                        },
                        {
                            "x": 1498806000000,
                            "y": 861880
                        },
                        {
                            "x": 1501484400000,
                            "y": 873950
                        },
                        {
                            "x": 1504162800000,
                            "y": 872889
                        },
                        {
                            "x": 1506754800000,
                            "y": 872990
                        },
                        {
                            "x": 1509433200000,
                            "y": 877111
                        },
                        {
                            "x": 1512028800000,
                            "y": 872729
                        },
                        {
                            "x": 1514707200000,
                            "y": 869164
                        },
                        {
                            "x": 1517385600000,
                            "y": 888930
                        },
                        {
                            "x": 1519804800000,
                            "y": 901710
                        },
                        {
                            "x": 1522479600000,
                            "y": 907865
                        },
                        {
                            "x": 1525071600000,
                            "y": 902504
                        },
                        {
                            "x": 1527750000000,
                            "y": 906685
                        },
                        {
                            "x": 1530342000000,
                            "y": 929454
                        },
                        {
                            "x": 1533020400000,
                            "y": 925213
                        },
                        {
                            "x": 1535698800000,
                            "y": 918784
                        },
                        {
                            "x": 1538290800000,
                            "y": 885195
                        },
                        {
                            "x": 1540969200000,
                            "y": 874188
                        },
                        {
                            "x": 1543564800000,
                            "y": 859668
                        },
                        {
                            "x": 1546243200000,
                            "y": 853970
                        },
                        {
                            "x": 1548921600000,
                            "y": 853939
                        },
                        {
                            "x": 1551340800000,
                            "y": 860569
                        },
                        {
                            "x": 1554015600000,
                            "y": 858031
                        },
                        {
                            "x": 1556607600000,
                            "y": 862621
                        },
                        {
                            "x": 1559286000000,
                            "y": 831072
                        },
                        {
                            "x": 1561878000000,
                            "y": 826235
                        },
                        {
                            "x": 1564556400000,
                            "y": 840300
                        },
                        {
                            "x": 1567234800000,
                            "y": 845668
                        },
                        {
                            "x": 1569826800000,
                            "y": 870033
                        },
                        {
                            "x": 1572505200000,
                            "y": 879012
                        },
                        {
                            "x": 1575100800000,
                            "y": 871189
                        },
                        {
                            "x": 1577779200000,
                            "y": 867126
                        },
                        {
                            "x": 1580457600000,
                            "y": 868553
                        },
                        {
                            "x": 1582963200000,
                            "y": 855890
                        },
                        {
                            "x": 1585638000000,
                            "y": 852643
                        },
                        {
                            "x": 1588230000000,
                            "y": 876239
                        },
                        {
                            "x": 1590908400000,
                            "y": 889123
                        },
                        {
                            "x": 1593500400000,
                            "y": 887923
                        },
                        {
                            "x": 1596178800000,
                            "y": 877185
                        },
                        {
                            "x": 1598857200000,
                            "y": 872843
                        },
                        {
                            "x": 1601449200000,
                            "y": 897703
                        },
                        {
                            "x": 1604127600000,
                            "y": 902074
                        },
                        {
                            "x": 1606723200000,
                            "y": 908418
                        },
                        {
                            "x": 1609401600000,
                            "y": 918202
                        },
                        {
                            "x": 1612080000000,
                            "y": 937931
                        },
                        {
                            "x": 1614499200000,
                            "y": 966551
                        },
                        {
                            "x": 1617174000000,
                            "y": 971864
                        },
                        {
                            "x": 1619766000000,
                            "y": 1000517
                        },
                        {
                            "x": 1622444400000,
                            "y": 1015723
                        },
                        {
                            "x": 1625036400000,
                            "y": 984000
                        },
                        {
                            "x": 1627714800000,
                            "y": 996700
                        },
                        {
                            "x": 1630393200000,
                            "y": 994000
                        },
                        {
                            "x": 1632985200000,
                            "y": 1005500
                        },
                        {
                            "x": 1635663600000,
                            "y": 1023700
                        },
                        {
                            "x": 1638259200000,
                            "y": 1035000
                        },
                        {
                            "x": 1640937600000,
                            "y": 1052500
                        },
                        {
                            "x": 1643616000000,
                            "y": 1066400
                        },
                        {
                            "x": 1646035200000,
                            "y": 1082400
                        },
                        {
                            "x": 1648710000000,
                            "y": 1142700
                        },
                        {
                            "x": 1651302000000,
                            "y": 1221900
                        },
                        {
                            "x": 1653980400000,
                            "y": 1277800
                        },
                        {
                            "x": 1656572400000,
                            "y": 1293500
                        },
                        {
                            "x": 1659250800000,
                            "y": 1291500
                        },
                        {
                            "x": 1661929200000,
                            "y": 1263500
                        },
                        {
                            "x": 1664521200000,
                            "y": 1254700
                        },
                        {
                            "x": 1667199600000,
                            "y": 1240300
                        },
                        {
                            "x": 1669795200000,
                            "y": 1192700
                        },
                        {
                            "x": 1672473600000,
                            "y": 1168100
                        },
                        {
                            "x": 1675152000000,
                            "y": 1148700
                        },
                        {
                            "x": 1677571200000,
                            "y": 1178900
                        },
                        {
                            "x": 1680246000000,
                            "y": 1266400
                        },
                        {
                            "x": 1682838000000,
                            "y": 1263000
                        },
                        {
                            "x": 1685516400000,
                            "y": 1268300
                        },
                        {
                            "x": 1688108400000,
                            "y": 1353700
                        },
                        {
                            "x": 1690786800000,
                            "y": 1390600
                        },
                        {
                            "x": 1693465200000,
                            "y": 1367000
                        },
                        {
                            "x": 1696057200000,
                            "y": 1377900
                        },
                        {
                            "x": 1698735600000,
                            "y": 1426200
                        },
                        {
                            "x": 1701331200000,
                            "y": 1970600
                        },
                        {
                            "x": 1704009600000,
                            "y": 1964500
                        },
                        {
                            "x": 1706688000000,
                            "y": 1675500
                        },
                        {
                            "x": 1707292800000,
                            "y": 1669500
                        }
                    ],
                    "name": "This home"
                }
            ]
        }
    }
}