{
    "data": {
        "property": {
            "homeValueChartData": [
                {
                    "points": [
                        {
                            "x": 1393574400000,
                            "y": 470506
                        },
                        {
                            "x": 1396249200000,
                            "y": 459042
                        },
                        {
                            "x": 1398841200000,
                            "y": 461131
                        },
                        {
                            "x": 1401519600000,
                            "y": 465389
                        },
                        {
                            "x": 1404111600000,
                            "y": 460356
                        },
                        {
                            "x": 1406790000000,
                            "y": 460952
                        },
                        {
                            "x": 1409468400000,
                            "y": 459366
                        },
                        {
                            "x": 1412060400000,
                            "y": 452052
                        },
                        {
                            "x": 1414738800000,
                            "y": 449999
                        },
                        {
                            "x": 1417334400000,
                            "y": 450722
                        },
                        {
                            "x": 1420012800000,
                            "y": 454431
                        },
                        {
                            "x": 1422691200000,
                            "y": 441031
                        },
                        {
                            "x": 1425110400000,
                            "y": 453166
                        },
                        {
                            "x": 1427785200000,
                            "y": 458286
                        },
                        {
                            "x": 1430377200000,
                            "y": 448544
                        },
                        {
                            "x": 1433055600000,
                            "y": 440195
                        },
                        {
                            "x": 1435647600000,
                            "y": 444127
                        },
                        {
                            "x": 1438326000000,
                            "y": 450938
                        },
                        {
                            "x": 1441004400000,
                            "y": 452822
                        },
                        {
                            "x": 1443596400000,
                            "y": 467093
                        },
                        {
                            "x": 1446274800000,
                            "y": 461044
                        },
                        {
                            "x": 1448870400000,
                            "y": 476320
                        },
                        {
                            "x": 1451548800000,
                            "y": 473881
                        },
                        {
                            "x": 1454227200000,
                            "y": 468880
                        },
                        {
                            "x": 1456732800000,
                            "y": 479526
                        },
                        {
                            "x": 1459407600000,
                            "y": 485425
                        },
                        {
                            "x": 1461999600000,
                            "y": 484412
                        },
                        {
                            "x": 1464678000000,
                            "y": 504861
                        },
                        {
                            "x": 1467270000000,
                            "y": 500194
                        },
                        {
                            "x": 1469948400000,
                            "y": 490324
                        },
                        {
                            "x": 1472626800000,
                            "y": 480861
                        },
                        {
                            "x": 1475218800000,
                            "y": 478126
                        },
                        {
                            "x": 1477897200000,
                            "y": 495913
                        },
                        {
                            "x": 1480492800000,
                            "y": 583902
                        },
                        {
                            "x": 1483171200000,
                            "y": 576076
                        },
                        {
                            "x": 1485849600000,
                            "y": 596916
                        },
                        {
                            "x": 1488268800000,
                            "y": 596087
                        },
                        {
                            "x": 1490943600000,
                            "y": 583579
                        },
                        {
                            "x": 1493535600000,
                            "y": 592310
                        },
                        {
                            "x": 1496214000000,
                            "y": 593013
                        },
                        {
                            "x": 1498806000000,
                            "y": 581985
                        },
                        {
                            "x": 1501484400000,
                            "y": 593518
                        },
                        {
                            "x": 1504162800000,
                            "y": 610705
                        },
                        {
                            "x": 1506754800000,
                            "y": 623575
                        },
                        {
                            "x": 1509433200000,
                            "y": 623880
                        },
                        {
                            "x": 1512028800000,
                            "y": 616358
                        },
                        {
                            "x": 1514707200000,
                            "y": 620831
                        },
                        {
                            "x": 1517385600000,
                            "y": 606575
                        },
                        {
                            "x": 1519804800000,
                            "y": 607964
                        },
                        {
                            "x": 1522479600000,
                            "y": 633554
                        },
                        {
                            "x": 1525071600000,
                            "y": 627494
                        },
                        {
                            "x": 1527750000000,
                            "y": 621372
                        },
                        {
                            "x": 1530342000000,
                            "y": 612727
                        },
                        {
                            "x": 1533020400000,
                            "y": 602536
                        },
                        {
                            "x": 1535698800000,
                            "y": 617168
                        },
                        {
                            "x": 1538290800000,
                            "y": 615949
                        },
                        {
                            "x": 1540969200000,
                            "y": 611079
                        },
                        {
                            "x": 1543564800000,
                            "y": 628341
                        },
                        {
                            "x": 1546243200000,
                            "y": 621734
                        },
                        {
                            "x": 1548921600000,
                            "y": 624422
                        },
                        {
                            "x": 1551340800000,
                            "y": 613461
                        },
                        {
                            "x": 1554015600000,
                            "y": 608031
                        },
                        {
                            "x": 1556607600000,
                            "y": 607384
                        },
                        {
                            "x": 1559286000000,
                            "y": 604528
                        },
                        {
                            "x": 1561878000000,
                            "y": 606776
                        },
                        {
                            "x": 1564556400000,
                            "y": 603500
                        },
                        {
                            "x": 1567234800000,
                            "y": 608034
                        },
                        {
                            "x": 1569826800000,
                            "y": 606341
                        },
                        {
                            "x": 1572505200000,
                            "y": 604776
                        },
                        {
                            "x": 1575100800000,
                            "y": 607870
                        },
                        {
                            "x": 1577779200000,
                            "y": 607181
                        },
                        {
                            "x": 1580457600000,
                            "y": 610469
                        },
                        {
                            "x": 1582963200000,
                            "y": 581247
                        },
                        {
                            "x": 1585638000000,
                            "y": 579596
                        },
                        {
                            "x": 1588230000000,
                            "y": 643573
                        },
                        {
                            "x": 1590908400000,
                            "y": 650901
                        },
                        {
                            "x": 1593500400000,
                            "y": 652326
                        },
                        {
                            "x": 1596178800000,
                            "y": 659781
                        },
                        {
                            "x": 1598857200000,
                            "y": 666643
                        },
                        {
                            "x": 1601449200000,
                            "y": 623953
                        },
                        {
                            "x": 1604127600000,
                            "y": 626917
                        },
                        {
                            "x": 1606723200000,
                            "y": 640027
                        },
                        {
                            "x": 1609401600000,
                            "y": 649431
                        },
                        {
                            "x": 1612080000000,
                            "y": 660211
                        },
                        {
                            "x": 1614499200000,
                            "y": 673783
                        },
                        {
                            "x": 1617174000000,
                            "y": 690526
                        },
                        {
                            "x": 1619766000000,
                            "y": 742307
                        },
                        {
                            "x": 1622444400000,
                            "y": 750778
                        },
                        {
                            "x": 1625036400000,
                            "y": 717400
                        },
                        {
                            "x": 1627714800000,
                            "y": 711200
                        },
                        {
                            "x": 1630393200000,
                            "y": 699800
                        },
                        {
                            "x": 1632985200000,
                            "y": 697800
                        },
                        {
                            "x": 1635663600000,
                            "y": 701800
                        },
                        {
                            "x": 1638259200000,
                            "y": 717300
                        },
                        {
                            "x": 1640937600000,
                            "y": 730300
                        },
                        {
                            "x": 1643616000000,
                            "y": 728500
                        },
                        {
                            "x": 1646035200000,
                            "y": 738900
                        },
                        {
                            "x": 1648710000000,
                            "y": 790700
                        },
                        {
                            "x": 1651302000000,
                            "y": 842300
                        },
                        {
                            "x": 1653980400000,
                            "y": 881500
                        },
                        {
                            "x": 1656572400000,
                            "y": 890600
                        },
                        {
                            "x": 1659250800000,
                            "y": 879500
                        },
                        {
                            "x": 1661929200000,
                            "y": 854700
                        },
                        {
                            "x": 1664521200000,
                            "y": 847900
                        },
                        {
                            "x": 1667199600000,
                            "y": 843300
                        },
                        {
                            "x": 1669795200000,
                            "y": 821300
                        },
                        {
                            "x": 1672473600000,
                            "y": 806800
                        },
                        {
                            "x": 1675152000000,
                            "y": 795100
                        },
                        {
                            "x": 1677571200000,
                            "y": 812000
                        },
                        {
                            "x": 1680246000000,
                            "y": 873000
                        },
                        {
                            "x": 1682838000000,
                            "y": 876000
                        },
                        {
                            "x": 1685516400000,
                            "y": 884400
                        },
                        {
                            "x": 1688108400000,
                            "y": 961100
                        },
                        {
                            "x": 1690786800000,
                            "y": 976500
                        },
                        {
                            "x": 1693465200000,
                            "y": 1396300
                        },
                        {
                            "x": 1696057200000,
                            "y": 1395200
                        },
                        {
                            "x": 1698735600000,
                            "y": 1184600
                        },
                        {
                            "x": 1701331200000,
                            "y": 1066600
                        },
                        {
                            "x": 1704009600000,
                            "y": 1019400
                        },
                        {
                            "x": 1706688000000,
                            "y": 1007200
                        },
                        {
                            "x": 1707292800000,
                            "y": 1001800
                        }
                    ],
                    "name": "This home"
                }
            ]
        }
    }
}