{
    "data": {
        "property": {
            "homeValueChartData": [
                {
                    "points": [
                        {
                            "x": 1393574400000,
                            "y": 760745
                        },
                        {
                            "x": 1396249200000,
                            "y": 756717
                        },
                        {
                            "x": 1398841200000,
                            "y": 770064
                        },
                        {
                            "x": 1401519600000,
                            "y": 846783
                        },
                        {
                            "x": 1404111600000,
                            "y": 838331
                        },
                        {
                            "x": 1406790000000,
                            "y": 835031
                        },
                        {
                            "x": 1409468400000,
                            "y": 841666
                        },
                        {
                            "x": 1412060400000,
                            "y": 850691
                        },
                        {
                            "x": 1414738800000,
                            "y": 882298
                        },
                        {
                            "x": 1417334400000,
                            "y": 859682
                        },
                        {
                            "x": 1420012800000,
                            "y": 880509
                        },
                        {
                            "x": 1422691200000,
                            "y": 859446
                        },
                        {
                            "x": 1425110400000,
                            "y": 890167
                        },
                        {
                            "x": 1427785200000,
                            "y": 872855
                        },
                        {
                            "x": 1430377200000,
                            "y": 882231
                        },
                        {
                            "x": 1433055600000,
                            "y": 880278
                        },
                        {
                            "x": 1435647600000,
                            "y": 892800
                        },
                        {
                            "x": 1438326000000,
                            "y": 897584
                        },
                        {
                            "x": 1441004400000,
                            "y": 861979
                        },
                        {
                            "x": 1443596400000,
                            "y": 854444
                        },
                        {
                            "x": 1446274800000,
                            "y": 869930
                        },
                        {
                            "x": 1448870400000,
                            "y": 1010588
                        },
                        {
                            "x": 1451548800000,
                            "y": 1000726
                        },
                        {
                            "x": 1454227200000,
                            "y": 996816
                        },
                        {
                            "x": 1456732800000,
                            "y": 1003700
                        },
                        {
                            "x": 1459407600000,
                            "y": 999153
                        },
                        {
                            "x": 1461999600000,
                            "y": 1011564
                        },
                        {
                            "x": 1464678000000,
                            "y": 1019659
                        },
                        {
                            "x": 1467270000000,
                            "y": 998696
                        },
                        {
                            "x": 1469948400000,
                            "y": 992485
                        },
                        {
                            "x": 1472626800000,
                            "y": 1024283
                        },
                        {
                            "x": 1475218800000,
                            "y": 1032153
                        },
                        {
                            "x": 1477897200000,
                            "y": 1017016
                        },
                        {
                            "x": 1480492800000,
                            "y": 997734
                        },
                        {
                            "x": 1483171200000,
                            "y": 1000208
                        },
                        {
                            "x": 1485849600000,
                            "y": 973152
                        },
                        {
                            "x": 1488268800000,
                            "y": 988306
                        },
                        {
                            "x": 1490943600000,
                            "y": 1001804
                        },
                        {
                            "x": 1493535600000,
                            "y": 1015375
                        },
                        {
                            "x": 1496214000000,
                            "y": 1015195
                        },
                        {
                            "x": 1498806000000,
                            "y": 1031522
                        },
                        {
                            "x": 1501484400000,
                            "y": 1017123
                        },
                        {
                            "x": 1504162800000,
                            "y": 989706
                        },
                        {
                            "x": 1506754800000,
                            "y": 1008030
                        },
                        {
                            "x": 1509433200000,
                            "y": 1007949
                        },
                        {
                            "x": 1512028800000,
                            "y": 1022469
                        },
                        {
                            "x": 1514707200000,
                            "y": 998814
                        },
                        {
                            "x": 1517385600000,
                            "y": 1021228
                        },
                        {
                            "x": 1519804800000,
                            "y": 1028810
                        },
                        {
                            "x": 1522479600000,
                            "y": 1046311
                        },
                        {
                            "x": 1525071600000,
                            "y": 1032918
                        },
                        {
                            "x": 1527750000000,
                            "y": 1024433
                        },
                        {
                            "x": 1530342000000,
                            "y": 1014361
                        },
                        {
                            "x": 1533020400000,
                            "y": 1033105
                        },
                        {
                            "x": 1535698800000,
                            "y": 1034758
                        },
                        {
                            "x": 1538290800000,
                            "y": 1026604
                        },
                        {
                            "x": 1540969200000,
                            "y": 989543
                        },
                        {
                            "x": 1543564800000,
                            "y": 1019305
                        },
                        {
                            "x": 1546243200000,
                            "y": 1037498
                        },
                        {
                            "x": 1548921600000,
                            "y": 1026214
                        },
                        {
                            "x": 1551340800000,
                            "y": 1041944
                        },
                        {
                            "x": 1554015600000,
                            "y": 1047742
                        },
                        {
                            "x": 1556607600000,
                            "y": 1037269
                        },
                        {
                            "x": 1559286000000,
                            "y": 1035150
                        },
                        {
                            "x": 1561878000000,
                            "y": 1034868
                        },
                        {
                            "x": 1564556400000,
                            "y": 1021880
                        },
                        {
                            "x": 1567234800000,
                            "y": 1031077
                        },
                        {
                            "x": 1569826800000,
                            "y": 1049697
                        },
                        {
                            "x": 1572505200000,
                            "y": 1050121
                        },
                        {
                            "x": 1575100800000,
                            "y": 1051130
                        },
                        {
                            "x": 1577779200000,
                            "y": 1035253
                        },
                        {
                            "x": 1580457600000,
                            "y": 1013325
                        },
                        {
                            "x": 1582963200000,
                            "y": 1084070
                        },
                        {
                            "x": 1585638000000,
                            "y": 1079743
                        },
                        {
                            "x": 1588230000000,
                            "y": 1078724
                        },
                        {
                            "x": 1590908400000,
                            "y": 1096028
                        },
                        {
                            "x": 1593500400000,
                            "y": 1111761
                        },
                        {
                            "x": 1596178800000,
                            "y": 1077540
                        },
                        {
                            "x": 1598857200000,
                            "y": 1072200
                        },
                        {
                            "x": 1601449200000,
                            "y": 1096278
                        },
                        {
                            "x": 1604127600000,
                            "y": 1114429
                        },
                        {
                            "x": 1606723200000,
                            "y": 1116172
                        },
                        {
                            "x": 1609401600000,
                            "y": 1145889
                        },
                        {
                            "x": 1612080000000,
                            "y": 1150384
                        },
                        {
                            "x": 1614499200000,
                            "y": 1168737
                        },
                        {
                            "x": 1617174000000,
                            "y": 1183768
                        },
                        {
                            "x": 1619766000000,
                            "y": 1216383
                        },
                        {
                            "x": 1622444400000,
                            "y": 1236598
                        },
                        {
                            "x": 1625036400000,
                            "y": 1139500
                        },
                        {
                            "x": 1627714800000,
                            "y": 1108000
                        },
                        {
                            "x": 1630393200000,
                            "y": 1101300
                        },
                        {
                            "x": 1632985200000,
                            "y": 1103500
                        },
                        {
                            "x": 1635663600000,
                            "y": 1116800
                        },
                        {
                            "x": 1638259200000,
                            "y": 1131500
                        },
                        {
                            "x": 1640937600000,
                            "y": 1147600
                        },
                        {
                            "x": 1643616000000,
                            "y": 1143900
                        },
                        {
                            "x": 1646035200000,
                            "y": 1159600
                        },
                        {
                            "x": 1648710000000,
                            "y": 1306100
                        },
                        {
                            "x": 1651302000000,
                            "y": 1454400
                        },
                        {
                            "x": 1653980400000,
                            "y": 1546600
                        },
                        {
                            "x": 1656572400000,
                            "y": 1563500
                        },
                        {
                            "x": 1659250800000,
                            "y": 1548300
                        },
                        {
                            "x": 1661929200000,
                            "y": 1490200
                        },
                        {
                            "x": 1664521200000,
                            "y": 1479800
                        },
                        {
                            "x": 1667199600000,
                            "y": 1465000
                        },
                        {
                            "x": 1669795200000,
                            "y": 1418900
                        },
                        {
                            "x": 1672473600000,
                            "y": 1384100
                        },
                        {
                            "x": 1675152000000,
                            "y": 1355500
                        },
                        {
                            "x": 1677571200000,
                            "y": 1378400
                        },
                        {
                            "x": 1680246000000,
                            "y": 1483200
                        },
                        {
                            "x": 1682838000000,
                            "y": 1472500
                        },
                        {
                            "x": 1685516400000,
                            "y": 1489100
                        },
                        {
                            "x": 1688108400000,
                            "y": 1565000
                        },
                        {
                            "x": 1690786800000,
                            "y": 1581000
                        },
                        {
                            "x": 1693465200000,
                            "y": 1607200
                        },
                        {
                            "x": 1696057200000,
                            "y": 1596800
                        },
                        {
                            "x": 1698735600000,
                            "y": 1604100
                        },
                        {
                            "x": 1701331200000,
                            "y": 1986800
                        },
                        {
                            "x": 1704009600000,
                            "y": 1979200
                        },
                        {
                            "x": 1706688000000,
                            "y": 1962800
                        },
                        {
                            "x": 1707292800000,
                            "y": 1832300
                        }
                    ],
                    "name": "This home"
                }
            ]
        }
    }
}