{
    "data": {
        "property": {
            "homeValueChartData": [
                {
                    "points": [
                        {
                            "x": 1393574400000,
                            "y": 757031
                        },
                        {
                            "x": 1396249200000,
                            "y": 769781
                        },
                        {
                            "x": 1398841200000,
                            "y": 753630
                        },
                        {
                            "x": 1401519600000,
                            "y": 814452
                        },
                        {
                            "x": 1404111600000,
                            "y": 811419
                        },
                        {
                            "x": 1406790000000,
                            "y": 818280
                        },
                        {
                            "x": 1409468400000,
                            "y": 797231
                        },
                        {
                            "x": 1412060400000,
                            "y": 825333
                        },
                        {
                            "x": 1414738800000,
                            "y": 841302
                        },
                        {
                            "x": 1417334400000,
                            "y": 771842
                        },
                        {
                            "x": 1420012800000,
                            "y": 765243
                        },
                        {
                            "x": 1422691200000,
                            "y": 794771
                        },
                        {
                            "x": 1425110400000,
                            "y": 782315
                        },
                        {
                            "x": 1427785200000,
                            "y": 776533
                        },
                        {
                            "x": 1430377200000,
                            "y": 801600
                        },
                        {
                            "x": 1433055600000,
                            "y": 826309
                        },
                        {
                            "x": 1435647600000,
                            "y": 848337
                        },
                        {
                            "x": 1438326000000,
                            "y": 848350
                        },
                        {
                            "x": 1441004400000,
                            "y": 839530
                        },
                        {
                            "x": 1443596400000,
                            "y": 837494
                        },
                        {
                            "x": 1446274800000,
                            "y": 852200
                        },
                        {
                            "x": 1448870400000,
                            "y": 862434
                        },
                        {
                            "x": 1451548800000,
                            "y": 860994
                        },
                        {
                            "x": 1454227200000,
                            "y": 881641
                        },
                        {
                            "x": 1456732800000,
                            "y": 880101
                        },
                        {
                            "x": 1459407600000,
                            "y": 868865
                        },
                        {
                            "x": 1461999600000,
                            "y": 871634
                        },
                        {
                            "x": 1464678000000,
                            "y": 880177
                        },
                        {
                            "x": 1467270000000,
                            "y": 874337
                        },
                        {
                            "x": 1469948400000,
                            "y": 869645
                        },
                        {
                            "x": 1472626800000,
                            "y": 853125
                        },
                        {
                            "x": 1475218800000,
                            "y": 890242
                        },
                        {
                            "x": 1477897200000,
                            "y": 891066
                        },
                        {
                            "x": 1480492800000,
                            "y": 880249
                        },
                        {
                            "x": 1483171200000,
                            "y": 902774
                        },
                        {
                            "x": 1485849600000,
                            "y": 878392
                        },
                        {
                            "x": 1488268800000,
                            "y": 864970
                        },
                        {
                            "x": 1490943600000,
                            "y": 884063
                        },
                        {
                            "x": 1493535600000,
                            "y": 898580
                        },
                        {
                            "x": 1496214000000,
                            "y": 878424
                        },
                        {
                            "x": 1498806000000,
                            "y": 880647
                        },
                        {
                            "x": 1501484400000,
                            "y": 891279
                        },
                        {
                            "x": 1504162800000,
                            "y": 903398
                        },
                        {
                            "x": 1506754800000,
                            "y": 921866
                        },
                        {
                            "x": 1509433200000,
                            "y": 937003
                        },
                        {
                            "x": 1512028800000,
                            "y": 937971
                        },
                        {
                            "x": 1514707200000,
                            "y": 939688
                        },
                        {
                            "x": 1517385600000,
                            "y": 893577
                        },
                        {
                            "x": 1519804800000,
                            "y": 917609
                        },
                        {
                            "x": 1522479600000,
                            "y": 933816
                        },
                        {
                            "x": 1525071600000,
                            "y": 938524
                        },
                        {
                            "x": 1527750000000,
                            "y": 961225
                        },
                        {
                            "x": 1530342000000,
                            "y": 961904
                        },
                        {
                            "x": 1533020400000,
                            "y": 958245
                        },
                        {
                            "x": 1535698800000,
                            "y": 947192
                        },
                        {
                            "x": 1538290800000,
                            "y": 928439
                        },
                        {
                            "x": 1540969200000,
                            "y": 911965
                        },
                        {
                            "x": 1543564800000,
                            "y": 918688
                        },
                        {
                            "x": 1546243200000,
                            "y": 912290
                        },
                        {
                            "x": 1548921600000,
                            "y": 942190
                        },
                        {
                            "x": 1551340800000,
                            "y": 910588
                        },
                        {
                            "x": 1554015600000,
                            "y": 897990
                        },
                        {
                            "x": 1556607600000,
                            "y": 918322
                        },
                        {
                            "x": 1559286000000,
                            "y": 896171
                        },
                        {
                            "x": 1561878000000,
                            "y": 891652
                        },
                        {
                            "x": 1564556400000,
                            "y": 914398
                        },
                        {
                            "x": 1567234800000,
                            "y": 903770
                        },
                        {
                            "x": 1569826800000,
                            "y": 900841
                        },
                        {
                            "x": 1572505200000,
                            "y": 905289
                        },
                        {
                            "x": 1575100800000,
                            "y": 896946
                        },
                        {
                            "x": 1577779200000,
                            "y": 891572
                        },
                        {
                            "x": 1580457600000,
                            "y": 898520
                        },
                        {
                            "x": 1582963200000,
                            "y": 901922
                        },
                        {
                            "x": 1585638000000,
                            "y": 902092
                        },
                        {
                            "x": 1588230000000,
                            "y": 908190
                        },
                        {
                            "x": 1590908400000,
                            "y": 908634
                        },
                        {
                            "x": 1593500400000,
                            "y": 908121
                        },
                        {
                            "x": 1596178800000,
                            "y": 908761
                        },
                        {
                            "x": 1598857200000,
                            "y": 915911
                        },
                        {
                            "x": 1601449200000,
                            "y": 940034
                        },
                        {
                            "x": 1604127600000,
                            "y": 955449
                        },
                        {
                            "x": 1606723200000,
                            "y": 967562
                        },
                        {
                            "x": 1609401600000,
                            "y": 971484
                        },
                        {
                            "x": 1612080000000,
                            "y": 990832
                        },
                        {
                            "x": 1614499200000,
                            "y": 1005572
                        },
                        {
                            "x": 1617174000000,
                            "y": 1005256
                        },
                        {
                            "x": 1619766000000,
                            "y": 1034697
                        },
                        {
                            "x": 1622444400000,
                            "y": 1085391
                        },
                        {
                            "x": 1625036400000,
                            "y": 1075200
                        },
                        {
                            "x": 1627714800000,
                            "y": 1091100
                        },
                        {
                            "x": 1630393200000,
                            "y": 1084600
                        },
                        {
                            "x": 1632985200000,
                            "y": 1088900
                        },
                        {
                            "x": 1635663600000,
                            "y": 1094400
                        },
                        {
                            "x": 1638259200000,
                            "y": 1112200
                        },
                        {
                            "x": 1640937600000,
                            "y": 1361600
                        },
                        {
                            "x": 1643616000000,
                            "y": 1381600
                        },
                        {
                            "x": 1646035200000,
                            "y": 1398500
                        },
                        {
                            "x": 1648710000000,
                            "y": 1440400
                        },
                        {
                            "x": 1651302000000,
                            "y": 1492600
                        },
                        {
                            "x": 1653980400000,
                            "y": 1528700
                        },
                        {
                            "x": 1656572400000,
                            "y": 1564300
                        },
                        {
                            "x": 1659250800000,
                            "y": 1587500
                        },
                        {
                            "x": 1661929200000,
                            "y": 1596100
                        },
                        {
                            "x": 1664521200000,
                            "y": 2137100
                        },
                        {
                            "x": 1667199600000,
                            "y": 1866600
                        },
                        {
                            "x": 1669795200000,
                            "y": 1895700
                        },
                        {
                            "x": 1672473600000,
                            "y": 1816700
                        },
                        {
                            "x": 1675152000000,
                            "y": 1782900
                        },
                        {
                            "x": 1677571200000,
                            "y": 2071100
                        },
                        {
                            "x": 1680246000000,
                            "y": 2072400
                        },
                        {
                            "x": 1682838000000,
                            "y": 2076900
                        },
                        {
                            "x": 1685516400000,
                            "y": 2120200
                        },
                        {
                            "x": 1688108400000,
                            "y": 2294400
                        },
                        {
                            "x": 1690786800000,
                            "y": 2302100
                        },
                        {
                            "x": 1693465200000,
                            "y": 2328800
                        },
                        {
                            "x": 1696057200000,
                            "y": 2332200
                        },
                        {
                            "x": 1698735600000,
                            "y": 2296700
                        },
                        {
                            "x": 1701331200000,
                            "y": 2291000
                        },
                        {
                            "x": 1704009600000,
                            "y": 2292000
                        },
                        {
                            "x": 1706688000000,
                            "y": 2259000
                        },
                        {
                            "x": 1707206400000,
                            "y": 2262100
                        }
                    ],
                    "name": "This home"
                },
                {
                    "points": [
                        {
                            "x": 1641196800000,
                            "y": 1360000
                        }
                    ],
                    "name": "Sale"
                }
            ]
        }
    }
}