{
    "data": {
        "property": {
            "homeValueChartData": [
                {
                    "points": [
                        {
                            "x": 1393574400000,
                            "y": 237700
                        },
                        {
                            "x": 1396249200000,
                            "y": 244724
                        },
                        {
                            "x": 1398841200000,
                            "y": 242625
                        },
                        {
                            "x": 1401519600000,
                            "y": 236711
                        },
                        {
                            "x": 1404111600000,
                            "y": 173358
                        },
                        {
                            "x": 1406790000000,
                            "y": 174400
                        },
                        {
                            "x": 1409468400000,
                            "y": 173348
                        },
                        {
                            "x": 1412060400000,
                            "y": 172593
                        },
                        {
                            "x": 1414738800000,
                            "y": 172593
                        },
                        {
                            "x": 1417334400000,
                            "y": 244068
                        },
                        {
                            "x": 1420012800000,
                            "y": 251070
                        },
                        {
                            "x": 1422691200000,
                            "y": 253911
                        },
                        {
                            "x": 1425110400000,
                            "y": 252079
                        },
                        {
                            "x": 1427785200000,
                            "y": 251707
                        },
                        {
                            "x": 1430377200000,
                            "y": 254360
                        },
                        {
                            "x": 1433055600000,
                            "y": 253498
                        },
                        {
                            "x": 1435647600000,
                            "y": 257437
                        },
                        {
                            "x": 1438326000000,
                            "y": 257698
                        },
                        {
                            "x": 1441004400000,
                            "y": 258353
                        },
                        {
                            "x": 1443596400000,
                            "y": 257823
                        },
                        {
                            "x": 1446274800000,
                            "y": 271949
                        },
                        {
                            "x": 1448870400000,
                            "y": 335320
                        },
                        {
                            "x": 1451548800000,
                            "y": 335198
                        },
                        {
                            "x": 1454227200000,
                            "y": 331689
                        },
                        {
                            "x": 1456732800000,
                            "y": 335706
                        },
                        {
                            "x": 1459407600000,
                            "y": 334193
                        },
                        {
                            "x": 1461999600000,
                            "y": 334755
                        },
                        {
                            "x": 1464678000000,
                            "y": 333155
                        },
                        {
                            "x": 1467270000000,
                            "y": 328844
                        },
                        {
                            "x": 1469948400000,
                            "y": 327975
                        },
                        {
                            "x": 1472626800000,
                            "y": 326504
                        },
                        {
                            "x": 1475218800000,
                            "y": 326504
                        },
                        {
                            "x": 1477897200000,
                            "y": 326061
                        },
                        {
                            "x": 1480492800000,
                            "y": 262180
                        },
                        {
                            "x": 1483171200000,
                            "y": 253630
                        },
                        {
                            "x": 1485849600000,
                            "y": 276992
                        },
                        {
                            "x": 1488268800000,
                            "y": 279027
                        },
                        {
                            "x": 1490943600000,
                            "y": 277574
                        },
                        {
                            "x": 1493535600000,
                            "y": 276184
                        },
                        {
                            "x": 1496214000000,
                            "y": 281278
                        },
                        {
                            "x": 1498806000000,
                            "y": 284032
                        },
                        {
                            "x": 1501484400000,
                            "y": 286048
                        },
                        {
                            "x": 1504162800000,
                            "y": 292117
                        },
                        {
                            "x": 1506754800000,
                            "y": 281875
                        },
                        {
                            "x": 1509433200000,
                            "y": 284849
                        },
                        {
                            "x": 1512028800000,
                            "y": 285160
                        },
                        {
                            "x": 1514707200000,
                            "y": 286731
                        },
                        {
                            "x": 1517385600000,
                            "y": 271161
                        },
                        {
                            "x": 1519804800000,
                            "y": 270895
                        },
                        {
                            "x": 1522479600000,
                            "y": 282532
                        },
                        {
                            "x": 1525071600000,
                            "y": 290907
                        },
                        {
                            "x": 1527750000000,
                            "y": 292129
                        },
                        {
                            "x": 1530342000000,
                            "y": 298155
                        },
                        {
                            "x": 1533020400000,
                            "y": 287016
                        },
                        {
                            "x": 1535698800000,
                            "y": 289041
                        },
                        {
                            "x": 1538290800000,
                            "y": 292610
                        },
                        {
                            "x": 1540969200000,
                            "y": 296373
                        },
                        {
                            "x": 1543564800000,
                            "y": 315809
                        },
                        {
                            "x": 1546243200000,
                            "y": 317478
                        },
                        {
                            "x": 1548921600000,
                            "y": 316971
                        },
                        {
                            "x": 1551340800000,
                            "y": 317801
                        },
                        {
                            "x": 1554015600000,
                            "y": 320491
                        },
                        {
                            "x": 1556607600000,
                            "y": 320106
                        },
                        {
                            "x": 1559286000000,
                            "y": 312568
                        },
                        {
                            "x": 1561878000000,
                            "y": 317864
                        },
                        {
                            "x": 1564556400000,
                            "y": 312022
                        },
                        {
                            "x": 1567234800000,
                            "y": 299663
                        },
                        {
                            "x": 1569826800000,
                            "y": 301056
                        },
                        {
                            "x": 1572505200000,
                            "y": 303578
                        },
                        {
                            "x": 1575100800000,
                            "y": 309403
                        },
                        {
                            "x": 1577779200000,
                            "y": 306879
                        },
                        {
                            "x": 1580457600000,
                            "y": 304318
                        },
                        {
                            "x": 1582963200000,
                            "y": 301023
                        },
                        {
                            "x": 1585638000000,
                            "y": 303423
                        },
                        {
                            "x": 1588230000000,
                            "y": 305370
                        },
                        {
                            "x": 1590908400000,
                            "y": 308417
                        },
                        {
                            "x": 1593500400000,
                            "y": 302005
                        },
                        {
                            "x": 1596178800000,
                            "y": 303600
                        },
                        {
                            "x": 1598857200000,
                            "y": 307288
                        },
                        {
                            "x": 1601449200000,
                            "y": 316641
                        },
                        {
                            "x": 1604127600000,
                            "y": 325962
                        },
                        {
                            "x": 1606723200000,
                            "y": 311956
                        },
                        {
                            "x": 1609401600000,
                            "y": 308615
                        },
                        {
                            "x": 1612080000000,
                            "y": 309723
                        },
                        {
                            "x": 1614499200000,
                            "y": 312017
                        },
                        {
                            "x": 1617174000000,
                            "y": 313011
                        },
                        {
                            "x": 1619766000000,
                            "y": 327359
                        },
                        {
                            "x": 1622444400000,
                            "y": 360017
                        },
                        {
                            "x": 1625036400000,
                            "y": 355400
                        },
                        {
                            "x": 1627714800000,
                            "y": 357800
                        },
                        {
                            "x": 1630393200000,
                            "y": 360800
                        },
                        {
                            "x": 1632985200000,
                            "y": 366400
                        },
                        {
                            "x": 1635663600000,
                            "y": 372800
                        },
                        {
                            "x": 1638259200000,
                            "y": 378900
                        },
                        {
                            "x": 1640937600000,
                            "y": 387300
                        },
                        {
                            "x": 1643616000000,
                            "y": 415900
                        },
                        {
                            "x": 1646035200000,
                            "y": 438400
                        },
                        {
                            "x": 1648710000000,
                            "y": 454700
                        },
                        {
                            "x": 1651302000000,
                            "y": 463300
                        },
                        {
                            "x": 1653980400000,
                            "y": 470100
                        },
                        {
                            "x": 1656572400000,
                            "y": 476900
                        },
                        {
                            "x": 1659250800000,
                            "y": 481000
                        },
                        {
                            "x": 1661929200000,
                            "y": 478400
                        },
                        {
                            "x": 1664521200000,
                            "y": 478700
                        },
                        {
                            "x": 1667199600000,
                            "y": 477400
                        },
                        {
                            "x": 1669795200000,
                            "y": 468800
                        },
                        {
                            "x": 1672473600000,
                            "y": 466700
                        },
                        {
                            "x": 1675152000000,
                            "y": 541800
                        },
                        {
                            "x": 1677571200000,
                            "y": 594200
                        },
                        {
                            "x": 1680246000000,
                            "y": 585700
                        },
                        {
                            "x": 1682838000000,
                            "y": 588200
                        },
                        {
                            "x": 1685516400000,
                            "y": 588900
                        },
                        {
                            "x": 1688108400000,
                            "y": 561700
                        },
                        {
                            "x": 1690786800000,
                            "y": 564100
                        },
                        {
                            "x": 1693465200000,
                            "y": 582800
                        },
                        {
                            "x": 1696057200000,
                            "y": 584000
                        },
                        {
                            "x": 1698735600000,
                            "y": 581900
                        },
                        {
                            "x": 1701331200000,
                            "y": 579000
                        },
                        {
                            "x": 1704009600000,
                            "y": 576000
                        },
                        {
                            "x": 1706688000000,
                            "y": 568000
                        },
                        {
                            "x": 1707292800000,
                            "y": 545100
                        }
                    ],
                    "name": "This home"
                },
                {
                    "points": [
                        {
                            "x": 1412751600000,
                            "y": 170000
                        }
                    ],
                    "name": "Sale"
                }
            ]
        }
    }
}