{
    "data": {
        "property": {
            "homeValueChartData": [
                {
                    "points": [
                        {
                            "x": 1393574400000,
                            "y": 571086
                        },
                        {
                            "x": 1396249200000,
                            "y": 573191
                        },
                        {
                            "x": 1398841200000,
                            "y": 559193
                        },
                        {
                            "x": 1401519600000,
                            "y": 564898
                        },
                        {
                            "x": 1404111600000,
                            "y": 547636
                        },
                        {
                            "x": 1406790000000,
                            "y": 561873
                        },
                        {
                            "x": 1409468400000,
                            "y": 564936
                        },
                        {
                            "x": 1412060400000,
                            "y": 548713
                        },
                        {
                            "x": 1414738800000,
                            "y": 542468
                        },
                        {
                            "x": 1417334400000,
                            "y": 544918
                        },
                        {
                            "x": 1420012800000,
                            "y": 551224
                        },
                        {
                            "x": 1422691200000,
                            "y": 583750
                        },
                        {
                            "x": 1425110400000,
                            "y": 603526
                        },
                        {
                            "x": 1427785200000,
                            "y": 592707
                        },
                        {
                            "x": 1430377200000,
                            "y": 610997
                        },
                        {
                            "x": 1433055600000,
                            "y": 592708
                        },
                        {
                            "x": 1435647600000,
                            "y": 607893
                        },
                        {
                            "x": 1438326000000,
                            "y": 590773
                        },
                        {
                            "x": 1441004400000,
                            "y": 580160
                        },
                        {
                            "x": 1443596400000,
                            "y": 576669
                        },
                        {
                            "x": 1446274800000,
                            "y": 566654
                        },
                        {
                            "x": 1448870400000,
                            "y": 619364
                        },
                        {
                            "x": 1451548800000,
                            "y": 622017
                        },
                        {
                            "x": 1454227200000,
                            "y": 614883
                        },
                        {
                            "x": 1456732800000,
                            "y": 617764
                        },
                        {
                            "x": 1459407600000,
                            "y": 626657
                        },
                        {
                            "x": 1461999600000,
                            "y": 644511
                        },
                        {
                            "x": 1464678000000,
                            "y": 658810
                        },
                        {
                            "x": 1467270000000,
                            "y": 677986
                        },
                        {
                            "x": 1469948400000,
                            "y": 680735
                        },
                        {
                            "x": 1472626800000,
                            "y": 673998
                        },
                        {
                            "x": 1475218800000,
                            "y": 682353
                        },
                        {
                            "x": 1477897200000,
                            "y": 687365
                        },
                        {
                            "x": 1480492800000,
                            "y": 681970
                        },
                        {
                            "x": 1483171200000,
                            "y": 673731
                        },
                        {
                            "x": 1485849600000,
                            "y": 664837
                        },
                        {
                            "x": 1488268800000,
                            "y": 680131
                        },
                        {
                            "x": 1490943600000,
                            "y": 670150
                        },
                        {
                            "x": 1493535600000,
                            "y": 655045
                        },
                        {
                            "x": 1496214000000,
                            "y": 642967
                        },
                        {
                            "x": 1498806000000,
                            "y": 639861
                        },
                        {
                            "x": 1501484400000,
                            "y": 632411
                        },
                        {
                            "x": 1504162800000,
                            "y": 643549
                        },
                        {
                            "x": 1506754800000,
                            "y": 621190
                        },
                        {
                            "x": 1509433200000,
                            "y": 616964
                        },
                        {
                            "x": 1512028800000,
                            "y": 611599
                        },
                        {
                            "x": 1514707200000,
                            "y": 632509
                        },
                        {
                            "x": 1517385600000,
                            "y": 650911
                        },
                        {
                            "x": 1519804800000,
                            "y": 647422
                        },
                        {
                            "x": 1522479600000,
                            "y": 653451
                        },
                        {
                            "x": 1525071600000,
                            "y": 652611
                        },
                        {
                            "x": 1527750000000,
                            "y": 658650
                        },
                        {
                            "x": 1530342000000,
                            "y": 648041
                        },
                        {
                            "x": 1533020400000,
                            "y": 656933
                        },
                        {
                            "x": 1535698800000,
                            "y": 649028
                        },
                        {
                            "x": 1538290800000,
                            "y": 652348
                        },
                        {
                            "x": 1540969200000,
                            "y": 645966
                        },
                        {
                            "x": 1543564800000,
                            "y": 643031
                        },
                        {
                            "x": 1546243200000,
                            "y": 630796
                        },
                        {
                            "x": 1548921600000,
                            "y": 617493
                        },
                        {
                            "x": 1551340800000,
                            "y": 618498
                        },
                        {
                            "x": 1554015600000,
                            "y": 643023
                        },
                        {
                            "x": 1556607600000,
                            "y": 627465
                        },
                        {
                            "x": 1559286000000,
                            "y": 620443
                        },
                        {
                            "x": 1561878000000,
                            "y": 647805
                        },
                        {
                            "x": 1564556400000,
                            "y": 646234
                        },
                        {
                            "x": 1567234800000,
                            "y": 645272
                        },
                        {
                            "x": 1569826800000,
                            "y": 661311
                        },
                        {
                            "x": 1572505200000,
                            "y": 667907
                        },
                        {
                            "x": 1575100800000,
                            "y": 653702
                        },
                        {
                            "x": 1577779200000,
                            "y": 653347
                        },
                        {
                            "x": 1580457600000,
                            "y": 658428
                        },
                        {
                            "x": 1582963200000,
                            "y": 665499
                        },
                        {
                            "x": 1585638000000,
                            "y": 667056
                        },
                        {
                            "x": 1588230000000,
                            "y": 727776
                        },
                        {
                            "x": 1590908400000,
                            "y": 726564
                        },
                        {
                            "x": 1593500400000,
                            "y": 721090
                        },
                        {
                            "x": 1596178800000,
                            "y": 719595
                        },
                        {
                            "x": 1598857200000,
                            "y": 731169
                        },
                        {
                            "x": 1601449200000,
                            "y": 755093
                        },
                        {
                            "x": 1604127600000,
                            "y": 749470
                        },
                        {
                            "x": 1606723200000,
                            "y": 759995
                        },
                        {
                            "x": 1609401600000,
                            "y": 763485
                        },
                        {
                            "x": 1612080000000,
                            "y": 787849
                        },
                        {
                            "x": 1614499200000,
                            "y": 796397
                        },
                        {
                            "x": 1617174000000,
                            "y": 790876
                        },
                        {
                            "x": 1619766000000,
                            "y": 817340
                        },
                        {
                            "x": 1622444400000,
                            "y": 803016
                        },
                        {
                            "x": 1625036400000,
                            "y": 822000
                        },
                        {
                            "x": 1627714800000,
                            "y": 845100
                        },
                        {
                            "x": 1630393200000,
                            "y": 869800
                        },
                        {
                            "x": 1632985200000,
                            "y": 890800
                        },
                        {
                            "x": 1635663600000,
                            "y": 903100
                        },
                        {
                            "x": 1638259200000,
                            "y": 918900
                        },
                        {
                            "x": 1640937600000,
                            "y": 941500
                        },
                        {
                            "x": 1643616000000,
                            "y": 957700
                        },
                        {
                            "x": 1646035200000,
                            "y": 985000
                        },
                        {
                            "x": 1648710000000,
                            "y": 1062900
                        },
                        {
                            "x": 1651302000000,
                            "y": 1147800
                        },
                        {
                            "x": 1653980400000,
                            "y": 1213100
                        },
                        {
                            "x": 1656572400000,
                            "y": 1239800
                        },
                        {
                            "x": 1659250800000,
                            "y": 1211300
                        },
                        {
                            "x": 1661929200000,
                            "y": 1160200
                        },
                        {
                            "x": 1664521200000,
                            "y": 1139400
                        },
                        {
                            "x": 1667199600000,
                            "y": 1123400
                        },
                        {
                            "x": 1669795200000,
                            "y": 1090600
                        },
                        {
                            "x": 1672473600000,
                            "y": 1074900
                        },
                        {
                            "x": 1675152000000,
                            "y": 1060200
                        },
                        {
                            "x": 1677571200000,
                            "y": 1066000
                        },
                        {
                            "x": 1680246000000,
                            "y": 1098300
                        },
                        {
                            "x": 1682838000000,
                            "y": 1111100
                        },
                        {
                            "x": 1685516400000,
                            "y": 1118900
                        },
                        {
                            "x": 1688108400000,
                            "y": 1157400
                        },
                        {
                            "x": 1690786800000,
                            "y": 1159500
                        },
                        {
                            "x": 1693465200000,
                            "y": 1144800
                        },
                        {
                            "x": 1696057200000,
                            "y": 1183400
                        },
                        {
                            "x": 1698735600000,
                            "y": 1695800
                        },
                        {
                            "x": 1701331200000,
                            "y": 1472700
                        },
                        {
                            "x": 1704009600000,
                            "y": 1473400
                        },
                        {
                            "x": 1706688000000,
                            "y": 1463100
                        },
                        {
                            "x": 1707292800000,
                            "y": 1434600
                        }
                    ],
                    "name": "This home"
                },
                {
                    "points": [
                        {
                            "x": 1449129600000,
                            "y": 175000
                        }
                    ],
                    "name": "Sale"
                }
            ]
        }
    }
}