{
    "data": {
        "property": {
            "homeValueChartData": [
                {
                    "points": [
                        {
                            "x": 1393574400000,
                            "y": 293637
                        },
                        {
                            "x": 1396249200000,
                            "y": 286549
                        },
                        {
                            "x": 1398841200000,
                            "y": 280236
                        },
                        {
                            "x": 1401519600000,
                            "y": 282834
                        },
                        {
                            "x": 1404111600000,
                            "y": 282722
                        },
                        {
                            "x": 1406790000000,
                            "y": 280045
                        },
                        {
                            "x": 1409468400000,
                            "y": 280190
                        },
                        {
                            "x": 1412060400000,
                            "y": 280853
                        },
                        {
                            "x": 1414738800000,
                            "y": 278703
                        },
                        {
                            "x": 1417334400000,
                            "y": 289907
                        },
                        {
                            "x": 1420012800000,
                            "y": 285350
                        },
                        {
                            "x": 1422691200000,
                            "y": 281497
                        },
                        {
                            "x": 1425110400000,
                            "y": 298245
                        },
                        {
                            "x": 1427785200000,
                            "y": 304216
                        },
                        {
                            "x": 1430377200000,
                            "y": 293218
                        },
                        {
                            "x": 1433055600000,
                            "y": 293501
                        },
                        {
                            "x": 1435647600000,
                            "y": 289316
                        },
                        {
                            "x": 1438326000000,
                            "y": 290562
                        },
                        {
                            "x": 1441004400000,
                            "y": 287403
                        },
                        {
                            "x": 1443596400000,
                            "y": 288987
                        },
                        {
                            "x": 1446274800000,
                            "y": 294259
                        },
                        {
                            "x": 1448870400000,
                            "y": 291331
                        },
                        {
                            "x": 1451548800000,
                            "y": 295777
                        },
                        {
                            "x": 1454227200000,
                            "y": 303803
                        },
                        {
                            "x": 1456732800000,
                            "y": 302801
                        },
                        {
                            "x": 1459407600000,
                            "y": 300121
                        },
                        {
                            "x": 1461999600000,
                            "y": 304392
                        },
                        {
                            "x": 1464678000000,
                            "y": 322823
                        },
                        {
                            "x": 1467270000000,
                            "y": 326522
                        },
                        {
                            "x": 1469948400000,
                            "y": 326350
                        },
                        {
                            "x": 1472626800000,
                            "y": 330178
                        },
                        {
                            "x": 1475218800000,
                            "y": 334689
                        },
                        {
                            "x": 1477897200000,
                            "y": 333437
                        },
                        {
                            "x": 1480492800000,
                            "y": 326216
                        },
                        {
                            "x": 1483171200000,
                            "y": 326426
                        },
                        {
                            "x": 1485849600000,
                            "y": 351392
                        },
                        {
                            "x": 1488268800000,
                            "y": 352459
                        },
                        {
                            "x": 1490943600000,
                            "y": 346068
                        },
                        {
                            "x": 1493535600000,
                            "y": 357438
                        },
                        {
                            "x": 1496214000000,
                            "y": 353208
                        },
                        {
                            "x": 1498806000000,
                            "y": 346977
                        },
                        {
                            "x": 1501484400000,
                            "y": 350957
                        },
                        {
                            "x": 1504162800000,
                            "y": 353017
                        },
                        {
                            "x": 1506754800000,
                            "y": 356343
                        },
                        {
                            "x": 1509433200000,
                            "y": 344749
                        },
                        {
                            "x": 1512028800000,
                            "y": 344111
                        },
                        {
                            "x": 1514707200000,
                            "y": 343476
                        },
                        {
                            "x": 1517385600000,
                            "y": 347738
                        },
                        {
                            "x": 1519804800000,
                            "y": 352609
                        },
                        {
                            "x": 1522479600000,
                            "y": 352592
                        },
                        {
                            "x": 1525071600000,
                            "y": 330893
                        },
                        {
                            "x": 1527750000000,
                            "y": 326872
                        },
                        {
                            "x": 1530342000000,
                            "y": 326854
                        },
                        {
                            "x": 1533020400000,
                            "y": 334166
                        },
                        {
                            "x": 1535698800000,
                            "y": 337172
                        },
                        {
                            "x": 1538290800000,
                            "y": 336313
                        },
                        {
                            "x": 1540969200000,
                            "y": 319882
                        },
                        {
                            "x": 1543564800000,
                            "y": 341128
                        },
                        {
                            "x": 1546243200000,
                            "y": 332862
                        },
                        {
                            "x": 1548921600000,
                            "y": 346382
                        },
                        {
                            "x": 1551340800000,
                            "y": 336936
                        },
                        {
                            "x": 1554015600000,
                            "y": 332571
                        },
                        {
                            "x": 1556607600000,
                            "y": 340033
                        },
                        {
                            "x": 1559286000000,
                            "y": 333182
                        },
                        {
                            "x": 1561878000000,
                            "y": 337013
                        },
                        {
                            "x": 1564556400000,
                            "y": 329904
                        },
                        {
                            "x": 1567234800000,
                            "y": 324697
                        },
                        {
                            "x": 1569826800000,
                            "y": 332988
                        },
                        {
                            "x": 1572505200000,
                            "y": 356146
                        },
                        {
                            "x": 1575100800000,
                            "y": 360509
                        },
                        {
                            "x": 1577779200000,
                            "y": 362376
                        },
                        {
                            "x": 1580457600000,
                            "y": 348863
                        },
                        {
                            "x": 1582963200000,
                            "y": 346356
                        },
                        {
                            "x": 1585638000000,
                            "y": 345318
                        },
                        {
                            "x": 1588230000000,
                            "y": 347603
                        },
                        {
                            "x": 1590908400000,
                            "y": 359625
                        },
                        {
                            "x": 1593500400000,
                            "y": 364371
                        },
                        {
                            "x": 1596178800000,
                            "y": 365590
                        },
                        {
                            "x": 1598857200000,
                            "y": 367046
                        },
                        {
                            "x": 1601449200000,
                            "y": 367854
                        },
                        {
                            "x": 1604127600000,
                            "y": 370217
                        },
                        {
                            "x": 1606723200000,
                            "y": 373750
                        },
                        {
                            "x": 1609401600000,
                            "y": 378405
                        },
                        {
                            "x": 1612080000000,
                            "y": 387897
                        },
                        {
                            "x": 1614499200000,
                            "y": 389415
                        },
                        {
                            "x": 1617174000000,
                            "y": 389053
                        },
                        {
                            "x": 1619766000000,
                            "y": 402109
                        },
                        {
                            "x": 1622444400000,
                            "y": 416861
                        },
                        {
                            "x": 1625036400000,
                            "y": 415200
                        },
                        {
                            "x": 1627714800000,
                            "y": 420600
                        },
                        {
                            "x": 1630393200000,
                            "y": 423400
                        },
                        {
                            "x": 1632985200000,
                            "y": 425900
                        },
                        {
                            "x": 1635663600000,
                            "y": 435300
                        },
                        {
                            "x": 1638259200000,
                            "y": 442700
                        },
                        {
                            "x": 1640937600000,
                            "y": 452000
                        },
                        {
                            "x": 1643616000000,
                            "y": 455300
                        },
                        {
                            "x": 1646035200000,
                            "y": 467700
                        },
                        {
                            "x": 1648710000000,
                            "y": 500400
                        },
                        {
                            "x": 1651302000000,
                            "y": 515100
                        },
                        {
                            "x": 1653980400000,
                            "y": 533200
                        },
                        {
                            "x": 1656572400000,
                            "y": 542200
                        },
                        {
                            "x": 1659250800000,
                            "y": 538800
                        },
                        {
                            "x": 1661929200000,
                            "y": 536200
                        },
                        {
                            "x": 1664521200000,
                            "y": 536900
                        },
                        {
                            "x": 1667199600000,
                            "y": 538000
                        },
                        {
                            "x": 1669795200000,
                            "y": 541700
                        },
                        {
                            "x": 1672473600000,
                            "y": 542800
                        },
                        {
                            "x": 1675152000000,
                            "y": 540100
                        },
                        {
                            "x": 1677571200000,
                            "y": 550500
                        },
                        {
                            "x": 1680246000000,
                            "y": 572400
                        },
                        {
                            "x": 1682838000000,
                            "y": 566400
                        },
                        {
                            "x": 1685516400000,
                            "y": 570400
                        },
                        {
                            "x": 1688108400000,
                            "y": 572900
                        },
                        {
                            "x": 1690786800000,
                            "y": 583600
                        },
                        {
                            "x": 1693465200000,
                            "y": 550200
                        },
                        {
                            "x": 1696057200000,
                            "y": 561900
                        },
                        {
                            "x": 1698735600000,
                            "y": 564800
                        },
                        {
                            "x": 1701331200000,
                            "y": 555400
                        },
                        {
                            "x": 1704009600000,
                            "y": 552800
                        },
                        {
                            "x": 1706688000000,
                            "y": 626600
                        },
                        {
                            "x": 1707206400000,
                            "y": 627400
                        }
                    ],
                    "name": "This home"
                },
                {
                    "points": [
                        {
                            "x": 1611302400000,
                            "y": 282000
                        }
                    ],
                    "name": "Sale"
                }
            ]
        }
    }
}