{
    "data": {
        "property": {
            "homeValueChartData": [
                {
                    "points": [
                        {
                            "x": 1393574400000,
                            "y": 267070
                        },
                        {
                            "x": 1396249200000,
                            "y": 272059
                        },
                        {
                            "x": 1398841200000,
                            "y": 272444
                        },
                        {
                            "x": 1401519600000,
                            "y": 276294
                        },
                        {
                            "x": 1404111600000,
                            "y": 277077
                        },
                        {
                            "x": 1406790000000,
                            "y": 278653
                        },
                        {
                            "x": 1409468400000,
                            "y": 270462
                        },
                        {
                            "x": 1412060400000,
                            "y": 273329
                        },
                        {
                            "x": 1414738800000,
                            "y": 274624
                        },
                        {
                            "x": 1417334400000,
                            "y": 290615
                        },
                        {
                            "x": 1420012800000,
                            "y": 302636
                        },
                        {
                            "x": 1422691200000,
                            "y": 315354
                        },
                        {
                            "x": 1425110400000,
                            "y": 310379
                        },
                        {
                            "x": 1427785200000,
                            "y": 310348
                        },
                        {
                            "x": 1430377200000,
                            "y": 312721
                        },
                        {
                            "x": 1433055600000,
                            "y": 312649
                        },
                        {
                            "x": 1435647600000,
                            "y": 319707
                        },
                        {
                            "x": 1438326000000,
                            "y": 316807
                        },
                        {
                            "x": 1441004400000,
                            "y": 321559
                        },
                        {
                            "x": 1443596400000,
                            "y": 320747
                        },
                        {
                            "x": 1446274800000,
                            "y": 321718
                        },
                        {
                            "x": 1448870400000,
                            "y": 318214
                        },
                        {
                            "x": 1451548800000,
                            "y": 317772
                        },
                        {
                            "x": 1454227200000,
                            "y": 320324
                        },
                        {
                            "x": 1456732800000,
                            "y": 321053
                        },
                        {
                            "x": 1459407600000,
                            "y": 324294
                        },
                        {
                            "x": 1461999600000,
                            "y": 321493
                        },
                        {
                            "x": 1464678000000,
                            "y": 325046
                        },
                        {
                            "x": 1467270000000,
                            "y": 324141
                        },
                        {
                            "x": 1469948400000,
                            "y": 332575
                        },
                        {
                            "x": 1472626800000,
                            "y": 326824
                        },
                        {
                            "x": 1475218800000,
                            "y": 329056
                        },
                        {
                            "x": 1477897200000,
                            "y": 330931
                        },
                        {
                            "x": 1480492800000,
                            "y": 350452
                        },
                        {
                            "x": 1483171200000,
                            "y": 351383
                        },
                        {
                            "x": 1485849600000,
                            "y": 346556
                        },
                        {
                            "x": 1488268800000,
                            "y": 351990
                        },
                        {
                            "x": 1490943600000,
                            "y": 350924
                        },
                        {
                            "x": 1493535600000,
                            "y": 351576
                        },
                        {
                            "x": 1496214000000,
                            "y": 356099
                        },
                        {
                            "x": 1498806000000,
                            "y": 358802
                        },
                        {
                            "x": 1501484400000,
                            "y": 361403
                        },
                        {
                            "x": 1504162800000,
                            "y": 359857
                        },
                        {
                            "x": 1506754800000,
                            "y": 356990
                        },
                        {
                            "x": 1509433200000,
                            "y": 357237
                        },
                        {
                            "x": 1512028800000,
                            "y": 349519
                        },
                        {
                            "x": 1514707200000,
                            "y": 342928
                        },
                        {
                            "x": 1517385600000,
                            "y": 354660
                        },
                        {
                            "x": 1519804800000,
                            "y": 353587
                        },
                        {
                            "x": 1522479600000,
                            "y": 355553
                        },
                        {
                            "x": 1525071600000,
                            "y": 351914
                        },
                        {
                            "x": 1527750000000,
                            "y": 348161
                        },
                        {
                            "x": 1530342000000,
                            "y": 346264
                        },
                        {
                            "x": 1533020400000,
                            "y": 346254
                        },
                        {
                            "x": 1535698800000,
                            "y": 353933
                        },
                        {
                            "x": 1538290800000,
                            "y": 355453
                        },
                        {
                            "x": 1540969200000,
                            "y": 306746
                        },
                        {
                            "x": 1543564800000,
                            "y": 295697
                        },
                        {
                            "x": 1546243200000,
                            "y": 296811
                        },
                        {
                            "x": 1548921600000,
                            "y": 297586
                        },
                        {
                            "x": 1551340800000,
                            "y": 298153
                        },
                        {
                            "x": 1554015600000,
                            "y": 299233
                        },
                        {
                            "x": 1556607600000,
                            "y": 299268
                        },
                        {
                            "x": 1559286000000,
                            "y": 298589
                        },
                        {
                            "x": 1561878000000,
                            "y": 301303
                        },
                        {
                            "x": 1564556400000,
                            "y": 298149
                        },
                        {
                            "x": 1567234800000,
                            "y": 298175
                        },
                        {
                            "x": 1569826800000,
                            "y": 305084
                        },
                        {
                            "x": 1572505200000,
                            "y": 304594
                        },
                        {
                            "x": 1575100800000,
                            "y": 299520
                        },
                        {
                            "x": 1577779200000,
                            "y": 302117
                        },
                        {
                            "x": 1580457600000,
                            "y": 306860
                        },
                        {
                            "x": 1582963200000,
                            "y": 305327
                        },
                        {
                            "x": 1585638000000,
                            "y": 307204
                        },
                        {
                            "x": 1588230000000,
                            "y": 317087
                        },
                        {
                            "x": 1590908400000,
                            "y": 317055
                        },
                        {
                            "x": 1593500400000,
                            "y": 314840
                        },
                        {
                            "x": 1596178800000,
                            "y": 309935
                        },
                        {
                            "x": 1598857200000,
                            "y": 315013
                        },
                        {
                            "x": 1601449200000,
                            "y": 316708
                        },
                        {
                            "x": 1604127600000,
                            "y": 320568
                        },
                        {
                            "x": 1606723200000,
                            "y": 323176
                        },
                        {
                            "x": 1609401600000,
                            "y": 327618
                        },
                        {
                            "x": 1612080000000,
                            "y": 329389
                        },
                        {
                            "x": 1614499200000,
                            "y": 331237
                        },
                        {
                            "x": 1617174000000,
                            "y": 334550
                        },
                        {
                            "x": 1619766000000,
                            "y": 336156
                        },
                        {
                            "x": 1622444400000,
                            "y": 348877
                        },
                        {
                            "x": 1625036400000,
                            "y": 393300
                        },
                        {
                            "x": 1627714800000,
                            "y": 422700
                        },
                        {
                            "x": 1630393200000,
                            "y": 430300
                        },
                        {
                            "x": 1632985200000,
                            "y": 437300
                        },
                        {
                            "x": 1635663600000,
                            "y": 444700
                        },
                        {
                            "x": 1638259200000,
                            "y": 452700
                        },
                        {
                            "x": 1640937600000,
                            "y": 462500
                        },
                        {
                            "x": 1643616000000,
                            "y": 469100
                        },
                        {
                            "x": 1646035200000,
                            "y": 478800
                        },
                        {
                            "x": 1648710000000,
                            "y": 499600
                        },
                        {
                            "x": 1651302000000,
                            "y": 516700
                        },
                        {
                            "x": 1653980400000,
                            "y": 526600
                        },
                        {
                            "x": 1656572400000,
                            "y": 535400
                        },
                        {
                            "x": 1659250800000,
                            "y": 538400
                        },
                        {
                            "x": 1661929200000,
                            "y": 534600
                        },
                        {
                            "x": 1664521200000,
                            "y": 532200
                        },
                        {
                            "x": 1667199600000,
                            "y": 520900
                        },
                        {
                            "x": 1669795200000,
                            "y": 507900
                        },
                        {
                            "x": 1672473600000,
                            "y": 504900
                        },
                        {
                            "x": 1675152000000,
                            "y": 502400
                        },
                        {
                            "x": 1677571200000,
                            "y": 503100
                        },
                        {
                            "x": 1680246000000,
                            "y": 511600
                        },
                        {
                            "x": 1682838000000,
                            "y": 514900
                        },
                        {
                            "x": 1685516400000,
                            "y": 519700
                        },
                        {
                            "x": 1688108400000,
                            "y": 529600
                        },
                        {
                            "x": 1690786800000,
                            "y": 533500
                        },
                        {
                            "x": 1693465200000,
                            "y": 528100
                        },
                        {
                            "x": 1696057200000,
                            "y": 533000
                        },
                        {
                            "x": 1698735600000,
                            "y": 536000
                        },
                        {
                            "x": 1701331200000,
                            "y": 535900
                        },
                        {
                            "x": 1704009600000,
                            "y": 722100
                        },
                        {
                            "x": 1706688000000,
                            "y": 720800
                        },
                        {
                            "x": 1707292800000,
                            "y": 689700
                        }
                    ],
                    "name": "This home"
                },
                {
                    "points": [
                        {
                            "x": 1542787200000,
                            "y": 295000
                        }
                    ],
                    "name": "Sale"
                }
            ]
        }
    }
}