{
    "data": {
        "property": {
            "homeValueChartData": [
                {
                    "points": [
                        {
                            "x": 1393574400000,
                            "y": 53067
                        },
                        {
                            "x": 1396249200000,
                            "y": 53924
                        },
                        {
                            "x": 1398841200000,
                            "y": 52629
                        },
                        {
                            "x": 1401519600000,
                            "y": 53750
                        },
                        {
                            "x": 1404111600000,
                            "y": 53168
                        },
                        {
                            "x": 1406790000000,
                            "y": 54117
                        },
                        {
                            "x": 1409468400000,
                            "y": 53725
                        },
                        {
                            "x": 1412060400000,
                            "y": 54796
                        },
                        {
                            "x": 1414738800000,
                            "y": 54238
                        },
                        {
                            "x": 1417334400000,
                            "y": 53595
                        },
                        {
                            "x": 1420012800000,
                            "y": 54667
                        },
                        {
                            "x": 1422691200000,
                            "y": 55270
                        },
                        {
                            "x": 1425110400000,
                            "y": 56366
                        },
                        {
                            "x": 1427785200000,
                            "y": 55521
                        },
                        {
                            "x": 1430377200000,
                            "y": 56371
                        },
                        {
                            "x": 1433055600000,
                            "y": 56038
                        },
                        {
                            "x": 1435647600000,
                            "y": 57045
                        },
                        {
                            "x": 1438326000000,
                            "y": 56894
                        },
                        {
                            "x": 1441004400000,
                            "y": 57049
                        },
                        {
                            "x": 1443596400000,
                            "y": 57518
                        },
                        {
                            "x": 1446274800000,
                            "y": 58145
                        },
                        {
                            "x": 1448870400000,
                            "y": 58546
                        },
                        {
                            "x": 1451548800000,
                            "y": 58775
                        },
                        {
                            "x": 1454227200000,
                            "y": 59071
                        },
                        {
                            "x": 1456732800000,
                            "y": 59276
                        },
                        {
                            "x": 1459407600000,
                            "y": 59575
                        },
                        {
                            "x": 1461999600000,
                            "y": 59650
                        },
                        {
                            "x": 1464678000000,
                            "y": 60889
                        },
                        {
                            "x": 1467270000000,
                            "y": 61114
                        },
                        {
                            "x": 1469948400000,
                            "y": 61116
                        },
                        {
                            "x": 1472626800000,
                            "y": 61526
                        },
                        {
                            "x": 1475218800000,
                            "y": 63332
                        },
                        {
                            "x": 1477897200000,
                            "y": 68304
                        },
                        {
                            "x": 1480492800000,
                            "y": 70934
                        },
                        {
                            "x": 1483171200000,
                            "y": 71214
                        },
                        {
                            "x": 1485849600000,
                            "y": 80016
                        },
                        {
                            "x": 1488268800000,
                            "y": 79964
                        },
                        {
                            "x": 1490943600000,
                            "y": 77741
                        },
                        {
                            "x": 1493535600000,
                            "y": 79050
                        },
                        {
                            "x": 1496214000000,
                            "y": 75527
                        },
                        {
                            "x": 1498806000000,
                            "y": 80203
                        },
                        {
                            "x": 1501484400000,
                            "y": 80804
                        },
                        {
                            "x": 1504162800000,
                            "y": 81066
                        },
                        {
                            "x": 1506754800000,
                            "y": 81252
                        },
                        {
                            "x": 1509433200000,
                            "y": 82297
                        },
                        {
                            "x": 1512028800000,
                            "y": 81992
                        },
                        {
                            "x": 1514707200000,
                            "y": 82238
                        },
                        {
                            "x": 1517385600000,
                            "y": 82781
                        },
                        {
                            "x": 1519804800000,
                            "y": 83351
                        },
                        {
                            "x": 1522479600000,
                            "y": 85370
                        },
                        {
                            "x": 1525071600000,
                            "y": 84162
                        },
                        {
                            "x": 1527750000000,
                            "y": 85936
                        },
                        {
                            "x": 1530342000000,
                            "y": 86088
                        },
                        {
                            "x": 1533020400000,
                            "y": 86376
                        },
                        {
                            "x": 1535698800000,
                            "y": 87169
                        },
                        {
                            "x": 1538290800000,
                            "y": 86488
                        },
                        {
                            "x": 1540969200000,
                            "y": 86596
                        },
                        {
                            "x": 1543564800000,
                            "y": 87368
                        },
                        {
                            "x": 1546243200000,
                            "y": 87935
                        },
                        {
                            "x": 1548921600000,
                            "y": 88016
                        },
                        {
                            "x": 1551340800000,
                            "y": 88121
                        },
                        {
                            "x": 1554015600000,
                            "y": 88526
                        },
                        {
                            "x": 1556607600000,
                            "y": 88458
                        },
                        {
                            "x": 1559286000000,
                            "y": 87970
                        },
                        {
                            "x": 1561878000000,
                            "y": 88650
                        },
                        {
                            "x": 1564556400000,
                            "y": 88363
                        },
                        {
                            "x": 1567234800000,
                            "y": 88147
                        },
                        {
                            "x": 1569826800000,
                            "y": 90040
                        },
                        {
                            "x": 1572505200000,
                            "y": 89816
                        },
                        {
                            "x": 1575100800000,
                            "y": 88608
                        },
                        {
                            "x": 1577779200000,
                            "y": 89403
                        },
                        {
                            "x": 1580457600000,
                            "y": 90853
                        },
                        {
                            "x": 1582963200000,
                            "y": 90400
                        },
                        {
                            "x": 1585638000000,
                            "y": 90862
                        },
                        {
                            "x": 1588230000000,
                            "y": 93773
                        },
                        {
                            "x": 1590908400000,
                            "y": 93830
                        },
                        {
                            "x": 1593500400000,
                            "y": 91661
                        },
                        {
                            "x": 1596178800000,
                            "y": 87845
                        },
                        {
                            "x": 1598857200000,
                            "y": 87757
                        },
                        {
                            "x": 1601449200000,
                            "y": 90026
                        },
                        {
                            "x": 1604127600000,
                            "y": 89079
                        },
                        {
                            "x": 1606723200000,
                            "y": 88511
                        },
                        {
                            "x": 1609401600000,
                            "y": 89817
                        },
                        {
                            "x": 1612080000000,
                            "y": 89536
                        },
                        {
                            "x": 1614499200000,
                            "y": 90887
                        },
                        {
                            "x": 1617174000000,
                            "y": 91879
                        },
                        {
                            "x": 1619766000000,
                            "y": 95347
                        },
                        {
                            "x": 1622444400000,
                            "y": 96193
                        },
                        {
                            "x": 1625036400000,
                            "y": 104400
                        },
                        {
                            "x": 1627714800000,
                            "y": 110000
                        },
                        {
                            "x": 1630393200000,
                            "y": 112700
                        },
                        {
                            "x": 1632985200000,
                            "y": 114400
                        },
                        {
                            "x": 1635663600000,
                            "y": 117300
                        },
                        {
                            "x": 1638259200000,
                            "y": 119500
                        },
                        {
                            "x": 1640937600000,
                            "y": 119800
                        },
                        {
                            "x": 1643616000000,
                            "y": 121300
                        },
                        {
                            "x": 1646035200000,
                            "y": 124000
                        },
                        {
                            "x": 1648710000000,
                            "y": 128200
                        },
                        {
                            "x": 1651302000000,
                            "y": 130000
                        },
                        {
                            "x": 1653980400000,
                            "y": 133000
                        },
                        {
                            "x": 1656572400000,
                            "y": 135600
                        },
                        {
                            "x": 1659250800000,
                            "y": 137100
                        },
                        {
                            "x": 1661929200000,
                            "y": 137400
                        },
                        {
                            "x": 1664521200000,
                            "y": 140600
                        },
                        {
                            "x": 1667199600000,
                            "y": 140900
                        },
                        {
                            "x": 1669795200000,
                            "y": 143700
                        },
                        {
                            "x": 1672473600000,
                            "y": 147600
                        },
                        {
                            "x": 1675152000000,
                            "y": 149400
                        },
                        {
                            "x": 1677571200000,
                            "y": 149000
                        },
                        {
                            "x": 1680246000000,
                            "y": 146800
                        },
                        {
                            "x": 1682838000000,
                            "y": 145200
                        },
                        {
                            "x": 1685516400000,
                            "y": 146200
                        },
                        {
                            "x": 1688108400000,
                            "y": 148500
                        },
                        {
                            "x": 1690786800000,
                            "y": 148000
                        },
                        {
                            "x": 1693465200000,
                            "y": 160000
                        },
                        {
                            "x": 1696057200000,
                            "y": 154000
                        },
                        {
                            "x": 1698735600000,
                            "y": 156700
                        },
                        {
                            "x": 1701331200000,
                            "y": 156600
                        },
                        {
                            "x": 1704009600000,
                            "y": 153600
                        },
                        {
                            "x": 1706688000000,
                            "y": 155400
                        },
                        {
                            "x": 1707292800000,
                            "y": 151300
                        }
                    ],
                    "name": "This home"
                },
                {
                    "points": [
                        {
                            "x": 1496818800000,
                            "y": 80000
                        }
                    ],
                    "name": "Sale"
                }
            ]
        }
    }
}