{
    "data": {
        "property": {
            "homeValueChartData": [
                {
                    "points": [
                        {
                            "x": 1393574400000,
                            "y": 51880
                        },
                        {
                            "x": 1396249200000,
                            "y": 59466
                        },
                        {
                            "x": 1398841200000,
                            "y": 63627
                        },
                        {
                            "x": 1401519600000,
                            "y": 63260
                        },
                        {
                            "x": 1404111600000,
                            "y": 60810
                        },
                        {
                            "x": 1406790000000,
                            "y": 61415
                        },
                        {
                            "x": 1409468400000,
                            "y": 60373
                        },
                        {
                            "x": 1412060400000,
                            "y": 62063
                        },
                        {
                            "x": 1414738800000,
                            "y": 62552
                        },
                        {
                            "x": 1417334400000,
                            "y": 59990
                        },
                        {
                            "x": 1420012800000,
                            "y": 60678
                        },
                        {
                            "x": 1422691200000,
                            "y": 65839
                        },
                        {
                            "x": 1425110400000,
                            "y": 65578
                        },
                        {
                            "x": 1427785200000,
                            "y": 65219
                        },
                        {
                            "x": 1430377200000,
                            "y": 64844
                        },
                        {
                            "x": 1433055600000,
                            "y": 63761
                        },
                        {
                            "x": 1435647600000,
                            "y": 65086
                        },
                        {
                            "x": 1438326000000,
                            "y": 64245
                        },
                        {
                            "x": 1441004400000,
                            "y": 64404
                        },
                        {
                            "x": 1443596400000,
                            "y": 58412
                        },
                        {
                            "x": 1446274800000,
                            "y": 59916
                        },
                        {
                            "x": 1448870400000,
                            "y": 62428
                        },
                        {
                            "x": 1451548800000,
                            "y": 60767
                        },
                        {
                            "x": 1454227200000,
                            "y": 60516
                        },
                        {
                            "x": 1456732800000,
                            "y": 60200
                        },
                        {
                            "x": 1459407600000,
                            "y": 60287
                        },
                        {
                            "x": 1461999600000,
                            "y": 62459
                        },
                        {
                            "x": 1464678000000,
                            "y": 62241
                        },
                        {
                            "x": 1467270000000,
                            "y": 63460
                        },
                        {
                            "x": 1469948400000,
                            "y": 62989
                        },
                        {
                            "x": 1472626800000,
                            "y": 60604
                        },
                        {
                            "x": 1475218800000,
                            "y": 60280
                        },
                        {
                            "x": 1477897200000,
                            "y": 57767
                        },
                        {
                            "x": 1480492800000,
                            "y": 69435
                        },
                        {
                            "x": 1483171200000,
                            "y": 68940
                        },
                        {
                            "x": 1485849600000,
                            "y": 63205
                        },
                        {
                            "x": 1488268800000,
                            "y": 64186
                        },
                        {
                            "x": 1490943600000,
                            "y": 61077
                        },
                        {
                            "x": 1493535600000,
                            "y": 63379
                        },
                        {
                            "x": 1496214000000,
                            "y": 63039
                        },
                        {
                            "x": 1498806000000,
                            "y": 61190
                        },
                        {
                            "x": 1501484400000,
                            "y": 65049
                        },
                        {
                            "x": 1504162800000,
                            "y": 65600
                        },
                        {
                            "x": 1506754800000,
                            "y": 65812
                        },
                        {
                            "x": 1509433200000,
                            "y": 66917
                        },
                        {
                            "x": 1512028800000,
                            "y": 66252
                        },
                        {
                            "x": 1514707200000,
                            "y": 66484
                        },
                        {
                            "x": 1517385600000,
                            "y": 74686
                        },
                        {
                            "x": 1519804800000,
                            "y": 74044
                        },
                        {
                            "x": 1522479600000,
                            "y": 73795
                        },
                        {
                            "x": 1525071600000,
                            "y": 75225
                        },
                        {
                            "x": 1527750000000,
                            "y": 75839
                        },
                        {
                            "x": 1530342000000,
                            "y": 74411
                        },
                        {
                            "x": 1533020400000,
                            "y": 76314
                        },
                        {
                            "x": 1535698800000,
                            "y": 77513
                        },
                        {
                            "x": 1538290800000,
                            "y": 79327
                        },
                        {
                            "x": 1540969200000,
                            "y": 78551
                        },
                        {
                            "x": 1543564800000,
                            "y": 71052
                        },
                        {
                            "x": 1546243200000,
                            "y": 71078
                        },
                        {
                            "x": 1548921600000,
                            "y": 70593
                        },
                        {
                            "x": 1551340800000,
                            "y": 73460
                        },
                        {
                            "x": 1554015600000,
                            "y": 75790
                        },
                        {
                            "x": 1556607600000,
                            "y": 83427
                        },
                        {
                            "x": 1559286000000,
                            "y": 85548
                        },
                        {
                            "x": 1561878000000,
                            "y": 85987
                        },
                        {
                            "x": 1564556400000,
                            "y": 86062
                        },
                        {
                            "x": 1567234800000,
                            "y": 86055
                        },
                        {
                            "x": 1569826800000,
                            "y": 84543
                        },
                        {
                            "x": 1572505200000,
                            "y": 83900
                        },
                        {
                            "x": 1575100800000,
                            "y": 84942
                        },
                        {
                            "x": 1577779200000,
                            "y": 86562
                        },
                        {
                            "x": 1580457600000,
                            "y": 86434
                        },
                        {
                            "x": 1582963200000,
                            "y": 89844
                        },
                        {
                            "x": 1585638000000,
                            "y": 87866
                        },
                        {
                            "x": 1588230000000,
                            "y": 88120
                        },
                        {
                            "x": 1590908400000,
                            "y": 88956
                        },
                        {
                            "x": 1593500400000,
                            "y": 87584
                        },
                        {
                            "x": 1596178800000,
                            "y": 87804
                        },
                        {
                            "x": 1598857200000,
                            "y": 87227
                        },
                        {
                            "x": 1601449200000,
                            "y": 89874
                        },
                        {
                            "x": 1604127600000,
                            "y": 88560
                        },
                        {
                            "x": 1606723200000,
                            "y": 87578
                        },
                        {
                            "x": 1609401600000,
                            "y": 88422
                        },
                        {
                            "x": 1612080000000,
                            "y": 87323
                        },
                        {
                            "x": 1614499200000,
                            "y": 88550
                        },
                        {
                            "x": 1622444400000,
                            "y": 90179
                        },
                        {
                            "x": 1625036400000,
                            "y": 91400
                        },
                        {
                            "x": 1627714800000,
                            "y": 92000
                        },
                        {
                            "x": 1630393200000,
                            "y": 93900
                        },
                        {
                            "x": 1632985200000,
                            "y": 96100
                        },
                        {
                            "x": 1635663600000,
                            "y": 97300
                        },
                        {
                            "x": 1638259200000,
                            "y": 98500
                        },
                        {
                            "x": 1640937600000,
                            "y": 101100
                        },
                        {
                            "x": 1643616000000,
                            "y": 103200
                        },
                        {
                            "x": 1646035200000,
                            "y": 104100
                        },
                        {
                            "x": 1648710000000,
                            "y": 108400
                        },
                        {
                            "x": 1651302000000,
                            "y": 113400
                        },
                        {
                            "x": 1653980400000,
                            "y": 116100
                        },
                        {
                            "x": 1656572400000,
                            "y": 118500
                        },
                        {
                            "x": 1659250800000,
                            "y": 119800
                        },
                        {
                            "x": 1661929200000,
                            "y": 120000
                        },
                        {
                            "x": 1664521200000,
                            "y": 119800
                        },
                        {
                            "x": 1667199600000,
                            "y": 118800
                        },
                        {
                            "x": 1669795200000,
                            "y": 123300
                        },
                        {
                            "x": 1672473600000,
                            "y": 126700
                        },
                        {
                            "x": 1675152000000,
                            "y": 131600
                        },
                        {
                            "x": 1677571200000,
                            "y": 140800
                        },
                        {
                            "x": 1680246000000,
                            "y": 149900
                        },
                        {
                            "x": 1682838000000,
                            "y": 149500
                        },
                        {
                            "x": 1685516400000,
                            "y": 151300
                        },
                        {
                            "x": 1688108400000,
                            "y": 149300
                        },
                        {
                            "x": 1690786800000,
                            "y": 153400
                        },
                        {
                            "x": 1693465200000,
                            "y": 153800
                        },
                        {
                            "x": 1696057200000,
                            "y": 154300
                        },
                        {
                            "x": 1698735600000,
                            "y": 154300
                        },
                        {
                            "x": 1701331200000,
                            "y": 149800
                        },
                        {
                            "x": 1704009600000,
                            "y": 150500
                        },
                        {
                            "x": 1706688000000,
                            "y": 150400
                        },
                        {
                            "x": 1707292800000,
                            "y": 143800
                        }
                    ],
                    "name": "This home"
                },
                {
                    "points": [
                        {
                            "x": 1623999600000,
                            "y": 90000
                        }
                    ],
                    "name": "Sale"
                }
            ]
        }
    }
}