{
    "data": {
        "property": {
            "homeValueChartData": [
                {
                    "points": [
                        {
                            "x": 1393574400000,
                            "y": 112227
                        },
                        {
                            "x": 1396249200000,
                            "y": 110003
                        },
                        {
                            "x": 1398841200000,
                            "y": 107012
                        },
                        {
                            "x": 1401519600000,
                            "y": 117616
                        },
                        {
                            "x": 1404111600000,
                            "y": 110930
                        },
                        {
                            "x": 1406790000000,
                            "y": 112557
                        },
                        {
                            "x": 1409468400000,
                            "y": 114914
                        },
                        {
                            "x": 1412060400000,
                            "y": 114200
                        },
                        {
                            "x": 1414738800000,
                            "y": 110891
                        },
                        {
                            "x": 1417334400000,
                            "y": 114967
                        },
                        {
                            "x": 1420012800000,
                            "y": 117181
                        },
                        {
                            "x": 1422691200000,
                            "y": 121801
                        },
                        {
                            "x": 1425110400000,
                            "y": 120638
                        },
                        {
                            "x": 1427785200000,
                            "y": 128059
                        },
                        {
                            "x": 1430377200000,
                            "y": 126259
                        },
                        {
                            "x": 1433055600000,
                            "y": 115405
                        },
                        {
                            "x": 1435647600000,
                            "y": 112491
                        },
                        {
                            "x": 1438326000000,
                            "y": 110833
                        },
                        {
                            "x": 1441004400000,
                            "y": 108370
                        },
                        {
                            "x": 1443596400000,
                            "y": 108944
                        },
                        {
                            "x": 1446274800000,
                            "y": 110010
                        },
                        {
                            "x": 1448870400000,
                            "y": 111037
                        },
                        {
                            "x": 1451548800000,
                            "y": 113828
                        },
                        {
                            "x": 1454227200000,
                            "y": 113076
                        },
                        {
                            "x": 1456732800000,
                            "y": 114036
                        },
                        {
                            "x": 1459407600000,
                            "y": 118039
                        },
                        {
                            "x": 1461999600000,
                            "y": 119562
                        },
                        {
                            "x": 1464678000000,
                            "y": 119281
                        },
                        {
                            "x": 1467270000000,
                            "y": 118648
                        },
                        {
                            "x": 1469948400000,
                            "y": 117903
                        },
                        {
                            "x": 1472626800000,
                            "y": 122989
                        },
                        {
                            "x": 1475218800000,
                            "y": 118694
                        },
                        {
                            "x": 1477897200000,
                            "y": 122400
                        },
                        {
                            "x": 1480492800000,
                            "y": 143289
                        },
                        {
                            "x": 1483171200000,
                            "y": 135784
                        },
                        {
                            "x": 1485849600000,
                            "y": 134914
                        },
                        {
                            "x": 1488268800000,
                            "y": 134085
                        },
                        {
                            "x": 1490943600000,
                            "y": 139661
                        },
                        {
                            "x": 1493535600000,
                            "y": 137553
                        },
                        {
                            "x": 1496214000000,
                            "y": 132445
                        },
                        {
                            "x": 1498806000000,
                            "y": 130971
                        },
                        {
                            "x": 1501484400000,
                            "y": 132759
                        },
                        {
                            "x": 1504162800000,
                            "y": 130807
                        },
                        {
                            "x": 1506754800000,
                            "y": 125731
                        },
                        {
                            "x": 1509433200000,
                            "y": 118928
                        },
                        {
                            "x": 1512028800000,
                            "y": 124511
                        },
                        {
                            "x": 1514707200000,
                            "y": 135239
                        },
                        {
                            "x": 1517385600000,
                            "y": 148726
                        },
                        {
                            "x": 1519804800000,
                            "y": 153806
                        },
                        {
                            "x": 1522479600000,
                            "y": 156419
                        },
                        {
                            "x": 1525071600000,
                            "y": 158740
                        },
                        {
                            "x": 1527750000000,
                            "y": 159868
                        },
                        {
                            "x": 1530342000000,
                            "y": 155707
                        },
                        {
                            "x": 1533020400000,
                            "y": 161546
                        },
                        {
                            "x": 1535698800000,
                            "y": 166665
                        },
                        {
                            "x": 1538290800000,
                            "y": 168253
                        },
                        {
                            "x": 1540969200000,
                            "y": 152852
                        },
                        {
                            "x": 1543564800000,
                            "y": 143904
                        },
                        {
                            "x": 1546243200000,
                            "y": 134718
                        },
                        {
                            "x": 1548921600000,
                            "y": 134903
                        },
                        {
                            "x": 1551340800000,
                            "y": 134718
                        },
                        {
                            "x": 1554015600000,
                            "y": 137026
                        },
                        {
                            "x": 1556607600000,
                            "y": 137293
                        },
                        {
                            "x": 1559286000000,
                            "y": 137352
                        },
                        {
                            "x": 1561878000000,
                            "y": 138020
                        },
                        {
                            "x": 1564556400000,
                            "y": 137228
                        },
                        {
                            "x": 1567234800000,
                            "y": 137288
                        },
                        {
                            "x": 1569826800000,
                            "y": 139469
                        },
                        {
                            "x": 1572505200000,
                            "y": 139414
                        },
                        {
                            "x": 1575100800000,
                            "y": 137539
                        },
                        {
                            "x": 1577779200000,
                            "y": 138679
                        },
                        {
                            "x": 1580457600000,
                            "y": 141160
                        },
                        {
                            "x": 1582963200000,
                            "y": 140160
                        },
                        {
                            "x": 1585638000000,
                            "y": 140826
                        },
                        {
                            "x": 1588230000000,
                            "y": 145610
                        },
                        {
                            "x": 1590908400000,
                            "y": 145831
                        },
                        {
                            "x": 1593500400000,
                            "y": 144348
                        },
                        {
                            "x": 1596178800000,
                            "y": 141876
                        },
                        {
                            "x": 1598857200000,
                            "y": 144252
                        },
                        {
                            "x": 1601449200000,
                            "y": 145090
                        },
                        {
                            "x": 1604127600000,
                            "y": 146895
                        },
                        {
                            "x": 1606723200000,
                            "y": 148091
                        },
                        {
                            "x": 1609401600000,
                            "y": 150272
                        },
                        {
                            "x": 1612080000000,
                            "y": 151009
                        },
                        {
                            "x": 1614499200000,
                            "y": 151733
                        },
                        {
                            "x": 1617174000000,
                            "y": 153306
                        },
                        {
                            "x": 1619766000000,
                            "y": 154038
                        },
                        {
                            "x": 1622444400000,
                            "y": 159548
                        },
                        {
                            "x": 1625036400000,
                            "y": 168500
                        },
                        {
                            "x": 1627714800000,
                            "y": 174300
                        },
                        {
                            "x": 1630393200000,
                            "y": 177000
                        },
                        {
                            "x": 1632985200000,
                            "y": 179500
                        },
                        {
                            "x": 1635663600000,
                            "y": 182900
                        },
                        {
                            "x": 1638259200000,
                            "y": 184900
                        },
                        {
                            "x": 1640937600000,
                            "y": 190000
                        },
                        {
                            "x": 1643616000000,
                            "y": 193400
                        },
                        {
                            "x": 1646035200000,
                            "y": 196500
                        },
                        {
                            "x": 1648710000000,
                            "y": 211500
                        },
                        {
                            "x": 1651302000000,
                            "y": 213900
                        },
                        {
                            "x": 1653980400000,
                            "y": 217200
                        },
                        {
                            "x": 1656572400000,
                            "y": 222600
                        },
                        {
                            "x": 1659250800000,
                            "y": 225900
                        },
                        {
                            "x": 1661929200000,
                            "y": 226100
                        },
                        {
                            "x": 1664521200000,
                            "y": 227600
                        },
                        {
                            "x": 1667199600000,
                            "y": 229700
                        },
                        {
                            "x": 1669795200000,
                            "y": 226900
                        },
                        {
                            "x": 1672473600000,
                            "y": 224400
                        },
                        {
                            "x": 1675152000000,
                            "y": 222300
                        },
                        {
                            "x": 1677571200000,
                            "y": 226700
                        },
                        {
                            "x": 1680246000000,
                            "y": 234500
                        },
                        {
                            "x": 1682838000000,
                            "y": 233200
                        },
                        {
                            "x": 1685516400000,
                            "y": 236200
                        },
                        {
                            "x": 1688108400000,
                            "y": 259400
                        },
                        {
                            "x": 1690786800000,
                            "y": 248000
                        },
                        {
                            "x": 1693465200000,
                            "y": 251700
                        },
                        {
                            "x": 1696057200000,
                            "y": 250700
                        },
                        {
                            "x": 1698735600000,
                            "y": 251800
                        },
                        {
                            "x": 1701331200000,
                            "y": 250500
                        },
                        {
                            "x": 1704009600000,
                            "y": 252200
                        },
                        {
                            "x": 1706688000000,
                            "y": 253200
                        },
                        {
                            "x": 1707206400000,
                            "y": 235100
                        }
                    ],
                    "name": "This home"
                },
                {
                    "points": [
                        {
                            "x": 1553842800000,
                            "y": 137000
                        }
                    ],
                    "name": "Sale"
                }
            ]
        }
    }
}