{
    "data": {
        "property": {
            "homeValueChartData": [
                {
                    "points": [
                        {
                            "x": 1393574400000,
                            "y": 63843
                        },
                        {
                            "x": 1396249200000,
                            "y": 65246
                        },
                        {
                            "x": 1398841200000,
                            "y": 73481
                        },
                        {
                            "x": 1401519600000,
                            "y": 73715
                        },
                        {
                            "x": 1404111600000,
                            "y": 71389
                        },
                        {
                            "x": 1406790000000,
                            "y": 73673
                        },
                        {
                            "x": 1409468400000,
                            "y": 72459
                        },
                        {
                            "x": 1412060400000,
                            "y": 72479
                        },
                        {
                            "x": 1414738800000,
                            "y": 70021
                        },
                        {
                            "x": 1417334400000,
                            "y": 70050
                        },
                        {
                            "x": 1420012800000,
                            "y": 72244
                        },
                        {
                            "x": 1422691200000,
                            "y": 74874
                        },
                        {
                            "x": 1425110400000,
                            "y": 75779
                        },
                        {
                            "x": 1427785200000,
                            "y": 71746
                        },
                        {
                            "x": 1430377200000,
                            "y": 73617
                        },
                        {
                            "x": 1433055600000,
                            "y": 75710
                        },
                        {
                            "x": 1435647600000,
                            "y": 78166
                        },
                        {
                            "x": 1438326000000,
                            "y": 78673
                        },
                        {
                            "x": 1441004400000,
                            "y": 81359
                        },
                        {
                            "x": 1443596400000,
                            "y": 81645
                        },
                        {
                            "x": 1446274800000,
                            "y": 85373
                        },
                        {
                            "x": 1448870400000,
                            "y": 77988
                        },
                        {
                            "x": 1451548800000,
                            "y": 76218
                        },
                        {
                            "x": 1454227200000,
                            "y": 80757
                        },
                        {
                            "x": 1456732800000,
                            "y": 88027
                        },
                        {
                            "x": 1459407600000,
                            "y": 86545
                        },
                        {
                            "x": 1461999600000,
                            "y": 83455
                        },
                        {
                            "x": 1464678000000,
                            "y": 83507
                        },
                        {
                            "x": 1467270000000,
                            "y": 83620
                        },
                        {
                            "x": 1469948400000,
                            "y": 84476
                        },
                        {
                            "x": 1472626800000,
                            "y": 81783
                        },
                        {
                            "x": 1475218800000,
                            "y": 84591
                        },
                        {
                            "x": 1477897200000,
                            "y": 87171
                        },
                        {
                            "x": 1480492800000,
                            "y": 88448
                        },
                        {
                            "x": 1483171200000,
                            "y": 88647
                        },
                        {
                            "x": 1485849600000,
                            "y": 90178
                        },
                        {
                            "x": 1488268800000,
                            "y": 89649
                        },
                        {
                            "x": 1490943600000,
                            "y": 92981
                        },
                        {
                            "x": 1493535600000,
                            "y": 93839
                        },
                        {
                            "x": 1496214000000,
                            "y": 93093
                        },
                        {
                            "x": 1498806000000,
                            "y": 92909
                        },
                        {
                            "x": 1501484400000,
                            "y": 95226
                        },
                        {
                            "x": 1504162800000,
                            "y": 95390
                        },
                        {
                            "x": 1506754800000,
                            "y": 94606
                        },
                        {
                            "x": 1509433200000,
                            "y": 93751
                        },
                        {
                            "x": 1512028800000,
                            "y": 93496
                        },
                        {
                            "x": 1514707200000,
                            "y": 93732
                        },
                        {
                            "x": 1517385600000,
                            "y": 95381
                        },
                        {
                            "x": 1519804800000,
                            "y": 95949
                        },
                        {
                            "x": 1522479600000,
                            "y": 96271
                        },
                        {
                            "x": 1525071600000,
                            "y": 96549
                        },
                        {
                            "x": 1527750000000,
                            "y": 97463
                        },
                        {
                            "x": 1530342000000,
                            "y": 97970
                        },
                        {
                            "x": 1533020400000,
                            "y": 98461
                        },
                        {
                            "x": 1535698800000,
                            "y": 99189
                        },
                        {
                            "x": 1538290800000,
                            "y": 98882
                        },
                        {
                            "x": 1540969200000,
                            "y": 98506
                        },
                        {
                            "x": 1543564800000,
                            "y": 99908
                        },
                        {
                            "x": 1546243200000,
                            "y": 100063
                        },
                        {
                            "x": 1548921600000,
                            "y": 100209
                        },
                        {
                            "x": 1551340800000,
                            "y": 100449
                        },
                        {
                            "x": 1554015600000,
                            "y": 101013
                        },
                        {
                            "x": 1556607600000,
                            "y": 101113
                        },
                        {
                            "x": 1559286000000,
                            "y": 100237
                        },
                        {
                            "x": 1561878000000,
                            "y": 101296
                        },
                        {
                            "x": 1564556400000,
                            "y": 100586
                        },
                        {
                            "x": 1567234800000,
                            "y": 100257
                        },
                        {
                            "x": 1569826800000,
                            "y": 102836
                        },
                        {
                            "x": 1572505200000,
                            "y": 102539
                        },
                        {
                            "x": 1575100800000,
                            "y": 100913
                        },
                        {
                            "x": 1577779200000,
                            "y": 101807
                        },
                        {
                            "x": 1580457600000,
                            "y": 103534
                        },
                        {
                            "x": 1582963200000,
                            "y": 102830
                        },
                        {
                            "x": 1585638000000,
                            "y": 103623
                        },
                        {
                            "x": 1588230000000,
                            "y": 106923
                        },
                        {
                            "x": 1590908400000,
                            "y": 106966
                        },
                        {
                            "x": 1593500400000,
                            "y": 106073
                        },
                        {
                            "x": 1596178800000,
                            "y": 103868
                        },
                        {
                            "x": 1598857200000,
                            "y": 105864
                        },
                        {
                            "x": 1601449200000,
                            "y": 106602
                        },
                        {
                            "x": 1604127600000,
                            "y": 108090
                        },
                        {
                            "x": 1606723200000,
                            "y": 109085
                        },
                        {
                            "x": 1609401600000,
                            "y": 110726
                        },
                        {
                            "x": 1612080000000,
                            "y": 111320
                        },
                        {
                            "x": 1614499200000,
                            "y": 111991
                        },
                        {
                            "x": 1617174000000,
                            "y": 112339
                        },
                        {
                            "x": 1619766000000,
                            "y": 117434
                        },
                        {
                            "x": 1622444400000,
                            "y": 121793
                        },
                        {
                            "x": 1625036400000,
                            "y": 123800
                        },
                        {
                            "x": 1627714800000,
                            "y": 125300
                        },
                        {
                            "x": 1630393200000,
                            "y": 124600
                        },
                        {
                            "x": 1632985200000,
                            "y": 125500
                        },
                        {
                            "x": 1635663600000,
                            "y": 128600
                        },
                        {
                            "x": 1638259200000,
                            "y": 130500
                        },
                        {
                            "x": 1640937600000,
                            "y": 133000
                        },
                        {
                            "x": 1643616000000,
                            "y": 136200
                        },
                        {
                            "x": 1646035200000,
                            "y": 139700
                        },
                        {
                            "x": 1648710000000,
                            "y": 145100
                        },
                        {
                            "x": 1651302000000,
                            "y": 151500
                        },
                        {
                            "x": 1653980400000,
                            "y": 156500
                        },
                        {
                            "x": 1656572400000,
                            "y": 160200
                        },
                        {
                            "x": 1659250800000,
                            "y": 163400
                        },
                        {
                            "x": 1661929200000,
                            "y": 163400
                        },
                        {
                            "x": 1664521200000,
                            "y": 166300
                        },
                        {
                            "x": 1667199600000,
                            "y": 168000
                        },
                        {
                            "x": 1669795200000,
                            "y": 168800
                        },
                        {
                            "x": 1672473600000,
                            "y": 168200
                        },
                        {
                            "x": 1675152000000,
                            "y": 167300
                        },
                        {
                            "x": 1677571200000,
                            "y": 167900
                        },
                        {
                            "x": 1680246000000,
                            "y": 170000
                        },
                        {
                            "x": 1682838000000,
                            "y": 166600
                        },
                        {
                            "x": 1685516400000,
                            "y": 168200
                        },
                        {
                            "x": 1688108400000,
                            "y": 165300
                        },
                        {
                            "x": 1690786800000,
                            "y": 176700
                        },
                        {
                            "x": 1693465200000,
                            "y": 177100
                        },
                        {
                            "x": 1696057200000,
                            "y": 176000
                        },
                        {
                            "x": 1698735600000,
                            "y": 177900
                        },
                        {
                            "x": 1701331200000,
                            "y": 175100
                        },
                        {
                            "x": 1704009600000,
                            "y": 157900
                        },
                        {
                            "x": 1706688000000,
                            "y": 140400
                        },
                        {
                            "x": 1707206400000,
                            "y": 141000
                        }
                    ],
                    "name": "This home"
                },
                {
                    "points": [
                        {
                            "x": 1521442800000,
                            "y": 96000
                        }
                    ],
                    "name": "Sale"
                }
            ]
        }
    }
}