{
    "data": {
        "property": {
            "homeValueChartData": [
                {
                    "points": [
                        {
                            "x": 1393574400000,
                            "y": 832602
                        },
                        {
                            "x": 1396249200000,
                            "y": 839703
                        },
                        {
                            "x": 1398841200000,
                            "y": 821137
                        },
                        {
                            "x": 1401519600000,
                            "y": 845994
                        },
                        {
                            "x": 1404111600000,
                            "y": 827821
                        },
                        {
                            "x": 1406790000000,
                            "y": 813494
                        },
                        {
                            "x": 1409468400000,
                            "y": 795384
                        },
                        {
                            "x": 1412060400000,
                            "y": 826055
                        },
                        {
                            "x": 1414738800000,
                            "y": 826845
                        },
                        {
                            "x": 1417334400000,
                            "y": 893901
                        },
                        {
                            "x": 1420012800000,
                            "y": 885210
                        },
                        {
                            "x": 1422691200000,
                            "y": 838850
                        },
                        {
                            "x": 1425110400000,
                            "y": 856090
                        },
                        {
                            "x": 1427785200000,
                            "y": 849994
                        },
                        {
                            "x": 1430377200000,
                            "y": 892816
                        },
                        {
                            "x": 1433055600000,
                            "y": 916700
                        },
                        {
                            "x": 1435647600000,
                            "y": 907874
                        },
                        {
                            "x": 1438326000000,
                            "y": 1184204
                        },
                        {
                            "x": 1441004400000,
                            "y": 1180902
                        },
                        {
                            "x": 1443596400000,
                            "y": 1191818
                        },
                        {
                            "x": 1446274800000,
                            "y": 1188144
                        },
                        {
                            "x": 1448870400000,
                            "y": 1092477
                        },
                        {
                            "x": 1451548800000,
                            "y": 1096097
                        },
                        {
                            "x": 1454227200000,
                            "y": 1103111
                        },
                        {
                            "x": 1456732800000,
                            "y": 1108675
                        },
                        {
                            "x": 1459407600000,
                            "y": 1108675
                        },
                        {
                            "x": 1461999600000,
                            "y": 1040655
                        },
                        {
                            "x": 1464678000000,
                            "y": 1045980
                        },
                        {
                            "x": 1467270000000,
                            "y": 948173
                        },
                        {
                            "x": 1469948400000,
                            "y": 936051
                        },
                        {
                            "x": 1472626800000,
                            "y": 1106934
                        },
                        {
                            "x": 1475218800000,
                            "y": 1099995
                        },
                        {
                            "x": 1477897200000,
                            "y": 1080334
                        },
                        {
                            "x": 1480492800000,
                            "y": 936453
                        },
                        {
                            "x": 1483171200000,
                            "y": 945486
                        },
                        {
                            "x": 1485849600000,
                            "y": 936621
                        },
                        {
                            "x": 1488268800000,
                            "y": 933436
                        },
                        {
                            "x": 1490943600000,
                            "y": 1020425
                        },
                        {
                            "x": 1493535600000,
                            "y": 1018691
                        },
                        {
                            "x": 1496214000000,
                            "y": 1019254
                        },
                        {
                            "x": 1498806000000,
                            "y": 1015021
                        },
                        {
                            "x": 1501484400000,
                            "y": 1004773
                        },
                        {
                            "x": 1504162800000,
                            "y": 991311
                        },
                        {
                            "x": 1506754800000,
                            "y": 989925
                        },
                        {
                            "x": 1509433200000,
                            "y": 1040201
                        },
                        {
                            "x": 1512028800000,
                            "y": 1047207
                        },
                        {
                            "x": 1514707200000,
                            "y": 1037401
                        },
                        {
                            "x": 1517385600000,
                            "y": 1038669
                        },
                        {
                            "x": 1519804800000,
                            "y": 1043181
                        },
                        {
                            "x": 1522479600000,
                            "y": 1043181
                        },
                        {
                            "x": 1525071600000,
                            "y": 844411
                        },
                        {
                            "x": 1527750000000,
                            "y": 852966
                        },
                        {
                            "x": 1530342000000,
                            "y": 862339
                        },
                        {
                            "x": 1533020400000,
                            "y": 868527
                        },
                        {
                            "x": 1535698800000,
                            "y": 844345
                        },
                        {
                            "x": 1538290800000,
                            "y": 814798
                        },
                        {
                            "x": 1540969200000,
                            "y": 826254
                        },
                        {
                            "x": 1543564800000,
                            "y": 820526
                        },
                        {
                            "x": 1546243200000,
                            "y": 828104
                        },
                        {
                            "x": 1548921600000,
                            "y": 821301
                        },
                        {
                            "x": 1551340800000,
                            "y": 810544
                        },
                        {
                            "x": 1554015600000,
                            "y": 825339
                        },
                        {
                            "x": 1556607600000,
                            "y": 811460
                        },
                        {
                            "x": 1559286000000,
                            "y": 809940
                        },
                        {
                            "x": 1561878000000,
                            "y": 808672
                        },
                        {
                            "x": 1564556400000,
                            "y": 805813
                        },
                        {
                            "x": 1567234800000,
                            "y": 799287
                        },
                        {
                            "x": 1569826800000,
                            "y": 791223
                        },
                        {
                            "x": 1572505200000,
                            "y": 806342
                        },
                        {
                            "x": 1575100800000,
                            "y": 811222
                        },
                        {
                            "x": 1577779200000,
                            "y": 806056
                        },
                        {
                            "x": 1580457600000,
                            "y": 793764
                        },
                        {
                            "x": 1582963200000,
                            "y": 804633
                        },
                        {
                            "x": 1585638000000,
                            "y": 809932
                        },
                        {
                            "x": 1588230000000,
                            "y": 843364
                        },
                        {
                            "x": 1590908400000,
                            "y": 851313
                        },
                        {
                            "x": 1593500400000,
                            "y": 841590
                        },
                        {
                            "x": 1596178800000,
                            "y": 839309
                        },
                        {
                            "x": 1598857200000,
                            "y": 848215
                        },
                        {
                            "x": 1601449200000,
                            "y": 1033318
                        },
                        {
                            "x": 1604127600000,
                            "y": 1051515
                        },
                        {
                            "x": 1606723200000,
                            "y": 871488
                        },
                        {
                            "x": 1609401600000,
                            "y": 875260
                        },
                        {
                            "x": 1612080000000,
                            "y": 875039
                        },
                        {
                            "x": 1614499200000,
                            "y": 859584
                        },
                        {
                            "x": 1617174000000,
                            "y": 880056
                        },
                        {
                            "x": 1619766000000,
                            "y": 906967
                        },
                        {
                            "x": 1622444400000,
                            "y": 952362
                        },
                        {
                            "x": 1625036400000,
                            "y": 955900
                        },
                        {
                            "x": 1627714800000,
                            "y": 975500
                        },
                        {
                            "x": 1630393200000,
                            "y": 992900
                        },
                        {
                            "x": 1632985200000,
                            "y": 1009700
                        },
                        {
                            "x": 1635663600000,
                            "y": 1023600
                        },
                        {
                            "x": 1638259200000,
                            "y": 1047100
                        },
                        {
                            "x": 1640937600000,
                            "y": 1078200
                        },
                        {
                            "x": 1643616000000,
                            "y": 1109500
                        },
                        {
                            "x": 1646035200000,
                            "y": 1136100
                        },
                        {
                            "x": 1648710000000,
                            "y": 1215600
                        },
                        {
                            "x": 1651302000000,
                            "y": 1303400
                        },
                        {
                            "x": 1653980400000,
                            "y": 1373700
                        },
                        {
                            "x": 1656572400000,
                            "y": 1400700
                        },
                        {
                            "x": 1659250800000,
                            "y": 1384900
                        },
                        {
                            "x": 1661929200000,
                            "y": 1333000
                        },
                        {
                            "x": 1664521200000,
                            "y": 1323300
                        },
                        {
                            "x": 1667199600000,
                            "y": 1303500
                        },
                        {
                            "x": 1669795200000,
                            "y": 1282400
                        },
                        {
                            "x": 1672473600000,
                            "y": 1269800
                        },
                        {
                            "x": 1675152000000,
                            "y": 1261700
                        },
                        {
                            "x": 1677571200000,
                            "y": 1277200
                        },
                        {
                            "x": 1680246000000,
                            "y": 2017300
                        },
                        {
                            "x": 1682838000000,
                            "y": 2032100
                        },
                        {
                            "x": 1685516400000,
                            "y": 1841600
                        },
                        {
                            "x": 1688108400000,
                            "y": 1858700
                        },
                        {
                            "x": 1690786800000,
                            "y": 1738100
                        },
                        {
                            "x": 1693465200000,
                            "y": 1771500
                        },
                        {
                            "x": 1696057200000,
                            "y": 1840800
                        },
                        {
                            "x": 1698735600000,
                            "y": 1832700
                        },
                        {
                            "x": 1701331200000,
                            "y": 1826900
                        },
                        {
                            "x": 1704009600000,
                            "y": 1817900
                        },
                        {
                            "x": 1706688000000,
                            "y": 1798800
                        },
                        {
                            "x": 1707292800000,
                            "y": 1704600
                        }
                    ],
                    "name": "This home"
                }
            ]
        }
    }
}