{
    "data": {
        "property": {
            "homeValueChartData": [
                {
                    "points": [
                        {
                            "x": 1393574400000,
                            "y": 114017
                        },
                        {
                            "x": 1396249200000,
                            "y": 115946
                        },
                        {
                            "x": 1398841200000,
                            "y": 112730
                        },
                        {
                            "x": 1401519600000,
                            "y": 115166
                        },
                        {
                            "x": 1404111600000,
                            "y": 113891
                        },
                        {
                            "x": 1406790000000,
                            "y": 116006
                        },
                        {
                            "x": 1409468400000,
                            "y": 115281
                        },
                        {
                            "x": 1412060400000,
                            "y": 117371
                        },
                        {
                            "x": 1414738800000,
                            "y": 116212
                        },
                        {
                            "x": 1417334400000,
                            "y": 114866
                        },
                        {
                            "x": 1420012800000,
                            "y": 117043
                        },
                        {
                            "x": 1422691200000,
                            "y": 118317
                        },
                        {
                            "x": 1425110400000,
                            "y": 120602
                        },
                        {
                            "x": 1427785200000,
                            "y": 118971
                        },
                        {
                            "x": 1430377200000,
                            "y": 120797
                        },
                        {
                            "x": 1433055600000,
                            "y": 120153
                        },
                        {
                            "x": 1435647600000,
                            "y": 122315
                        },
                        {
                            "x": 1438326000000,
                            "y": 122066
                        },
                        {
                            "x": 1441004400000,
                            "y": 122302
                        },
                        {
                            "x": 1443596400000,
                            "y": 123197
                        },
                        {
                            "x": 1446274800000,
                            "y": 124650
                        },
                        {
                            "x": 1448870400000,
                            "y": 125416
                        },
                        {
                            "x": 1451548800000,
                            "y": 125918
                        },
                        {
                            "x": 1454227200000,
                            "y": 126611
                        },
                        {
                            "x": 1456732800000,
                            "y": 127073
                        },
                        {
                            "x": 1459407600000,
                            "y": 127457
                        },
                        {
                            "x": 1461999600000,
                            "y": 127576
                        },
                        {
                            "x": 1464678000000,
                            "y": 130323
                        },
                        {
                            "x": 1467270000000,
                            "y": 130818
                        },
                        {
                            "x": 1469948400000,
                            "y": 129438
                        },
                        {
                            "x": 1472626800000,
                            "y": 122465
                        },
                        {
                            "x": 1475218800000,
                            "y": 124853
                        },
                        {
                            "x": 1477897200000,
                            "y": 123807
                        },
                        {
                            "x": 1480492800000,
                            "y": 130500
                        },
                        {
                            "x": 1483171200000,
                            "y": 136591
                        },
                        {
                            "x": 1485849600000,
                            "y": 131950
                        },
                        {
                            "x": 1488268800000,
                            "y": 131242
                        },
                        {
                            "x": 1490943600000,
                            "y": 129734
                        },
                        {
                            "x": 1493535600000,
                            "y": 128830
                        },
                        {
                            "x": 1496214000000,
                            "y": 128987
                        },
                        {
                            "x": 1498806000000,
                            "y": 130885
                        },
                        {
                            "x": 1501484400000,
                            "y": 130989
                        },
                        {
                            "x": 1504162800000,
                            "y": 130367
                        },
                        {
                            "x": 1506754800000,
                            "y": 130244
                        },
                        {
                            "x": 1509433200000,
                            "y": 131532
                        },
                        {
                            "x": 1512028800000,
                            "y": 135656
                        },
                        {
                            "x": 1514707200000,
                            "y": 133973
                        },
                        {
                            "x": 1517385600000,
                            "y": 142827
                        },
                        {
                            "x": 1519804800000,
                            "y": 142861
                        },
                        {
                            "x": 1522479600000,
                            "y": 143467
                        },
                        {
                            "x": 1525071600000,
                            "y": 143501
                        },
                        {
                            "x": 1527750000000,
                            "y": 150231
                        },
                        {
                            "x": 1530342000000,
                            "y": 147878
                        },
                        {
                            "x": 1533020400000,
                            "y": 136697
                        },
                        {
                            "x": 1535698800000,
                            "y": 142126
                        },
                        {
                            "x": 1538290800000,
                            "y": 137063
                        },
                        {
                            "x": 1540969200000,
                            "y": 136729
                        },
                        {
                            "x": 1543564800000,
                            "y": 142095
                        },
                        {
                            "x": 1546243200000,
                            "y": 145842
                        },
                        {
                            "x": 1548921600000,
                            "y": 140571
                        },
                        {
                            "x": 1551340800000,
                            "y": 140821
                        },
                        {
                            "x": 1554015600000,
                            "y": 141432
                        },
                        {
                            "x": 1556607600000,
                            "y": 138962
                        },
                        {
                            "x": 1559286000000,
                            "y": 135068
                        },
                        {
                            "x": 1561878000000,
                            "y": 135767
                        },
                        {
                            "x": 1564556400000,
                            "y": 135165
                        },
                        {
                            "x": 1567234800000,
                            "y": 135240
                        },
                        {
                            "x": 1569826800000,
                            "y": 135650
                        },
                        {
                            "x": 1572505200000,
                            "y": 140778
                        },
                        {
                            "x": 1575100800000,
                            "y": 140635
                        },
                        {
                            "x": 1577779200000,
                            "y": 141717
                        },
                        {
                            "x": 1580457600000,
                            "y": 142085
                        },
                        {
                            "x": 1582963200000,
                            "y": 137252
                        },
                        {
                            "x": 1585638000000,
                            "y": 142375
                        },
                        {
                            "x": 1588230000000,
                            "y": 147074
                        },
                        {
                            "x": 1590908400000,
                            "y": 145995
                        },
                        {
                            "x": 1593500400000,
                            "y": 144955
                        },
                        {
                            "x": 1596178800000,
                            "y": 141338
                        },
                        {
                            "x": 1598857200000,
                            "y": 141872
                        },
                        {
                            "x": 1601449200000,
                            "y": 138831
                        },
                        {
                            "x": 1604127600000,
                            "y": 139277
                        },
                        {
                            "x": 1606723200000,
                            "y": 144908
                        },
                        {
                            "x": 1609401600000,
                            "y": 146514
                        },
                        {
                            "x": 1612080000000,
                            "y": 146873
                        },
                        {
                            "x": 1614499200000,
                            "y": 139496
                        },
                        {
                            "x": 1617174000000,
                            "y": 137997
                        },
                        {
                            "x": 1619766000000,
                            "y": 144260
                        },
                        {
                            "x": 1622444400000,
                            "y": 140666
                        },
                        {
                            "x": 1625036400000,
                            "y": 143800
                        },
                        {
                            "x": 1627714800000,
                            "y": 146000
                        },
                        {
                            "x": 1630393200000,
                            "y": 145700
                        },
                        {
                            "x": 1632985200000,
                            "y": 148200
                        },
                        {
                            "x": 1635663600000,
                            "y": 151000
                        },
                        {
                            "x": 1638259200000,
                            "y": 153400
                        },
                        {
                            "x": 1640937600000,
                            "y": 155500
                        },
                        {
                            "x": 1643616000000,
                            "y": 157800
                        },
                        {
                            "x": 1646035200000,
                            "y": 160000
                        },
                        {
                            "x": 1648710000000,
                            "y": 166300
                        },
                        {
                            "x": 1651302000000,
                            "y": 171500
                        },
                        {
                            "x": 1653980400000,
                            "y": 175700
                        },
                        {
                            "x": 1656572400000,
                            "y": 179500
                        },
                        {
                            "x": 1659250800000,
                            "y": 180300
                        },
                        {
                            "x": 1661929200000,
                            "y": 180200
                        },
                        {
                            "x": 1664521200000,
                            "y": 183300
                        },
                        {
                            "x": 1667199600000,
                            "y": 183200
                        },
                        {
                            "x": 1669795200000,
                            "y": 183100
                        },
                        {
                            "x": 1672473600000,
                            "y": 184600
                        },
                        {
                            "x": 1675152000000,
                            "y": 184300
                        },
                        {
                            "x": 1677571200000,
                            "y": 189500
                        },
                        {
                            "x": 1680246000000,
                            "y": 197500
                        },
                        {
                            "x": 1682838000000,
                            "y": 196400
                        },
                        {
                            "x": 1685516400000,
                            "y": 199600
                        },
                        {
                            "x": 1688108400000,
                            "y": 206800
                        },
                        {
                            "x": 1690786800000,
                            "y": 207700
                        },
                        {
                            "x": 1693465200000,
                            "y": 205400
                        },
                        {
                            "x": 1696057200000,
                            "y": 207500
                        },
                        {
                            "x": 1698735600000,
                            "y": 210300
                        },
                        {
                            "x": 1701331200000,
                            "y": 249100
                        },
                        {
                            "x": 1704009600000,
                            "y": 234500
                        },
                        {
                            "x": 1706688000000,
                            "y": 235800
                        },
                        {
                            "x": 1707206400000,
                            "y": 225300
                        }
                    ],
                    "name": "This home"
                }
            ]
        }
    }
}