{
    "user_info": {
        "isLoggedIn": false,
        "hasHousingConnectorPermission": false,
        "savedHomesCount": 0,
        "personalizedSearchTraceID": "53307c7cd76e072be3104967705b099f",
        "guid": "c9d130f6-0597-452e-b0a7-63e7238e393b",
        "zuid": "",
        "isBot": false,
        "email": "",
        "displayName": ""
    },
    "map_state": {
        "customRegionPolygonWkt": null,
        "schoolPolygonWkt": null,
        "isCurrentLocationSearch": false,
        "userPosition": {
            "lat": null,
            "lon": null
        }
    },
    "region_state": {
        "regionInfo": [
            {
                "regionId": 72467,
                "regionType": 7,
                "regionName": "33164",
                "displayName": "North Miami Beach FL 33164",
                "isPointRegion": true
            }
        ],
        "regionBounds": {
            "north": 25.946715,
            "south": 25.910484999999998,
            "east": -80.172785,
            "west": -80.209015
        }
    },
    "search_page_seo": {
        "baseUrl": "/north-miami-beach-fl-33164/",
        "windowTitle": "33164 Real Estate - 33164 Homes For Sale | Zillow",
        "metaDescription": "Zillow has 71 homes for sale in 33164. View listing photos, review sales history, and use our detailed real estate filters to find the perfect place."
    },
    "request_id": 4
}