{
    "user_info": {
        "isLoggedIn": false,
        "hasHousingConnectorPermission": false,
        "savedHomesCount": 0,
        "personalizedSearchTraceID": "c3c25ef94b3ed4aad2fab11dfdf8cc29",
        "guid": "b864dc8f-4537-49b6-be21-91e51a7f9936",
        "zuid": "",
        "isBot": false,
        "email": "",
        "displayName": ""
    },
    "map_state": {
        "customRegionPolygonWkt": null,
        "schoolPolygonWkt": null,
        "isCurrentLocationSearch": false,
        "userPosition": {
            "lat": null,
            "lon": null
        }
    },
    "region_state": {
        "regionInfo": [
            {
                "regionId": 72413,
                "regionType": 7,
                "regionName": "33093",
                "displayName": "Coconut Creek FL 33093",
                "isPointRegion": true
            }
        ],
        "regionBounds": {
            "north": 26.262715,
            "south": 26.226484999999997,
            "east": -80.169385,
            "west": -80.205615
        }
    },
    "search_page_seo": {
        "baseUrl": "/coconut-creek-fl-33093/",
        "windowTitle": "33093 Real Estate - 33093 Homes For Sale | Zillow",
        "metaDescription": "Zillow has 162 homes for sale in 33093. View listing photos, review sales history, and use our detailed real estate filters to find the perfect place."
    },
    "request_id": 4
}