[
    {
        "zpid": "2054303339",
        "id": "2054303339",
        "rawHomeStatusCd": "ForSale",
        "marketingStatusSimplifiedCd": "New Construction",
        "imgSrc": "https://photos.zillowstatic.com/fp/f76db72b64c25b7d6ac42f178805d5d4-p_e.jpg",
        "hasImage": true,
        "detailUrl": "https://www.zillow.com/homedetails/6290-NW-22nd-Ct-6290-Miami-FL-33147/2054303339_zpid/",
        "statusType": "FOR_SALE",
        "statusText": "New construction",
        "countryCurrency": "$",
        "price": "$399,000",
        "unformattedPrice": 399000,
        "address": "6290 NW 22nd Ct #6290, Miami, FL 33147",
        "addressStreet": "6290 NW 22nd Ct #6290",
        "addressCity": "Miami",
        "addressState": "FL",
        "addressZipcode": "33147",
        "isUndisclosedAddress": false,
        "beds": 3,
        "baths": 3.0,
        "area": 1200,
        "latLong": {
            "latitude": 25.832142,
            "longitude": -80.2343
        },
        "isZillowOwned": false,
        "variableData": {
            "type": "DAYS_ON",
            "text": "72 days on Zillow"
        },
        "hdpData": {
            "homeInfo": {
                "zpid": 2054303339,
                "streetAddress": "6290 NW 22nd Ct #6290",
                "zipcode": "33147",
                "city": "Miami",
                "state": "FL",
                "latitude": 25.832142,
                "longitude": -80.2343,
                "price": 399000.0,
                "bathrooms": 3.0,
                "bedrooms": 3.0,
                "livingArea": 1200.0,
                "homeType": "CONDO",
                "homeStatus": "FOR_SALE",
                "daysOnZillow": 72,
                "isFeatured": false,
                "shouldHighlight": false,
                "zestimate": 398100,
                "rentZestimate": 2938,
                "listing_sub_type": {
                    "is_newHome": true
                },
                "isUnmappable": false,
                "isPreforeclosureAuction": false,
                "homeStatusForHDP": "FOR_SALE",
                "priceForHDP": 399000.0,
                "timeOnZillow": 6227572000,
                "newConstructionType": "NEW_CONSTRUCTION_TYPE_OTHER",
                "isNonOwnerOccupied": true,
                "isPremierBuilder": false,
                "isZillowOwned": false,
                "currency": "USD",
                "country": "USA",
                "unit": "# 6290",
                "lotAreaValue": 0.0,
                "lotAreaUnit": "sqft",
                "isShowcaseListing": false
            }
        },
        "isSaved": false,
        "isUserClaimingOwner": false,
        "isUserConfirmedClaim": false,
        "pgapt": "ForSale",
        "sgapt": "New Construction",
        "zestimate": 398100,
        "shouldShowZestimateAsPrice": false,
        "has3DModel": false,
        "hasVideo": false,
        "isHomeRec": false,
        "hasAdditionalAttributions": true,
        "isFeaturedListing": false,
        "isShowcaseListing": false,
        "list": true,
        "relaxed": false,
        "info3String": "https://photos.zillowstatic.com/fp/a8b02d5ac61ac8b9a11bda64382b4f89-zillow_web_48_23.jpg",
        "brokerName": "Brokers, LLC",
        "carouselPhotos": [
            {
                "url": "https://photos.zillowstatic.com/fp/f76db72b64c25b7d6ac42f178805d5d4-p_e.jpg"
            },
            {
                "url": "https://photos.zillowstatic.com/fp/83173407a1d83527e79a1fa882e506ca-p_e.jpg"
            },
            {
                "url": "https://photos.zillowstatic.com/fp/b5a0cbf0aa016fca635c24ebb09d5db6-p_e.jpg"
            },
            {
                "url": "https://photos.zillowstatic.com/fp/c5315e4cb1dbb5722bebd962e6396fbb-p_e.jpg"
            },
            {
                "url": "https://photos.zillowstatic.com/fp/e6dd26d6c019a83b721a2ef5eef0e5ba-p_e.jpg"
            },
            {
                "url": "https://photos.zillowstatic.com/fp/a126e56637743e0505e0dff6ab34383f-p_e.jpg"
            },
            {
                "url": "https://photos.zillowstatic.com/fp/ae2105b78f2c69ce5dfe2daba27ffeff-p_e.jpg"
            },
            {
                "url": "https://photos.zillowstatic.com/fp/20b6b0324a36d13d09c93912b5aea7ea-p_e.jpg"
            },
            {
                "url": "https://photos.zillowstatic.com/fp/b68c862b67875f727b1e19ef5a8941fd-p_e.jpg"
            },
            {
                "url": "https://photos.zillowstatic.com/fp/0f06b006a8b3ffb5f19a1cfb98655a6b-p_e.jpg"
            },
            {
                "url": "https://photos.zillowstatic.com/fp/062b913db5f33dc2cfd24852443cbd76-p_e.jpg"
            },
            {
                "url": "https://photos.zillowstatic.com/fp/f7a1bd5527d87aaf2256e1af0551a8c9-p_e.jpg"
            },
            {
                "url": "https://photos.zillowstatic.com/fp/40099420306f0f5f1ee5aff34c9ad04e-p_e.jpg"
            },
            {
                "url": "https://photos.zillowstatic.com/fp/bd40f462c628822c6bba2b454c08404e-p_e.jpg"
            },
            {
                "url": "https://photos.zillowstatic.com/fp/a312bdeeefe7d0d5ecfe10b63be1eee8-p_e.jpg"
            },
            {
                "url": "https://photos.zillowstatic.com/fp/638659bda319cfbefa72dd728f2e488b-p_e.jpg"
            },
            {
                "url": "https://photos.zillowstatic.com/fp/971e5b6695ebbc06b3c9fcf3163f73b8-p_e.jpg"
            },
            {
                "url": "https://photos.zillowstatic.com/fp/cdef0f4887fe03cb52632b47ed81d27f-p_e.jpg"
            },
            {
                "url": "https://photos.zillowstatic.com/fp/31f0419ec7b1cf5bcb5a79db501cd243-p_e.jpg"
            },
            {
                "url": "https://photos.zillowstatic.com/fp/c756e2281f342d32fced76e6a192ed98-p_e.jpg"
            },
            {
                "url": "https://photos.zillowstatic.com/fp/a6c82acd131859ec76c0ef1cdd5d61c0-p_e.jpg"
            },
            {
                "url": "https://photos.zillowstatic.com/fp/deb2857c6f90d0a60c52ab87be8a86d9-p_e.jpg"
            },
            {
                "url": "https://photos.zillowstatic.com/fp/cf6f3433a3e691623b99fa9a1aa12aee-p_e.jpg"
            },
            {
                "url": "https://photos.zillowstatic.com/fp/5bffe0e26243a614d70d826a58b7711e-p_e.jpg"
            },
            {
                "url": "https://photos.zillowstatic.com/fp/9a7115c751229a952753dbf12b1eb0b7-p_e.jpg"
            },
            {
                "url": "https://photos.zillowstatic.com/fp/0b9a5f094dc19a18b4cbf9110438a475-p_e.jpg"
            }
        ],
        "rooms": []
    },
    {
        "zpid": "70760991",
        "id": "70760991",
        "rawHomeStatusCd": "ForSale",
        "marketingStatusSimplifiedCd": "For Sale by Agent",
        "imgSrc": "https://photos.zillowstatic.com/fp/d6728a8ca9863c9cd8ed444da7d63d14-p_e.jpg",
        "hasImage": true,
        "detailUrl": "https://www.zillow.com/homedetails/6311-NW-17th-Ave-Miami-FL-33147/70760991_zpid/",
        "statusType": "FOR_SALE",
        "statusText": "Multi-family home for sale",
        "countryCurrency": "$",
        "price": "$679,999",
        "unformattedPrice": 679999,
        "address": "6311 NW 17th Ave, Miami, FL 33147",
        "addressStreet": "6311 NW 17th Ave",
        "addressCity": "Miami",
        "addressState": "FL",
        "addressZipcode": "33147",
        "isUndisclosedAddress": false,
        "beds": 4,
        "baths": 3.0,
        "area": 1680,
        "latLong": {
            "latitude": 25.833221,
            "longitude": -80.22473
        },
        "isZillowOwned": false,
        "hdpData": {
            "homeInfo": {
                "zpid": 70760991,
                "streetAddress": "6311 NW 17th Ave",
                "zipcode": "33147",
                "city": "Miami",
                "state": "FL",
                "latitude": 25.833221,
                "longitude": -80.22473,
                "price": 679999.0,
                "datePriceChanged": 1664607600000,
                "bathrooms": 3.0,
                "bedrooms": 4.0,
                "livingArea": 1680.0,
                "homeType": "MULTI_FAMILY",
                "homeStatus": "FOR_SALE",
                "daysOnZillow": -1,
                "isFeatured": false,
                "shouldHighlight": false,
                "rentZestimate": 3684,
                "listing_sub_type": {
                    "is_FSBA": true
                },
                "priceReduction": "",
                "isUnmappable": false,
                "isPreforeclosureAuction": false,
                "homeStatusForHDP": "FOR_SALE",
                "priceForHDP": 679999.0,
                "priceChange": -19901,
                "isNonOwnerOccupied": true,
                "isPremierBuilder": false,
                "isZillowOwned": false,
                "currency": "USD",
                "country": "USA",
                "taxAssessedValue": 256154.0,
                "lotAreaValue": 4050.0,
                "lotAreaUnit": "sqft",
                "isShowcaseListing": false
            }
        },
        "isSaved": false,
        "isUserClaimingOwner": false,
        "isUserConfirmedClaim": false,
        "pgapt": "ForSale",
        "sgapt": "For Sale (Broker)",
        "shouldShowZestimateAsPrice": false,
        "has3DModel": false,
        "hasVideo": false,
        "isHomeRec": false,
        "hasAdditionalAttributions": true,
        "isFeaturedListing": false,
        "isShowcaseListing": false,
        "list": true,
        "relaxed": false,
        "info3String": "https://photos.zillowstatic.com/fp/e39375731b4bce0deb161dcc85f92017-zillow_web_48_23.jpg",
        "brokerName": "LA ROSA REALTY PRESTIGE",
        "carouselPhotos": [
            {
                "url": "https://photos.zillowstatic.com/fp/d6728a8ca9863c9cd8ed444da7d63d14-p_e.jpg"
            },
            {
                "url": "https://photos.zillowstatic.com/fp/b92f8be54128bc513235f7f3080c4db4-p_e.jpg"
            },
            {
                "url": "https://photos.zillowstatic.com/fp/6def06cfd87a4118b86ea8e213ec661d-p_e.jpg"
            },
            {
                "url": "https://photos.zillowstatic.com/fp/63ba28c495ce99f1a0b781caf85f0607-p_e.jpg"
            },
            {
                "url": "https://photos.zillowstatic.com/fp/772dd252668cc21397c4ecc34596460a-p_e.jpg"
            },
            {
                "url": "https://photos.zillowstatic.com/fp/908a2c4ee49661b9bac70d61d3d0704e-p_e.jpg"
            },
            {
                "url": "https://photos.zillowstatic.com/fp/e5b17d5e2af90e2f3468867a2fa61e69-p_e.jpg"
            },
            {
                "url": "https://photos.zillowstatic.com/fp/e37a2c5ea01e07361b7827a2fd828391-p_e.jpg"
            },
            {
                "url": "https://photos.zillowstatic.com/fp/6210ad76244acec89a2ee8e71b721b97-p_e.jpg"
            },
            {
                "url": "https://photos.zillowstatic.com/fp/4fa7c5678c1cc5d6b031062a960ab30b-p_e.jpg"
            },
            {
                "url": "https://photos.zillowstatic.com/fp/8ebcb10d26cc321e86a1d2b206cf7451-p_e.jpg"
            },
            {
                "url": "https://photos.zillowstatic.com/fp/a075d9ace292440f2be36e89ec569e80-p_e.jpg"
            },
            {
                "url": "https://photos.zillowstatic.com/fp/a0d2371c4bafaeb6eb85501afeae3b72-p_e.jpg"
            },
            {
                "url": "https://photos.zillowstatic.com/fp/6afe7d47f5966c85629a140979e46296-p_e.jpg"
            },
            {
                "url": "https://photos.zillowstatic.com/fp/b6ad106913e2d0d4b6be979ca936b1ea-p_e.jpg"
            },
            {
                "url": "https://photos.zillowstatic.com/fp/48c21a2e755a16f311bd8ad75c180297-p_e.jpg"
            },
            {
                "url": "https://photos.zillowstatic.com/fp/5a25e2dbb19c34312f9c77056ccf9139-p_e.jpg"
            },
            {
                "url": "https://photos.zillowstatic.com/fp/c15bafe63895b453d75d985e1ac5c86b-p_e.jpg"
            },
            {
                "url": "https://photos.zillowstatic.com/fp/12f275b576f9ecb7fa9df5d9725c534d-p_e.jpg"
            },
            {
                "url": "https://photos.zillowstatic.com/fp/b5a8e2d587a90fc0e538acd800e9a460-p_e.jpg"
            },
            {
                "url": "https://photos.zillowstatic.com/fp/751e96e8260dcf23a6b09a0835e49b4a-p_e.jpg"
            },
            {
                "url": "https://photos.zillowstatic.com/fp/9519a3f014996f65d33e8c9c0872dc28-p_e.jpg"
            },
            {
                "url": "https://photos.zillowstatic.com/fp/d22b0eb229764ea34a4c2ffa56625317-p_e.jpg"
            },
            {
                "url": "https://photos.zillowstatic.com/fp/d942b3ce5f29db4c1fc871791e917bbb-p_e.jpg"
            }
        ],
        "rooms": []
    }
]