{
    "user_info": {
        "isLoggedIn": false,
        "hasHousingConnectorPermission": false,
        "savedHomesCount": 0,
        "personalizedSearchTraceID": "59429c9c073d99f3eb6d36784658cc96",
        "guid": "62de9bcd-583c-4cec-8235-19412875b680",
        "zuid": "",
        "isBot": false,
        "email": "",
        "displayName": ""
    },
    "map_state": {
        "customRegionPolygonWkt": null,
        "schoolPolygonWkt": null,
        "isCurrentLocationSearch": false,
        "userPosition": {
            "lat": null,
            "lon": null
        }
    },
    "region_state": {
        "regionInfo": [
            {
                "regionId": 72450,
                "regionType": 7,
                "regionName": "33147",
                "displayName": "West Little River FL 33147",
                "isPointRegion": false
            }
        ],
        "regionBounds": {
            "north": 25.874407,
            "south": 25.82976,
            "east": -80.209826,
            "west": -80.260218
        }
    },
    "search_page_seo": {
        "baseUrl": "/west-little-river-fl-33147/",
        "windowTitle": "33147 Real Estate - 33147 Homes For Sale | Zillow",
        "metaDescription": "Zillow has 2 homes for sale in 33147. View listing photos, review sales history, and use our detailed real estate filters to find the perfect place."
    },
    "request_id": 4
}