{
    "user_info": {
        "isLoggedIn": false,
        "hasHousingConnectorPermission": false,
        "savedHomesCount": 0,
        "personalizedSearchTraceID": "d50234cffa20bbd87f8415f855ba057e",
        "guid": "26bf2ab9-d951-4a8a-a09d-ace9dfe03730",
        "zuid": "",
        "isBot": false,
        "email": "",
        "displayName": ""
    },
    "map_state": {
        "customRegionPolygonWkt": null,
        "schoolPolygonWkt": null,
        "isCurrentLocationSearch": false,
        "userPosition": {
            "lat": null,
            "lon": null
        }
    },
    "region_state": {
        "regionInfo": [
            {
                "regionId": 72444,
                "regionType": 7,
                "regionName": "33141",
                "displayName": "Miami Beach FL 33141",
                "isPointRegion": false
            }
        ],
        "regionBounds": {
            "north": 25.87271,
            "south": 25.826914,
            "east": -80.111314,
            "west": -80.163468
        }
    },
    "search_page_seo": {
        "baseUrl": "/miami-beach-fl-33141/",
        "windowTitle": "33141 Real Estate - 33141 Homes For Sale | Zillow",
        "metaDescription": "Zillow has 55 homes for sale in 33141. View listing photos, review sales history, and use our detailed real estate filters to find the perfect place."
    },
    "request_id": 4
}