[
    {
        "zpid": "46660209",
        "id": "46660209",
        "rawHomeStatusCd": "ForSale",
        "marketingStatusSimplifiedCd": "For Sale by Agent",
        "imgSrc": "https://photos.zillowstatic.com/fp/bee87d010fb7316c38c087ba17e57a44-p_e.jpg",
        "hasImage": true,
        "detailUrl": "https://www.zillow.com/homedetails/7848-Cummings-Ln-Boca-Raton-FL-33433/46660209_zpid/",
        "statusType": "FOR_SALE",
        "statusText": "House for sale",
        "countryCurrency": "$",
        "price": "$2,200,000",
        "unformattedPrice": 2200000,
        "address": "7848 Cummings Ln, Boca Raton, FL 33433",
        "addressStreet": "7848 Cummings Ln",
        "addressCity": "Boca Raton",
        "addressState": "FL",
        "addressZipcode": "33433",
        "isUndisclosedAddress": false,
        "beds": 6,
        "baths": 5.0,
        "area": 3992,
        "latLong": {
            "latitude": 26.343466,
            "longitude": -80.16764
        },
        "isZillowOwned": false,
        "variableData": {
            "type": "PRICE_REDUCTION",
            "text": "$200,000 (Dec 15)"
        },
        "hdpData": {
            "homeInfo": {
                "zpid": 46660209,
                "streetAddress": "7848 Cummings Ln",
                "zipcode": "33433",
                "city": "Boca Raton",
                "state": "FL",
                "latitude": 26.343466,
                "longitude": -80.16764,
                "price": 2200000.0,
                "datePriceChanged": 1702627200000,
                "bathrooms": 5.0,
                "bedrooms": 6.0,
                "livingArea": 3992.0,
                "homeType": "SINGLE_FAMILY",
                "homeStatus": "FOR_SALE",
                "daysOnZillow": 307,
                "isFeatured": false,
                "shouldHighlight": false,
                "zestimate": 1985700,
                "rentZestimate": 12982,
                "listing_sub_type": {
                    "is_FSBA": true
                },
                "priceReduction": "$200,000 (Dec 15)",
                "isUnmappable": false,
                "isPreforeclosureAuction": false,
                "homeStatusForHDP": "FOR_SALE",
                "priceForHDP": 2200000.0,
                "priceChange": -200000,
                "timeOnZillow": 26554429000,
                "isNonOwnerOccupied": true,
                "isPremierBuilder": false,
                "isZillowOwned": false,
                "currency": "USD",
                "country": "USA",
                "taxAssessedValue": 1203722.0,
                "lotAreaValue": 0.25984848484848483,
                "lotAreaUnit": "acres",
                "isShowcaseListing": false
            }
        },
        "isSaved": false,
        "isUserClaimingOwner": false,
        "isUserConfirmedClaim": false,
        "pgapt": "ForSale",
        "sgapt": "For Sale (Broker)",
        "zestimate": 1985700,
        "shouldShowZestimateAsPrice": false,
        "has3DModel": false,
        "hasVideo": false,
        "isHomeRec": false,
        "hasAdditionalAttributions": true,
        "isFeaturedListing": false,
        "isShowcaseListing": false,
        "list": true,
        "relaxed": false,
        "info2String": "Listing provided by BeachesMLS",
        "info3String": "https://photos.zillowstatic.com/fp/11470fbfca6bd246a8708da0ff0e5603-zillow_web_48_23.jpg",
        "brokerName": "Eleanor Ager Realty Inc.",
        "carouselPhotos": [
            {
                "url": "https://photos.zillowstatic.com/fp/bee87d010fb7316c38c087ba17e57a44-p_e.jpg"
            },
            {
                "url": "https://photos.zillowstatic.com/fp/b523009fdde546ee5254d24e9a8d9c1e-p_e.jpg"
            },
            {
                "url": "https://photos.zillowstatic.com/fp/6267e69b5674df2561da2ce310e48514-p_e.jpg"
            },
            {
                "url": "https://photos.zillowstatic.com/fp/4a270a62747312b0ffb806968a0a5459-p_e.jpg"
            },
            {
                "url": "https://photos.zillowstatic.com/fp/b3d6dbb304cf87a1d54af2a7997cf474-p_e.jpg"
            },
            {
                "url": "https://photos.zillowstatic.com/fp/265bc8f272cf49b79a22acf9c9bd1b34-p_e.jpg"
            },
            {
                "url": "https://photos.zillowstatic.com/fp/9aa91de56e71d6c6104c0320a512fa27-p_e.jpg"
            },
            {
                "url": "https://photos.zillowstatic.com/fp/5e8a9050a49eb810ea3721432d787d67-p_e.jpg"
            },
            {
                "url": "https://photos.zillowstatic.com/fp/60f0dc4cf0d6b941b0d10d09ff9f5d71-p_e.jpg"
            },
            {
                "url": "https://photos.zillowstatic.com/fp/f8e1d01ccc347e8aaef4e2cb2804d01b-p_e.jpg"
            },
            {
                "url": "https://photos.zillowstatic.com/fp/dc96e1308bde0e53c47073ed673bdc79-p_e.jpg"
            },
            {
                "url": "https://photos.zillowstatic.com/fp/8d13bd5a2b9d07269c5dcd45f2931a99-p_e.jpg"
            },
            {
                "url": "https://photos.zillowstatic.com/fp/1b1f52b7d4fa6c4fe5804fc47c8a8f9e-p_e.jpg"
            },
            {
                "url": "https://photos.zillowstatic.com/fp/9508a39cae87cc2d8d1f7182910be9cb-p_e.jpg"
            },
            {
                "url": "https://photos.zillowstatic.com/fp/54e4e50e57cace70d288e4fa644f376a-p_e.jpg"
            },
            {
                "url": "https://photos.zillowstatic.com/fp/531b23f11d3146c14ac134ce6f3f21d0-p_e.jpg"
            },
            {
                "url": "https://photos.zillowstatic.com/fp/a246c80622a2c3f610b99622b8ec2752-p_e.jpg"
            },
            {
                "url": "https://photos.zillowstatic.com/fp/984a8a6140fe85228819ede140d142c8-p_e.jpg"
            },
            {
                "url": "https://photos.zillowstatic.com/fp/e6c694e8bcfa88ee880e9fd8496e07b3-p_e.jpg"
            },
            {
                "url": "https://photos.zillowstatic.com/fp/a0bf106ee9a798870029687154bceba9-p_e.jpg"
            },
            {
                "url": "https://photos.zillowstatic.com/fp/3db923a6ff1b6e515693091ab605eb39-p_e.jpg"
            },
            {
                "url": "https://photos.zillowstatic.com/fp/30bff4aae29cd69a2a41f982e6279a41-p_e.jpg"
            },
            {
                "url": "https://photos.zillowstatic.com/fp/ad4eb66d47345d59ec9b8622fb61568d-p_e.jpg"
            },
            {
                "url": "https://photos.zillowstatic.com/fp/b0032a013dc4d5cec9f1a315488371f0-p_e.jpg"
            },
            {
                "url": "https://photos.zillowstatic.com/fp/4b3ce18b193300d0cac55ef58da16112-p_e.jpg"
            },
            {
                "url": "https://photos.zillowstatic.com/fp/479d3462ced164bb1f3e28b09016b8c6-p_e.jpg"
            },
            {
                "url": "https://photos.zillowstatic.com/fp/dedf63db10bfaf9abfc9d7011f3f9ffa-p_e.jpg"
            },
            {
                "url": "https://photos.zillowstatic.com/fp/61d6ebd02fe0f7650a9c91a57d951f68-p_e.jpg"
            },
            {
                "url": "https://photos.zillowstatic.com/fp/17008a9088e51c257f10160f900876c1-p_e.jpg"
            },
            {
                "url": "https://photos.zillowstatic.com/fp/dff3d0d8df850db64c996c3c888525cc-p_e.jpg"
            },
            {
                "url": "https://photos.zillowstatic.com/fp/c18ccf986ba9a0215cec9f0248c50790-p_e.jpg"
            },
            {
                "url": "https://photos.zillowstatic.com/fp/0d2c10e4ad18cdcfc3761db5121ec8da-p_e.jpg"
            },
            {
                "url": "https://photos.zillowstatic.com/fp/f56457551aff788f8939375378e2a675-p_e.jpg"
            },
            {
                "url": "https://photos.zillowstatic.com/fp/1ee581872ed5edc7b4b3a8ab8644014c-p_e.jpg"
            },
            {
                "url": "https://photos.zillowstatic.com/fp/dc20d38404581590d720a0fe01ec9c8e-p_e.jpg"
            },
            {
                "url": "https://photos.zillowstatic.com/fp/095147225b3822e8cbc818558ca24282-p_e.jpg"
            },
            {
                "url": "https://photos.zillowstatic.com/fp/57e3bfb89b76f063eb7e5169591024bd-p_e.jpg"
            },
            {
                "url": "https://photos.zillowstatic.com/fp/fdc60b98ee33819086492dd16a4e9a27-p_e.jpg"
            },
            {
                "url": "https://photos.zillowstatic.com/fp/1f2e4145ce9c51398f022d2034beebe0-p_e.jpg"
            },
            {
                "url": "https://photos.zillowstatic.com/fp/e40aeeecaa4db7fe313af5eab88c8a87-p_e.jpg"
            },
            {
                "url": "https://photos.zillowstatic.com/fp/9c58d8f27122224027cecabe0b9d0f96-p_e.jpg"
            },
            {
                "url": "https://photos.zillowstatic.com/fp/2777476cc0c60b969d1f73cdf72df2a2-p_e.jpg"
            },
            {
                "url": "https://photos.zillowstatic.com/fp/c433b5c70be85b1d83607eb5f88ecb18-p_e.jpg"
            },
            {
                "url": "https://photos.zillowstatic.com/fp/0fa74a80ef0842a6f821d4495ee46752-p_e.jpg"
            },
            {
                "url": "https://photos.zillowstatic.com/fp/ea059696bce74a7a44d4fee1c7dea538-p_e.jpg"
            },
            {
                "url": "https://photos.zillowstatic.com/fp/bfcae234e0b7923709f81e685d7b1732-p_e.jpg"
            },
            {
                "url": "https://photos.zillowstatic.com/fp/a8ae07b91751dd987419073a35ef6286-p_e.jpg"
            },
            {
                "url": "https://photos.zillowstatic.com/fp/d2bcf99052a48457161985ce3048b752-p_e.jpg"
            },
            {
                "url": "https://photos.zillowstatic.com/fp/387498cc7ada51b6cb9e67d1775a1777-p_e.jpg"
            },
            {
                "url": "https://photos.zillowstatic.com/fp/25b427ea34b6642098f31182a739817e-p_e.jpg"
            },
            {
                "url": "https://photos.zillowstatic.com/fp/fc6377ad74d1bff98bf7b67766136d7b-p_e.jpg"
            },
            {
                "url": "https://photos.zillowstatic.com/fp/193b35b5d28e0c090b6a8f4be7e01c69-p_e.jpg"
            },
            {
                "url": "https://photos.zillowstatic.com/fp/9d3890c70a9a124cbb50d7a14787669e-p_e.jpg"
            },
            {
                "url": "https://photos.zillowstatic.com/fp/dd369e4a973b5b55fb22476afa1c7766-p_e.jpg"
            },
            {
                "url": "https://photos.zillowstatic.com/fp/150d47780c4cbc27a4c3a23f2da4461e-p_e.jpg"
            },
            {
                "url": "https://photos.zillowstatic.com/fp/abd2f18eb010c31515ee69c39f9fbf8e-p_e.jpg"
            }
        ],
        "rooms": [
            {
                "roomArea": 191.26,
                "roomAreaUnits": null
            },
            {
                "roomArea": 128.25,
                "roomAreaUnits": null
            },
            {
                "roomArea": 210.1,
                "roomAreaUnits": null
            },
            {
                "roomArea": 190.65,
                "roomAreaUnits": null
            },
            {
                "roomArea": 141.6,
                "roomAreaUnits": null
            },
            {
                "roomArea": 220.17,
                "roomAreaUnits": null
            },
            {
                "roomArea": 231.0,
                "roomAreaUnits": null
            }
        ]
    },
    {
        "zpid": "2060725152",
        "id": "2060725152",
        "rawHomeStatusCd": "ForSale",
        "marketingStatusSimplifiedCd": "For Sale by Agent",
        "imgSrc": "https://photos.zillowstatic.com/fp/e8f93cee87d8d3a972dce9d50dd0dadf-p_e.jpg",
        "hasImage": true,
        "detailUrl": "https://www.zillow.com/homedetails/196-Mansfield-E-196-Boca-Raton-FL-33434/2060725152_zpid/",
        "statusType": "FOR_SALE",
        "statusText": "Condo for sale",
        "countryCurrency": "$",
        "price": "$235,770",
        "unformattedPrice": 235770,
        "address": "196 Mansfield E #196, Boca Raton, FL 33434",
        "addressStreet": "196 Mansfield E #196",
        "addressCity": "Boca Raton",
        "addressState": "FL",
        "addressZipcode": "33434",
        "isUndisclosedAddress": false,
        "beds": 2,
        "baths": 2.0,
        "area": 840,
        "latLong": {
            "latitude": 26.39122,
            "longitude": -80.174736
        },
        "isZillowOwned": false,
        "variableData": {
            "type": "DAYS_ON",
            "text": "318 days on Zillow"
        },
        "hdpData": {
            "homeInfo": {
                "zpid": 2060725152,
                "streetAddress": "196 Mansfield E #196",
                "zipcode": "33434",
                "city": "Boca Raton",
                "state": "FL",
                "latitude": 26.39122,
                "longitude": -80.174736,
                "price": 235770.0,
                "datePriceChanged": 1703836800000,
                "bathrooms": 2.0,
                "bedrooms": 2.0,
                "livingArea": 840.0,
                "homeType": "CONDO",
                "homeStatus": "FOR_SALE",
                "daysOnZillow": 318,
                "isFeatured": false,
                "shouldHighlight": false,
                "zestimate": 219400,
                "rentZestimate": 2187,
                "listing_sub_type": {
                    "is_FSBA": true
                },
                "isUnmappable": false,
                "isPreforeclosureAuction": false,
                "homeStatusForHDP": "FOR_SALE",
                "priceForHDP": 235770.0,
                "priceChange": 20,
                "timeOnZillow": 27484291000,
                "isNonOwnerOccupied": true,
                "isPremierBuilder": false,
                "isZillowOwned": false,
                "currency": "USD",
                "country": "USA",
                "unit": "# 196",
                "lotAreaValue": 0.0,
                "lotAreaUnit": "sqft",
                "isShowcaseListing": false
            }
        },
        "isSaved": false,
        "isUserClaimingOwner": false,
        "isUserConfirmedClaim": false,
        "pgapt": "ForSale",
        "sgapt": "For Sale (Broker)",
        "zestimate": 219400,
        "shouldShowZestimateAsPrice": false,
        "has3DModel": false,
        "hasVideo": false,
        "isHomeRec": false,
        "hasAdditionalAttributions": true,
        "isFeaturedListing": false,
        "isShowcaseListing": false,
        "list": true,
        "relaxed": false,
        "info3String": "https://photos.zillowstatic.com/fp/a8b02d5ac61ac8b9a11bda64382b4f89-zillow_web_48_23.jpg",
        "brokerName": "LPT Realty",
        "carouselPhotos": [
            {
                "url": "https://photos.zillowstatic.com/fp/e8f93cee87d8d3a972dce9d50dd0dadf-p_e.jpg"
            },
            {
                "url": "https://photos.zillowstatic.com/fp/b2e868a5a9243067e8321a6a533a12bb-p_e.jpg"
            },
            {
                "url": "https://photos.zillowstatic.com/fp/0fd51bc2f9e49ea1586e383945075a50-p_e.jpg"
            },
            {
                "url": "https://photos.zillowstatic.com/fp/a34cdbe010a05f0473d547edb5cbcf9b-p_e.jpg"
            },
            {
                "url": "https://photos.zillowstatic.com/fp/d50d93c8e5ce5e7b2507573c516ffe83-p_e.jpg"
            },
            {
                "url": "https://photos.zillowstatic.com/fp/27aa67edcec4fa212ad2bda6f3b356a3-p_e.jpg"
            },
            {
                "url": "https://photos.zillowstatic.com/fp/507945721c440539b512b611a9996982-p_e.jpg"
            },
            {
                "url": "https://photos.zillowstatic.com/fp/84b81d28165124b34a0c3f96af1286c9-p_e.jpg"
            },
            {
                "url": "https://photos.zillowstatic.com/fp/0a341deeee8843e9f7cc97843a37e4e3-p_e.jpg"
            },
            {
                "url": "https://photos.zillowstatic.com/fp/01df49a6ec713775dd4b99837f1398c5-p_e.jpg"
            },
            {
                "url": "https://photos.zillowstatic.com/fp/4478c5b17d60e6141757373febbbbd32-p_e.jpg"
            },
            {
                "url": "https://photos.zillowstatic.com/fp/577c91341eeaca6ce7f104648e055335-p_e.jpg"
            },
            {
                "url": "https://photos.zillowstatic.com/fp/2933bd14c665756f3421b5c386b3c9e3-p_e.jpg"
            },
            {
                "url": "https://photos.zillowstatic.com/fp/c5d773017b1b2eeabc19c491bb6ffd97-p_e.jpg"
            },
            {
                "url": "https://photos.zillowstatic.com/fp/5c188466a893beb3939b92d95ed2be17-p_e.jpg"
            },
            {
                "url": "https://photos.zillowstatic.com/fp/80de578de8497579f89f7cec8d77d344-p_e.jpg"
            },
            {
                "url": "https://photos.zillowstatic.com/fp/11cfaf01c0001ea1a15691e1892ef3e5-p_e.jpg"
            },
            {
                "url": "https://photos.zillowstatic.com/fp/001492fcae5ea94caae2f99f0fad35f9-p_e.jpg"
            },
            {
                "url": "https://photos.zillowstatic.com/fp/1d708cb452c13757259c09418dd082cb-p_e.jpg"
            },
            {
                "url": "https://photos.zillowstatic.com/fp/50478c3955a1c76db981f7d70471e72c-p_e.jpg"
            },
            {
                "url": "https://photos.zillowstatic.com/fp/b3819c18f59369d60bf62d3489844281-p_e.jpg"
            },
            {
                "url": "https://photos.zillowstatic.com/fp/e2a1cc8c4912b7e2dd91a742368064c9-p_e.jpg"
            },
            {
                "url": "https://photos.zillowstatic.com/fp/7dda0279cd30b4ccd36ec93704e9a79d-p_e.jpg"
            },
            {
                "url": "https://photos.zillowstatic.com/fp/40124587c48224292edf47ac99f9d668-p_e.jpg"
            },
            {
                "url": "https://photos.zillowstatic.com/fp/e2ce2ffbee70ff4d045cc9e806940ca9-p_e.jpg"
            },
            {
                "url": "https://photos.zillowstatic.com/fp/1a11f165f844b2a5d42a043e42bf2200-p_e.jpg"
            },
            {
                "url": "https://photos.zillowstatic.com/fp/0f39423f4ef1b065dbfb2e4ccd3ced1d-p_e.jpg"
            },
            {
                "url": "https://photos.zillowstatic.com/fp/deeeafd3406a5cd5c468877a67d1e288-p_e.jpg"
            },
            {
                "url": "https://photos.zillowstatic.com/fp/6d6ca2f9f4970905e63e8f42e1f1704b-p_e.jpg"
            },
            {
                "url": "https://photos.zillowstatic.com/fp/c7e70eefacda7a0021baaead9b52fa92-p_e.jpg"
            },
            {
                "url": "https://photos.zillowstatic.com/fp/299a439b664ea651803dcca4f4a21023-p_e.jpg"
            },
            {
                "url": "https://photos.zillowstatic.com/fp/9b2e3101aeca68c048c97dab1e75c3ef-p_e.jpg"
            },
            {
                "url": "https://photos.zillowstatic.com/fp/de2b2721b7b1e60e598cd71770a2cdf8-p_e.jpg"
            },
            {
                "url": "https://photos.zillowstatic.com/fp/1a9ad19267204d1a3022194a64685f9b-p_e.jpg"
            },
            {
                "url": "https://photos.zillowstatic.com/fp/40e05c27293e57da4ba6c446c5da6c2a-p_e.jpg"
            },
            {
                "url": "https://photos.zillowstatic.com/fp/80958106505f0a9a476f8edd8a216448-p_e.jpg"
            },
            {
                "url": "https://photos.zillowstatic.com/fp/385cdda3b03c2da7282dbf656cce4d11-p_e.jpg"
            },
            {
                "url": "https://photos.zillowstatic.com/fp/b511db129bbfdd977c0472e7f8c3fb35-p_e.jpg"
            },
            {
                "url": "https://photos.zillowstatic.com/fp/47498a4088cdfeae96ed30af009133e2-p_e.jpg"
            },
            {
                "url": "https://photos.zillowstatic.com/fp/33f9399d7257ab02ebdd82712eb3f486-p_e.jpg"
            },
            {
                "url": "https://photos.zillowstatic.com/fp/61245be8af65485994b8eec2fef5e994-p_e.jpg"
            },
            {
                "url": "https://photos.zillowstatic.com/fp/de8a989153442acc7327b383c6dcf9bb-p_e.jpg"
            },
            {
                "url": "https://photos.zillowstatic.com/fp/394d308db3fca64c9a991ab348c4edc7-p_e.jpg"
            },
            {
                "url": "https://photos.zillowstatic.com/fp/d2a0f433219ebaf810a0e3eb2e2a1793-p_e.jpg"
            },
            {
                "url": "https://photos.zillowstatic.com/fp/4c635e9863dd1882687a409ebc0ce9b5-p_e.jpg"
            },
            {
                "url": "https://photos.zillowstatic.com/fp/bfc7e065d9be495738f0c12b8d5cdef7-p_e.jpg"
            },
            {
                "url": "https://photos.zillowstatic.com/fp/b851c500b1942b101c88dec98c8fe384-p_e.jpg"
            },
            {
                "url": "https://photos.zillowstatic.com/fp/9098d694f099414fe6bf69584dd442a5-p_e.jpg"
            },
            {
                "url": "https://photos.zillowstatic.com/fp/a64daa74f7eb12f4b7dd5448b8d14920-p_e.jpg"
            },
            {
                "url": "https://photos.zillowstatic.com/fp/fae505c5aa51ba974641f8360348672e-p_e.jpg"
            },
            {
                "url": "https://photos.zillowstatic.com/fp/e8715d2fc8ebbcfb557a926dce7aff38-p_e.jpg"
            },
            {
                "url": "https://photos.zillowstatic.com/fp/72d8600137fb80641d29e89f0b54a456-p_e.jpg"
            },
            {
                "url": "https://photos.zillowstatic.com/fp/66f88c464a386b88391c0e62d5220d10-p_e.jpg"
            },
            {
                "url": "https://photos.zillowstatic.com/fp/8d7d89a270149e01156b1d0b380edf47-p_e.jpg"
            },
            {
                "url": "https://photos.zillowstatic.com/fp/ce5a9c6821d81772f01fcbd234043b78-p_e.jpg"
            },
            {
                "url": "https://photos.zillowstatic.com/fp/081591536e120c38fc0cad4c9b1e3b46-p_e.jpg"
            },
            {
                "url": "https://photos.zillowstatic.com/fp/a9319a1240e5091431714b570212df92-p_e.jpg"
            },
            {
                "url": "https://photos.zillowstatic.com/fp/59ea2d28312117f2651d5d0c8c1db56e-p_e.jpg"
            },
            {
                "url": "https://photos.zillowstatic.com/fp/779a91c17fccabeabed3e33870875e6a-p_e.jpg"
            },
            {
                "url": "https://photos.zillowstatic.com/fp/05689e4453de1a7dd8b13212bbf69f43-p_e.jpg"
            },
            {
                "url": "https://photos.zillowstatic.com/fp/d7aff30d09e01fef8019cc7bf3a65e9c-p_e.jpg"
            },
            {
                "url": "https://photos.zillowstatic.com/fp/b4da3054756a1f963573e83adabdc06c-p_e.jpg"
            },
            {
                "url": "https://photos.zillowstatic.com/fp/60160de67b18e438c6ed69a192fc262f-p_e.jpg"
            },
            {
                "url": "https://photos.zillowstatic.com/fp/58f82b6ff59ecc56ce504bf5a8156750-p_e.jpg"
            },
            {
                "url": "https://photos.zillowstatic.com/fp/1a40151b655656fffaa581d16212360c-p_e.jpg"
            },
            {
                "url": "https://photos.zillowstatic.com/fp/89b79eab64576583fac088877ceda003-p_e.jpg"
            },
            {
                "url": "https://photos.zillowstatic.com/fp/d9bf11d887d2fb8514194a4eb2da5092-p_e.jpg"
            },
            {
                "url": "https://photos.zillowstatic.com/fp/09e098a395aab52437f1aa639f5ef698-p_e.jpg"
            },
            {
                "url": "https://photos.zillowstatic.com/fp/ba1aab223d217c5489d03c879101c7bf-p_e.jpg"
            },
            {
                "url": "https://photos.zillowstatic.com/fp/a42639b6fbf500eb45fcac4a872cd37b-p_e.jpg"
            },
            {
                "url": "https://photos.zillowstatic.com/fp/8471ffd334e228a2355408de82b1679e-p_e.jpg"
            },
            {
                "url": "https://photos.zillowstatic.com/fp/41fa8b1902b0d50c2b49c09fe0e0e1c9-p_e.jpg"
            },
            {
                "url": "https://photos.zillowstatic.com/fp/cc4d81cfb504253c31978ac0fc702063-p_e.jpg"
            },
            {
                "url": "https://photos.zillowstatic.com/fp/085066a6b49ecff778cd1b34c385cc2c-p_e.jpg"
            }
        ],
        "rooms": []
    },
    {
        "zpid": "46652177",
        "id": "46652177",
        "rawHomeStatusCd": "ForSale",
        "marketingStatusSimplifiedCd": "For Sale by Agent",
        "imgSrc": "https://photos.zillowstatic.com/fp/974b0d5102bc4af244aaefe454828eee-p_e.jpg",
        "hasImage": true,
        "detailUrl": "https://www.zillow.com/homedetails/7481-Campo-Florido-Boca-Raton-FL-33433/46652177_zpid/",
        "statusType": "FOR_SALE",
        "statusText": "House for sale",
        "countryCurrency": "$",
        "price": "$650,750",
        "unformattedPrice": 650750,
        "address": "7481 Campo Florido, Boca Raton, FL 33433",
        "addressStreet": "7481 Campo Florido",
        "addressCity": "Boca Raton",
        "addressState": "FL",
        "addressZipcode": "33433",
        "isUndisclosedAddress": false,
        "beds": 3,
        "baths": 3.0,
        "area": 1849,
        "latLong": {
            "latitude": 26.361256,
            "longitude": -80.16219
        },
        "isZillowOwned": false,
        "variableData": {
            "type": "DAYS_ON",
            "text": "328 days on Zillow"
        },
        "hdpData": {
            "homeInfo": {
                "zpid": 46652177,
                "streetAddress": "7481 Campo Florido",
                "zipcode": "33433",
                "city": "Boca Raton",
                "state": "FL",
                "latitude": 26.361256,
                "longitude": -80.16219,
                "price": 650750.0,
                "datePriceChanged": 1694156400000,
                "bathrooms": 3.0,
                "bedrooms": 3.0,
                "livingArea": 1849.0,
                "homeType": "SINGLE_FAMILY",
                "homeStatus": "FOR_SALE",
                "daysOnZillow": 328,
                "isFeatured": false,
                "shouldHighlight": false,
                "zestimate": 603400,
                "rentZestimate": 4107,
                "listing_sub_type": {
                    "is_FSBA": true
                },
                "isUnmappable": false,
                "isPreforeclosureAuction": false,
                "homeStatusForHDP": "FOR_SALE",
                "priceForHDP": 650750.0,
                "priceChange": 201000,
                "timeOnZillow": 28369147000,
                "isNonOwnerOccupied": true,
                "isPremierBuilder": false,
                "isZillowOwned": false,
                "currency": "USD",
                "country": "USA",
                "taxAssessedValue": 195557.0,
                "lotAreaValue": 0.0,
                "lotAreaUnit": "sqft",
                "isShowcaseListing": false
            }
        },
        "isSaved": false,
        "isUserClaimingOwner": false,
        "isUserConfirmedClaim": false,
        "pgapt": "ForSale",
        "sgapt": "For Sale (Broker)",
        "zestimate": 603400,
        "shouldShowZestimateAsPrice": false,
        "has3DModel": false,
        "hasVideo": false,
        "isHomeRec": false,
        "hasAdditionalAttributions": true,
        "isFeaturedListing": false,
        "isShowcaseListing": false,
        "list": true,
        "relaxed": false,
        "info2String": "Listing provided by BeachesMLS",
        "info3String": "https://photos.zillowstatic.com/fp/11470fbfca6bd246a8708da0ff0e5603-zillow_web_48_23.jpg",
        "brokerName": "Mizner Partners LLC",
        "carouselPhotos": [
            {
                "url": "https://photos.zillowstatic.com/fp/974b0d5102bc4af244aaefe454828eee-p_e.jpg"
            },
            {
                "url": "https://photos.zillowstatic.com/fp/339fad352d01b2abf96bf69e4de6d75d-p_e.jpg"
            },
            {
                "url": "https://photos.zillowstatic.com/fp/e03da2e4849bf98319b7ab25f66621f5-p_e.jpg"
            },
            {
                "url": "https://photos.zillowstatic.com/fp/0d66ee9629911f71ee229d1fdbbd3aeb-p_e.jpg"
            },
            {
                "url": "https://photos.zillowstatic.com/fp/eb4e4ecdcf591449ed4648de6d1606eb-p_e.jpg"
            },
            {
                "url": "https://photos.zillowstatic.com/fp/0d851396854e854f94caa30d583537f9-p_e.jpg"
            },
            {
                "url": "https://photos.zillowstatic.com/fp/d367dc085b93bdee5141a3829d21505d-p_e.jpg"
            },
            {
                "url": "https://photos.zillowstatic.com/fp/489d6bc2d0a81b8b90e4917f34eeee6d-p_e.jpg"
            },
            {
                "url": "https://photos.zillowstatic.com/fp/f1ee7482a6e29c93f9d12d7787835f61-p_e.jpg"
            },
            {
                "url": "https://photos.zillowstatic.com/fp/a2650f932e0f516b69a651ab2501cf0f-p_e.jpg"
            },
            {
                "url": "https://photos.zillowstatic.com/fp/3deee236cc74c81e023bed37fa3f46cb-p_e.jpg"
            },
            {
                "url": "https://photos.zillowstatic.com/fp/a1dea3a64e7d19d75b5392d8cd388142-p_e.jpg"
            },
            {
                "url": "https://photos.zillowstatic.com/fp/cef3a487c5506042792ca33635511914-p_e.jpg"
            },
            {
                "url": "https://photos.zillowstatic.com/fp/c063fba3d1955fa58b69e132f4762c6c-p_e.jpg"
            },
            {
                "url": "https://photos.zillowstatic.com/fp/31a1d860a08eb938711f4476596c4ffe-p_e.jpg"
            },
            {
                "url": "https://photos.zillowstatic.com/fp/47d75aa8e71b711dc833f00ec104cd8e-p_e.jpg"
            },
            {
                "url": "https://photos.zillowstatic.com/fp/305c6b460a32392daf1d7f318fd4dbaf-p_e.jpg"
            },
            {
                "url": "https://photos.zillowstatic.com/fp/157973da703b90b81acf5b5bebd175c2-p_e.jpg"
            },
            {
                "url": "https://photos.zillowstatic.com/fp/6d06d1c314dfae9700648860c13cf59a-p_e.jpg"
            },
            {
                "url": "https://photos.zillowstatic.com/fp/1e6925dd4b7c7f1f80e13f9a4e52280a-p_e.jpg"
            },
            {
                "url": "https://photos.zillowstatic.com/fp/15e248c85156c459f097e3fc332911ca-p_e.jpg"
            },
            {
                "url": "https://photos.zillowstatic.com/fp/0eed55706f45d93dbc73755aa78c7118-p_e.jpg"
            },
            {
                "url": "https://photos.zillowstatic.com/fp/db2e6afa71db8dcb5b53f129cbc29822-p_e.jpg"
            },
            {
                "url": "https://photos.zillowstatic.com/fp/feeeb724e26295740c4b0b3a9c9b9815-p_e.jpg"
            },
            {
                "url": "https://photos.zillowstatic.com/fp/8d6b045e23ae7ae1101ec08531892714-p_e.jpg"
            },
            {
                "url": "https://photos.zillowstatic.com/fp/96509ff44c4be471721386f4f88b2bec-p_e.jpg"
            },
            {
                "url": "https://photos.zillowstatic.com/fp/6ce0fdd2171094acca9e3bfe583dba9c-p_e.jpg"
            },
            {
                "url": "https://photos.zillowstatic.com/fp/3ba32c8eb744bd328b1ee2f512967a2e-p_e.jpg"
            },
            {
                "url": "https://photos.zillowstatic.com/fp/0d394547051aa33deab8600fa0bffc6f-p_e.jpg"
            },
            {
                "url": "https://photos.zillowstatic.com/fp/9c4fc90e2222f6f0547347848f1d8aca-p_e.jpg"
            },
            {
                "url": "https://photos.zillowstatic.com/fp/6522ed181b10e78a3fc0fd8408f47db5-p_e.jpg"
            },
            {
                "url": "https://photos.zillowstatic.com/fp/b120aa36a8eefbf8a9095900c7b27957-p_e.jpg"
            },
            {
                "url": "https://photos.zillowstatic.com/fp/21633237e39ac5fd4ffedb3ebf9d78c0-p_e.jpg"
            },
            {
                "url": "https://photos.zillowstatic.com/fp/fc0d19fc6f9f37acf33d8942fb0ed5ad-p_e.jpg"
            },
            {
                "url": "https://photos.zillowstatic.com/fp/86082f0f89ed6812b2f98fabb4191922-p_e.jpg"
            },
            {
                "url": "https://photos.zillowstatic.com/fp/e3c9a011c641638dbc7b05e258651b69-p_e.jpg"
            },
            {
                "url": "https://photos.zillowstatic.com/fp/e81893bf45f310f0fe44da28b1bb38a7-p_e.jpg"
            },
            {
                "url": "https://photos.zillowstatic.com/fp/fcedc06938d20c8c234b32af80ca8a01-p_e.jpg"
            },
            {
                "url": "https://photos.zillowstatic.com/fp/cd13835868eb5df9011520f5775d2f98-p_e.jpg"
            },
            {
                "url": "https://photos.zillowstatic.com/fp/1912c78fb304fcd288a277a6b09ff2ff-p_e.jpg"
            },
            {
                "url": "https://photos.zillowstatic.com/fp/9d76a2bb4e6ceab32d2051fc45516626-p_e.jpg"
            },
            {
                "url": "https://photos.zillowstatic.com/fp/8c2865dcee1edd6e510e44b555362bf6-p_e.jpg"
            }
        ],
        "rooms": [
            {
                "roomArea": 306.0,
                "roomAreaUnits": null
            },
            {
                "roomArea": 255.0,
                "roomAreaUnits": null
            },
            {
                "roomArea": 228.0,
                "roomAreaUnits": null
            },
            {
                "roomArea": 168.0,
                "roomAreaUnits": null
            },
            {
                "roomArea": 117.0,
                "roomAreaUnits": null
            }
        ]
    },
    {
        "zpid": "46638488",
        "id": "46638488",
        "rawHomeStatusCd": "ForSale",
        "marketingStatusSimplifiedCd": "For Sale by Agent",
        "imgSrc": "https://photos.zillowstatic.com/fp/0c1d3c785b1d1da1484286c76f395aad-p_e.jpg",
        "hasImage": true,
        "detailUrl": "https://www.zillow.com/homedetails/345-Dorset-Dr-I-Boca-Raton-FL-33434/46638488_zpid/",
        "statusType": "FOR_SALE",
        "statusText": "Condo for sale",
        "countryCurrency": "$",
        "price": "$131,900",
        "unformattedPrice": 131900,
        "address": "345 Dorset Dr #I, Boca Raton, FL 33434",
        "addressStreet": "345 Dorset Dr #I",
        "addressCity": "Boca Raton",
        "addressState": "FL",
        "addressZipcode": "33434",
        "isUndisclosedAddress": false,
        "beds": 1,
        "baths": 2.0,
        "area": 720,
        "latLong": {
            "latitude": 26.382711,
            "longitude": -80.17902
        },
        "isZillowOwned": false,
        "variableData": {
            "type": "DAYS_ON",
            "text": "340 days on Zillow"
        },
        "hdpData": {
            "homeInfo": {
                "zpid": 46638488,
                "streetAddress": "345 Dorset Dr #I",
                "zipcode": "33434",
                "city": "Boca Raton",
                "state": "FL",
                "latitude": 26.382711,
                "longitude": -80.17902,
                "price": 131900.0,
                "bathrooms": 2.0,
                "bedrooms": 1.0,
                "livingArea": 720.0,
                "homeType": "CONDO",
                "homeStatus": "FOR_SALE",
                "daysOnZillow": 340,
                "isFeatured": false,
                "shouldHighlight": false,
                "zestimate": 116700,
                "rentZestimate": 1500,
                "listing_sub_type": {
                    "is_FSBA": true
                },
                "isUnmappable": false,
                "isPreforeclosureAuction": false,
                "homeStatusForHDP": "FOR_SALE",
                "priceForHDP": 131900.0,
                "timeOnZillow": 29445916000,
                "isNonOwnerOccupied": true,
                "isPremierBuilder": false,
                "isZillowOwned": false,
                "currency": "USD",
                "country": "USA",
                "taxAssessedValue": 72960.0,
                "unit": "# I",
                "lotAreaValue": 1.0,
                "lotAreaUnit": "acres",
                "isShowcaseListing": false
            }
        },
        "isSaved": false,
        "isUserClaimingOwner": false,
        "isUserConfirmedClaim": false,
        "pgapt": "ForSale",
        "sgapt": "For Sale (Broker)",
        "zestimate": 116700,
        "shouldShowZestimateAsPrice": false,
        "has3DModel": false,
        "hasVideo": false,
        "isHomeRec": false,
        "hasAdditionalAttributions": true,
        "isFeaturedListing": false,
        "isShowcaseListing": false,
        "list": true,
        "relaxed": false,
        "info2String": "Listing provided by BeachesMLS",
        "info3String": "https://photos.zillowstatic.com/fp/11470fbfca6bd246a8708da0ff0e5603-zillow_web_48_23.jpg",
        "brokerName": "Signature International Real E",
        "carouselPhotos": [
            {
                "url": "https://photos.zillowstatic.com/fp/0c1d3c785b1d1da1484286c76f395aad-p_e.jpg"
            },
            {
                "url": "https://photos.zillowstatic.com/fp/2d0de93a6139a12d8906b096a96ef3bb-p_e.jpg"
            },
            {
                "url": "https://photos.zillowstatic.com/fp/2673a1ab37ca5ba7e6e664d4487ca407-p_e.jpg"
            },
            {
                "url": "https://photos.zillowstatic.com/fp/b45859bc17270d07f987535802910641-p_e.jpg"
            },
            {
                "url": "https://photos.zillowstatic.com/fp/281401d874583f7e5bbd27ad7e104e65-p_e.jpg"
            },
            {
                "url": "https://photos.zillowstatic.com/fp/fa64cbbea10b6fa26342ee7cb3986a62-p_e.jpg"
            },
            {
                "url": "https://photos.zillowstatic.com/fp/0c9b8277dfd396a6fb4b7ed74612061a-p_e.jpg"
            },
            {
                "url": "https://photos.zillowstatic.com/fp/474b197605f03d2bed12e2a107e1f981-p_e.jpg"
            },
            {
                "url": "https://photos.zillowstatic.com/fp/bcae5d02f9ee6b5da427c213c9df4b29-p_e.jpg"
            },
            {
                "url": "https://photos.zillowstatic.com/fp/ca1ce363643a04dc2fd7da6f338f563b-p_e.jpg"
            },
            {
                "url": "https://photos.zillowstatic.com/fp/d7862c3f8d73bcb3cdd3233366d43fb2-p_e.jpg"
            },
            {
                "url": "https://photos.zillowstatic.com/fp/17c6960a6914747ad5e802e41c79fda1-p_e.jpg"
            },
            {
                "url": "https://photos.zillowstatic.com/fp/3a7f7f4e8c2f6986a6510f463f2d8d59-p_e.jpg"
            },
            {
                "url": "https://photos.zillowstatic.com/fp/661773c7708b6373d29ed80c623380f2-p_e.jpg"
            },
            {
                "url": "https://photos.zillowstatic.com/fp/97569bac2332701d56c2179178f37e08-p_e.jpg"
            },
            {
                "url": "https://photos.zillowstatic.com/fp/3a95bae5b070372fae714a26f1656832-p_e.jpg"
            },
            {
                "url": "https://photos.zillowstatic.com/fp/570a618dc650d6a344cbe112e0ece1ee-p_e.jpg"
            },
            {
                "url": "https://photos.zillowstatic.com/fp/e2067517d7551bd391e6a187fca1e108-p_e.jpg"
            },
            {
                "url": "https://photos.zillowstatic.com/fp/d7f94edef91c347078b06850741efef0-p_e.jpg"
            }
        ],
        "rooms": [
            {
                "roomArea": 288.0,
                "roomAreaUnits": null
            },
            {
                "roomArea": 56.0,
                "roomAreaUnits": null
            },
            {
                "roomArea": 165.0,
                "roomAreaUnits": null
            }
        ]
    },
    {
        "zpid": "46535304",
        "id": "46535304",
        "rawHomeStatusCd": "ForSale",
        "marketingStatusSimplifiedCd": "For Sale by Agent",
        "imgSrc": "https://photos.zillowstatic.com/fp/0efe458960a906eef104a90f773f8cd3-p_e.jpg",
        "hasImage": true,
        "detailUrl": "https://www.zillow.com/homedetails/9614-Pondwood-Rd-Boca-Raton-FL-33428/46535304_zpid/",
        "statusType": "FOR_SALE",
        "statusText": "House for sale",
        "countryCurrency": "$",
        "price": "$14,995,000",
        "unformattedPrice": 14995000,
        "address": "9614 Pondwood Rd, Boca Raton, FL 33428",
        "addressStreet": "9614 Pondwood Rd",
        "addressCity": "Boca Raton",
        "addressState": "FL",
        "addressZipcode": "33428",
        "isUndisclosedAddress": false,
        "beds": 6,
        "baths": 9.0,
        "area": 7946,
        "latLong": {
            "latitude": 26.348207,
            "longitude": -80.19636
        },
        "isZillowOwned": false,
        "variableData": {
            "type": "DAYS_ON",
            "text": "387 days on Zillow"
        },
        "hdpData": {
            "homeInfo": {
                "zpid": 46535304,
                "streetAddress": "9614 Pondwood Rd",
                "zipcode": "33428",
                "city": "Boca Raton",
                "state": "FL",
                "latitude": 26.348207,
                "longitude": -80.19636,
                "price": 14995000.0,
                "bathrooms": 9.0,
                "bedrooms": 6.0,
                "livingArea": 7946.0,
                "homeType": "SINGLE_FAMILY",
                "homeStatus": "FOR_SALE",
                "daysOnZillow": 387,
                "isFeatured": false,
                "shouldHighlight": false,
                "rentZestimate": 20914,
                "listing_sub_type": {
                    "is_FSBA": true
                },
                "isUnmappable": false,
                "isPreforeclosureAuction": false,
                "homeStatusForHDP": "FOR_SALE",
                "priceForHDP": 14995000.0,
                "timeOnZillow": 33473058000,
                "isNonOwnerOccupied": true,
                "isPremierBuilder": false,
                "isZillowOwned": false,
                "currency": "USD",
                "country": "USA",
                "taxAssessedValue": 1946011.0,
                "lotAreaValue": 0.0,
                "lotAreaUnit": "sqft",
                "isShowcaseListing": false
            }
        },
        "isSaved": false,
        "isUserClaimingOwner": false,
        "isUserConfirmedClaim": false,
        "pgapt": "ForSale",
        "sgapt": "For Sale (Broker)",
        "shouldShowZestimateAsPrice": false,
        "has3DModel": false,
        "hasVideo": false,
        "isHomeRec": false,
        "hasAdditionalAttributions": true,
        "isFeaturedListing": false,
        "isShowcaseListing": false,
        "list": true,
        "relaxed": false,
        "info2String": "Listing provided by BeachesMLS",
        "info3String": "https://photos.zillowstatic.com/fp/11470fbfca6bd246a8708da0ff0e5603-zillow_web_48_23.jpg",
        "brokerName": "Compass Florida LLC",
        "carouselPhotos": [
            {
                "url": "https://photos.zillowstatic.com/fp/0efe458960a906eef104a90f773f8cd3-p_e.jpg"
            },
            {
                "url": "https://photos.zillowstatic.com/fp/fa91cafd691463d328da62f7a6e9f371-p_e.jpg"
            },
            {
                "url": "https://photos.zillowstatic.com/fp/df0bd409ca555a4f225258ae7b187b62-p_e.jpg"
            },
            {
                "url": "https://photos.zillowstatic.com/fp/6894e0e7ce09e0e9a76f884ad7a6a587-p_e.jpg"
            },
            {
                "url": "https://photos.zillowstatic.com/fp/df9557e10d2e25ca93f600d02f2bde31-p_e.jpg"
            },
            {
                "url": "https://photos.zillowstatic.com/fp/e0a32ec3832700713527fe71108b7722-p_e.jpg"
            },
            {
                "url": "https://photos.zillowstatic.com/fp/03ee3e431af1ede2db8debc2567b1bc6-p_e.jpg"
            },
            {
                "url": "https://photos.zillowstatic.com/fp/f3d1b595fe6e41daa4d12328d838d54f-p_e.jpg"
            },
            {
                "url": "https://photos.zillowstatic.com/fp/0d39f17e20a411215ab5bf9cb97f4041-p_e.jpg"
            },
            {
                "url": "https://photos.zillowstatic.com/fp/2ea2ae2ee8d291d1de3e1e2b89da3f63-p_e.jpg"
            },
            {
                "url": "https://photos.zillowstatic.com/fp/853bb4a1cf6743d808f0510a82795d3f-p_e.jpg"
            },
            {
                "url": "https://photos.zillowstatic.com/fp/477778328edff2e8cb1fb82d70a25f56-p_e.jpg"
            },
            {
                "url": "https://photos.zillowstatic.com/fp/edb5db6521025bf88209307fcaa652b7-p_e.jpg"
            },
            {
                "url": "https://photos.zillowstatic.com/fp/ffc1db51df73a4b05845f5c9f212d06d-p_e.jpg"
            },
            {
                "url": "https://photos.zillowstatic.com/fp/71d48f392fb5bf81efa91fa37beabc92-p_e.jpg"
            },
            {
                "url": "https://photos.zillowstatic.com/fp/a699c66ef652ec50ccdad387e8373a1d-p_e.jpg"
            },
            {
                "url": "https://photos.zillowstatic.com/fp/17cea3754e5e65db8f15c907c8fa34fc-p_e.jpg"
            },
            {
                "url": "https://photos.zillowstatic.com/fp/8ff910a4e362e0f9b9ebcbcb42a38de8-p_e.jpg"
            },
            {
                "url": "https://photos.zillowstatic.com/fp/bdabc73f7b25cf183954432542a0084e-p_e.jpg"
            },
            {
                "url": "https://photos.zillowstatic.com/fp/beb3c3cd67db216b3d87b103cfaf5014-p_e.jpg"
            },
            {
                "url": "https://photos.zillowstatic.com/fp/c97477c613bf17e40d793409cab7b858-p_e.jpg"
            },
            {
                "url": "https://photos.zillowstatic.com/fp/9b800cfb825c47ca38db94c321cd01bf-p_e.jpg"
            },
            {
                "url": "https://photos.zillowstatic.com/fp/df81cc5c497363daca87ba3c19d7fe8c-p_e.jpg"
            },
            {
                "url": "https://photos.zillowstatic.com/fp/0effa002f30a0658b92b9baf9fc91e7c-p_e.jpg"
            },
            {
                "url": "https://photos.zillowstatic.com/fp/4988efd56ee1697bd1800f4c4a205079-p_e.jpg"
            },
            {
                "url": "https://photos.zillowstatic.com/fp/82ce0138517f2c38b56f69056ee15696-p_e.jpg"
            },
            {
                "url": "https://photos.zillowstatic.com/fp/e11cc8571cf8be5e4c8fd0c95cd5a1e5-p_e.jpg"
            },
            {
                "url": "https://photos.zillowstatic.com/fp/c36427cf373d48721ea35c90bdfd925e-p_e.jpg"
            },
            {
                "url": "https://photos.zillowstatic.com/fp/84356881c482acce095a33c4a592dfdc-p_e.jpg"
            },
            {
                "url": "https://photos.zillowstatic.com/fp/6fcd3c48f3f7be029f4de9779fd29caf-p_e.jpg"
            },
            {
                "url": "https://photos.zillowstatic.com/fp/17b045235cadf585a004469670969b37-p_e.jpg"
            },
            {
                "url": "https://photos.zillowstatic.com/fp/5213db0f7e6e4e10f914fbefac96643c-p_e.jpg"
            },
            {
                "url": "https://photos.zillowstatic.com/fp/97a3ec1904ec1c787d81b7819f5b4819-p_e.jpg"
            },
            {
                "url": "https://photos.zillowstatic.com/fp/58ed5b74ddc49fa2281dbd06ea497a7b-p_e.jpg"
            },
            {
                "url": "https://photos.zillowstatic.com/fp/45f881a7f3893f6222eefe73ee29c9af-p_e.jpg"
            },
            {
                "url": "https://photos.zillowstatic.com/fp/c327cc46492c385fda949cdcb8f7f52a-p_e.jpg"
            },
            {
                "url": "https://photos.zillowstatic.com/fp/c9a1346cbb26537dcbe3579b8ad1d122-p_e.jpg"
            },
            {
                "url": "https://photos.zillowstatic.com/fp/29d746047f587612beb215ba010ff217-p_e.jpg"
            },
            {
                "url": "https://photos.zillowstatic.com/fp/87d61ef9d08f288bed53186b515c91a9-p_e.jpg"
            },
            {
                "url": "https://photos.zillowstatic.com/fp/490900403e666045b0c450e52f7c947d-p_e.jpg"
            },
            {
                "url": "https://photos.zillowstatic.com/fp/e817c70fee7e086ed5d76d0cdc3bce79-p_e.jpg"
            },
            {
                "url": "https://photos.zillowstatic.com/fp/be062c5c7cb7c909b8d958119180f025-p_e.jpg"
            },
            {
                "url": "https://photos.zillowstatic.com/fp/da7ce73a43f645cb09ac4c2189bfc76a-p_e.jpg"
            },
            {
                "url": "https://photos.zillowstatic.com/fp/a09040869e6b499278cb45374c49faa7-p_e.jpg"
            },
            {
                "url": "https://photos.zillowstatic.com/fp/241d591c11373a78b21d49ad7010e643-p_e.jpg"
            },
            {
                "url": "https://photos.zillowstatic.com/fp/1d7cb9b7d5bed0aabb9aef6338d4cede-p_e.jpg"
            },
            {
                "url": "https://photos.zillowstatic.com/fp/3dd4543caa6e8f0f582daffd0373840d-p_e.jpg"
            },
            {
                "url": "https://photos.zillowstatic.com/fp/2347f1434417de52f753c84cb2f31a5c-p_e.jpg"
            },
            {
                "url": "https://photos.zillowstatic.com/fp/2be5a9502ad5f8a8bf080e64691c5cdc-p_e.jpg"
            },
            {
                "url": "https://photos.zillowstatic.com/fp/f69d31016b6c29fae7dadbcbb4b4cff1-p_e.jpg"
            },
            {
                "url": "https://photos.zillowstatic.com/fp/6f61b94e85bf7d9cbea3c7f3990a2bf3-p_e.jpg"
            },
            {
                "url": "https://photos.zillowstatic.com/fp/19943a11655f70ca7db4022f013e1351-p_e.jpg"
            },
            {
                "url": "https://photos.zillowstatic.com/fp/d82cf00cc910f612f966942b6a07df71-p_e.jpg"
            },
            {
                "url": "https://photos.zillowstatic.com/fp/c2836bab167f836efa3bb5a5ded873a8-p_e.jpg"
            },
            {
                "url": "https://photos.zillowstatic.com/fp/68445ed071eb2e291c8fdd1dd7fdad7a-p_e.jpg"
            },
            {
                "url": "https://photos.zillowstatic.com/fp/9e9206248f66118afb81c7cc8c3f1343-p_e.jpg"
            },
            {
                "url": "https://photos.zillowstatic.com/fp/e37b5867014cf382b0b10bca8bc28f69-p_e.jpg"
            },
            {
                "url": "https://photos.zillowstatic.com/fp/58d0239f4735ce8357c3ade5a26a0b73-p_e.jpg"
            },
            {
                "url": "https://photos.zillowstatic.com/fp/a28c8cb5ca7cf3605ee6ba37af99d426-p_e.jpg"
            },
            {
                "url": "https://photos.zillowstatic.com/fp/9dd1baaa35ec02c2c517ca8ce4f74318-p_e.jpg"
            },
            {
                "url": "https://photos.zillowstatic.com/fp/03e69c04211981ace03e8289394fc0d4-p_e.jpg"
            },
            {
                "url": "https://photos.zillowstatic.com/fp/c0b32aefa655baf98781c8a58b48975a-p_e.jpg"
            },
            {
                "url": "https://photos.zillowstatic.com/fp/bd9c0514818a905ff2a81b3d23620a89-p_e.jpg"
            }
        ],
        "rooms": [
            {
                "roomArea": 661.96,
                "roomAreaUnits": null
            },
            {
                "roomArea": 290.7,
                "roomAreaUnits": null
            },
            {
                "roomArea": 344.08,
                "roomAreaUnits": null
            }
        ]
    },
    {
        "zpid": "46652710",
        "id": "46652710",
        "rawHomeStatusCd": "ForSale",
        "marketingStatusSimplifiedCd": "For Sale by Agent",
        "imgSrc": "https://photos.zillowstatic.com/fp/868a882a02fd38dbd2cee67f9675be3f-p_e.jpg",
        "hasImage": true,
        "detailUrl": "https://www.zillow.com/homedetails/7387-Orangewood-Ln-Boca-Raton-FL-33433/46652710_zpid/",
        "statusType": "FOR_SALE",
        "statusText": "House for sale",
        "countryCurrency": "$",
        "price": "$3,459,000",
        "unformattedPrice": 3459000,
        "address": "7387 Orangewood Ln, Boca Raton, FL 33433",
        "addressStreet": "7387 Orangewood Ln",
        "addressCity": "Boca Raton",
        "addressState": "FL",
        "addressZipcode": "33433",
        "isUndisclosedAddress": false,
        "beds": 5,
        "baths": 8.0,
        "area": 5729,
        "latLong": {
            "latitude": 26.362885,
            "longitude": -80.16113
        },
        "isZillowOwned": false,
        "variableData": {
            "type": "PRICE_REDUCTION",
            "text": "$116,000 (Dec 29)"
        },
        "hdpData": {
            "homeInfo": {
                "zpid": 46652710,
                "streetAddress": "7387 Orangewood Ln",
                "zipcode": "33433",
                "city": "Boca Raton",
                "state": "FL",
                "latitude": 26.362885,
                "longitude": -80.16113,
                "price": 3459000.0,
                "datePriceChanged": 1703836800000,
                "bathrooms": 8.0,
                "bedrooms": 5.0,
                "livingArea": 5729.0,
                "homeType": "SINGLE_FAMILY",
                "homeStatus": "FOR_SALE",
                "daysOnZillow": 466,
                "isFeatured": false,
                "shouldHighlight": false,
                "rentZestimate": 16619,
                "listing_sub_type": {
                    "is_FSBA": true
                },
                "priceReduction": "$116,000 (Dec 29)",
                "isUnmappable": false,
                "isPreforeclosureAuction": false,
                "homeStatusForHDP": "FOR_SALE",
                "priceForHDP": 3459000.0,
                "priceChange": -116000,
                "timeOnZillow": 40271491000,
                "isNonOwnerOccupied": true,
                "isPremierBuilder": false,
                "isZillowOwned": false,
                "currency": "USD",
                "country": "USA",
                "taxAssessedValue": 1407437.0,
                "lotAreaValue": 0.3899908172635445,
                "lotAreaUnit": "acres",
                "isShowcaseListing": false
            }
        },
        "isSaved": false,
        "isUserClaimingOwner": false,
        "isUserConfirmedClaim": false,
        "pgapt": "ForSale",
        "sgapt": "For Sale (Broker)",
        "shouldShowZestimateAsPrice": false,
        "has3DModel": false,
        "hasVideo": false,
        "isHomeRec": false,
        "hasAdditionalAttributions": true,
        "isFeaturedListing": false,
        "isShowcaseListing": false,
        "list": true,
        "relaxed": false,
        "info3String": "https://photos.zillowstatic.com/fp/a8b02d5ac61ac8b9a11bda64382b4f89-zillow_web_48_23.jpg",
        "brokerName": "HomeCoin.com",
        "carouselPhotos": [
            {
                "url": "https://photos.zillowstatic.com/fp/868a882a02fd38dbd2cee67f9675be3f-p_e.jpg"
            },
            {
                "url": "https://photos.zillowstatic.com/fp/f4c5233d6f34079667869ae90f44e962-p_e.jpg"
            },
            {
                "url": "https://photos.zillowstatic.com/fp/fd46fe502a37b906afb6b7b469f5d917-p_e.jpg"
            },
            {
                "url": "https://photos.zillowstatic.com/fp/cc356801b82bd2484d9d167da3e42da6-p_e.jpg"
            },
            {
                "url": "https://photos.zillowstatic.com/fp/b62b3a560f5ee269781b8e4df859d274-p_e.jpg"
            },
            {
                "url": "https://photos.zillowstatic.com/fp/163b3b7cc03a597c78c2db002db9b556-p_e.jpg"
            },
            {
                "url": "https://photos.zillowstatic.com/fp/9088fdb2487ba98bd965bcc1c607ae45-p_e.jpg"
            },
            {
                "url": "https://photos.zillowstatic.com/fp/3b59f5dc083f52ce6031a781ddfc58e6-p_e.jpg"
            },
            {
                "url": "https://photos.zillowstatic.com/fp/4e6ffb4d4e4234f40f1d7ee39f98dc98-p_e.jpg"
            },
            {
                "url": "https://photos.zillowstatic.com/fp/2dc45d58fe19203ed2ac0da99d70a119-p_e.jpg"
            },
            {
                "url": "https://photos.zillowstatic.com/fp/ab9caca49948416eebdc97b1947042bf-p_e.jpg"
            },
            {
                "url": "https://photos.zillowstatic.com/fp/27fb72830138daf038a3ff52c66ac831-p_e.jpg"
            },
            {
                "url": "https://photos.zillowstatic.com/fp/1ff3ca9e61ef537b3e795600b6df118f-p_e.jpg"
            },
            {
                "url": "https://photos.zillowstatic.com/fp/36c7b2c5a351489f717e3c3ad42549e1-p_e.jpg"
            },
            {
                "url": "https://photos.zillowstatic.com/fp/a395c7895238f66c6d4a245fbee4761a-p_e.jpg"
            },
            {
                "url": "https://photos.zillowstatic.com/fp/75391b9c8171de9d8cc7af1f9ebf604c-p_e.jpg"
            },
            {
                "url": "https://photos.zillowstatic.com/fp/2576a9671a6b3d28141213e8967e43db-p_e.jpg"
            },
            {
                "url": "https://photos.zillowstatic.com/fp/adef2696ebd4702b2b4c9bab579f040a-p_e.jpg"
            },
            {
                "url": "https://photos.zillowstatic.com/fp/814e2d30881eeb608a0d48aa11bf669f-p_e.jpg"
            },
            {
                "url": "https://photos.zillowstatic.com/fp/83946947685e4109b0967adba91b19d6-p_e.jpg"
            },
            {
                "url": "https://photos.zillowstatic.com/fp/b92e855c89623ef972eee79367cb909e-p_e.jpg"
            },
            {
                "url": "https://photos.zillowstatic.com/fp/7207bc95ff4c896d8cebefc3ebcbcfa8-p_e.jpg"
            },
            {
                "url": "https://photos.zillowstatic.com/fp/2384f895ed43beba02846fb4fc67a6cc-p_e.jpg"
            },
            {
                "url": "https://photos.zillowstatic.com/fp/a9d33878037b72da9570614bda0961df-p_e.jpg"
            },
            {
                "url": "https://photos.zillowstatic.com/fp/a5b69effd2cff06d7bb94b763b38b10d-p_e.jpg"
            },
            {
                "url": "https://photos.zillowstatic.com/fp/76341d54c88232547c406f213214e40b-p_e.jpg"
            },
            {
                "url": "https://photos.zillowstatic.com/fp/8a716d62de81068983ad06291d0984d3-p_e.jpg"
            },
            {
                "url": "https://photos.zillowstatic.com/fp/94e6a1b6b028beb0ea516f033f29931a-p_e.jpg"
            },
            {
                "url": "https://photos.zillowstatic.com/fp/47b21fe2184bcfc56f4abb6c2049682f-p_e.jpg"
            },
            {
                "url": "https://photos.zillowstatic.com/fp/ada510ed8eb0d251da790d99b057b1fe-p_e.jpg"
            },
            {
                "url": "https://photos.zillowstatic.com/fp/25b03523fc6d127bd783120d7393b57b-p_e.jpg"
            },
            {
                "url": "https://photos.zillowstatic.com/fp/1ba493b9924012c510e963ead341ffdb-p_e.jpg"
            },
            {
                "url": "https://photos.zillowstatic.com/fp/95fcc31e5e95360f7070ebc3fd102f3e-p_e.jpg"
            },
            {
                "url": "https://photos.zillowstatic.com/fp/cb8be93d4b93db5324cf9678f06e38c5-p_e.jpg"
            },
            {
                "url": "https://photos.zillowstatic.com/fp/1b6382120fd3d9e0ad8325685f04e89a-p_e.jpg"
            },
            {
                "url": "https://photos.zillowstatic.com/fp/99eb7fb0720e65c2fd224196a0e31692-p_e.jpg"
            },
            {
                "url": "https://photos.zillowstatic.com/fp/a01186c18fc11162186b3d53c9e1561e-p_e.jpg"
            },
            {
                "url": "https://photos.zillowstatic.com/fp/f0ff3c8fbaea53bb34c50c20dd4916f9-p_e.jpg"
            },
            {
                "url": "https://photos.zillowstatic.com/fp/f64aec5a17ec8a2cfd59b0b2a38e07bb-p_e.jpg"
            }
        ],
        "rooms": []
    }
]