{
    "user_info": {
        "isLoggedIn": false,
        "hasHousingConnectorPermission": false,
        "savedHomesCount": 0,
        "personalizedSearchTraceID": "f1bd8a36bd9488e03a1a972ba85e4c37",
        "guid": "e33e90f2-7dd5-496d-a369-fc920a9924b9",
        "zuid": "",
        "isBot": false,
        "email": "",
        "displayName": ""
    },
    "map_state": {
        "customRegionPolygonWkt": null,
        "schoolPolygonWkt": null,
        "isCurrentLocationSearch": false,
        "userPosition": {
            "lat": null,
            "lon": null
        }
    },
    "region_state": {
        "regionInfo": [
            {
                "regionId": 72643,
                "regionType": 7,
                "regionName": "33488",
                "displayName": "Boca Raton FL 33488",
                "isPointRegion": true
            }
        ],
        "regionBounds": {
            "north": 26.375715000000003,
            "south": 26.339485,
            "east": -80.15328500000001,
            "west": -80.189515
        }
    },
    "search_page_seo": {
        "baseUrl": "/boca-raton-fl-33488/",
        "windowTitle": "33488 Real Estate - 33488 Homes For Sale | Zillow",
        "metaDescription": "Zillow has 170 homes for sale in 33488. View listing photos, review sales history, and use our detailed real estate filters to find the perfect place."
    },
    "request_id": 4
}