{
    "user_info": {
        "isLoggedIn": false,
        "hasHousingConnectorPermission": false,
        "savedHomesCount": 0,
        "personalizedSearchTraceID": "78ff947524ff342e646d9c3376937dfe",
        "guid": "66a3568b-7c58-4cd1-a383-9a35435f846a",
        "zuid": "",
        "isBot": false,
        "email": "",
        "displayName": ""
    },
    "map_state": {
        "customRegionPolygonWkt": null,
        "schoolPolygonWkt": null,
        "isCurrentLocationSearch": false,
        "userPosition": {
            "lat": null,
            "lon": null
        }
    },
    "region_state": {
        "regionInfo": [
            {
                "regionId": 72594,
                "regionType": 7,
                "regionName": "33428",
                "displayName": "Boca Raton FL 33428",
                "isPointRegion": false
            }
        ],
        "regionBounds": {
            "north": 26.370846,
            "south": 26.327786,
            "east": -80.185403,
            "west": -80.25127
        }
    },
    "search_page_seo": {
        "baseUrl": "/boca-raton-fl-33428/",
        "windowTitle": "33428 Real Estate - 33428 Homes For Sale | Zillow",
        "metaDescription": "Zillow has 64 homes for sale in 33428. View listing photos, review sales history, and use our detailed real estate filters to find the perfect place."
    },
    "request_id": 4
}