{
    "user_info": {
        "isLoggedIn": false,
        "hasHousingConnectorPermission": false,
        "savedHomesCount": 0,
        "personalizedSearchTraceID": "2f00fb05c70165cd6247eac0080ac36f",
        "guid": "bfa636a9-1a43-4d10-9758-003b99b43e42",
        "zuid": "",
        "isBot": false,
        "email": "",
        "displayName": ""
    },
    "map_state": {
        "customRegionPolygonWkt": null,
        "schoolPolygonWkt": null,
        "isCurrentLocationSearch": false,
        "userPosition": {
            "lat": null,
            "lon": null
        }
    },
    "region_state": {
        "regionInfo": [
            {
                "regionId": 72422,
                "regionType": 7,
                "regionName": "33114",
                "displayName": "Coral Gables FL 33114",
                "isPointRegion": true
            }
        ],
        "regionBounds": {
            "north": 25.765915000000003,
            "south": 25.729685,
            "east": -80.24148500000001,
            "west": -80.277715
        }
    },
    "search_page_seo": {
        "baseUrl": "/coral-gables-fl-33114/",
        "windowTitle": "33114 Real Estate - 33114 Homes For Sale | Zillow",
        "metaDescription": "Zillow has 71 homes for sale in 33114. View listing photos, review sales history, and use our detailed real estate filters to find the perfect place."
    },
    "request_id": 4
}