[
    {
        "zpid": "2070286805",
        "id": "2070286805",
        "rawHomeStatusCd": "ForSale",
        "marketingStatusSimplifiedCd": "New Construction",
        "imgSrc": "https://photos.zillowstatic.com/fp/325fa132749201f58cc15db399b0f953-p_e.jpg",
        "hasImage": true,
        "detailUrl": "https://www.zillow.com/homedetails/632-2nd-Key-Dr-Fort-Lauderdale-FL-33304/2070286805_zpid/",
        "statusType": "FOR_SALE",
        "statusText": "New construction",
        "countryCurrency": "$",
        "price": "$25,000,000",
        "unformattedPrice": 25000000,
        "address": "632 2nd Key Dr, Fort Lauderdale, FL 33304",
        "addressStreet": "632 2nd Key Dr",
        "addressCity": "Fort Lauderdale",
        "addressState": "FL",
        "addressZipcode": "33304",
        "isUndisclosedAddress": false,
        "beds": 8,
        "baths": 10.0,
        "area": 8962,
        "latLong": {
            "latitude": 26.131233,
            "longitude": -80.11751
        },
        "isZillowOwned": false,
        "variableData": {
            "type": "SHOWCASE",
            "text": "Showcase"
        },
        "hdpData": {
            "homeInfo": {
                "zpid": 2070286805,
                "streetAddress": "632 2nd Key Dr",
                "zipcode": "33304",
                "city": "Fort Lauderdale",
                "state": "FL",
                "latitude": 26.131233,
                "longitude": -80.11751,
                "price": 25000000.0,
                "datePriceChanged": 1657004400000,
                "bathrooms": 10.0,
                "bedrooms": 8.0,
                "livingArea": 8962.0,
                "homeType": "SINGLE_FAMILY",
                "homeStatus": "FOR_SALE",
                "daysOnZillow": 713,
                "isFeatured": false,
                "shouldHighlight": false,
                "zestimate": 11748900,
                "rentZestimate": 77671,
                "listing_sub_type": {
                    "is_newHome": true
                },
                "isUnmappable": false,
                "isPreforeclosureAuction": false,
                "homeStatusForHDP": "FOR_SALE",
                "priceForHDP": 25000000.0,
                "priceChange": 3005000,
                "timeOnZillow": 61682688000,
                "newConstructionType": "BUILDER_SPEC",
                "isNonOwnerOccupied": true,
                "isPremierBuilder": false,
                "isZillowOwned": false,
                "currency": "USD",
                "country": "USA",
                "lotAreaValue": 0.64589072543618,
                "lotAreaUnit": "acres",
                "isShowcaseListing": true
            }
        },
        "isSaved": false,
        "isUserClaimingOwner": false,
        "isUserConfirmedClaim": false,
        "pgapt": "ForSale",
        "sgapt": "New Construction",
        "zestimate": 11748900,
        "shouldShowZestimateAsPrice": false,
        "has3DModel": true,
        "hasVideo": false,
        "isHomeRec": false,
        "hasAdditionalAttributions": true,
        "isFeaturedListing": false,
        "isShowcaseListing": true,
        "list": true,
        "relaxed": false,
        "info3String": "https://photos.zillowstatic.com/fp/11470fbfca6bd246a8708da0ff0e5603-zillow_web_48_23.jpg",
        "brokerName": "Compass Florida, LLC",
        "carouselPhotos": [
            {
                "url": "https://photos.zillowstatic.com/fp/325fa132749201f58cc15db399b0f953-p_e.jpg"
            },
            {
                "url": "https://photos.zillowstatic.com/fp/c6052866a1defc74c13ee15e617ef1f1-p_e.jpg"
            },
            {
                "url": "https://photos.zillowstatic.com/fp/75352935e870e7630776186b9b6153e6-p_e.jpg"
            },
            {
                "url": "https://photos.zillowstatic.com/fp/a4597de1b7fa761c3c5e1dcbcab33fc2-p_e.jpg"
            },
            {
                "url": "https://photos.zillowstatic.com/fp/c7aae1a2d7d286f976c7616758f6582e-p_e.jpg"
            },
            {
                "url": "https://photos.zillowstatic.com/fp/cbc19fd38836fbd10d16f65b5c137483-p_e.jpg"
            },
            {
                "url": "https://photos.zillowstatic.com/fp/031de2be0a866b6dab4ff7a697dd58c3-p_e.jpg"
            },
            {
                "url": "https://photos.zillowstatic.com/fp/8fefe1529ba064fb75f3a77fcc23bbac-p_e.jpg"
            },
            {
                "url": "https://photos.zillowstatic.com/fp/561c124a6a12570810df4cc6016a81a6-p_e.jpg"
            },
            {
                "url": "https://photos.zillowstatic.com/fp/2c242a1d8bef045c2d66f46bfcd50aa2-p_e.jpg"
            },
            {
                "url": "https://photos.zillowstatic.com/fp/1779c9b31e314461a6f9903d726cbe86-p_e.jpg"
            },
            {
                "url": "https://photos.zillowstatic.com/fp/5b059e3da5fef889e11d5c18d4d0de95-p_e.jpg"
            },
            {
                "url": "https://photos.zillowstatic.com/fp/264dfb99040917524c68d0b49d55c3eb-p_e.jpg"
            },
            {
                "url": "https://photos.zillowstatic.com/fp/f22ac1f5205a6cbb990308848c40ece3-p_e.jpg"
            },
            {
                "url": "https://photos.zillowstatic.com/fp/65b2e32dcbf1cd1e052d8762b71ec3cc-p_e.jpg"
            },
            {
                "url": "https://photos.zillowstatic.com/fp/71a6a4ec98be4e89c9b17f6d3f11b610-p_e.jpg"
            },
            {
                "url": "https://photos.zillowstatic.com/fp/d302112f743db53c46993c5c8634d513-p_e.jpg"
            },
            {
                "url": "https://photos.zillowstatic.com/fp/da8650c53b02d3d3baef068ee3ff6596-p_e.jpg"
            },
            {
                "url": "https://photos.zillowstatic.com/fp/7d5e9146972858910f893095840fe44a-p_e.jpg"
            },
            {
                "url": "https://photos.zillowstatic.com/fp/238342d03b0d16eab87ded6ce8bec32e-p_e.jpg"
            },
            {
                "url": "https://photos.zillowstatic.com/fp/b5fcdf396ff28fd37a35857a80cec645-p_e.jpg"
            },
            {
                "url": "https://photos.zillowstatic.com/fp/cd8202a81c1d93f17bcb0a2476930201-p_e.jpg"
            },
            {
                "url": "https://photos.zillowstatic.com/fp/7d4805cca1d9dd3fc1d44894fb8481bb-p_e.jpg"
            },
            {
                "url": "https://photos.zillowstatic.com/fp/ca8ff96fb6fa667fb8a96eee0692b5fc-p_e.jpg"
            },
            {
                "url": "https://photos.zillowstatic.com/fp/cd9c995defdefd5c499d6da37b5a4805-p_e.jpg"
            },
            {
                "url": "https://photos.zillowstatic.com/fp/8a5698ed3e04fd1af18e222e6d4cef47-p_e.jpg"
            },
            {
                "url": "https://photos.zillowstatic.com/fp/eb78b027ca25d61639db378f209d2a9a-p_e.jpg"
            },
            {
                "url": "https://photos.zillowstatic.com/fp/920c356b4e63b6941b4e8b0e1cc8cbb9-p_e.jpg"
            },
            {
                "url": "https://photos.zillowstatic.com/fp/e431dab887484fc2402bdfc9ee1dbd9c-p_e.jpg"
            },
            {
                "url": "https://photos.zillowstatic.com/fp/20aff7ba85129b441cc0affe451bd7a2-p_e.jpg"
            },
            {
                "url": "https://photos.zillowstatic.com/fp/127b8a2a1b66d5d2b36ce912e797df68-p_e.jpg"
            },
            {
                "url": "https://photos.zillowstatic.com/fp/511bac75f43b005925f2f8c5be4f8bc6-p_e.jpg"
            },
            {
                "url": "https://photos.zillowstatic.com/fp/dd670fddc58e6b2f3d86cbb2173ccdd2-p_e.jpg"
            },
            {
                "url": "https://photos.zillowstatic.com/fp/5754597435e3751bc65aff0e1c955e63-p_e.jpg"
            },
            {
                "url": "https://photos.zillowstatic.com/fp/5c866b37b0c49b9da9abbc885e0ccb48-p_e.jpg"
            },
            {
                "url": "https://photos.zillowstatic.com/fp/be244259fad8302686d35b95c04d934f-p_e.jpg"
            },
            {
                "url": "https://photos.zillowstatic.com/fp/c4daab8988a646f4597caebba936da72-p_e.jpg"
            },
            {
                "url": "https://photos.zillowstatic.com/fp/0533def2e5d98c8bd4b3f4a3755a209d-p_e.jpg"
            },
            {
                "url": "https://photos.zillowstatic.com/fp/c16d51379535fdefbb3068bed1cc178f-p_e.jpg"
            },
            {
                "url": "https://photos.zillowstatic.com/fp/59c3f8b5986d5b12c1be63292be27032-p_e.jpg"
            },
            {
                "url": "https://photos.zillowstatic.com/fp/2ad6d9c4cda44ce593edc749b3c3237c-p_e.jpg"
            },
            {
                "url": "https://photos.zillowstatic.com/fp/35dd210c7b0bbe47d6507d0ec0c6928f-p_e.jpg"
            },
            {
                "url": "https://photos.zillowstatic.com/fp/0f967a72e771fb61eb94354617db4da4-p_e.jpg"
            },
            {
                "url": "https://photos.zillowstatic.com/fp/0c07a27e6e7c4766cd497bf3ab056c94-p_e.jpg"
            },
            {
                "url": "https://photos.zillowstatic.com/fp/0584beb7cb3d8e1086167356481e567a-p_e.jpg"
            },
            {
                "url": "https://photos.zillowstatic.com/fp/b0beab899765696022bba025ba3ca333-p_e.jpg"
            },
            {
                "url": "https://photos.zillowstatic.com/fp/bb48f03f808087914eb40bc494330d3e-p_e.jpg"
            },
            {
                "url": "https://photos.zillowstatic.com/fp/d5f74a617da2c766881d389372b0f680-p_e.jpg"
            },
            {
                "url": "https://photos.zillowstatic.com/fp/aed41580d6a896879723343ba3914917-p_e.jpg"
            },
            {
                "url": "https://photos.zillowstatic.com/fp/72e94395f30b9cf467e07a8c91d6d670-p_e.jpg"
            },
            {
                "url": "https://photos.zillowstatic.com/fp/9b7d0e30ac6ab0b90098684518f8dfe3-p_e.jpg"
            },
            {
                "url": "https://photos.zillowstatic.com/fp/fb308452bb66f544e356d012886d6fc4-p_e.jpg"
            },
            {
                "url": "https://photos.zillowstatic.com/fp/8a89d4e17c043f8549a5060d5d53b437-p_e.jpg"
            },
            {
                "url": "https://photos.zillowstatic.com/fp/335b98d094e6c36cde9aa9da1b9b94a3-p_e.jpg"
            },
            {
                "url": "https://photos.zillowstatic.com/fp/2db22428f816e39004551601d4175a52-p_e.jpg"
            },
            {
                "url": "https://photos.zillowstatic.com/fp/1d7e3ebd9dac0dc59c2273b3e6a7c92c-p_e.jpg"
            },
            {
                "url": "https://photos.zillowstatic.com/fp/f63c1ae4654235ad06f60af02ad31908-p_e.jpg"
            },
            {
                "url": "https://photos.zillowstatic.com/fp/e713a1739352f28550984723971c7ec3-p_e.jpg"
            },
            {
                "url": "https://photos.zillowstatic.com/fp/e3ea85d7b6b4b180db50827da9e9e7e8-p_e.jpg"
            },
            {
                "url": "https://photos.zillowstatic.com/fp/87bb5422817937a7eb83784452cb74cc-p_e.jpg"
            },
            {
                "url": "https://photos.zillowstatic.com/fp/2c6d2cd66429d20155d3e80e07ae780b-p_e.jpg"
            },
            {
                "url": "https://photos.zillowstatic.com/fp/6d8b182f6465c7a8cbaf11cc34d31992-p_e.jpg"
            },
            {
                "url": "https://photos.zillowstatic.com/fp/c0e73ace19c7aa3857ca83ad075e0f87-p_e.jpg"
            },
            {
                "url": "https://photos.zillowstatic.com/fp/479ad274c37500059a73eb3c17a3ef16-p_e.jpg"
            },
            {
                "url": "https://photos.zillowstatic.com/fp/71284262a408d4c409f9e8ed4a69b35f-p_e.jpg"
            },
            {
                "url": "https://photos.zillowstatic.com/fp/7b2463911da04219686c8d7da3a4b65c-p_e.jpg"
            },
            {
                "url": "https://photos.zillowstatic.com/fp/2aa8a3a7cd6db8c64ebdf24d6a9337e1-p_e.jpg"
            },
            {
                "url": "https://photos.zillowstatic.com/fp/ae93aa308b57c53c00ba8161c719ce40-p_e.jpg"
            },
            {
                "url": "https://photos.zillowstatic.com/fp/25b04e715c0af8447fc35af22ced43b8-p_e.jpg"
            }
        ],
        "rooms": [
            {
                "roomArea": null,
                "roomAreaUnits": null
            },
            {
                "roomArea": null,
                "roomAreaUnits": null
            },
            {
                "roomArea": null,
                "roomAreaUnits": null
            }
        ]
    },
    {
        "zpid": "2067065741",
        "id": "2067065741",
        "rawHomeStatusCd": "ForSale",
        "marketingStatusSimplifiedCd": "For Sale by Agent",
        "imgSrc": "https://photos.zillowstatic.com/fp/6ff3bb19c0c7499bef9d30a480acb86a-p_e.jpg",
        "hasImage": true,
        "detailUrl": "https://www.zillow.com/homedetails/1801-NE-13th-St-1811-Fort-Lauderdale-FL-33304/2067065741_zpid/",
        "statusType": "FOR_SALE",
        "statusText": "Townhouse for sale",
        "countryCurrency": "$",
        "price": "$925,000",
        "unformattedPrice": 925000,
        "address": "1801 NE 13th St #1811, Fort Lauderdale, FL 33304",
        "addressStreet": "1801 NE 13th St #1811",
        "addressCity": "Fort Lauderdale",
        "addressState": "FL",
        "addressZipcode": "33304",
        "isUndisclosedAddress": false,
        "beds": 3,
        "baths": 4.0,
        "area": 2036,
        "latLong": {
            "latitude": 26.142902,
            "longitude": -80.12269
        },
        "isZillowOwned": false,
        "variableData": {
            "type": "3D_HOME",
            "text": "3D Tour"
        },
        "hdpData": {
            "homeInfo": {
                "zpid": 2067065741,
                "streetAddress": "1801 NE 13th St #1811",
                "zipcode": "33304",
                "city": "Fort Lauderdale",
                "state": "FL",
                "latitude": 26.142902,
                "longitude": -80.12269,
                "price": 925000.0,
                "datePriceChanged": 1689750000000,
                "bathrooms": 4.0,
                "bedrooms": 3.0,
                "livingArea": 2036.0,
                "homeType": "TOWNHOUSE",
                "homeStatus": "FOR_SALE",
                "daysOnZillow": 866,
                "isFeatured": false,
                "shouldHighlight": false,
                "rentZestimate": 6999,
                "listing_sub_type": {
                    "is_FSBA": true
                },
                "isUnmappable": false,
                "isPreforeclosureAuction": false,
                "homeStatusForHDP": "FOR_SALE",
                "priceForHDP": 925000.0,
                "priceChange": 30000,
                "timeOnZillow": 74830298000,
                "isNonOwnerOccupied": true,
                "isPremierBuilder": false,
                "isZillowOwned": false,
                "currency": "USD",
                "country": "USA",
                "unit": "# 1811",
                "lotAreaValue": 0.0,
                "lotAreaUnit": "sqft",
                "isShowcaseListing": false
            }
        },
        "isSaved": false,
        "isUserClaimingOwner": false,
        "isUserConfirmedClaim": false,
        "pgapt": "ForSale",
        "sgapt": "For Sale (Broker)",
        "shouldShowZestimateAsPrice": false,
        "has3DModel": true,
        "hasVideo": false,
        "isHomeRec": false,
        "hasAdditionalAttributions": true,
        "isFeaturedListing": false,
        "isShowcaseListing": false,
        "list": true,
        "relaxed": false,
        "info3String": "https://photos.zillowstatic.com/fp/a8b02d5ac61ac8b9a11bda64382b4f89-zillow_web_48_23.jpg",
        "brokerName": "Compass Florida, LLC.",
        "carouselPhotos": [
            {
                "url": "https://photos.zillowstatic.com/fp/6ff3bb19c0c7499bef9d30a480acb86a-p_e.jpg"
            },
            {
                "url": "https://photos.zillowstatic.com/fp/eb30f081b35fb438a15cfb90d1c12ffb-p_e.jpg"
            },
            {
                "url": "https://photos.zillowstatic.com/fp/adc4707e6ce66c6eff9a1249051969c9-p_e.jpg"
            },
            {
                "url": "https://photos.zillowstatic.com/fp/080af09e6ee7de7ee557a6b10ba5e82c-p_e.jpg"
            },
            {
                "url": "https://photos.zillowstatic.com/fp/e56d5bd2e8278342c339e499feaace51-p_e.jpg"
            },
            {
                "url": "https://photos.zillowstatic.com/fp/40cc2971819f26ef7099f938bc0a1f19-p_e.jpg"
            },
            {
                "url": "https://photos.zillowstatic.com/fp/aeae730dafd2a85fb8085b5adeebca09-p_e.jpg"
            },
            {
                "url": "https://photos.zillowstatic.com/fp/8e5bdfbff7490e7407bf274e9d8f8880-p_e.jpg"
            },
            {
                "url": "https://photos.zillowstatic.com/fp/e69b4a014c0b0867e4e5ca184d491c1e-p_e.jpg"
            },
            {
                "url": "https://photos.zillowstatic.com/fp/fb66d1b6eb2a867e74023591155b88c0-p_e.jpg"
            },
            {
                "url": "https://photos.zillowstatic.com/fp/b4b4b1752cc51012b7b325ff370ff5ee-p_e.jpg"
            },
            {
                "url": "https://photos.zillowstatic.com/fp/d9a912d01884ab4356ceb7e229be3a59-p_e.jpg"
            },
            {
                "url": "https://photos.zillowstatic.com/fp/8509591e806a28e8e022100c657d1c08-p_e.jpg"
            },
            {
                "url": "https://photos.zillowstatic.com/fp/161323affe72747d110f91f537d0bd1b-p_e.jpg"
            },
            {
                "url": "https://photos.zillowstatic.com/fp/b4396f204bacb02e78ac7843912a5243-p_e.jpg"
            },
            {
                "url": "https://photos.zillowstatic.com/fp/396990bc55fcd9875ac60964ec207102-p_e.jpg"
            },
            {
                "url": "https://photos.zillowstatic.com/fp/3251e20e004b7fe446b7af23ca0b58d3-p_e.jpg"
            }
        ],
        "rooms": []
    }
]