{
    "user_info": {
        "isLoggedIn": false,
        "hasHousingConnectorPermission": false,
        "savedHomesCount": 0,
        "personalizedSearchTraceID": "ee1805d7813154f5d2db262186300f85",
        "guid": "447b6aeb-3749-42e6-a483-455e0e6c7515",
        "zuid": "",
        "isBot": false,
        "email": "",
        "displayName": ""
    },
    "map_state": {
        "customRegionPolygonWkt": null,
        "schoolPolygonWkt": null,
        "isCurrentLocationSearch": false,
        "userPosition": {
            "lat": null,
            "lon": null
        }
    },
    "region_state": {
        "regionInfo": [
            {
                "regionId": 72523,
                "regionType": 7,
                "regionName": "33304",
                "displayName": "Fort Lauderdale FL 33304",
                "isPointRegion": false
            }
        ],
        "regionBounds": {
            "north": 26.152561,
            "south": 26.110164,
            "east": -80.098362,
            "west": -80.144471
        }
    },
    "search_page_seo": {
        "baseUrl": "/fort-lauderdale-fl-33304/",
        "windowTitle": "33304 Real Estate - 33304 Homes For Sale | Zillow",
        "metaDescription": "Zillow has 84 homes for sale in 33304. View listing photos, review sales history, and use our detailed real estate filters to find the perfect place."
    },
    "request_id": 4
}