{
    "user_info": {
        "isLoggedIn": false,
        "hasHousingConnectorPermission": false,
        "savedHomesCount": 0,
        "personalizedSearchTraceID": "0b7e7ef2b0ee0f1a8c0a51e2dcec830e",
        "guid": "1fee229a-0d3e-4942-b964-28154b2449a8",
        "zuid": "",
        "isBot": false,
        "email": "",
        "displayName": ""
    },
    "map_state": {
        "customRegionPolygonWkt": null,
        "schoolPolygonWkt": null,
        "isCurrentLocationSearch": false,
        "userPosition": {
            "lat": null,
            "lon": null
        }
    },
    "region_state": {
        "regionInfo": [
            {
                "regionId": 72609,
                "regionType": 7,
                "regionName": "33443",
                "displayName": "Deerfield Beach FL 33443",
                "isPointRegion": true
            }
        ],
        "regionBounds": {
            "north": 26.336415000000002,
            "south": 26.300185,
            "east": -80.081585,
            "west": -80.117815
        }
    },
    "search_page_seo": {
        "baseUrl": "/deerfield-beach-fl-33443/",
        "windowTitle": "33443 Real Estate - 33443 Homes For Sale | Zillow",
        "metaDescription": "Zillow has 176 homes for sale in 33443. View listing photos, review sales history, and use our detailed real estate filters to find the perfect place."
    },
    "request_id": 4
}