[
    {
        "zpid": "44228928",
        "id": "44228928",
        "rawHomeStatusCd": "ForSale",
        "marketingStatusSimplifiedCd": "For Sale by Agent",
        "imgSrc": "https://photos.zillowstatic.com/fp/beacb99257d49e0f5e9a787d3b6459db-p_e.jpg",
        "hasImage": true,
        "detailUrl": "https://www.zillow.com/homedetails/13269-SW-9th-Ln-Miami-FL-33184/44228928_zpid/",
        "statusType": "FOR_SALE",
        "statusText": "House for sale",
        "countryCurrency": "$",
        "price": "$675,000",
        "unformattedPrice": 675000,
        "address": "13269 SW 9th Ln, Miami, FL 33184",
        "addressStreet": "13269 SW 9th Ln",
        "addressCity": "Miami",
        "addressState": "FL",
        "addressZipcode": "33184",
        "isUndisclosedAddress": false,
        "beds": 4,
        "baths": 3.0,
        "area": 2037,
        "latLong": {
            "latitude": 25.758308,
            "longitude": -80.411156
        },
        "isZillowOwned": false,
        "variableData": {
            "type": "3D_HOME",
            "text": "3D Tour"
        },
        "hdpData": {
            "homeInfo": {
                "zpid": 44228928,
                "streetAddress": "13269 SW 9th Ln",
                "zipcode": "33184",
                "city": "Miami",
                "state": "FL",
                "latitude": 25.758308,
                "longitude": -80.411156,
                "price": 675000.0,
                "bathrooms": 3.0,
                "bedrooms": 4.0,
                "livingArea": 2037.0,
                "homeType": "SINGLE_FAMILY",
                "homeStatus": "FOR_SALE",
                "daysOnZillow": 4,
                "isFeatured": false,
                "shouldHighlight": false,
                "listing_sub_type": {
                    "is_FSBA": true
                },
                "isUnmappable": false,
                "isPreforeclosureAuction": false,
                "homeStatusForHDP": "FOR_SALE",
                "priceForHDP": 675000.0,
                "timeOnZillow": 352887000,
                "isNonOwnerOccupied": true,
                "isPremierBuilder": false,
                "isZillowOwned": false,
                "currency": "USD",
                "country": "USA",
                "taxAssessedValue": 360872.0,
                "lotAreaValue": 4030.0,
                "lotAreaUnit": "sqft",
                "isShowcaseListing": false
            }
        },
        "isSaved": false,
        "isUserClaimingOwner": false,
        "isUserConfirmedClaim": false,
        "pgapt": "ForSale",
        "sgapt": "For Sale (Broker)",
        "shouldShowZestimateAsPrice": false,
        "has3DModel": true,
        "hasVideo": false,
        "isHomeRec": false,
        "hasAdditionalAttributions": true,
        "isFeaturedListing": false,
        "isShowcaseListing": false,
        "list": true,
        "relaxed": false,
        "info3String": "https://photos.zillowstatic.com/fp/a8b02d5ac61ac8b9a11bda64382b4f89-zillow_web_48_23.jpg",
        "brokerName": "Redfin Corporation",
        "carouselPhotos": [
            {
                "url": "https://photos.zillowstatic.com/fp/beacb99257d49e0f5e9a787d3b6459db-p_e.jpg"
            },
            {
                "url": "https://photos.zillowstatic.com/fp/ea01828933d4ffc4abf7256cf2bded06-p_e.jpg"
            },
            {
                "url": "https://photos.zillowstatic.com/fp/c19aabf051d8f484ba37774babcd80c6-p_e.jpg"
            },
            {
                "url": "https://photos.zillowstatic.com/fp/dd8ee82b98d1e1c237e2a41440c1aecb-p_e.jpg"
            },
            {
                "url": "https://photos.zillowstatic.com/fp/b57c6775f37238680bd2e2b03bc9c4fe-p_e.jpg"
            },
            {
                "url": "https://photos.zillowstatic.com/fp/4fc5bc8ac766bd067919501bbcd1d87c-p_e.jpg"
            },
            {
                "url": "https://photos.zillowstatic.com/fp/5b69ed4bc60257104a855ae047365fec-p_e.jpg"
            },
            {
                "url": "https://photos.zillowstatic.com/fp/be2ee3af30e78a5395832ce3532038bd-p_e.jpg"
            },
            {
                "url": "https://photos.zillowstatic.com/fp/619b3b7b8252cb184c9823ede3637a16-p_e.jpg"
            },
            {
                "url": "https://photos.zillowstatic.com/fp/cbc314043eb5b3f55534368528f54655-p_e.jpg"
            },
            {
                "url": "https://photos.zillowstatic.com/fp/640c66e63a2c2a3cefc9c75bb6f1143a-p_e.jpg"
            },
            {
                "url": "https://photos.zillowstatic.com/fp/ed8c8b3ae6b7819439281aa7274a5aff-p_e.jpg"
            },
            {
                "url": "https://photos.zillowstatic.com/fp/b9633624db06a8552b6a76da93c3fa79-p_e.jpg"
            },
            {
                "url": "https://photos.zillowstatic.com/fp/f32a1e3005a635e56476999cc7106aea-p_e.jpg"
            },
            {
                "url": "https://photos.zillowstatic.com/fp/a0b63ed27de1e41a90a4af4273d5ed6a-p_e.jpg"
            },
            {
                "url": "https://photos.zillowstatic.com/fp/7bb4b49ff27b388fd399ce79519fdf3e-p_e.jpg"
            },
            {
                "url": "https://photos.zillowstatic.com/fp/0f5fd5ca570ffed2706aaaf97e8909a7-p_e.jpg"
            },
            {
                "url": "https://photos.zillowstatic.com/fp/836c8da1a616174093471592520621c0-p_e.jpg"
            },
            {
                "url": "https://photos.zillowstatic.com/fp/6c931af3cd65c8aad27a106be8a25a15-p_e.jpg"
            },
            {
                "url": "https://photos.zillowstatic.com/fp/beaf0cd6c130f1b079e2d9eb94d137f4-p_e.jpg"
            },
            {
                "url": "https://photos.zillowstatic.com/fp/0cbad27cf142e85e8d3dc57ad6109b32-p_e.jpg"
            },
            {
                "url": "https://photos.zillowstatic.com/fp/e421f3b895b7850452efc35dc24e2bda-p_e.jpg"
            },
            {
                "url": "https://photos.zillowstatic.com/fp/5c0897ee02c2f53f3a31e85b0837a92f-p_e.jpg"
            },
            {
                "url": "https://photos.zillowstatic.com/fp/56d852d8cff2d671a8e3f83357582191-p_e.jpg"
            },
            {
                "url": "https://photos.zillowstatic.com/fp/0d9ed4fafd36eef5225cd7c19068ab11-p_e.jpg"
            },
            {
                "url": "https://photos.zillowstatic.com/fp/d9940d97f624b6f4e85e630c91316962-p_e.jpg"
            },
            {
                "url": "https://photos.zillowstatic.com/fp/d4946437764d0fbaa77b59c9574eb919-p_e.jpg"
            },
            {
                "url": "https://photos.zillowstatic.com/fp/2ca1590f43998082c3a90ddc0a8a2058-p_e.jpg"
            },
            {
                "url": "https://photos.zillowstatic.com/fp/861f301db640713f34ba08fe9b736ad4-p_e.jpg"
            },
            {
                "url": "https://photos.zillowstatic.com/fp/0f99ceb64f38e05bcccdf7d26584475e-p_e.jpg"
            },
            {
                "url": "https://photos.zillowstatic.com/fp/73afd75409a32bbd1d531a87dad3f9da-p_e.jpg"
            },
            {
                "url": "https://photos.zillowstatic.com/fp/61bcf8ddf6858aad86139d1d4ad119cb-p_e.jpg"
            },
            {
                "url": "https://photos.zillowstatic.com/fp/31be331a1dafd257c09c3ec92dc15d0b-p_e.jpg"
            },
            {
                "url": "https://photos.zillowstatic.com/fp/3a7a3c691bb02c58c76178f614f9c0e5-p_e.jpg"
            },
            {
                "url": "https://photos.zillowstatic.com/fp/a3e996dd0e88419d9cf31de731b028f4-p_e.jpg"
            },
            {
                "url": "https://photos.zillowstatic.com/fp/240aefb127b90f001e4db039c4907a2a-p_e.jpg"
            },
            {
                "url": "https://photos.zillowstatic.com/fp/9b683b0399644bcef5957c8449e0e305-p_e.jpg"
            },
            {
                "url": "https://photos.zillowstatic.com/fp/fc5422a6972d838eec2eeb52d12493b7-p_e.jpg"
            },
            {
                "url": "https://photos.zillowstatic.com/fp/32f97a1210a84875ff2fc2c2642607ac-p_e.jpg"
            },
            {
                "url": "https://photos.zillowstatic.com/fp/f3fb68b538034b47cef6b22aaa64fc07-p_e.jpg"
            }
        ],
        "rooms": []
    },
    {
        "zpid": "44236744",
        "id": "44236744",
        "rawHomeStatusCd": "ForSale",
        "marketingStatusSimplifiedCd": "For Sale by Agent",
        "imgSrc": "https://photos.zillowstatic.com/fp/772e33ff3663ae4206e98494a2ea47d5-p_e.jpg",
        "hasImage": true,
        "detailUrl": "https://www.zillow.com/homedetails/1425-SW-122nd-Ave-APT-4-17-Miami-FL-33184/44236744_zpid/",
        "statusType": "FOR_SALE",
        "statusText": "Condo for sale",
        "countryCurrency": "$",
        "price": "$257,000",
        "unformattedPrice": 257000,
        "address": "1425 SW 122nd Ave APT 4-17, Miami, FL 33184",
        "addressStreet": "1425 SW 122nd Ave APT 4-17",
        "addressCity": "Miami",
        "addressState": "FL",
        "addressZipcode": "33184",
        "isUndisclosedAddress": false,
        "beds": 1,
        "baths": 1.0,
        "area": 665,
        "latLong": {
            "latitude": 25.754627,
            "longitude": -80.38992
        },
        "isZillowOwned": false,
        "variableData": {
            "type": "DAYS_ON",
            "text": "7 days on Zillow"
        },
        "hdpData": {
            "homeInfo": {
                "zpid": 44236744,
                "streetAddress": "1425 SW 122nd Ave APT 4-17",
                "zipcode": "33184",
                "city": "Miami",
                "state": "FL",
                "latitude": 25.754627,
                "longitude": -80.38992,
                "price": 257000.0,
                "datePriceChanged": 1706083200000,
                "bathrooms": 1.0,
                "bedrooms": 1.0,
                "livingArea": 665.0,
                "homeType": "CONDO",
                "homeStatus": "FOR_SALE",
                "daysOnZillow": 7,
                "isFeatured": false,
                "shouldHighlight": false,
                "zestimate": 253700,
                "rentZestimate": 1136,
                "listing_sub_type": {
                    "is_FSBA": true
                },
                "isUnmappable": false,
                "isPreforeclosureAuction": false,
                "homeStatusForHDP": "FOR_SALE",
                "priceForHDP": 257000.0,
                "priceChange": 22000,
                "timeOnZillow": 612087000,
                "isNonOwnerOccupied": true,
                "isPremierBuilder": false,
                "isZillowOwned": false,
                "currency": "USD",
                "country": "USA",
                "taxAssessedValue": 126000.0,
                "unit": "Apt 4-17",
                "lotAreaValue": 0.0,
                "lotAreaUnit": "sqft",
                "isShowcaseListing": false
            }
        },
        "isSaved": false,
        "isUserClaimingOwner": false,
        "isUserConfirmedClaim": false,
        "pgapt": "ForSale",
        "sgapt": "For Sale (Broker)",
        "zestimate": 253700,
        "shouldShowZestimateAsPrice": false,
        "has3DModel": false,
        "hasVideo": false,
        "isHomeRec": false,
        "hasAdditionalAttributions": true,
        "isFeaturedListing": false,
        "isShowcaseListing": false,
        "list": true,
        "relaxed": false,
        "info3String": "https://photos.zillowstatic.com/fp/a8b02d5ac61ac8b9a11bda64382b4f89-zillow_web_48_23.jpg",
        "brokerName": "Luxe Properties",
        "carouselPhotos": [
            {
                "url": "https://photos.zillowstatic.com/fp/772e33ff3663ae4206e98494a2ea47d5-p_e.jpg"
            },
            {
                "url": "https://photos.zillowstatic.com/fp/412f04fb2883ca72a649aa0f833058d8-p_e.jpg"
            },
            {
                "url": "https://photos.zillowstatic.com/fp/4a5f91351c010de3bf3b050eccfe9c3d-p_e.jpg"
            },
            {
                "url": "https://photos.zillowstatic.com/fp/69abe8ccad6faa1c78564ad791566261-p_e.jpg"
            },
            {
                "url": "https://photos.zillowstatic.com/fp/219df5b7a7d618c39a289cae7e7e5ac6-p_e.jpg"
            },
            {
                "url": "https://photos.zillowstatic.com/fp/89e14e0875a7e995e1ed4860a9beda98-p_e.jpg"
            },
            {
                "url": "https://photos.zillowstatic.com/fp/1ff46b183d82d889d3d02569b9e7867d-p_e.jpg"
            },
            {
                "url": "https://photos.zillowstatic.com/fp/94d4b35d431954fddfe3f3b0a4104bef-p_e.jpg"
            },
            {
                "url": "https://photos.zillowstatic.com/fp/e6052457b4f0f928033ae0e738fedddc-p_e.jpg"
            },
            {
                "url": "https://photos.zillowstatic.com/fp/1d9226996123bc603678a2ad052232ec-p_e.jpg"
            },
            {
                "url": "https://photos.zillowstatic.com/fp/d158861acc783aa881e4754b1b2671a2-p_e.jpg"
            },
            {
                "url": "https://photos.zillowstatic.com/fp/ec03ec83b0323d9c026e2211312e8912-p_e.jpg"
            },
            {
                "url": "https://photos.zillowstatic.com/fp/2525d0273a1b228f2f26284663f0d06c-p_e.jpg"
            },
            {
                "url": "https://photos.zillowstatic.com/fp/e5d90e41dd18fe6c48cce55a29f63105-p_e.jpg"
            },
            {
                "url": "https://photos.zillowstatic.com/fp/58886132492702dfde5b8c9a1268c299-p_e.jpg"
            },
            {
                "url": "https://photos.zillowstatic.com/fp/192c251e02d50a9f93599e52286a0e63-p_e.jpg"
            }
        ],
        "rooms": [
            {
                "roomArea": null,
                "roomAreaUnits": "Square Feet"
            }
        ]
    },
    {
        "zpid": "44236422",
        "id": "44236422",
        "rawHomeStatusCd": "ForSale",
        "marketingStatusSimplifiedCd": "For Sale by Agent",
        "imgSrc": "https://photos.zillowstatic.com/fp/6e6873afb98ffc2bd7242b89ad02b50e-p_e.jpg",
        "hasImage": true,
        "detailUrl": "https://www.zillow.com/homedetails/1300-SW-122nd-Ave-311B-2-Miami-FL-33184/44236422_zpid/",
        "statusType": "FOR_SALE",
        "statusText": "Condo for sale",
        "countryCurrency": "$",
        "price": "$320,000",
        "unformattedPrice": 320000,
        "address": "1300 SW 122nd Ave #311B-2, Miami, FL 33184",
        "addressStreet": "1300 SW 122nd Ave #311B-2",
        "addressCity": "Miami",
        "addressState": "FL",
        "addressZipcode": "33184",
        "isUndisclosedAddress": false,
        "beds": 2,
        "baths": 2.0,
        "area": 855,
        "latLong": {
            "latitude": 25.755644,
            "longitude": -80.39234
        },
        "isZillowOwned": false,
        "variableData": {
            "type": "DAYS_ON",
            "text": "14 days on Zillow"
        },
        "hdpData": {
            "homeInfo": {
                "zpid": 44236422,
                "streetAddress": "1300 SW 122nd Ave #311B-2",
                "zipcode": "33184",
                "city": "Miami",
                "state": "FL",
                "latitude": 25.755644,
                "longitude": -80.39234,
                "price": 320000.0,
                "bathrooms": 2.0,
                "bedrooms": 2.0,
                "livingArea": 855.0,
                "homeType": "CONDO",
                "homeStatus": "FOR_SALE",
                "daysOnZillow": 14,
                "isFeatured": false,
                "shouldHighlight": false,
                "listing_sub_type": {
                    "is_FSBA": true
                },
                "isUnmappable": false,
                "isPreforeclosureAuction": false,
                "homeStatusForHDP": "FOR_SALE",
                "priceForHDP": 320000.0,
                "timeOnZillow": 1216887000,
                "isNonOwnerOccupied": true,
                "isPremierBuilder": false,
                "isZillowOwned": false,
                "currency": "USD",
                "country": "USA",
                "taxAssessedValue": 157950.0,
                "unit": "# 311B-2",
                "lotAreaValue": 0.0,
                "lotAreaUnit": "sqft",
                "isShowcaseListing": false
            }
        },
        "isSaved": false,
        "isUserClaimingOwner": false,
        "isUserConfirmedClaim": false,
        "pgapt": "ForSale",
        "sgapt": "For Sale (Broker)",
        "shouldShowZestimateAsPrice": false,
        "has3DModel": false,
        "hasVideo": false,
        "isHomeRec": false,
        "hasAdditionalAttributions": true,
        "isFeaturedListing": false,
        "isShowcaseListing": false,
        "list": true,
        "relaxed": false,
        "info3String": "https://photos.zillowstatic.com/fp/a8b02d5ac61ac8b9a11bda64382b4f89-zillow_web_48_23.jpg",
        "brokerName": "United Real Estate Miami",
        "carouselPhotos": [
            {
                "url": "https://photos.zillowstatic.com/fp/6e6873afb98ffc2bd7242b89ad02b50e-p_e.jpg"
            },
            {
                "url": "https://photos.zillowstatic.com/fp/51c2026c933846897961848e0d6351ab-p_e.jpg"
            },
            {
                "url": "https://photos.zillowstatic.com/fp/4c8f41cbc5aeeb4a795352e7b23213c8-p_e.jpg"
            },
            {
                "url": "https://photos.zillowstatic.com/fp/7e504fa28ba4ad9ec6afe226bba572eb-p_e.jpg"
            },
            {
                "url": "https://photos.zillowstatic.com/fp/9243bd827aa8da92d41d556a314142f1-p_e.jpg"
            },
            {
                "url": "https://photos.zillowstatic.com/fp/76b2fb010f90d0d2066dd8a8e02379a4-p_e.jpg"
            },
            {
                "url": "https://photos.zillowstatic.com/fp/2d5253d3e338713b6ee26f7e5eb361d8-p_e.jpg"
            },
            {
                "url": "https://photos.zillowstatic.com/fp/b3892a110a2cad8f5cf4a2faf72c1410-p_e.jpg"
            },
            {
                "url": "https://photos.zillowstatic.com/fp/7e26db3527d0d3ccc0598c2139298a89-p_e.jpg"
            },
            {
                "url": "https://photos.zillowstatic.com/fp/8e95dcd0a3949daf39be3917eab7d2a0-p_e.jpg"
            },
            {
                "url": "https://photos.zillowstatic.com/fp/a659a335512c4b0407a3ed4d6b306528-p_e.jpg"
            },
            {
                "url": "https://photos.zillowstatic.com/fp/d4711262f8b0489a744404c9dd823c1e-p_e.jpg"
            },
            {
                "url": "https://photos.zillowstatic.com/fp/ca2e3b75e3b99c90c3d12557c6a160c8-p_e.jpg"
            },
            {
                "url": "https://photos.zillowstatic.com/fp/943d8628fd35ba2c909f57e1df0f594a-p_e.jpg"
            },
            {
                "url": "https://photos.zillowstatic.com/fp/15f80a3a613eb71d870abc82f07150e2-p_e.jpg"
            },
            {
                "url": "https://photos.zillowstatic.com/fp/e8190f694127b887b08565036990cc8d-p_e.jpg"
            },
            {
                "url": "https://photos.zillowstatic.com/fp/7e3b1160cd4ea41b411958bf0e209615-p_e.jpg"
            },
            {
                "url": "https://photos.zillowstatic.com/fp/ac1c38d69763db8bab4dc094640dbeae-p_e.jpg"
            },
            {
                "url": "https://photos.zillowstatic.com/fp/f1e9077318e5551f080b424aff98f29e-p_e.jpg"
            },
            {
                "url": "https://photos.zillowstatic.com/fp/729d3723bc9d766ef33a4d53eb7abcc1-p_e.jpg"
            },
            {
                "url": "https://photos.zillowstatic.com/fp/a907211dc481469fb16880ea627ea448-p_e.jpg"
            },
            {
                "url": "https://photos.zillowstatic.com/fp/f7b511795ddf9c3992cda377ce27e9f1-p_e.jpg"
            },
            {
                "url": "https://photos.zillowstatic.com/fp/81052c4a51d777803290de9ee885c8e5-p_e.jpg"
            },
            {
                "url": "https://photos.zillowstatic.com/fp/44e1c43b43631a20395df9d2ae6055f8-p_e.jpg"
            },
            {
                "url": "https://photos.zillowstatic.com/fp/bfd17003ccffa33f6bbe1602188a3625-p_e.jpg"
            },
            {
                "url": "https://photos.zillowstatic.com/fp/848c0989045e9ab4e4fb2c6330a1f582-p_e.jpg"
            },
            {
                "url": "https://photos.zillowstatic.com/fp/db723e27474e1993e4cbbfcda4ddf711-p_e.jpg"
            }
        ],
        "rooms": []
    },
    {
        "zpid": "44236346",
        "id": "44236346",
        "rawHomeStatusCd": "ForSale",
        "marketingStatusSimplifiedCd": "For Sale by Agent",
        "imgSrc": "https://photos.zillowstatic.com/fp/2f0a7241d722b42c0b5d83ccc41ba70d-p_e.jpg",
        "hasImage": true,
        "detailUrl": "https://www.zillow.com/homedetails/1350-SW-122nd-Ave-APT-317-Miami-FL-33184/44236346_zpid/",
        "statusType": "FOR_SALE",
        "statusText": "Condo for sale",
        "countryCurrency": "$",
        "price": "$315,000",
        "unformattedPrice": 315000,
        "address": "1350 SW 122nd Ave APT 317, Miami, FL 33184",
        "addressStreet": "1350 SW 122nd Ave APT 317",
        "addressCity": "Miami",
        "addressState": "FL",
        "addressZipcode": "33184",
        "isUndisclosedAddress": false,
        "beds": 2,
        "baths": 2.0,
        "area": 1170,
        "latLong": {
            "latitude": 25.75565,
            "longitude": -80.39303
        },
        "isZillowOwned": false,
        "variableData": {
            "type": "DAYS_ON",
            "text": "19 days on Zillow"
        },
        "hdpData": {
            "homeInfo": {
                "zpid": 44236346,
                "streetAddress": "1350 SW 122nd Ave APT 317",
                "zipcode": "33184",
                "city": "Miami",
                "state": "FL",
                "latitude": 25.75565,
                "longitude": -80.39303,
                "price": 315000.0,
                "bathrooms": 2.0,
                "bedrooms": 2.0,
                "livingArea": 1170.0,
                "homeType": "CONDO",
                "homeStatus": "FOR_SALE",
                "daysOnZillow": 19,
                "isFeatured": false,
                "shouldHighlight": false,
                "zestimate": 303000,
                "rentZestimate": 2500,
                "listing_sub_type": {
                    "is_FSBA": true
                },
                "isUnmappable": false,
                "isPreforeclosureAuction": false,
                "homeStatusForHDP": "FOR_SALE",
                "priceForHDP": 315000.0,
                "timeOnZillow": 1648887000,
                "isNonOwnerOccupied": true,
                "isPremierBuilder": false,
                "isZillowOwned": false,
                "currency": "USD",
                "country": "USA",
                "taxAssessedValue": 164754.0,
                "unit": "Apt 317",
                "lotAreaValue": 0.0,
                "lotAreaUnit": "sqft",
                "isShowcaseListing": false
            }
        },
        "isSaved": false,
        "isUserClaimingOwner": false,
        "isUserConfirmedClaim": false,
        "pgapt": "ForSale",
        "sgapt": "For Sale (Broker)",
        "zestimate": 303000,
        "shouldShowZestimateAsPrice": false,
        "has3DModel": false,
        "hasVideo": false,
        "isHomeRec": false,
        "hasAdditionalAttributions": true,
        "isFeaturedListing": false,
        "isShowcaseListing": false,
        "list": true,
        "relaxed": false,
        "info3String": "https://photos.zillowstatic.com/fp/a8b02d5ac61ac8b9a11bda64382b4f89-zillow_web_48_23.jpg",
        "brokerName": "Active Community Realty",
        "carouselPhotos": [
            {
                "url": "https://photos.zillowstatic.com/fp/2f0a7241d722b42c0b5d83ccc41ba70d-p_e.jpg"
            }
        ],
        "rooms": []
    },
    {
        "zpid": "44232989",
        "id": "44232989",
        "rawHomeStatusCd": "ForSale",
        "marketingStatusSimplifiedCd": "For Sale by Agent",
        "imgSrc": "https://photos.zillowstatic.com/fp/aea7d0167321c6c92b6c06c17b62178d-p_e.jpg",
        "hasImage": true,
        "detailUrl": "https://www.zillow.com/homedetails/13184-SW-9th-Ln-Miami-FL-33184/44232989_zpid/",
        "statusType": "FOR_SALE",
        "statusText": "Townhouse for sale",
        "countryCurrency": "$",
        "price": "$515,000",
        "unformattedPrice": 515000,
        "address": "13184 SW 9th Ln, Miami, FL 33184",
        "addressStreet": "13184 SW 9th Ln",
        "addressCity": "Miami",
        "addressState": "FL",
        "addressZipcode": "33184",
        "isUndisclosedAddress": false,
        "beds": 3,
        "baths": 3.0,
        "area": 1754,
        "latLong": {
            "latitude": 25.758284,
            "longitude": -80.40905
        },
        "isZillowOwned": false,
        "variableData": {
            "type": "DAYS_ON",
            "text": "20 days on Zillow"
        },
        "hdpData": {
            "homeInfo": {
                "zpid": 44232989,
                "streetAddress": "13184 SW 9th Ln",
                "zipcode": "33184",
                "city": "Miami",
                "state": "FL",
                "latitude": 25.758284,
                "longitude": -80.40905,
                "price": 515000.0,
                "bathrooms": 3.0,
                "bedrooms": 3.0,
                "livingArea": 1754.0,
                "homeType": "TOWNHOUSE",
                "homeStatus": "FOR_SALE",
                "daysOnZillow": 20,
                "isFeatured": false,
                "shouldHighlight": false,
                "zestimate": 497600,
                "rentZestimate": 3293,
                "listing_sub_type": {
                    "is_FSBA": true
                },
                "isUnmappable": false,
                "isPreforeclosureAuction": false,
                "homeStatusForHDP": "FOR_SALE",
                "priceForHDP": 515000.0,
                "timeOnZillow": 1735287000,
                "isNonOwnerOccupied": true,
                "isPremierBuilder": false,
                "isZillowOwned": false,
                "currency": "USD",
                "country": "USA",
                "taxAssessedValue": 270836.0,
                "lotAreaValue": 0.0,
                "lotAreaUnit": "sqft",
                "isShowcaseListing": false
            }
        },
        "isSaved": false,
        "isUserClaimingOwner": false,
        "isUserConfirmedClaim": false,
        "pgapt": "ForSale",
        "sgapt": "For Sale (Broker)",
        "zestimate": 497600,
        "shouldShowZestimateAsPrice": false,
        "has3DModel": false,
        "hasVideo": false,
        "isHomeRec": false,
        "hasAdditionalAttributions": true,
        "isFeaturedListing": false,
        "isShowcaseListing": false,
        "list": true,
        "relaxed": false,
        "info3String": "https://photos.zillowstatic.com/fp/a8b02d5ac61ac8b9a11bda64382b4f89-zillow_web_48_23.jpg",
        "brokerName": "Floridian First Realty Corp",
        "carouselPhotos": [
            {
                "url": "https://photos.zillowstatic.com/fp/aea7d0167321c6c92b6c06c17b62178d-p_e.jpg"
            },
            {
                "url": "https://photos.zillowstatic.com/fp/65d73ed355e3c0746c62eb9c1d1c0ec1-p_e.jpg"
            },
            {
                "url": "https://photos.zillowstatic.com/fp/312aea6b5cb48b6ad270afb1b63ecdce-p_e.jpg"
            },
            {
                "url": "https://photos.zillowstatic.com/fp/bd60eb57778dd1c983763dfe4281fcbc-p_e.jpg"
            },
            {
                "url": "https://photos.zillowstatic.com/fp/d10d2919cefee5157d0e4b81fc31d1fe-p_e.jpg"
            },
            {
                "url": "https://photos.zillowstatic.com/fp/d5210ff171b2a1141449a8644131052a-p_e.jpg"
            },
            {
                "url": "https://photos.zillowstatic.com/fp/5aea6949332b934ab6b6a9729d33f270-p_e.jpg"
            },
            {
                "url": "https://photos.zillowstatic.com/fp/1b1766069481dd232ecde12bd3949bb6-p_e.jpg"
            },
            {
                "url": "https://photos.zillowstatic.com/fp/11137c1400d613162038e8df1c32b43e-p_e.jpg"
            },
            {
                "url": "https://photos.zillowstatic.com/fp/4003d86513d6bf6912f39ef55fbd20bc-p_e.jpg"
            },
            {
                "url": "https://photos.zillowstatic.com/fp/f3474fc043550b5d1ca013324ff96724-p_e.jpg"
            },
            {
                "url": "https://photos.zillowstatic.com/fp/9ba10ea1344f4ec49a344831935e2b5a-p_e.jpg"
            },
            {
                "url": "https://photos.zillowstatic.com/fp/49b95590407d47f9f62e0dc30a8fba50-p_e.jpg"
            },
            {
                "url": "https://photos.zillowstatic.com/fp/9a430e07ecf39aa07624fcf1f9325edb-p_e.jpg"
            },
            {
                "url": "https://photos.zillowstatic.com/fp/038e2451939fc35396bb236d71e46c63-p_e.jpg"
            },
            {
                "url": "https://photos.zillowstatic.com/fp/bf0ffa88dcfaa1aacca2e1d4a647649f-p_e.jpg"
            },
            {
                "url": "https://photos.zillowstatic.com/fp/17b417f8c2e84b422c27c7c19dfb93a5-p_e.jpg"
            },
            {
                "url": "https://photos.zillowstatic.com/fp/0be41ae35710900f7f7d2bfb527074fb-p_e.jpg"
            },
            {
                "url": "https://photos.zillowstatic.com/fp/ee3cba3c92519d9016efa24671327c6c-p_e.jpg"
            },
            {
                "url": "https://photos.zillowstatic.com/fp/3221016667a395beeaa2567702ddf6ba-p_e.jpg"
            },
            {
                "url": "https://photos.zillowstatic.com/fp/ab666803e0b98252a0df08ecad389361-p_e.jpg"
            }
        ],
        "rooms": []
    },
    {
        "zpid": "44232660",
        "id": "44232660",
        "rawHomeStatusCd": "ForSale",
        "marketingStatusSimplifiedCd": "For Sale by Agent",
        "imgSrc": "https://photos.zillowstatic.com/fp/9b472cfd67a0977e544e49527c697465-p_e.jpg",
        "hasImage": true,
        "detailUrl": "https://www.zillow.com/homedetails/1402-SW-131-Place-Cir-E-Miami-FL-33184/44232660_zpid/",
        "statusType": "FOR_SALE",
        "statusText": "Townhouse for sale",
        "countryCurrency": "$",
        "price": "$505,000",
        "unformattedPrice": 505000,
        "address": "1402 SW 131 Place Cir E, Miami, FL 33184",
        "addressStreet": "1402 SW 131 Place Cir E",
        "addressCity": "Miami",
        "addressState": "FL",
        "addressZipcode": "33184",
        "isUndisclosedAddress": false,
        "beds": 3,
        "baths": 2.0,
        "area": 1458,
        "latLong": {
            "latitude": 25.753582,
            "longitude": -80.4089
        },
        "isZillowOwned": false,
        "variableData": {
            "type": "DAYS_ON",
            "text": "39 days on Zillow"
        },
        "hdpData": {
            "homeInfo": {
                "zpid": 44232660,
                "streetAddress": "1402 SW 131 Place Cir E",
                "zipcode": "33184",
                "city": "Miami",
                "state": "FL",
                "latitude": 25.753582,
                "longitude": -80.4089,
                "price": 505000.0,
                "bathrooms": 2.0,
                "bedrooms": 3.0,
                "livingArea": 1458.0,
                "homeType": "TOWNHOUSE",
                "homeStatus": "FOR_SALE",
                "daysOnZillow": 39,
                "isFeatured": false,
                "shouldHighlight": false,
                "zestimate": 484400,
                "rentZestimate": 3114,
                "listing_sub_type": {
                    "is_FSBA": true
                },
                "isUnmappable": false,
                "isPreforeclosureAuction": false,
                "homeStatusForHDP": "FOR_SALE",
                "priceForHDP": 505000.0,
                "timeOnZillow": 3376887000,
                "isNonOwnerOccupied": true,
                "isPremierBuilder": false,
                "isZillowOwned": false,
                "currency": "USD",
                "country": "USA",
                "taxAssessedValue": 256000.0,
                "lotAreaValue": 0.0,
                "lotAreaUnit": "sqft",
                "isShowcaseListing": false
            }
        },
        "isSaved": false,
        "isUserClaimingOwner": false,
        "isUserConfirmedClaim": false,
        "pgapt": "ForSale",
        "sgapt": "For Sale (Broker)",
        "zestimate": 484400,
        "shouldShowZestimateAsPrice": false,
        "has3DModel": false,
        "hasVideo": false,
        "isHomeRec": false,
        "hasAdditionalAttributions": true,
        "isFeaturedListing": false,
        "isShowcaseListing": false,
        "list": true,
        "relaxed": false,
        "info3String": "https://photos.zillowstatic.com/fp/a8b02d5ac61ac8b9a11bda64382b4f89-zillow_web_48_23.jpg",
        "brokerName": "Lifestyle International Realty",
        "carouselPhotos": [
            {
                "url": "https://photos.zillowstatic.com/fp/9b472cfd67a0977e544e49527c697465-p_e.jpg"
            },
            {
                "url": "https://photos.zillowstatic.com/fp/e729c4c714431afd6094dfe94ddf652a-p_e.jpg"
            },
            {
                "url": "https://photos.zillowstatic.com/fp/c8ff7493298d883301b78a9effa3de55-p_e.jpg"
            },
            {
                "url": "https://photos.zillowstatic.com/fp/3fa91c8bce699f65e9f38c30792049b4-p_e.jpg"
            },
            {
                "url": "https://photos.zillowstatic.com/fp/38d5aa61299b22d6f5894deaa3c96c29-p_e.jpg"
            },
            {
                "url": "https://photos.zillowstatic.com/fp/b14b380c0ea2406a53118856b22c09e8-p_e.jpg"
            },
            {
                "url": "https://photos.zillowstatic.com/fp/b229bd52211e349ec2c1d6ea5e8ad1ec-p_e.jpg"
            },
            {
                "url": "https://photos.zillowstatic.com/fp/315e06024684064946cda2540e1fca1b-p_e.jpg"
            },
            {
                "url": "https://photos.zillowstatic.com/fp/bb4b4b7e982d0a2673be9f72f99889a3-p_e.jpg"
            },
            {
                "url": "https://photos.zillowstatic.com/fp/60f7ce7bb3471de1869ce67db68f19f0-p_e.jpg"
            },
            {
                "url": "https://photos.zillowstatic.com/fp/83df31686792bc793d02740956d62c47-p_e.jpg"
            },
            {
                "url": "https://photos.zillowstatic.com/fp/30ec86da27ed4b6822c39459267c697e-p_e.jpg"
            },
            {
                "url": "https://photos.zillowstatic.com/fp/8ffc735b18bc72eccf924ce733b8e06b-p_e.jpg"
            },
            {
                "url": "https://photos.zillowstatic.com/fp/c1379f59a905c6e7cf380192fb31615f-p_e.jpg"
            },
            {
                "url": "https://photos.zillowstatic.com/fp/57649a0eec9689ab0009cf9b4c63bac7-p_e.jpg"
            },
            {
                "url": "https://photos.zillowstatic.com/fp/96f49a062452b1e656b9228844e3317b-p_e.jpg"
            },
            {
                "url": "https://photos.zillowstatic.com/fp/e31f082b75f393cbbb2fbf644dfa5331-p_e.jpg"
            },
            {
                "url": "https://photos.zillowstatic.com/fp/bb7885eac32cc4b8db462bc17b707731-p_e.jpg"
            },
            {
                "url": "https://photos.zillowstatic.com/fp/07906b46c9e70cc767f7ca480c31ec7f-p_e.jpg"
            },
            {
                "url": "https://photos.zillowstatic.com/fp/485cc3d24a6bff6801e3f9804b7c8fb2-p_e.jpg"
            },
            {
                "url": "https://photos.zillowstatic.com/fp/181848e1806a099e047c09923c4fd32d-p_e.jpg"
            },
            {
                "url": "https://photos.zillowstatic.com/fp/112421c27c393c74238e901e8a55e2e4-p_e.jpg"
            },
            {
                "url": "https://photos.zillowstatic.com/fp/b78de9415350d199c1ff6d91637ec5b9-p_e.jpg"
            },
            {
                "url": "https://photos.zillowstatic.com/fp/144a218e0756c16a97665a16729a9f63-p_e.jpg"
            },
            {
                "url": "https://photos.zillowstatic.com/fp/9a4068db97ebc13180f6a616575f7d04-p_e.jpg"
            },
            {
                "url": "https://photos.zillowstatic.com/fp/2100886ac6c01d85976023e612a19c67-p_e.jpg"
            },
            {
                "url": "https://photos.zillowstatic.com/fp/919d2d292548e6a0a0a581653c46b265-p_e.jpg"
            },
            {
                "url": "https://photos.zillowstatic.com/fp/608dfac840a9b70bea78b3e3aaec1eaf-p_e.jpg"
            },
            {
                "url": "https://photos.zillowstatic.com/fp/aedff954372031b68c2893519dd0bf3c-p_e.jpg"
            },
            {
                "url": "https://photos.zillowstatic.com/fp/f14ed347153ebb98333b6d7442afc4e5-p_e.jpg"
            },
            {
                "url": "https://photos.zillowstatic.com/fp/92dfc639d1796b5b6bd9bf910bfddac3-p_e.jpg"
            },
            {
                "url": "https://photos.zillowstatic.com/fp/aa1e2ddec5fdc8e38daaaefd386a8913-p_e.jpg"
            }
        ],
        "rooms": []
    },
    {
        "zpid": "44236759",
        "id": "44236759",
        "rawHomeStatusCd": "ForSale",
        "marketingStatusSimplifiedCd": "For Sale by Agent",
        "imgSrc": "https://photos.zillowstatic.com/fp/27558b1823f5b21523832f3ba6dda625-p_e.jpg",
        "hasImage": true,
        "detailUrl": "https://www.zillow.com/homedetails/1465-SW-122nd-Ave-APT-1-19-Miami-FL-33184/44236759_zpid/",
        "statusType": "FOR_SALE",
        "statusText": "Townhouse for sale",
        "countryCurrency": "$",
        "price": "$390,000",
        "unformattedPrice": 390000,
        "address": "1465 SW 122nd Ave APT 1-19, Miami, FL 33184",
        "addressStreet": "1465 SW 122nd Ave APT 1-19",
        "addressCity": "Miami",
        "addressState": "FL",
        "addressZipcode": "33184",
        "isUndisclosedAddress": false,
        "beds": 3,
        "baths": 3.0,
        "area": 1313,
        "latLong": {
            "latitude": 25.754627,
            "longitude": -80.38992
        },
        "isZillowOwned": false,
        "variableData": {
            "type": "DAYS_ON",
            "text": "41 days on Zillow"
        },
        "hdpData": {
            "homeInfo": {
                "zpid": 44236759,
                "streetAddress": "1465 SW 122nd Ave APT 1-19",
                "zipcode": "33184",
                "city": "Miami",
                "state": "FL",
                "latitude": 25.754627,
                "longitude": -80.38992,
                "price": 390000.0,
                "bathrooms": 3.0,
                "bedrooms": 3.0,
                "livingArea": 1313.0,
                "homeType": "TOWNHOUSE",
                "homeStatus": "FOR_SALE",
                "daysOnZillow": 41,
                "isFeatured": false,
                "shouldHighlight": false,
                "zestimate": 389600,
                "rentZestimate": 3200,
                "listing_sub_type": {
                    "is_FSBA": true
                },
                "isUnmappable": false,
                "isPreforeclosureAuction": false,
                "homeStatusForHDP": "FOR_SALE",
                "priceForHDP": 390000.0,
                "timeOnZillow": 3549687000,
                "isNonOwnerOccupied": true,
                "isPremierBuilder": false,
                "isZillowOwned": false,
                "currency": "USD",
                "country": "USA",
                "taxAssessedValue": 218300.0,
                "unit": "Apt 1-19",
                "lotAreaValue": 0.0,
                "lotAreaUnit": "sqft",
                "isShowcaseListing": false
            }
        },
        "isSaved": false,
        "isUserClaimingOwner": false,
        "isUserConfirmedClaim": false,
        "pgapt": "ForSale",
        "sgapt": "For Sale (Broker)",
        "zestimate": 389600,
        "shouldShowZestimateAsPrice": false,
        "has3DModel": false,
        "hasVideo": false,
        "isHomeRec": false,
        "hasAdditionalAttributions": true,
        "isFeaturedListing": false,
        "isShowcaseListing": false,
        "list": true,
        "relaxed": false,
        "info3String": "https://photos.zillowstatic.com/fp/a8b02d5ac61ac8b9a11bda64382b4f89-zillow_web_48_23.jpg",
        "brokerName": "Lifestyle International Realty",
        "carouselPhotos": [
            {
                "url": "https://photos.zillowstatic.com/fp/27558b1823f5b21523832f3ba6dda625-p_e.jpg"
            },
            {
                "url": "https://photos.zillowstatic.com/fp/f7217f720ce33a8f2542e2ce8ead4160-p_e.jpg"
            },
            {
                "url": "https://photos.zillowstatic.com/fp/3583570e9204344198eaf1dfc8ce47ac-p_e.jpg"
            },
            {
                "url": "https://photos.zillowstatic.com/fp/a22f1e987d41326a7a38d9964c19e326-p_e.jpg"
            },
            {
                "url": "https://photos.zillowstatic.com/fp/75918e252033e8c1690d5025d0d5cab8-p_e.jpg"
            },
            {
                "url": "https://photos.zillowstatic.com/fp/1d0631b0f657750bab707684ac7e646b-p_e.jpg"
            },
            {
                "url": "https://photos.zillowstatic.com/fp/c16925a180b6bb6fe6618cd0d3824c10-p_e.jpg"
            },
            {
                "url": "https://photos.zillowstatic.com/fp/6873f106e9afbaf02dccb876928ba091-p_e.jpg"
            },
            {
                "url": "https://photos.zillowstatic.com/fp/54f2af2348c7602f6e38f35ac39150df-p_e.jpg"
            },
            {
                "url": "https://photos.zillowstatic.com/fp/5c9b159973bd64b86d9f2fc5a1499003-p_e.jpg"
            },
            {
                "url": "https://photos.zillowstatic.com/fp/87466a0c02ae4a6a211807160b05ec10-p_e.jpg"
            },
            {
                "url": "https://photos.zillowstatic.com/fp/06906bdb87c06f4844eadadb2d923632-p_e.jpg"
            },
            {
                "url": "https://photos.zillowstatic.com/fp/bfa88a1c82d598730266f92a8ba9f194-p_e.jpg"
            }
        ],
        "rooms": []
    },
    {
        "zpid": "44236456",
        "id": "44236456",
        "rawHomeStatusCd": "ForSale",
        "marketingStatusSimplifiedCd": "For Sale by Agent",
        "imgSrc": "https://photos.zillowstatic.com/fp/8dcb348e54611a1e0f86e77de1413845-p_e.jpg",
        "hasImage": true,
        "detailUrl": "https://www.zillow.com/homedetails/1300-SW-122nd-Ave-119B-2-Miami-FL-33184/44236456_zpid/",
        "statusType": "FOR_SALE",
        "statusText": "Condo for sale",
        "countryCurrency": "$",
        "price": "$345,000",
        "unformattedPrice": 345000,
        "address": "1300 SW 122nd Ave #119B-2, Miami, FL 33184",
        "addressStreet": "1300 SW 122nd Ave #119B-2",
        "addressCity": "Miami",
        "addressState": "FL",
        "addressZipcode": "33184",
        "isUndisclosedAddress": false,
        "beds": 2,
        "baths": 2.0,
        "area": 855,
        "latLong": {
            "latitude": 25.755644,
            "longitude": -80.39234
        },
        "isZillowOwned": false,
        "variableData": {
            "type": "DAYS_ON",
            "text": "53 days on Zillow"
        },
        "hdpData": {
            "homeInfo": {
                "zpid": 44236456,
                "streetAddress": "1300 SW 122nd Ave #119B-2",
                "zipcode": "33184",
                "city": "Miami",
                "state": "FL",
                "latitude": 25.755644,
                "longitude": -80.39234,
                "price": 345000.0,
                "bathrooms": 2.0,
                "bedrooms": 2.0,
                "livingArea": 855.0,
                "homeType": "CONDO",
                "homeStatus": "FOR_SALE",
                "daysOnZillow": 53,
                "isFeatured": false,
                "shouldHighlight": false,
                "zestimate": 343500,
                "rentZestimate": 2469,
                "listing_sub_type": {
                    "is_FSBA": true
                },
                "isUnmappable": false,
                "isPreforeclosureAuction": false,
                "homeStatusForHDP": "FOR_SALE",
                "priceForHDP": 345000.0,
                "timeOnZillow": 4586487000,
                "isNonOwnerOccupied": true,
                "isPremierBuilder": false,
                "isZillowOwned": false,
                "currency": "USD",
                "country": "USA",
                "taxAssessedValue": 157950.0,
                "unit": "# 119B-2",
                "lotAreaValue": 0.0,
                "lotAreaUnit": "sqft",
                "isShowcaseListing": false
            }
        },
        "isSaved": false,
        "isUserClaimingOwner": false,
        "isUserConfirmedClaim": false,
        "pgapt": "ForSale",
        "sgapt": "For Sale (Broker)",
        "zestimate": 343500,
        "shouldShowZestimateAsPrice": false,
        "has3DModel": false,
        "hasVideo": false,
        "isHomeRec": false,
        "hasAdditionalAttributions": true,
        "isFeaturedListing": false,
        "isShowcaseListing": false,
        "list": true,
        "relaxed": false,
        "info3String": "https://photos.zillowstatic.com/fp/a8b02d5ac61ac8b9a11bda64382b4f89-zillow_web_48_23.jpg",
        "brokerName": "City Capital R E Center, Inc.",
        "carouselPhotos": [
            {
                "url": "https://photos.zillowstatic.com/fp/8dcb348e54611a1e0f86e77de1413845-p_e.jpg"
            },
            {
                "url": "https://photos.zillowstatic.com/fp/44c20a7838228faba7eccbd7c7c5e74d-p_e.jpg"
            },
            {
                "url": "https://photos.zillowstatic.com/fp/b8f9fce80aa26105ae67ed145fbcdad5-p_e.jpg"
            },
            {
                "url": "https://photos.zillowstatic.com/fp/2a73288bcea98092a0044a4ff4700257-p_e.jpg"
            },
            {
                "url": "https://photos.zillowstatic.com/fp/afefdbae638fb185c461a10c8f87aa09-p_e.jpg"
            },
            {
                "url": "https://photos.zillowstatic.com/fp/701abd694d69b0080e902326193a4d35-p_e.jpg"
            },
            {
                "url": "https://photos.zillowstatic.com/fp/ff96e497c3426a8470de482d56e288a2-p_e.jpg"
            },
            {
                "url": "https://photos.zillowstatic.com/fp/1833f047fdf3206ffcb30b5a6baedfbc-p_e.jpg"
            },
            {
                "url": "https://photos.zillowstatic.com/fp/d00aef2c8b6a4fceaae004c11be32d9e-p_e.jpg"
            },
            {
                "url": "https://photos.zillowstatic.com/fp/94733a7aeac324150e67051f5604e563-p_e.jpg"
            },
            {
                "url": "https://photos.zillowstatic.com/fp/ad527996cdaddcb483771d1ea12971b2-p_e.jpg"
            },
            {
                "url": "https://photos.zillowstatic.com/fp/d6bf98d9530ba2fb05a5f614484e37bd-p_e.jpg"
            },
            {
                "url": "https://photos.zillowstatic.com/fp/9fb965f4a5be1946a2fe824660ed22d4-p_e.jpg"
            },
            {
                "url": "https://photos.zillowstatic.com/fp/7648baeb1585ca1973459f386c294e71-p_e.jpg"
            },
            {
                "url": "https://photos.zillowstatic.com/fp/79f3ebe149314ac6e140970e2f45aa9c-p_e.jpg"
            },
            {
                "url": "https://photos.zillowstatic.com/fp/fbed46a8a265ad7a1ea7376040fd17f5-p_e.jpg"
            },
            {
                "url": "https://photos.zillowstatic.com/fp/f34491abfd801eaebba975cec602b31a-p_e.jpg"
            },
            {
                "url": "https://photos.zillowstatic.com/fp/b0db28bcd3e6a2017f2940c3d9246eb8-p_e.jpg"
            },
            {
                "url": "https://photos.zillowstatic.com/fp/e82c6f581230f27c81e96d09b2fae5df-p_e.jpg"
            },
            {
                "url": "https://photos.zillowstatic.com/fp/db1b72a9616f1315f930a0e89c402b5c-p_e.jpg"
            },
            {
                "url": "https://photos.zillowstatic.com/fp/b644fa3803d574192d90a6b8913281b2-p_e.jpg"
            },
            {
                "url": "https://photos.zillowstatic.com/fp/45de572c48baf583f3a09cec034a300c-p_e.jpg"
            },
            {
                "url": "https://photos.zillowstatic.com/fp/d6b3202d83b531138ee96ff6eea8fb89-p_e.jpg"
            },
            {
                "url": "https://photos.zillowstatic.com/fp/3836f7f2810633e6e7ef3285f6ae0254-p_e.jpg"
            },
            {
                "url": "https://photos.zillowstatic.com/fp/d3a1cf0e7281ce1e894c4ba3661d75d5-p_e.jpg"
            },
            {
                "url": "https://photos.zillowstatic.com/fp/af4764213f99fbcd18cc567f2eff3f1c-p_e.jpg"
            },
            {
                "url": "https://photos.zillowstatic.com/fp/1f2d0ba1adb9603646241f13ca362e48-p_e.jpg"
            },
            {
                "url": "https://photos.zillowstatic.com/fp/55be7273f0c3402a67d63a75d961fd57-p_e.jpg"
            },
            {
                "url": "https://photos.zillowstatic.com/fp/c1411c1f076682b00c644404f3c50688-p_e.jpg"
            },
            {
                "url": "https://photos.zillowstatic.com/fp/bcf77682d42d260a688f5e58981bd1e6-p_e.jpg"
            }
        ],
        "rooms": []
    },
    {
        "zpid": "44236381",
        "id": "44236381",
        "rawHomeStatusCd": "ForSale",
        "marketingStatusSimplifiedCd": "For Sale by Agent",
        "imgSrc": "https://photos.zillowstatic.com/fp/d65dbfd45e01d4d832976a1df5d9e268-p_e.jpg",
        "hasImage": true,
        "detailUrl": "https://www.zillow.com/homedetails/1300-SW-122nd-Ave-APT-203-2-Miami-FL-33184/44236381_zpid/",
        "statusType": "FOR_SALE",
        "statusText": "Condo for sale",
        "countryCurrency": "$",
        "price": "$330,000",
        "unformattedPrice": 330000,
        "address": "1300 SW 122nd Ave APT 203-2, Miami, FL 33184",
        "addressStreet": "1300 SW 122nd Ave APT 203-2",
        "addressCity": "Miami",
        "addressState": "FL",
        "addressZipcode": "33184",
        "isUndisclosedAddress": false,
        "beds": 2,
        "baths": 2.0,
        "area": 1170,
        "latLong": {
            "latitude": 25.755644,
            "longitude": -80.39234
        },
        "isZillowOwned": false,
        "variableData": {
            "type": "DAYS_ON",
            "text": "61 days on Zillow"
        },
        "hdpData": {
            "homeInfo": {
                "zpid": 44236381,
                "streetAddress": "1300 SW 122nd Ave APT 203-2",
                "zipcode": "33184",
                "city": "Miami",
                "state": "FL",
                "latitude": 25.755644,
                "longitude": -80.39234,
                "price": 330000.0,
                "bathrooms": 2.0,
                "bedrooms": 2.0,
                "livingArea": 1170.0,
                "homeType": "CONDO",
                "homeStatus": "FOR_SALE",
                "daysOnZillow": 61,
                "isFeatured": false,
                "shouldHighlight": false,
                "zestimate": 328400,
                "rentZestimate": 2500,
                "listing_sub_type": {
                    "is_FSBA": true
                },
                "isUnmappable": false,
                "isPreforeclosureAuction": false,
                "homeStatusForHDP": "FOR_SALE",
                "priceForHDP": 330000.0,
                "timeOnZillow": 5277687000,
                "isNonOwnerOccupied": true,
                "isPremierBuilder": false,
                "isZillowOwned": false,
                "currency": "USD",
                "country": "USA",
                "taxAssessedValue": 164754.0,
                "unit": "Apt 203-2",
                "lotAreaValue": 0.0,
                "lotAreaUnit": "sqft",
                "isShowcaseListing": false
            }
        },
        "isSaved": false,
        "isUserClaimingOwner": false,
        "isUserConfirmedClaim": false,
        "pgapt": "ForSale",
        "sgapt": "For Sale (Broker)",
        "zestimate": 328400,
        "shouldShowZestimateAsPrice": false,
        "has3DModel": false,
        "hasVideo": false,
        "isHomeRec": false,
        "hasAdditionalAttributions": true,
        "isFeaturedListing": false,
        "isShowcaseListing": false,
        "list": true,
        "relaxed": false,
        "info3String": "https://photos.zillowstatic.com/fp/a8b02d5ac61ac8b9a11bda64382b4f89-zillow_web_48_23.jpg",
        "brokerName": "Compass Florida, LLC",
        "carouselPhotos": [
            {
                "url": "https://photos.zillowstatic.com/fp/d65dbfd45e01d4d832976a1df5d9e268-p_e.jpg"
            },
            {
                "url": "https://photos.zillowstatic.com/fp/2dea5e0387d60480b5983666a7eb675e-p_e.jpg"
            },
            {
                "url": "https://photos.zillowstatic.com/fp/b00684b47277658d91fd1cf7ec3ba52c-p_e.jpg"
            },
            {
                "url": "https://photos.zillowstatic.com/fp/8c363189b44122c2bdaa9b9b890739c6-p_e.jpg"
            },
            {
                "url": "https://photos.zillowstatic.com/fp/7b1a3344d89ad05389e9393f8a3d84d0-p_e.jpg"
            },
            {
                "url": "https://photos.zillowstatic.com/fp/0cb903e1b85ce9887f75b92d7bd103c8-p_e.jpg"
            },
            {
                "url": "https://photos.zillowstatic.com/fp/ba3987d362e1e31a8b8677da985ff384-p_e.jpg"
            },
            {
                "url": "https://photos.zillowstatic.com/fp/586db307540331dd1726043eeb1a4285-p_e.jpg"
            },
            {
                "url": "https://photos.zillowstatic.com/fp/be753ab9c4f8c642a62428ea184e131f-p_e.jpg"
            },
            {
                "url": "https://photos.zillowstatic.com/fp/83536dc0f7496e397082baa194e4696a-p_e.jpg"
            },
            {
                "url": "https://photos.zillowstatic.com/fp/8deda44b0a31ac66761cc4dab9d01960-p_e.jpg"
            },
            {
                "url": "https://photos.zillowstatic.com/fp/671813e33c4e7edd3b11ecd0899ccbdc-p_e.jpg"
            },
            {
                "url": "https://photos.zillowstatic.com/fp/1b4f8faf2320811b583a4a1718feabe5-p_e.jpg"
            }
        ],
        "rooms": []
    },
    {
        "zpid": "80782095",
        "id": "80782095",
        "rawHomeStatusCd": "ForSale",
        "marketingStatusSimplifiedCd": "RecentChange",
        "imgSrc": "https://photos.zillowstatic.com/fp/f793a6a18cfef8bb642e6ae0561638f1-p_e.jpg",
        "hasImage": true,
        "detailUrl": "https://www.zillow.com/homedetails/Miami-FL-33184/80782095_zpid/",
        "statusType": "FOR_SALE",
        "statusText": "Foreclosure",
        "countryCurrency": "$",
        "price": "$1,100,000",
        "unformattedPrice": 1100000,
        "address": "(undisclosed Address), Miami, FL 33184",
        "addressStreet": "(undisclosed Address)",
        "addressCity": "Miami",
        "addressState": "FL",
        "addressZipcode": "33184",
        "isUndisclosedAddress": true,
        "beds": 4,
        "baths": 3.0,
        "area": 3043,
        "latLong": {},
        "isZillowOwned": false,
        "variableData": {
            "type": "DAYS_ON",
            "text": "74 days on Zillow"
        },
        "hdpData": {
            "homeInfo": {
                "zpid": 80782095,
                "streetAddress": "(undisclosed Address)",
                "zipcode": "33184",
                "city": "Miami",
                "state": "FL",
                "price": 1100000.0,
                "datePriceChanged": 1653462000000,
                "bathrooms": 3.0,
                "bedrooms": 4.0,
                "livingArea": 3043.0,
                "homeType": "SINGLE_FAMILY",
                "homeStatus": "FOR_SALE",
                "daysOnZillow": 74,
                "isFeatured": false,
                "shouldHighlight": false,
                "listing_sub_type": {
                    "is_bankOwned": true
                },
                "isUnmappable": false,
                "isPreforeclosureAuction": false,
                "homeStatusForHDP": "FOR_SALE",
                "priceForHDP": 1100000.0,
                "priceChange": 175000,
                "timeOnZillow": 6400887000,
                "isNonOwnerOccupied": true,
                "isPremierBuilder": false,
                "isZillowOwned": false,
                "currency": "USD",
                "country": "USA",
                "lotAreaValue": 5665.0,
                "lotAreaUnit": "sqft",
                "isShowcaseListing": false
            }
        },
        "isSaved": false,
        "isUserClaimingOwner": false,
        "isUserConfirmedClaim": false,
        "pgapt": "ForSale",
        "sgapt": "Foreclosure",
        "shouldShowZestimateAsPrice": false,
        "has3DModel": false,
        "hasVideo": false,
        "isHomeRec": false,
        "hasAdditionalAttributions": true,
        "isFeaturedListing": false,
        "isShowcaseListing": false,
        "list": true,
        "relaxed": false,
        "info3String": "https://photos.zillowstatic.com/fp/a8b02d5ac61ac8b9a11bda64382b4f89-zillow_web_48_23.jpg",
        "brokerName": "Goldpen Realty Group",
        "carouselPhotos": [
            {
                "url": "https://photos.zillowstatic.com/fp/f793a6a18cfef8bb642e6ae0561638f1-p_e.jpg"
            }
        ],
        "rooms": []
    },
    {
        "zpid": "44236742",
        "id": "44236742",
        "rawHomeStatusCd": "ForSale",
        "marketingStatusSimplifiedCd": "For Sale by Agent",
        "imgSrc": "https://photos.zillowstatic.com/fp/d2e6aa27abe076beb84c7d139f592008-p_e.jpg",
        "hasImage": true,
        "detailUrl": "https://www.zillow.com/homedetails/1425-SW-122nd-Ave-APT-2-17-Miami-FL-33184/44236742_zpid/",
        "statusType": "FOR_SALE",
        "statusText": "Condo for sale",
        "countryCurrency": "$",
        "price": "$210,000",
        "unformattedPrice": 210000,
        "address": "1425 SW 122nd Ave APT 2-17, Miami, FL 33184",
        "addressStreet": "1425 SW 122nd Ave APT 2-17",
        "addressCity": "Miami",
        "addressState": "FL",
        "addressZipcode": "33184",
        "isUndisclosedAddress": false,
        "beds": 1,
        "baths": 1.0,
        "area": 665,
        "latLong": {
            "latitude": 25.754627,
            "longitude": -80.38992
        },
        "isZillowOwned": false,
        "variableData": {
            "type": "PRICE_REDUCTION",
            "text": "$10,000 (Jan 8)"
        },
        "hdpData": {
            "homeInfo": {
                "zpid": 44236742,
                "streetAddress": "1425 SW 122nd Ave APT 2-17",
                "zipcode": "33184",
                "city": "Miami",
                "state": "FL",
                "latitude": 25.754627,
                "longitude": -80.38992,
                "price": 210000.0,
                "datePriceChanged": 1704700800000,
                "bathrooms": 1.0,
                "bedrooms": 1.0,
                "livingArea": 665.0,
                "homeType": "CONDO",
                "homeStatus": "FOR_SALE",
                "daysOnZillow": 96,
                "isFeatured": false,
                "shouldHighlight": false,
                "listing_sub_type": {
                    "is_FSBA": true
                },
                "priceReduction": "$10,000 (Jan 8)",
                "isUnmappable": false,
                "isPreforeclosureAuction": false,
                "homeStatusForHDP": "FOR_SALE",
                "priceForHDP": 210000.0,
                "priceChange": -10000,
                "timeOnZillow": 8301687000,
                "isNonOwnerOccupied": true,
                "isPremierBuilder": false,
                "isZillowOwned": false,
                "currency": "USD",
                "country": "USA",
                "taxAssessedValue": 126000.0,
                "unit": "Apt 2-17",
                "lotAreaValue": 0.0,
                "lotAreaUnit": "sqft",
                "isShowcaseListing": false
            }
        },
        "isSaved": false,
        "isUserClaimingOwner": false,
        "isUserConfirmedClaim": false,
        "pgapt": "ForSale",
        "sgapt": "For Sale (Broker)",
        "shouldShowZestimateAsPrice": false,
        "has3DModel": false,
        "hasVideo": false,
        "isHomeRec": false,
        "hasAdditionalAttributions": true,
        "isFeaturedListing": false,
        "isShowcaseListing": false,
        "list": true,
        "relaxed": false,
        "info3String": "https://photos.zillowstatic.com/fp/a8b02d5ac61ac8b9a11bda64382b4f89-zillow_web_48_23.jpg",
        "brokerName": "The Elaine Group, Inc.",
        "carouselPhotos": [
            {
                "url": "https://photos.zillowstatic.com/fp/d2e6aa27abe076beb84c7d139f592008-p_e.jpg"
            },
            {
                "url": "https://photos.zillowstatic.com/fp/0f4d66a8d6c09265f21f6523237cdec9-p_e.jpg"
            },
            {
                "url": "https://photos.zillowstatic.com/fp/975b23711b25f73721264a03e533cb91-p_e.jpg"
            },
            {
                "url": "https://photos.zillowstatic.com/fp/5db3f4eab6f919bbf8d7f2a08dc95f3e-p_e.jpg"
            },
            {
                "url": "https://photos.zillowstatic.com/fp/22d1e207edf0fea4272f2d85d036e09e-p_e.jpg"
            },
            {
                "url": "https://photos.zillowstatic.com/fp/57a077cac48a2973b1a95039b922d0af-p_e.jpg"
            },
            {
                "url": "https://photos.zillowstatic.com/fp/e531eec5869af4f9129532cad3a163fe-p_e.jpg"
            },
            {
                "url": "https://photos.zillowstatic.com/fp/a70a0ebe30afc76c349614373efa43a7-p_e.jpg"
            },
            {
                "url": "https://photos.zillowstatic.com/fp/85e52e42b040eb80315e0cae7b03e75e-p_e.jpg"
            },
            {
                "url": "https://photos.zillowstatic.com/fp/919094e38c97eb3eecdfe104bf7949f8-p_e.jpg"
            },
            {
                "url": "https://photos.zillowstatic.com/fp/35d08c2a25773140bc2ebbc1a471a9dd-p_e.jpg"
            },
            {
                "url": "https://photos.zillowstatic.com/fp/e0b99fad46e11ccd66bc2ce13ae8c708-p_e.jpg"
            }
        ],
        "rooms": []
    },
    {
        "zpid": "44236737",
        "id": "44236737",
        "rawHomeStatusCd": "ForSale",
        "marketingStatusSimplifiedCd": "For Sale by Agent",
        "imgSrc": "https://photos.zillowstatic.com/fp/bc899229f5eebaa316a3d6d103740a83-p_e.jpg",
        "hasImage": true,
        "detailUrl": "https://www.zillow.com/homedetails/1475-SW-122nd-Ave-APT-5-16-Miami-FL-33184/44236737_zpid/",
        "statusType": "FOR_SALE",
        "statusText": "Townhouse for sale",
        "countryCurrency": "$",
        "price": "$316,999",
        "unformattedPrice": 316999,
        "address": "1475 SW 122nd Ave APT 5-16, Miami, FL 33184",
        "addressStreet": "1475 SW 122nd Ave APT 5-16",
        "addressCity": "Miami",
        "addressState": "FL",
        "addressZipcode": "33184",
        "isUndisclosedAddress": false,
        "beds": 2,
        "baths": 3.0,
        "area": 958,
        "latLong": {
            "latitude": 25.754627,
            "longitude": -80.38992
        },
        "isZillowOwned": false,
        "variableData": {
            "type": "DAYS_ON",
            "text": "98 days on Zillow"
        },
        "hdpData": {
            "homeInfo": {
                "zpid": 44236737,
                "streetAddress": "1475 SW 122nd Ave APT 5-16",
                "zipcode": "33184",
                "city": "Miami",
                "state": "FL",
                "latitude": 25.754627,
                "longitude": -80.38992,
                "price": 316999.0,
                "datePriceChanged": 1698044400000,
                "bathrooms": 3.0,
                "bedrooms": 2.0,
                "livingArea": 958.0,
                "homeType": "TOWNHOUSE",
                "homeStatus": "FOR_SALE",
                "daysOnZillow": 98,
                "isFeatured": false,
                "shouldHighlight": false,
                "zestimate": 300500,
                "rentZestimate": 2592,
                "listing_sub_type": {
                    "is_FSBA": true
                },
                "isUnmappable": false,
                "isPreforeclosureAuction": false,
                "homeStatusForHDP": "FOR_SALE",
                "priceForHDP": 316999.0,
                "priceChange": 1999,
                "timeOnZillow": 8474487000,
                "isNonOwnerOccupied": true,
                "isPremierBuilder": false,
                "isZillowOwned": false,
                "currency": "USD",
                "country": "USA",
                "taxAssessedValue": 179400.0,
                "unit": "Apt 5-16",
                "lotAreaValue": 0.0,
                "lotAreaUnit": "sqft",
                "isShowcaseListing": false
            }
        },
        "isSaved": false,
        "isUserClaimingOwner": false,
        "isUserConfirmedClaim": false,
        "pgapt": "ForSale",
        "sgapt": "For Sale (Broker)",
        "zestimate": 300500,
        "shouldShowZestimateAsPrice": false,
        "has3DModel": false,
        "hasVideo": false,
        "isHomeRec": false,
        "hasAdditionalAttributions": true,
        "isFeaturedListing": false,
        "isShowcaseListing": false,
        "list": true,
        "relaxed": false,
        "info3String": "https://photos.zillowstatic.com/fp/a8b02d5ac61ac8b9a11bda64382b4f89-zillow_web_48_23.jpg",
        "brokerName": "Beycome of Florida LLC",
        "carouselPhotos": [
            {
                "url": "https://photos.zillowstatic.com/fp/bc899229f5eebaa316a3d6d103740a83-p_e.jpg"
            },
            {
                "url": "https://photos.zillowstatic.com/fp/cd80105dfcd960810689638d57db2ac6-p_e.jpg"
            },
            {
                "url": "https://photos.zillowstatic.com/fp/9408e5c6a29404991df65d92673696f1-p_e.jpg"
            },
            {
                "url": "https://photos.zillowstatic.com/fp/8b802c722957dd67de494b2eea5f7833-p_e.jpg"
            },
            {
                "url": "https://photos.zillowstatic.com/fp/9a01abcb49696e275bb91be9744c00ce-p_e.jpg"
            },
            {
                "url": "https://photos.zillowstatic.com/fp/358c846c581306eabc317b0f4e81c870-p_e.jpg"
            },
            {
                "url": "https://photos.zillowstatic.com/fp/2f035bca3120f32fed513d842237c561-p_e.jpg"
            },
            {
                "url": "https://photos.zillowstatic.com/fp/a9503a4914342bf5e7894ce829796e96-p_e.jpg"
            },
            {
                "url": "https://photos.zillowstatic.com/fp/cdc4e89e7eff1ad1297350cfd545f7f3-p_e.jpg"
            },
            {
                "url": "https://photos.zillowstatic.com/fp/e9bccf265e4ed76de9845e5dba17a191-p_e.jpg"
            },
            {
                "url": "https://photos.zillowstatic.com/fp/949b6e17c82032cbd7c06b1a8e2b2e63-p_e.jpg"
            },
            {
                "url": "https://photos.zillowstatic.com/fp/43f3166d14dbdc973df1d2c8c7cd9725-p_e.jpg"
            },
            {
                "url": "https://photos.zillowstatic.com/fp/30c3f3411d57d5dcb8085e66d66c1c4a-p_e.jpg"
            },
            {
                "url": "https://photos.zillowstatic.com/fp/9dd21396844261970651b6d3e4902421-p_e.jpg"
            },
            {
                "url": "https://photos.zillowstatic.com/fp/60b05f36d4c93ecbf38715f3d1f92f75-p_e.jpg"
            },
            {
                "url": "https://photos.zillowstatic.com/fp/f81ce2532d7cddab8f8400a3f56630f6-p_e.jpg"
            },
            {
                "url": "https://photos.zillowstatic.com/fp/1bb6f3046e51b53a1c4ee9d9fcc45e16-p_e.jpg"
            },
            {
                "url": "https://photos.zillowstatic.com/fp/e7f95fec7ab4daa7e928e2cbc3b9d1ae-p_e.jpg"
            },
            {
                "url": "https://photos.zillowstatic.com/fp/54397d80a583469cd099b2bfb58fb637-p_e.jpg"
            },
            {
                "url": "https://photos.zillowstatic.com/fp/9b594448fb069bb9ee07ba37db206b70-p_e.jpg"
            },
            {
                "url": "https://photos.zillowstatic.com/fp/120959eb7f88a113c928c5e63217b4e7-p_e.jpg"
            },
            {
                "url": "https://photos.zillowstatic.com/fp/0c965d11df0187f4c3fd1533de1ca7ae-p_e.jpg"
            }
        ],
        "rooms": []
    },
    {
        "zpid": "44233304",
        "id": "44233304",
        "rawHomeStatusCd": "ForSale",
        "marketingStatusSimplifiedCd": "For Sale by Agent",
        "imgSrc": "https://photos.zillowstatic.com/fp/49b2023b3b1f94632b56faa33b3bd3dc-p_e.jpg",
        "hasImage": true,
        "detailUrl": "https://www.zillow.com/homedetails/1488-SW-134th-Pl-Miami-FL-33184/44233304_zpid/",
        "statusType": "FOR_SALE",
        "statusText": "Townhouse for sale",
        "countryCurrency": "$",
        "price": "$479,000",
        "unformattedPrice": 479000,
        "address": "1488 SW 134th Pl, Miami, FL 33184",
        "addressStreet": "1488 SW 134th Pl",
        "addressCity": "Miami",
        "addressState": "FL",
        "addressZipcode": "33184",
        "isUndisclosedAddress": false,
        "beds": 2,
        "baths": 3.0,
        "area": 1755,
        "latLong": {
            "latitude": 25.753883,
            "longitude": -80.414024
        },
        "isZillowOwned": false,
        "variableData": {
            "type": "DAYS_ON",
            "text": "118 days on Zillow"
        },
        "hdpData": {
            "homeInfo": {
                "zpid": 44233304,
                "streetAddress": "1488 SW 134th Pl",
                "zipcode": "33184",
                "city": "Miami",
                "state": "FL",
                "latitude": 25.753883,
                "longitude": -80.414024,
                "price": 479000.0,
                "bathrooms": 3.0,
                "bedrooms": 2.0,
                "livingArea": 1755.0,
                "homeType": "TOWNHOUSE",
                "homeStatus": "FOR_SALE",
                "daysOnZillow": 118,
                "isFeatured": false,
                "shouldHighlight": false,
                "zestimate": 454500,
                "rentZestimate": 3229,
                "listing_sub_type": {
                    "is_FSBA": true
                },
                "isUnmappable": false,
                "isPreforeclosureAuction": false,
                "homeStatusForHDP": "FOR_SALE",
                "priceForHDP": 479000.0,
                "timeOnZillow": 10202487000,
                "isNonOwnerOccupied": true,
                "isPremierBuilder": false,
                "isZillowOwned": false,
                "currency": "USD",
                "country": "USA",
                "taxAssessedValue": 242500.0,
                "lotAreaValue": 0.0,
                "lotAreaUnit": "sqft",
                "isShowcaseListing": false
            }
        },
        "isSaved": false,
        "isUserClaimingOwner": false,
        "isUserConfirmedClaim": false,
        "pgapt": "ForSale",
        "sgapt": "For Sale (Broker)",
        "zestimate": 454500,
        "shouldShowZestimateAsPrice": false,
        "has3DModel": false,
        "hasVideo": false,
        "isHomeRec": false,
        "hasAdditionalAttributions": true,
        "isFeaturedListing": false,
        "isShowcaseListing": false,
        "list": true,
        "relaxed": false,
        "info3String": "https://photos.zillowstatic.com/fp/a8b02d5ac61ac8b9a11bda64382b4f89-zillow_web_48_23.jpg",
        "brokerName": "Luxe Properties",
        "carouselPhotos": [
            {
                "url": "https://photos.zillowstatic.com/fp/49b2023b3b1f94632b56faa33b3bd3dc-p_e.jpg"
            },
            {
                "url": "https://photos.zillowstatic.com/fp/476b0ea63dba3aa045d3bf68450bfc23-p_e.jpg"
            },
            {
                "url": "https://photos.zillowstatic.com/fp/fa651da1b9e7833c16b7b709074046e3-p_e.jpg"
            },
            {
                "url": "https://photos.zillowstatic.com/fp/9783506f18da5489c4ec514120a4d529-p_e.jpg"
            },
            {
                "url": "https://photos.zillowstatic.com/fp/44587eba68bd0cf19d0826c3f603d872-p_e.jpg"
            },
            {
                "url": "https://photos.zillowstatic.com/fp/2ebdcc7a97ceb4f6a5f0cb09b103f0e5-p_e.jpg"
            },
            {
                "url": "https://photos.zillowstatic.com/fp/67165dd0c8dc1b4d2eb0f0fc1b6eddb7-p_e.jpg"
            },
            {
                "url": "https://photos.zillowstatic.com/fp/92d8e5ea3797d892da3b3eefb555b319-p_e.jpg"
            },
            {
                "url": "https://photos.zillowstatic.com/fp/cddce83dfb45f0f8272c2cb451f83898-p_e.jpg"
            },
            {
                "url": "https://photos.zillowstatic.com/fp/354ea8615456637eff6269d142683efa-p_e.jpg"
            },
            {
                "url": "https://photos.zillowstatic.com/fp/fec69828a609b36bf5ff98e01cfc009a-p_e.jpg"
            },
            {
                "url": "https://photos.zillowstatic.com/fp/4081a5de1d9a90920643ca53886fb4ad-p_e.jpg"
            },
            {
                "url": "https://photos.zillowstatic.com/fp/b21962c536546a4ab9408574c798fef1-p_e.jpg"
            },
            {
                "url": "https://photos.zillowstatic.com/fp/ee07a98c10d02813a906ba3fce5eb2c4-p_e.jpg"
            },
            {
                "url": "https://photos.zillowstatic.com/fp/7e420760860271e73d22c25d75f3ebaa-p_e.jpg"
            },
            {
                "url": "https://photos.zillowstatic.com/fp/24371134d4ab8f2394db07485acf6a23-p_e.jpg"
            },
            {
                "url": "https://photos.zillowstatic.com/fp/1370cc3b4fa0ec08d2c1fd2e557e06f2-p_e.jpg"
            },
            {
                "url": "https://photos.zillowstatic.com/fp/a125c9caf769d0cfacb40fbd9de14198-p_e.jpg"
            },
            {
                "url": "https://photos.zillowstatic.com/fp/93efc616b4e3ab987fa98b6a1b5e5400-p_e.jpg"
            },
            {
                "url": "https://photos.zillowstatic.com/fp/c342c1a72e81c5522783cd6b08dc91ae-p_e.jpg"
            },
            {
                "url": "https://photos.zillowstatic.com/fp/bc09f634b810454de4970f46165abef3-p_e.jpg"
            },
            {
                "url": "https://photos.zillowstatic.com/fp/ddce89b35e0422b3792d9d5ef755220e-p_e.jpg"
            },
            {
                "url": "https://photos.zillowstatic.com/fp/a5a6c56974f1c8ae41ebd182b8428715-p_e.jpg"
            },
            {
                "url": "https://photos.zillowstatic.com/fp/d34763f2d71288a02aa8019011dea8b8-p_e.jpg"
            },
            {
                "url": "https://photos.zillowstatic.com/fp/484e3938a1a254973a14124204a453e3-p_e.jpg"
            },
            {
                "url": "https://photos.zillowstatic.com/fp/ec7651920a3225959e36fb303c18e4f7-p_e.jpg"
            },
            {
                "url": "https://photos.zillowstatic.com/fp/e3ebbdbbf83ce7677f1f36bd883fb3f8-p_e.jpg"
            }
        ],
        "rooms": []
    }
]