{
    "user_info": {
        "isLoggedIn": false,
        "hasHousingConnectorPermission": false,
        "savedHomesCount": 0,
        "personalizedSearchTraceID": "e2882e96427b543fe41aa0765d1be2fd",
        "guid": "54f60c69-3dc1-446e-87cb-640ee56738ef",
        "zuid": "",
        "isBot": false,
        "email": "",
        "displayName": ""
    },
    "map_state": {
        "customRegionPolygonWkt": null,
        "schoolPolygonWkt": null,
        "isCurrentLocationSearch": false,
        "userPosition": {
            "lat": null,
            "lon": null
        }
    },
    "region_state": {
        "regionInfo": [
            {
                "regionId": 72486,
                "regionType": 7,
                "regionName": "33184",
                "displayName": "Tamiami FL 33184",
                "isPointRegion": false
            }
        ],
        "regionBounds": {
            "north": 25.769828,
            "south": 25.749741,
            "east": -80.384513,
            "west": -80.44809
        }
    },
    "search_page_seo": {
        "baseUrl": "/tamiami-fl-33184/",
        "windowTitle": "33184 Real Estate - 33184 Homes For Sale | Zillow",
        "metaDescription": "Zillow has 13 homes for sale in 33184. View listing photos, review sales history, and use our detailed real estate filters to find the perfect place."
    },
    "request_id": 4
}