{
    "user_info": {
        "isLoggedIn": false,
        "hasHousingConnectorPermission": false,
        "savedHomesCount": 0,
        "personalizedSearchTraceID": "36fe807310e4cf2e357cfc1bcaf39fb3",
        "guid": "b41e866e-5a00-4724-9f6a-3e349bc2b56b",
        "zuid": "",
        "isBot": false,
        "email": "",
        "displayName": ""
    },
    "map_state": {
        "customRegionPolygonWkt": null,
        "schoolPolygonWkt": null,
        "isCurrentLocationSearch": false,
        "userPosition": {
            "lat": null,
            "lon": null
        }
    },
    "region_state": {
        "regionInfo": [
            {
                "regionId": 72539,
                "regionType": 7,
                "regionName": "33320",
                "displayName": "Tamarac FL 33320",
                "isPointRegion": true
            }
        ],
        "regionBounds": {
            "north": 26.213415,
            "south": 26.177184999999998,
            "east": -80.238185,
            "west": -80.27441499999999
        }
    },
    "search_page_seo": {
        "baseUrl": "/tamarac-fl-33320/",
        "windowTitle": "33320 Real Estate - 33320 Homes For Sale | Zillow",
        "metaDescription": "Zillow has 264 homes for sale in 33320. View listing photos, review sales history, and use our detailed real estate filters to find the perfect place."
    },
    "request_id": 4
}