[
    {
        "zpid": "247698955",
        "id": "247698955",
        "rawHomeStatusCd": "ForSale",
        "marketingStatusSimplifiedCd": "For Sale by Agent",
        "imgSrc": "https://photos.zillowstatic.com/fp/4c9191eb2dfcb00d2d78f1608583f848-p_e.jpg",
        "hasImage": true,
        "detailUrl": "https://www.zillow.com/homedetails/3526-W-94th-Ter-Hialeah-FL-33018/247698955_zpid/",
        "statusType": "FOR_SALE",
        "statusText": "House for sale",
        "countryCurrency": "$",
        "price": "$779,000",
        "unformattedPrice": 779000,
        "address": "3526 W 94th Ter, Hialeah, FL 33018",
        "addressStreet": "3526 W 94th Ter",
        "addressCity": "Hialeah",
        "addressState": "FL",
        "addressZipcode": "33018",
        "isUndisclosedAddress": false,
        "beds": 5,
        "baths": 3.0,
        "area": 2808,
        "latLong": {
            "latitude": 25.90827,
            "longitude": -80.35529
        },
        "isZillowOwned": false,
        "variableData": {
            "type": "3D_HOME",
            "text": "3D Tour"
        },
        "hdpData": {
            "homeInfo": {
                "zpid": 247698955,
                "streetAddress": "3526 W 94th Ter",
                "zipcode": "33018",
                "city": "Hialeah",
                "state": "FL",
                "latitude": 25.90827,
                "longitude": -80.35529,
                "price": 779000.0,
                "datePriceChanged": 1697439600000,
                "bathrooms": 3.0,
                "bedrooms": 5.0,
                "livingArea": 2808.0,
                "homeType": "SINGLE_FAMILY",
                "homeStatus": "FOR_SALE",
                "daysOnZillow": 199,
                "isFeatured": false,
                "shouldHighlight": false,
                "listing_sub_type": {
                    "is_FSBA": true
                },
                "priceReduction": "",
                "isUnmappable": false,
                "isPreforeclosureAuction": false,
                "homeStatusForHDP": "FOR_SALE",
                "priceForHDP": 779000.0,
                "priceChange": -20999,
                "timeOnZillow": 17197898000,
                "isNonOwnerOccupied": true,
                "isPremierBuilder": false,
                "isZillowOwned": false,
                "currency": "USD",
                "country": "USA",
                "taxAssessedValue": 553684.0,
                "lotAreaValue": 5000.0,
                "lotAreaUnit": "sqft",
                "isShowcaseListing": false
            }
        },
        "isSaved": false,
        "isUserClaimingOwner": false,
        "isUserConfirmedClaim": false,
        "pgapt": "ForSale",
        "sgapt": "For Sale (Broker)",
        "shouldShowZestimateAsPrice": false,
        "has3DModel": true,
        "hasVideo": false,
        "isHomeRec": false,
        "hasAdditionalAttributions": true,
        "isFeaturedListing": false,
        "isShowcaseListing": false,
        "list": true,
        "relaxed": false,
        "info3String": "https://photos.zillowstatic.com/fp/a8b02d5ac61ac8b9a11bda64382b4f89-zillow_web_48_23.jpg",
        "brokerName": "Carmona Realty Group, LLC.",
        "carouselPhotos": [
            {
                "url": "https://photos.zillowstatic.com/fp/4c9191eb2dfcb00d2d78f1608583f848-p_e.jpg"
            },
            {
                "url": "https://photos.zillowstatic.com/fp/37054dda69e78c22ee88b4f1e803b907-p_e.jpg"
            },
            {
                "url": "https://photos.zillowstatic.com/fp/76805eeebbb0efc1966e9e27dfee5522-p_e.jpg"
            },
            {
                "url": "https://photos.zillowstatic.com/fp/353e17369d50fc915716605e4bedd06f-p_e.jpg"
            },
            {
                "url": "https://photos.zillowstatic.com/fp/f84ba34bffa2ce29d8148217c36b7f9b-p_e.jpg"
            },
            {
                "url": "https://photos.zillowstatic.com/fp/23ec43357570c2fc8a53779cfbb6c9ec-p_e.jpg"
            },
            {
                "url": "https://photos.zillowstatic.com/fp/aa465783589244eaf4b96276adabf0b8-p_e.jpg"
            },
            {
                "url": "https://photos.zillowstatic.com/fp/4ba5183a80195b34d100ca8b8647ce39-p_e.jpg"
            },
            {
                "url": "https://photos.zillowstatic.com/fp/4beda031d49c7e9c2b50eb205594713e-p_e.jpg"
            },
            {
                "url": "https://photos.zillowstatic.com/fp/1448a3b6525d7b557aad8fd738dbf919-p_e.jpg"
            },
            {
                "url": "https://photos.zillowstatic.com/fp/71eb3bd0537341dc30b05a4360d12e86-p_e.jpg"
            },
            {
                "url": "https://photos.zillowstatic.com/fp/1beb24987433cf6c93146e3ffd441772-p_e.jpg"
            },
            {
                "url": "https://photos.zillowstatic.com/fp/9e58ff69d772f8280af9bac2511d2770-p_e.jpg"
            },
            {
                "url": "https://photos.zillowstatic.com/fp/1428179fc02f43dd8fc459a52bec85c8-p_e.jpg"
            },
            {
                "url": "https://photos.zillowstatic.com/fp/d573f071f1416320682eb05d783748ef-p_e.jpg"
            },
            {
                "url": "https://photos.zillowstatic.com/fp/92f2dea1f634f88fd695429bcf5aa6dd-p_e.jpg"
            },
            {
                "url": "https://photos.zillowstatic.com/fp/997d3b8b4f74dc8d4b4924d0bfda8107-p_e.jpg"
            },
            {
                "url": "https://photos.zillowstatic.com/fp/1d6fa8e7a8803083f62634ec1a9bad98-p_e.jpg"
            },
            {
                "url": "https://photos.zillowstatic.com/fp/8d9ade6a7b87a3a4f08653c97acdd6d5-p_e.jpg"
            },
            {
                "url": "https://photos.zillowstatic.com/fp/757e8891cea23aea7b534b9ab1313319-p_e.jpg"
            },
            {
                "url": "https://photos.zillowstatic.com/fp/efce1290dcf7ca9144c6826f049880bf-p_e.jpg"
            },
            {
                "url": "https://photos.zillowstatic.com/fp/7bdeeb2411c45da5c2196f7e7f1b7b33-p_e.jpg"
            },
            {
                "url": "https://photos.zillowstatic.com/fp/3713c670e859d20c1c601b0d2944ff8a-p_e.jpg"
            },
            {
                "url": "https://photos.zillowstatic.com/fp/746a4777049dee05824731fe30c69665-p_e.jpg"
            },
            {
                "url": "https://photos.zillowstatic.com/fp/38506db1245340313b7aec41995eb18c-p_e.jpg"
            },
            {
                "url": "https://photos.zillowstatic.com/fp/0f6d2b5099cbe97d6ca178bd2c8adccf-p_e.jpg"
            },
            {
                "url": "https://photos.zillowstatic.com/fp/570ef84f82eb793648a34aae373c83d0-p_e.jpg"
            },
            {
                "url": "https://photos.zillowstatic.com/fp/23727558371451b941fa823fd4cc23e9-p_e.jpg"
            },
            {
                "url": "https://photos.zillowstatic.com/fp/fc636fe95af26e54473e32ea02027eda-p_e.jpg"
            },
            {
                "url": "https://photos.zillowstatic.com/fp/b6ea7d2cd82e5c9021f1bd0b49ac1c7b-p_e.jpg"
            },
            {
                "url": "https://photos.zillowstatic.com/fp/30b09f1d5c861911b31c188dbffa3e1b-p_e.jpg"
            },
            {
                "url": "https://photos.zillowstatic.com/fp/033c3f13f5712fd1c1d702c4349bba6d-p_e.jpg"
            },
            {
                "url": "https://photos.zillowstatic.com/fp/25342c81bd667f943bbe240e509f8c40-p_e.jpg"
            },
            {
                "url": "https://photos.zillowstatic.com/fp/cc0906821140edca904bdf01f4776074-p_e.jpg"
            },
            {
                "url": "https://photos.zillowstatic.com/fp/7a4cb3be76390780b0593809b8a445d8-p_e.jpg"
            },
            {
                "url": "https://photos.zillowstatic.com/fp/45a75d474f89c348d3181be72558b6f6-p_e.jpg"
            },
            {
                "url": "https://photos.zillowstatic.com/fp/24cb842b670eaf482984f34527072d29-p_e.jpg"
            },
            {
                "url": "https://photos.zillowstatic.com/fp/197a272893e79533fcc8dc77f021c4ec-p_e.jpg"
            },
            {
                "url": "https://photos.zillowstatic.com/fp/bf4f96e5bd828de2fefc9df5ef258a34-p_e.jpg"
            },
            {
                "url": "https://photos.zillowstatic.com/fp/864019eab7e90bdf3f99b3a7017b5d45-p_e.jpg"
            },
            {
                "url": "https://photos.zillowstatic.com/fp/8847e12011796ef2e602f4057ee9661d-p_e.jpg"
            },
            {
                "url": "https://photos.zillowstatic.com/fp/3392d72584d964dbed625d88ff07c418-p_e.jpg"
            },
            {
                "url": "https://photos.zillowstatic.com/fp/d62893b1f5b4d9007102eaf9836b9c6b-p_e.jpg"
            },
            {
                "url": "https://photos.zillowstatic.com/fp/4c6b38535c69323e15a0903b5f3aa4d5-p_e.jpg"
            },
            {
                "url": "https://photos.zillowstatic.com/fp/fe0b57389e2f30a52fe1a4f5d96994cc-p_e.jpg"
            },
            {
                "url": "https://photos.zillowstatic.com/fp/61ad70210f4396829859d0e0a2a1ff42-p_e.jpg"
            },
            {
                "url": "https://photos.zillowstatic.com/fp/a46b5ee0a32dc7962da5c4f12c0ad78a-p_e.jpg"
            },
            {
                "url": "https://photos.zillowstatic.com/fp/5359ba1e69ac5e312e821c33d466b8c5-p_e.jpg"
            },
            {
                "url": "https://photos.zillowstatic.com/fp/ef1c5fcfd5413f7ad7685d98bd3c0e98-p_e.jpg"
            },
            {
                "url": "https://photos.zillowstatic.com/fp/f93fdfe9001c8d171c461c0eaec1a009-p_e.jpg"
            },
            {
                "url": "https://photos.zillowstatic.com/fp/d5a89540e063b3efdde600f110036afa-p_e.jpg"
            },
            {
                "url": "https://photos.zillowstatic.com/fp/9123851d90a0b2c111831d190e9a4b19-p_e.jpg"
            },
            {
                "url": "https://photos.zillowstatic.com/fp/88c433a8a04b768b47f76bdc3b698350-p_e.jpg"
            }
        ],
        "rooms": []
    },
    {
        "zpid": "2056577314",
        "id": "2056577314",
        "rawHomeStatusCd": "ForSale",
        "marketingStatusSimplifiedCd": "For Sale by Agent",
        "imgSrc": "https://photos.zillowstatic.com/fp/aceea2e2bb0ab4788f7b7154ab11cef0-p_e.jpg",
        "hasImage": true,
        "detailUrl": "https://www.zillow.com/homedetails/9286-W-33rd-Ln-9286-Hialeah-FL-33018/2056577314_zpid/",
        "statusType": "FOR_SALE",
        "statusText": "Condo for sale",
        "countryCurrency": "$",
        "price": "$505,000",
        "unformattedPrice": 505000,
        "address": "9286 W 33rd Ln #9286, Hialeah, FL 33018",
        "addressStreet": "9286 W 33rd Ln #9286",
        "addressCity": "Hialeah",
        "addressState": "FL",
        "addressZipcode": "33018",
        "isUndisclosedAddress": false,
        "beds": 3,
        "baths": 3.0,
        "area": 1545,
        "latLong": {
            "latitude": 25.907124,
            "longitude": -80.352104
        },
        "isZillowOwned": false,
        "variableData": {
            "type": "PRICE_REDUCTION",
            "text": "$10,000 (Nov 2)"
        },
        "hdpData": {
            "homeInfo": {
                "zpid": 2056577314,
                "streetAddress": "9286 W 33rd Ln #9286",
                "zipcode": "33018",
                "city": "Hialeah",
                "state": "FL",
                "latitude": 25.907124,
                "longitude": -80.352104,
                "price": 505000.0,
                "datePriceChanged": 1698908400000,
                "bathrooms": 3.0,
                "bedrooms": 3.0,
                "livingArea": 1545.0,
                "homeType": "CONDO",
                "homeStatus": "FOR_SALE",
                "daysOnZillow": 209,
                "isFeatured": false,
                "shouldHighlight": false,
                "zestimate": 493100,
                "rentZestimate": 3200,
                "listing_sub_type": {
                    "is_FSBA": true
                },
                "priceReduction": "$10,000 (Nov 2)",
                "isUnmappable": false,
                "isPreforeclosureAuction": false,
                "homeStatusForHDP": "FOR_SALE",
                "priceForHDP": 505000.0,
                "priceChange": -10000,
                "timeOnZillow": 18061898000,
                "isNonOwnerOccupied": true,
                "isPremierBuilder": false,
                "isZillowOwned": false,
                "currency": "USD",
                "country": "USA",
                "unit": "# 9286",
                "lotAreaValue": 0.0,
                "lotAreaUnit": "sqft",
                "isShowcaseListing": false
            }
        },
        "isSaved": false,
        "isUserClaimingOwner": false,
        "isUserConfirmedClaim": false,
        "pgapt": "ForSale",
        "sgapt": "For Sale (Broker)",
        "zestimate": 493100,
        "shouldShowZestimateAsPrice": false,
        "has3DModel": false,
        "hasVideo": false,
        "isHomeRec": false,
        "hasAdditionalAttributions": true,
        "isFeaturedListing": false,
        "isShowcaseListing": false,
        "list": true,
        "relaxed": false,
        "info3String": "https://photos.zillowstatic.com/fp/a8b02d5ac61ac8b9a11bda64382b4f89-zillow_web_48_23.jpg",
        "brokerName": "The Keyes Company",
        "carouselPhotos": [
            {
                "url": "https://photos.zillowstatic.com/fp/aceea2e2bb0ab4788f7b7154ab11cef0-p_e.jpg"
            },
            {
                "url": "https://photos.zillowstatic.com/fp/ecfc58a580556e96b6bf782faca43a5e-p_e.jpg"
            },
            {
                "url": "https://photos.zillowstatic.com/fp/1d5a1dcf1704fa901dafb642db5f2ed3-p_e.jpg"
            },
            {
                "url": "https://photos.zillowstatic.com/fp/2a68617f23d21e0f4abf761b80800c04-p_e.jpg"
            },
            {
                "url": "https://photos.zillowstatic.com/fp/904367f60d1af78014fb198ffd446985-p_e.jpg"
            },
            {
                "url": "https://photos.zillowstatic.com/fp/3fe48c36ce10825653564422181cfc94-p_e.jpg"
            },
            {
                "url": "https://photos.zillowstatic.com/fp/90089b95f9880f20a40a85e1a9e3b64d-p_e.jpg"
            },
            {
                "url": "https://photos.zillowstatic.com/fp/9eeb24ab101a54530f05b9d021918def-p_e.jpg"
            },
            {
                "url": "https://photos.zillowstatic.com/fp/c4cc25baf935b7c8189a45d01f9890af-p_e.jpg"
            },
            {
                "url": "https://photos.zillowstatic.com/fp/e963a86b70a2d5e3798094ef3b42728d-p_e.jpg"
            },
            {
                "url": "https://photos.zillowstatic.com/fp/b76582acca981965341bbe523405178e-p_e.jpg"
            },
            {
                "url": "https://photos.zillowstatic.com/fp/cba7eda361d10506b264ed71cbeeeb90-p_e.jpg"
            },
            {
                "url": "https://photos.zillowstatic.com/fp/6a9e57829d95a4ade01c7d4adb195692-p_e.jpg"
            },
            {
                "url": "https://photos.zillowstatic.com/fp/779a183fded3867fa5eeb2b5c34639a6-p_e.jpg"
            },
            {
                "url": "https://photos.zillowstatic.com/fp/29cb6e7b782321c2f3558f4dfecff457-p_e.jpg"
            },
            {
                "url": "https://photos.zillowstatic.com/fp/33075140e9ef607f2e2aa4ae11ebaaab-p_e.jpg"
            },
            {
                "url": "https://photos.zillowstatic.com/fp/2f60fd3915df7be1f916eb4402294dbe-p_e.jpg"
            },
            {
                "url": "https://photos.zillowstatic.com/fp/d7ec04546759259ebc8746b298e00e6f-p_e.jpg"
            },
            {
                "url": "https://photos.zillowstatic.com/fp/a63f6e5ca36ac3d8e02cf197f319fc16-p_e.jpg"
            },
            {
                "url": "https://photos.zillowstatic.com/fp/1666b33b01c421b485ff74721f203452-p_e.jpg"
            },
            {
                "url": "https://photos.zillowstatic.com/fp/e653da688812dc85cc9cffadd7b0acaa-p_e.jpg"
            },
            {
                "url": "https://photos.zillowstatic.com/fp/41ea98a97f6d27c2eb2025edd81faa72-p_e.jpg"
            },
            {
                "url": "https://photos.zillowstatic.com/fp/b747152b780c1e5da52e2de0c39bcbc4-p_e.jpg"
            },
            {
                "url": "https://photos.zillowstatic.com/fp/b6cfcb87968a70558e9d7e7ec276100b-p_e.jpg"
            },
            {
                "url": "https://photos.zillowstatic.com/fp/a73ab2aef0a43ee7aa7042a4d8fc9181-p_e.jpg"
            },
            {
                "url": "https://photos.zillowstatic.com/fp/b51f0db7ced01ce0c13135a05b595024-p_e.jpg"
            },
            {
                "url": "https://photos.zillowstatic.com/fp/694b9acc3b4118a8a65a27e6dcde7bb7-p_e.jpg"
            },
            {
                "url": "https://photos.zillowstatic.com/fp/89f258fc233843d67c561a8a8edebe67-p_e.jpg"
            },
            {
                "url": "https://photos.zillowstatic.com/fp/0815883cdb1353210815ac5778072884-p_e.jpg"
            },
            {
                "url": "https://photos.zillowstatic.com/fp/8333b7242fdc6b2e782dd2664f348e18-p_e.jpg"
            },
            {
                "url": "https://photos.zillowstatic.com/fp/98c3b7e5569cfb4ca3c359985077a3a6-p_e.jpg"
            },
            {
                "url": "https://photos.zillowstatic.com/fp/64648f8f6e82e2b3544b33a8b6a2a1a4-p_e.jpg"
            },
            {
                "url": "https://photos.zillowstatic.com/fp/9320813b584fb0bf39e818863e86ccb0-p_e.jpg"
            },
            {
                "url": "https://photos.zillowstatic.com/fp/b4685a45b49c8141dffc409fe25832ef-p_e.jpg"
            },
            {
                "url": "https://photos.zillowstatic.com/fp/90b335b477f4aea0a77a17712cb3ab8f-p_e.jpg"
            }
        ],
        "rooms": []
    },
    {
        "zpid": "338740988",
        "id": "338740988",
        "rawHomeStatusCd": "ForSale",
        "marketingStatusSimplifiedCd": "For Sale by Agent",
        "imgSrc": "https://photos.zillowstatic.com/fp/8f01058aa2f13eb3f1ea527f4b310fb6-p_e.jpg",
        "hasImage": true,
        "detailUrl": "https://www.zillow.com/homedetails/10958-W-33rd-Way-Hialeah-FL-33018/338740988_zpid/",
        "statusType": "FOR_SALE",
        "statusText": "Townhouse for sale",
        "countryCurrency": "$",
        "price": "$543,000",
        "unformattedPrice": 543000,
        "address": "10958 W 33rd Way, Hialeah, FL 33018",
        "addressStreet": "10958 W 33rd Way",
        "addressCity": "Hialeah",
        "addressState": "FL",
        "addressZipcode": "33018",
        "isUndisclosedAddress": false,
        "beds": 3,
        "baths": 3.0,
        "area": 1376,
        "latLong": {
            "latitude": 25.922224,
            "longitude": -80.35362
        },
        "isZillowOwned": false,
        "variableData": {
            "type": "DAYS_ON",
            "text": "224 days on Zillow"
        },
        "hdpData": {
            "homeInfo": {
                "zpid": 338740988,
                "streetAddress": "10958 W 33rd Way",
                "zipcode": "33018",
                "city": "Hialeah",
                "state": "FL",
                "latitude": 25.922224,
                "longitude": -80.35362,
                "price": 543000.0,
                "datePriceChanged": 1696316400000,
                "bathrooms": 3.0,
                "bedrooms": 3.0,
                "livingArea": 1376.0,
                "homeType": "TOWNHOUSE",
                "homeStatus": "FOR_SALE",
                "daysOnZillow": 224,
                "isFeatured": false,
                "shouldHighlight": false,
                "zestimate": 517000,
                "rentZestimate": 3200,
                "listing_sub_type": {
                    "is_FSBA": true
                },
                "isUnmappable": false,
                "isPreforeclosureAuction": false,
                "homeStatusForHDP": "FOR_SALE",
                "priceForHDP": 543000.0,
                "priceChange": 14000,
                "timeOnZillow": 19357898000,
                "isNonOwnerOccupied": true,
                "isPremierBuilder": false,
                "isZillowOwned": false,
                "currency": "USD",
                "country": "USA",
                "taxAssessedValue": 325670.0,
                "lotAreaValue": 0.0,
                "lotAreaUnit": "sqft",
                "isShowcaseListing": false
            }
        },
        "isSaved": false,
        "isUserClaimingOwner": false,
        "isUserConfirmedClaim": false,
        "pgapt": "ForSale",
        "sgapt": "For Sale (Broker)",
        "zestimate": 517000,
        "shouldShowZestimateAsPrice": false,
        "has3DModel": false,
        "hasVideo": false,
        "isHomeRec": false,
        "hasAdditionalAttributions": true,
        "isFeaturedListing": false,
        "isShowcaseListing": false,
        "list": true,
        "relaxed": false,
        "info3String": "https://photos.zillowstatic.com/fp/a8b02d5ac61ac8b9a11bda64382b4f89-zillow_web_48_23.jpg",
        "brokerName": "Realty One Group Evolution",
        "carouselPhotos": [
            {
                "url": "https://photos.zillowstatic.com/fp/8f01058aa2f13eb3f1ea527f4b310fb6-p_e.jpg"
            },
            {
                "url": "https://photos.zillowstatic.com/fp/93405fa344e8aa320043ca5c81b81827-p_e.jpg"
            },
            {
                "url": "https://photos.zillowstatic.com/fp/8c6d4aaa193cd5dbb90905b537c7a12f-p_e.jpg"
            },
            {
                "url": "https://photos.zillowstatic.com/fp/cdc63f8685487266db3afb97b1b97af7-p_e.jpg"
            },
            {
                "url": "https://photos.zillowstatic.com/fp/84cf843c5bc61f233bd8f3901e51756e-p_e.jpg"
            },
            {
                "url": "https://photos.zillowstatic.com/fp/77681bbe36e3a619fceaaa082719d96e-p_e.jpg"
            },
            {
                "url": "https://photos.zillowstatic.com/fp/8425d13d1177fedc8d1413d5b483eeb4-p_e.jpg"
            },
            {
                "url": "https://photos.zillowstatic.com/fp/b5c1ab56ce545dddf338cbce18118467-p_e.jpg"
            },
            {
                "url": "https://photos.zillowstatic.com/fp/1263353a3b035495c6eb32b222cb81f8-p_e.jpg"
            },
            {
                "url": "https://photos.zillowstatic.com/fp/e27fe3e2535e1782cbf08c9a7ac58f53-p_e.jpg"
            },
            {
                "url": "https://photos.zillowstatic.com/fp/dc9a20c7fa5a84759acbb778c0a33803-p_e.jpg"
            },
            {
                "url": "https://photos.zillowstatic.com/fp/47ff056c10b58a7be36e990bd9d5a8f7-p_e.jpg"
            },
            {
                "url": "https://photos.zillowstatic.com/fp/8624b0ac2ec4acec028fe0125b42385c-p_e.jpg"
            },
            {
                "url": "https://photos.zillowstatic.com/fp/79b2a160dde933d0e907554df44c2544-p_e.jpg"
            },
            {
                "url": "https://photos.zillowstatic.com/fp/99ef0e88ade124f59738a1ad65c1d27c-p_e.jpg"
            }
        ],
        "rooms": []
    },
    {
        "zpid": "252195409",
        "id": "252195409",
        "rawHomeStatusCd": "ForSale",
        "marketingStatusSimplifiedCd": "For Sale by Agent",
        "imgSrc": "https://photos.zillowstatic.com/fp/9375edddea5c2bf3ee96b64772820bb1-p_e.jpg",
        "hasImage": true,
        "detailUrl": "https://www.zillow.com/homedetails/8981-NW-154th-Ter-Miami-Lakes-FL-33018/252195409_zpid/",
        "statusType": "FOR_SALE",
        "statusText": "House for sale",
        "countryCurrency": "$",
        "price": "$1,150,000",
        "unformattedPrice": 1150000,
        "address": "8981 NW 154th Ter, Miami Lakes, FL 33018",
        "addressStreet": "8981 NW 154th Ter",
        "addressCity": "Miami Lakes",
        "addressState": "FL",
        "addressZipcode": "33018",
        "isUndisclosedAddress": false,
        "beds": 4,
        "baths": 3.0,
        "area": 2847,
        "latLong": {
            "latitude": 25.913965,
            "longitude": -80.3464
        },
        "isZillowOwned": false,
        "variableData": {
            "type": "DAYS_ON",
            "text": "251 days on Zillow"
        },
        "hdpData": {
            "homeInfo": {
                "zpid": 252195409,
                "streetAddress": "8981 NW 154th Ter",
                "zipcode": "33018",
                "city": "Miami Lakes",
                "state": "FL",
                "latitude": 25.913965,
                "longitude": -80.3464,
                "price": 1150000.0,
                "datePriceChanged": 1692342000000,
                "bathrooms": 3.0,
                "bedrooms": 4.0,
                "livingArea": 2847.0,
                "homeType": "SINGLE_FAMILY",
                "homeStatus": "FOR_SALE",
                "daysOnZillow": 251,
                "isFeatured": false,
                "shouldHighlight": false,
                "listing_sub_type": {
                    "is_FSBA": true
                },
                "priceReduction": "",
                "isUnmappable": false,
                "isPreforeclosureAuction": false,
                "homeStatusForHDP": "FOR_SALE",
                "priceForHDP": 1150000.0,
                "priceChange": -25000,
                "timeOnZillow": 21690698000,
                "isNonOwnerOccupied": true,
                "isPremierBuilder": false,
                "isZillowOwned": false,
                "currency": "USD",
                "country": "USA",
                "taxAssessedValue": 728241.0,
                "lotAreaValue": 6311.0,
                "lotAreaUnit": "sqft",
                "isShowcaseListing": false
            }
        },
        "isSaved": false,
        "isUserClaimingOwner": false,
        "isUserConfirmedClaim": false,
        "pgapt": "ForSale",
        "sgapt": "For Sale (Broker)",
        "shouldShowZestimateAsPrice": false,
        "has3DModel": false,
        "hasVideo": false,
        "isHomeRec": false,
        "hasAdditionalAttributions": true,
        "isFeaturedListing": false,
        "isShowcaseListing": false,
        "list": true,
        "relaxed": false,
        "info3String": "https://photos.zillowstatic.com/fp/a8b02d5ac61ac8b9a11bda64382b4f89-zillow_web_48_23.jpg",
        "brokerName": "The Agency RE, LLC",
        "carouselPhotos": [
            {
                "url": "https://photos.zillowstatic.com/fp/9375edddea5c2bf3ee96b64772820bb1-p_e.jpg"
            },
            {
                "url": "https://photos.zillowstatic.com/fp/b131c08791738c0c84e70f3200ec0fe5-p_e.jpg"
            },
            {
                "url": "https://photos.zillowstatic.com/fp/e50f5c4be740316769c4d35384459f56-p_e.jpg"
            },
            {
                "url": "https://photos.zillowstatic.com/fp/55f029640445adb8d5da978f1c3c46cd-p_e.jpg"
            },
            {
                "url": "https://photos.zillowstatic.com/fp/179af09add8a36b593968bb56d1154c7-p_e.jpg"
            },
            {
                "url": "https://photos.zillowstatic.com/fp/bcb8d59416c1521487eaaa1957f1681b-p_e.jpg"
            },
            {
                "url": "https://photos.zillowstatic.com/fp/ccf72dbc5604d75885dac6fa57866c9d-p_e.jpg"
            },
            {
                "url": "https://photos.zillowstatic.com/fp/c99d6292d3415fb52824a1a8a0694622-p_e.jpg"
            },
            {
                "url": "https://photos.zillowstatic.com/fp/9b6c8b99fe0acde6d004624445a20dcd-p_e.jpg"
            },
            {
                "url": "https://photos.zillowstatic.com/fp/7a3c7c3b88278c4a2f896495343dfdb5-p_e.jpg"
            },
            {
                "url": "https://photos.zillowstatic.com/fp/6255fc5c96973dc239d42d5693a1de0f-p_e.jpg"
            },
            {
                "url": "https://photos.zillowstatic.com/fp/14f796e95ad3c2397c66ffb1762d05d2-p_e.jpg"
            },
            {
                "url": "https://photos.zillowstatic.com/fp/68da651de08ed83d605065c6a7698928-p_e.jpg"
            },
            {
                "url": "https://photos.zillowstatic.com/fp/b14300976bfbe2b217b6642145cac7b8-p_e.jpg"
            },
            {
                "url": "https://photos.zillowstatic.com/fp/5ce4cb031ce07bb318097052af5d978a-p_e.jpg"
            },
            {
                "url": "https://photos.zillowstatic.com/fp/a75c18c32ac1e3dd83f963b67e0e5e2c-p_e.jpg"
            },
            {
                "url": "https://photos.zillowstatic.com/fp/1aec3c73e099c7b373bb9e934aa23e69-p_e.jpg"
            },
            {
                "url": "https://photos.zillowstatic.com/fp/14f5ae52a5c1224a0204f23302e04bfb-p_e.jpg"
            },
            {
                "url": "https://photos.zillowstatic.com/fp/c108233b3c0d72768f8ffb008f0583e7-p_e.jpg"
            },
            {
                "url": "https://photos.zillowstatic.com/fp/87b0271a57d12aad4b7eb6097edfb6de-p_e.jpg"
            },
            {
                "url": "https://photos.zillowstatic.com/fp/dfab139ac3affb7225fcd93d325dd593-p_e.jpg"
            },
            {
                "url": "https://photos.zillowstatic.com/fp/52efb8c46a29948192abfbea1fc472c4-p_e.jpg"
            },
            {
                "url": "https://photos.zillowstatic.com/fp/be2814789f35cd7647053eb3668bce95-p_e.jpg"
            },
            {
                "url": "https://photos.zillowstatic.com/fp/94664ced8a9938bf9a177e237eb21bd5-p_e.jpg"
            },
            {
                "url": "https://photos.zillowstatic.com/fp/51c6c40cdcf2891e488493b3d37dc04a-p_e.jpg"
            },
            {
                "url": "https://photos.zillowstatic.com/fp/c49c422c9df4265660b0cfe90606de6c-p_e.jpg"
            },
            {
                "url": "https://photos.zillowstatic.com/fp/bfa17ff9120279a4a97b990cd682759a-p_e.jpg"
            },
            {
                "url": "https://photos.zillowstatic.com/fp/432127821f7d7d64ef281f125ea7fd3c-p_e.jpg"
            },
            {
                "url": "https://photos.zillowstatic.com/fp/f73d36d82cfe9903901d34a661c16749-p_e.jpg"
            },
            {
                "url": "https://photos.zillowstatic.com/fp/86b1354e78d78b6672d273874871ae2c-p_e.jpg"
            }
        ],
        "rooms": []
    },
    {
        "zpid": "338741581",
        "id": "338741581",
        "rawHomeStatusCd": "ForSale",
        "marketingStatusSimplifiedCd": "For Sale by Agent",
        "imgSrc": "https://photos.zillowstatic.com/fp/1fce89aa4317e269137648f0b5ca14f4-p_e.jpg",
        "hasImage": true,
        "detailUrl": "https://www.zillow.com/homedetails/10821-W-33rd-Way-Hialeah-FL-33018/338741581_zpid/",
        "statusType": "FOR_SALE",
        "statusText": "Townhouse for sale",
        "countryCurrency": "$",
        "price": "$560,000",
        "unformattedPrice": 560000,
        "address": "10821 W 33rd Way, Hialeah, FL 33018",
        "addressStreet": "10821 W 33rd Way",
        "addressCity": "Hialeah",
        "addressState": "FL",
        "addressZipcode": "33018",
        "isUndisclosedAddress": false,
        "beds": 3,
        "baths": 3.0,
        "area": 1486,
        "latLong": {
            "latitude": 25.921352,
            "longitude": -80.35315
        },
        "isZillowOwned": false,
        "variableData": {
            "type": "DAYS_ON",
            "text": "374 days on Zillow"
        },
        "hdpData": {
            "homeInfo": {
                "zpid": 338741581,
                "streetAddress": "10821 W 33rd Way",
                "zipcode": "33018",
                "city": "Hialeah",
                "state": "FL",
                "latitude": 25.921352,
                "longitude": -80.35315,
                "price": 560000.0,
                "bathrooms": 3.0,
                "bedrooms": 3.0,
                "livingArea": 1486.0,
                "homeType": "TOWNHOUSE",
                "homeStatus": "FOR_SALE",
                "daysOnZillow": 374,
                "isFeatured": false,
                "shouldHighlight": false,
                "listing_sub_type": {
                    "is_FSBA": true
                },
                "isUnmappable": false,
                "isPreforeclosureAuction": false,
                "homeStatusForHDP": "FOR_SALE",
                "priceForHDP": 560000.0,
                "timeOnZillow": 32317898000,
                "isNonOwnerOccupied": true,
                "isPremierBuilder": false,
                "isZillowOwned": false,
                "currency": "USD",
                "country": "USA",
                "taxAssessedValue": 330390.0,
                "lotAreaValue": 0.0,
                "lotAreaUnit": "sqft",
                "isShowcaseListing": false
            }
        },
        "isSaved": false,
        "isUserClaimingOwner": false,
        "isUserConfirmedClaim": false,
        "pgapt": "ForSale",
        "sgapt": "For Sale (Broker)",
        "shouldShowZestimateAsPrice": false,
        "has3DModel": false,
        "hasVideo": false,
        "isHomeRec": false,
        "hasAdditionalAttributions": true,
        "isFeaturedListing": false,
        "isShowcaseListing": false,
        "list": true,
        "relaxed": false,
        "info3String": "https://photos.zillowstatic.com/fp/a8b02d5ac61ac8b9a11bda64382b4f89-zillow_web_48_23.jpg",
        "brokerName": "EXP Realty, LLC",
        "carouselPhotos": [
            {
                "url": "https://photos.zillowstatic.com/fp/1fce89aa4317e269137648f0b5ca14f4-p_e.jpg"
            },
            {
                "url": "https://photos.zillowstatic.com/fp/a82948dc8a95a0fb44753368cf09524c-p_e.jpg"
            },
            {
                "url": "https://photos.zillowstatic.com/fp/f31d1cb863825863dfea1999b3f2350a-p_e.jpg"
            },
            {
                "url": "https://photos.zillowstatic.com/fp/152b1dc8eb31b1c5f7840d841a9a654f-p_e.jpg"
            },
            {
                "url": "https://photos.zillowstatic.com/fp/f244217c4ed3102ecd5885e36069f614-p_e.jpg"
            },
            {
                "url": "https://photos.zillowstatic.com/fp/ec393e7495f93952c2815e55d9eb74b4-p_e.jpg"
            },
            {
                "url": "https://photos.zillowstatic.com/fp/8e2e767cbb0f5cd25026e5e3a9c3751b-p_e.jpg"
            },
            {
                "url": "https://photos.zillowstatic.com/fp/0a7ca54aaa55f1c8d802426af57f607d-p_e.jpg"
            },
            {
                "url": "https://photos.zillowstatic.com/fp/88cc534fe40486f6c746d5ef3162c6b2-p_e.jpg"
            },
            {
                "url": "https://photos.zillowstatic.com/fp/7b7e559296dd128ee30c5b74300cade1-p_e.jpg"
            },
            {
                "url": "https://photos.zillowstatic.com/fp/920784ffe432400ed372d1adb8ac8842-p_e.jpg"
            },
            {
                "url": "https://photos.zillowstatic.com/fp/76889d25f4dfdb74ad0e05222bcdedce-p_e.jpg"
            },
            {
                "url": "https://photos.zillowstatic.com/fp/7e1efbc2bf08df6ab68e3ce5f66cac9c-p_e.jpg"
            },
            {
                "url": "https://photos.zillowstatic.com/fp/9a3dc8ae0c55acd0d7c3895eaa20bd03-p_e.jpg"
            },
            {
                "url": "https://photos.zillowstatic.com/fp/2fb87a525906b7d0a9e069e33e43bbe8-p_e.jpg"
            },
            {
                "url": "https://photos.zillowstatic.com/fp/69e074a09b4b4660543e4d33e0095aa3-p_e.jpg"
            },
            {
                "url": "https://photos.zillowstatic.com/fp/d7d9b22d9826acb3696e64b2f69bf03c-p_e.jpg"
            },
            {
                "url": "https://photos.zillowstatic.com/fp/f179d84d252943115b89e5868bc6447d-p_e.jpg"
            },
            {
                "url": "https://photos.zillowstatic.com/fp/1df0d948c0ed49ed54632b96b583a28f-p_e.jpg"
            },
            {
                "url": "https://photos.zillowstatic.com/fp/f298f03177e2a3c106d32ed1d15ca8d2-p_e.jpg"
            },
            {
                "url": "https://photos.zillowstatic.com/fp/97ca1eb67314045035c3903bb238ad41-p_e.jpg"
            },
            {
                "url": "https://photos.zillowstatic.com/fp/3da3e2c8594b83bf2b1c1e6a6d57ac24-p_e.jpg"
            },
            {
                "url": "https://photos.zillowstatic.com/fp/a93775cfb0f572f94efaecff36722e5f-p_e.jpg"
            },
            {
                "url": "https://photos.zillowstatic.com/fp/912e063d169b73d54c3dd086faf1c93f-p_e.jpg"
            }
        ],
        "rooms": []
    }
]