{
    "user_info": {
        "isLoggedIn": false,
        "hasHousingConnectorPermission": false,
        "savedHomesCount": 0,
        "personalizedSearchTraceID": "9454059fba4dad4b37ef6ab2c36107ca",
        "guid": "b496e8cb-7f9a-4bce-a8fc-79d7af1329c8",
        "zuid": "",
        "isBot": false,
        "email": "",
        "displayName": ""
    },
    "map_state": {
        "customRegionPolygonWkt": null,
        "schoolPolygonWkt": null,
        "isCurrentLocationSearch": false,
        "userPosition": {
            "lat": null,
            "lon": null
        }
    },
    "region_state": {
        "regionInfo": [
            {
                "regionId": 72356,
                "regionType": 7,
                "regionName": "33018",
                "displayName": "Hialeah FL 33018",
                "isPointRegion": false
            }
        ],
        "regionBounds": {
            "north": 25.956873,
            "south": 25.86636,
            "east": -80.338959,
            "west": -80.451242
        }
    },
    "search_page_seo": {
        "baseUrl": "/hialeah-fl-33018/",
        "windowTitle": "33018 Real Estate - 33018 Homes For Sale | Zillow",
        "metaDescription": "Zillow has 87 homes for sale in 33018. View listing photos, review sales history, and use our detailed real estate filters to find the perfect place."
    },
    "request_id": 4
}