{
    "data": {
        "property": {
            "homeValueChartData": [
                {
                    "points": [
                        {
                            "x": 1698735600000,
                            "y": 450200
                        },
                        {
                            "x": 1701331200000,
                            "y": 448500
                        },
                        {
                            "x": 1704009600000,
                            "y": 445400
                        },
                        {
                            "x": 1706688000000,
                            "y": 443100
                        },
                        {
                            "x": 1707206400000,
                            "y": 397000
                        }
                    ],
                    "name": "This home"
                }
            ]
        }
    }
}