{
    "data": {
        "property": {
            "homeValueChartData": [
                {
                    "points": [
                        {
                            "x": 1393574400000,
                            "y": 260682
                        },
                        {
                            "x": 1396249200000,
                            "y": 264364
                        },
                        {
                            "x": 1398841200000,
                            "y": 264835
                        },
                        {
                            "x": 1401519600000,
                            "y": 268486
                        },
                        {
                            "x": 1404111600000,
                            "y": 271402
                        },
                        {
                            "x": 1406790000000,
                            "y": 271792
                        },
                        {
                            "x": 1409468400000,
                            "y": 273644
                        },
                        {
                            "x": 1412060400000,
                            "y": 271150
                        },
                        {
                            "x": 1414738800000,
                            "y": 275382
                        },
                        {
                            "x": 1417334400000,
                            "y": 232715
                        },
                        {
                            "x": 1420012800000,
                            "y": 237815
                        },
                        {
                            "x": 1422691200000,
                            "y": 240187
                        },
                        {
                            "x": 1425110400000,
                            "y": 237493
                        },
                        {
                            "x": 1427785200000,
                            "y": 241919
                        },
                        {
                            "x": 1430377200000,
                            "y": 241361
                        },
                        {
                            "x": 1433055600000,
                            "y": 241197
                        },
                        {
                            "x": 1435647600000,
                            "y": 238612
                        },
                        {
                            "x": 1438326000000,
                            "y": 238481
                        },
                        {
                            "x": 1441004400000,
                            "y": 241163
                        },
                        {
                            "x": 1443596400000,
                            "y": 252727
                        },
                        {
                            "x": 1446274800000,
                            "y": 262785
                        },
                        {
                            "x": 1448870400000,
                            "y": 261609
                        },
                        {
                            "x": 1451548800000,
                            "y": 304809
                        },
                        {
                            "x": 1454227200000,
                            "y": 308024
                        },
                        {
                            "x": 1456732800000,
                            "y": 307161
                        },
                        {
                            "x": 1459407600000,
                            "y": 312037
                        },
                        {
                            "x": 1461999600000,
                            "y": 316236
                        },
                        {
                            "x": 1464678000000,
                            "y": 320188
                        },
                        {
                            "x": 1467270000000,
                            "y": 318131
                        },
                        {
                            "x": 1469948400000,
                            "y": 321613
                        },
                        {
                            "x": 1472626800000,
                            "y": 324119
                        },
                        {
                            "x": 1475218800000,
                            "y": 321374
                        },
                        {
                            "x": 1477897200000,
                            "y": 323319
                        },
                        {
                            "x": 1480492800000,
                            "y": 316566
                        },
                        {
                            "x": 1483171200000,
                            "y": 314989
                        },
                        {
                            "x": 1485849600000,
                            "y": 314997
                        },
                        {
                            "x": 1488268800000,
                            "y": 315835
                        },
                        {
                            "x": 1490943600000,
                            "y": 313592
                        },
                        {
                            "x": 1493535600000,
                            "y": 312179
                        },
                        {
                            "x": 1496214000000,
                            "y": 311509
                        },
                        {
                            "x": 1498806000000,
                            "y": 314652
                        },
                        {
                            "x": 1501484400000,
                            "y": 319976
                        },
                        {
                            "x": 1504162800000,
                            "y": 323372
                        },
                        {
                            "x": 1506754800000,
                            "y": 332128
                        },
                        {
                            "x": 1509433200000,
                            "y": 329680
                        },
                        {
                            "x": 1512028800000,
                            "y": 328120
                        },
                        {
                            "x": 1514707200000,
                            "y": 327322
                        },
                        {
                            "x": 1517385600000,
                            "y": 331169
                        },
                        {
                            "x": 1519804800000,
                            "y": 328516
                        },
                        {
                            "x": 1522479600000,
                            "y": 327162
                        },
                        {
                            "x": 1525071600000,
                            "y": 323478
                        },
                        {
                            "x": 1527750000000,
                            "y": 328260
                        },
                        {
                            "x": 1530342000000,
                            "y": 334864
                        },
                        {
                            "x": 1533020400000,
                            "y": 335162
                        },
                        {
                            "x": 1535698800000,
                            "y": 340126
                        },
                        {
                            "x": 1538290800000,
                            "y": 341386
                        },
                        {
                            "x": 1540969200000,
                            "y": 345363
                        },
                        {
                            "x": 1543564800000,
                            "y": 347503
                        },
                        {
                            "x": 1546243200000,
                            "y": 344065
                        },
                        {
                            "x": 1548921600000,
                            "y": 340644
                        },
                        {
                            "x": 1551340800000,
                            "y": 342530
                        },
                        {
                            "x": 1554015600000,
                            "y": 379903
                        },
                        {
                            "x": 1556607600000,
                            "y": 385725
                        },
                        {
                            "x": 1559286000000,
                            "y": 378373
                        },
                        {
                            "x": 1561878000000,
                            "y": 384819
                        },
                        {
                            "x": 1564556400000,
                            "y": 376788
                        },
                        {
                            "x": 1567234800000,
                            "y": 372622
                        },
                        {
                            "x": 1569826800000,
                            "y": 373779
                        },
                        {
                            "x": 1572505200000,
                            "y": 370009
                        },
                        {
                            "x": 1575100800000,
                            "y": 368435
                        },
                        {
                            "x": 1577779200000,
                            "y": 372286
                        },
                        {
                            "x": 1580457600000,
                            "y": 376646
                        },
                        {
                            "x": 1582963200000,
                            "y": 382218
                        },
                        {
                            "x": 1585638000000,
                            "y": 386050
                        },
                        {
                            "x": 1588230000000,
                            "y": 389025
                        },
                        {
                            "x": 1590908400000,
                            "y": 385555
                        },
                        {
                            "x": 1593500400000,
                            "y": 385576
                        },
                        {
                            "x": 1596178800000,
                            "y": 386805
                        },
                        {
                            "x": 1598857200000,
                            "y": 389619
                        },
                        {
                            "x": 1601449200000,
                            "y": 393414
                        },
                        {
                            "x": 1604127600000,
                            "y": 398695
                        },
                        {
                            "x": 1606723200000,
                            "y": 401311
                        },
                        {
                            "x": 1609401600000,
                            "y": 416046
                        },
                        {
                            "x": 1612080000000,
                            "y": 420546
                        },
                        {
                            "x": 1614499200000,
                            "y": 413114
                        },
                        {
                            "x": 1617174000000,
                            "y": 413088
                        },
                        {
                            "x": 1619766000000,
                            "y": 431807
                        },
                        {
                            "x": 1622444400000,
                            "y": 444906
                        },
                        {
                            "x": 1625036400000,
                            "y": 466700
                        },
                        {
                            "x": 1627714800000,
                            "y": 479600
                        },
                        {
                            "x": 1630393200000,
                            "y": 486000
                        },
                        {
                            "x": 1632985200000,
                            "y": 493400
                        },
                        {
                            "x": 1635663600000,
                            "y": 502700
                        },
                        {
                            "x": 1638259200000,
                            "y": 507300
                        },
                        {
                            "x": 1640937600000,
                            "y": 519700
                        },
                        {
                            "x": 1643616000000,
                            "y": 521900
                        },
                        {
                            "x": 1646035200000,
                            "y": 534100
                        },
                        {
                            "x": 1648710000000,
                            "y": 557600
                        },
                        {
                            "x": 1651302000000,
                            "y": 609200
                        },
                        {
                            "x": 1653980400000,
                            "y": 600000
                        },
                        {
                            "x": 1656572400000,
                            "y": 600900
                        },
                        {
                            "x": 1659250800000,
                            "y": 600000
                        },
                        {
                            "x": 1661929200000,
                            "y": 649500
                        },
                        {
                            "x": 1664521200000,
                            "y": 643800
                        },
                        {
                            "x": 1667199600000,
                            "y": 632500
                        },
                        {
                            "x": 1669795200000,
                            "y": 632200
                        },
                        {
                            "x": 1672473600000,
                            "y": 696700
                        },
                        {
                            "x": 1675152000000,
                            "y": 690900
                        },
                        {
                            "x": 1677571200000,
                            "y": 626700
                        },
                        {
                            "x": 1680246000000,
                            "y": 704000
                        },
                        {
                            "x": 1682838000000,
                            "y": 711800
                        },
                        {
                            "x": 1685516400000,
                            "y": 718500
                        },
                        {
                            "x": 1688108400000,
                            "y": 722000
                        },
                        {
                            "x": 1690786800000,
                            "y": 715800
                        },
                        {
                            "x": 1693465200000,
                            "y": 729200
                        },
                        {
                            "x": 1696057200000,
                            "y": 736300
                        },
                        {
                            "x": 1698735600000,
                            "y": 737900
                        },
                        {
                            "x": 1701331200000,
                            "y": 723500
                        },
                        {
                            "x": 1704009600000,
                            "y": 722000
                        },
                        {
                            "x": 1706688000000,
                            "y": 697200
                        },
                        {
                            "x": 1707120000000,
                            "y": 677500
                        }
                    ],
                    "name": "This home"
                },
                {
                    "points": [
                        {
                            "x": 1654239600000,
                            "y": 600000
                        },
                        {
                            "x": 1705046400000,
                            "y": 775000
                        }
                    ],
                    "name": "Sale"
                }
            ]
        }
    }
}