{
    "data": {
        "property": {
            "homeValueChartData": [
                {
                    "points": [
                        {
                            "x": 1393574400000,
                            "y": 72670
                        },
                        {
                            "x": 1396249200000,
                            "y": 74214
                        },
                        {
                            "x": 1398841200000,
                            "y": 75833
                        },
                        {
                            "x": 1401519600000,
                            "y": 75252
                        },
                        {
                            "x": 1404111600000,
                            "y": 76153
                        },
                        {
                            "x": 1406790000000,
                            "y": 75347
                        },
                        {
                            "x": 1409468400000,
                            "y": 73547
                        },
                        {
                            "x": 1412060400000,
                            "y": 72610
                        },
                        {
                            "x": 1414738800000,
                            "y": 74983
                        },
                        {
                            "x": 1417334400000,
                            "y": 76652
                        },
                        {
                            "x": 1420012800000,
                            "y": 79312
                        },
                        {
                            "x": 1422691200000,
                            "y": 80234
                        },
                        {
                            "x": 1425110400000,
                            "y": 80575
                        },
                        {
                            "x": 1427785200000,
                            "y": 83087
                        },
                        {
                            "x": 1430377200000,
                            "y": 82261
                        },
                        {
                            "x": 1433055600000,
                            "y": 85468
                        },
                        {
                            "x": 1435647600000,
                            "y": 84751
                        },
                        {
                            "x": 1438326000000,
                            "y": 85292
                        },
                        {
                            "x": 1441004400000,
                            "y": 85914
                        },
                        {
                            "x": 1443596400000,
                            "y": 86906
                        },
                        {
                            "x": 1446274800000,
                            "y": 87978
                        },
                        {
                            "x": 1448870400000,
                            "y": 90027
                        },
                        {
                            "x": 1451548800000,
                            "y": 96122
                        },
                        {
                            "x": 1454227200000,
                            "y": 98575
                        },
                        {
                            "x": 1456732800000,
                            "y": 100529
                        },
                        {
                            "x": 1459407600000,
                            "y": 139654
                        },
                        {
                            "x": 1461999600000,
                            "y": 139876
                        },
                        {
                            "x": 1464678000000,
                            "y": 140078
                        },
                        {
                            "x": 1467270000000,
                            "y": 140884
                        },
                        {
                            "x": 1469948400000,
                            "y": 142204
                        },
                        {
                            "x": 1472626800000,
                            "y": 141547
                        },
                        {
                            "x": 1475218800000,
                            "y": 141408
                        },
                        {
                            "x": 1477897200000,
                            "y": 143165
                        },
                        {
                            "x": 1480492800000,
                            "y": 143169
                        },
                        {
                            "x": 1483171200000,
                            "y": 145078
                        },
                        {
                            "x": 1485849600000,
                            "y": 145353
                        },
                        {
                            "x": 1488268800000,
                            "y": 146918
                        },
                        {
                            "x": 1490943600000,
                            "y": 146953
                        },
                        {
                            "x": 1493535600000,
                            "y": 147061
                        },
                        {
                            "x": 1496214000000,
                            "y": 147811
                        },
                        {
                            "x": 1498806000000,
                            "y": 148612
                        },
                        {
                            "x": 1501484400000,
                            "y": 148975
                        },
                        {
                            "x": 1504162800000,
                            "y": 150609
                        },
                        {
                            "x": 1506754800000,
                            "y": 152854
                        },
                        {
                            "x": 1509433200000,
                            "y": 153022
                        },
                        {
                            "x": 1512028800000,
                            "y": 152843
                        },
                        {
                            "x": 1514707200000,
                            "y": 153496
                        },
                        {
                            "x": 1517385600000,
                            "y": 154576
                        },
                        {
                            "x": 1519804800000,
                            "y": 155790
                        },
                        {
                            "x": 1522479600000,
                            "y": 155559
                        },
                        {
                            "x": 1525071600000,
                            "y": 156039
                        },
                        {
                            "x": 1527750000000,
                            "y": 138192
                        },
                        {
                            "x": 1530342000000,
                            "y": 138730
                        },
                        {
                            "x": 1533020400000,
                            "y": 139204
                        },
                        {
                            "x": 1535698800000,
                            "y": 139678
                        },
                        {
                            "x": 1538290800000,
                            "y": 139387
                        },
                        {
                            "x": 1540969200000,
                            "y": 140038
                        },
                        {
                            "x": 1543564800000,
                            "y": 141346
                        },
                        {
                            "x": 1546243200000,
                            "y": 142406
                        },
                        {
                            "x": 1548921600000,
                            "y": 142140
                        },
                        {
                            "x": 1551340800000,
                            "y": 140364
                        },
                        {
                            "x": 1554015600000,
                            "y": 142518
                        },
                        {
                            "x": 1556607600000,
                            "y": 142314
                        },
                        {
                            "x": 1559286000000,
                            "y": 142458
                        },
                        {
                            "x": 1561878000000,
                            "y": 143594
                        },
                        {
                            "x": 1564556400000,
                            "y": 144371
                        },
                        {
                            "x": 1567234800000,
                            "y": 142643
                        },
                        {
                            "x": 1569826800000,
                            "y": 141517
                        },
                        {
                            "x": 1572505200000,
                            "y": 143054
                        },
                        {
                            "x": 1575100800000,
                            "y": 144530
                        },
                        {
                            "x": 1577779200000,
                            "y": 143822
                        },
                        {
                            "x": 1580457600000,
                            "y": 146027
                        },
                        {
                            "x": 1582963200000,
                            "y": 147565
                        },
                        {
                            "x": 1585638000000,
                            "y": 145899
                        },
                        {
                            "x": 1588230000000,
                            "y": 146097
                        },
                        {
                            "x": 1590908400000,
                            "y": 146095
                        },
                        {
                            "x": 1593500400000,
                            "y": 145361
                        },
                        {
                            "x": 1596178800000,
                            "y": 148157
                        },
                        {
                            "x": 1598857200000,
                            "y": 150169
                        },
                        {
                            "x": 1601449200000,
                            "y": 151508
                        },
                        {
                            "x": 1604127600000,
                            "y": 152097
                        },
                        {
                            "x": 1606723200000,
                            "y": 154619
                        },
                        {
                            "x": 1609401600000,
                            "y": 156009
                        },
                        {
                            "x": 1612080000000,
                            "y": 157159
                        },
                        {
                            "x": 1614499200000,
                            "y": 157486
                        },
                        {
                            "x": 1617174000000,
                            "y": 161438
                        },
                        {
                            "x": 1619766000000,
                            "y": 165734
                        },
                        {
                            "x": 1622444400000,
                            "y": 167473
                        },
                        {
                            "x": 1625036400000,
                            "y": 170200
                        },
                        {
                            "x": 1627714800000,
                            "y": 175000
                        },
                        {
                            "x": 1630393200000,
                            "y": 175200
                        },
                        {
                            "x": 1632985200000,
                            "y": 178100
                        },
                        {
                            "x": 1635663600000,
                            "y": 182200
                        },
                        {
                            "x": 1638259200000,
                            "y": 185400
                        },
                        {
                            "x": 1640937600000,
                            "y": 190000
                        },
                        {
                            "x": 1643616000000,
                            "y": 196300
                        },
                        {
                            "x": 1646035200000,
                            "y": 198800
                        },
                        {
                            "x": 1648710000000,
                            "y": 199000
                        },
                        {
                            "x": 1651302000000,
                            "y": 199000
                        },
                        {
                            "x": 1653980400000,
                            "y": 186700
                        },
                        {
                            "x": 1656572400000,
                            "y": 191600
                        },
                        {
                            "x": 1659250800000,
                            "y": 199000
                        },
                        {
                            "x": 1661929200000,
                            "y": 267300
                        },
                        {
                            "x": 1664521200000,
                            "y": 272800
                        },
                        {
                            "x": 1667199600000,
                            "y": 275800
                        },
                        {
                            "x": 1669795200000,
                            "y": 276400
                        },
                        {
                            "x": 1672473600000,
                            "y": 277000
                        },
                        {
                            "x": 1675152000000,
                            "y": 280600
                        },
                        {
                            "x": 1677571200000,
                            "y": 276500
                        },
                        {
                            "x": 1680246000000,
                            "y": 277200
                        },
                        {
                            "x": 1682838000000,
                            "y": 273900
                        },
                        {
                            "x": 1685516400000,
                            "y": 278700
                        },
                        {
                            "x": 1688108400000,
                            "y": 272400
                        },
                        {
                            "x": 1690786800000,
                            "y": 273600
                        },
                        {
                            "x": 1693465200000,
                            "y": 271200
                        },
                        {
                            "x": 1696057200000,
                            "y": 273000
                        },
                        {
                            "x": 1698735600000,
                            "y": 270600
                        },
                        {
                            "x": 1701331200000,
                            "y": 266400
                        },
                        {
                            "x": 1704009600000,
                            "y": 265500
                        },
                        {
                            "x": 1706688000000,
                            "y": 276100
                        },
                        {
                            "x": 1707292800000,
                            "y": 261300
                        }
                    ],
                    "name": "This home"
                },
                {
                    "points": [
                        {
                            "x": 1464332400000,
                            "y": 140000
                        },
                        {
                            "x": 1526972400000,
                            "y": 138000
                        },
                        {
                            "x": 1655362800000,
                            "y": 185000
                        }
                    ],
                    "name": "Sale"
                }
            ]
        }
    }
}