{
    "data": {
        "property": {
            "homeValueChartData": [
                {
                    "points": [
                        {
                            "x": 1393574400000,
                            "y": 278742
                        },
                        {
                            "x": 1396249200000,
                            "y": 284066
                        },
                        {
                            "x": 1398841200000,
                            "y": 292454
                        },
                        {
                            "x": 1401519600000,
                            "y": 299636
                        },
                        {
                            "x": 1404111600000,
                            "y": 305702
                        },
                        {
                            "x": 1406790000000,
                            "y": 294584
                        },
                        {
                            "x": 1409468400000,
                            "y": 302690
                        },
                        {
                            "x": 1412060400000,
                            "y": 294547
                        },
                        {
                            "x": 1414738800000,
                            "y": 300377
                        },
                        {
                            "x": 1417334400000,
                            "y": 278203
                        },
                        {
                            "x": 1420012800000,
                            "y": 281186
                        },
                        {
                            "x": 1422691200000,
                            "y": 288266
                        },
                        {
                            "x": 1425110400000,
                            "y": 291056
                        },
                        {
                            "x": 1427785200000,
                            "y": 284914
                        },
                        {
                            "x": 1430377200000,
                            "y": 296023
                        },
                        {
                            "x": 1433055600000,
                            "y": 294669
                        },
                        {
                            "x": 1435647600000,
                            "y": 290094
                        },
                        {
                            "x": 1438326000000,
                            "y": 289265
                        },
                        {
                            "x": 1441004400000,
                            "y": 300284
                        },
                        {
                            "x": 1443596400000,
                            "y": 297888
                        },
                        {
                            "x": 1446274800000,
                            "y": 301044
                        },
                        {
                            "x": 1448870400000,
                            "y": 303647
                        },
                        {
                            "x": 1451548800000,
                            "y": 290490
                        },
                        {
                            "x": 1454227200000,
                            "y": 284599
                        },
                        {
                            "x": 1456732800000,
                            "y": 289607
                        },
                        {
                            "x": 1459407600000,
                            "y": 289978
                        },
                        {
                            "x": 1461999600000,
                            "y": 292752
                        },
                        {
                            "x": 1464678000000,
                            "y": 298900
                        },
                        {
                            "x": 1467270000000,
                            "y": 298030
                        },
                        {
                            "x": 1469948400000,
                            "y": 295436
                        },
                        {
                            "x": 1472626800000,
                            "y": 299044
                        },
                        {
                            "x": 1475218800000,
                            "y": 298266
                        },
                        {
                            "x": 1477897200000,
                            "y": 300222
                        },
                        {
                            "x": 1480492800000,
                            "y": 319385
                        },
                        {
                            "x": 1483171200000,
                            "y": 320827
                        },
                        {
                            "x": 1485849600000,
                            "y": 320129
                        },
                        {
                            "x": 1488268800000,
                            "y": 323635
                        },
                        {
                            "x": 1490943600000,
                            "y": 325729
                        },
                        {
                            "x": 1493535600000,
                            "y": 328964
                        },
                        {
                            "x": 1496214000000,
                            "y": 329001
                        },
                        {
                            "x": 1498806000000,
                            "y": 339186
                        },
                        {
                            "x": 1501484400000,
                            "y": 355909
                        },
                        {
                            "x": 1504162800000,
                            "y": 357778
                        },
                        {
                            "x": 1506754800000,
                            "y": 361419
                        },
                        {
                            "x": 1509433200000,
                            "y": 362171
                        },
                        {
                            "x": 1512028800000,
                            "y": 362123
                        },
                        {
                            "x": 1514707200000,
                            "y": 363704
                        },
                        {
                            "x": 1517385600000,
                            "y": 366712
                        },
                        {
                            "x": 1519804800000,
                            "y": 369763
                        },
                        {
                            "x": 1522479600000,
                            "y": 368560
                        },
                        {
                            "x": 1525071600000,
                            "y": 369585
                        },
                        {
                            "x": 1527750000000,
                            "y": 373951
                        },
                        {
                            "x": 1530342000000,
                            "y": 374374
                        },
                        {
                            "x": 1533020400000,
                            "y": 374996
                        },
                        {
                            "x": 1535698800000,
                            "y": 376098
                        },
                        {
                            "x": 1538290800000,
                            "y": 374844
                        },
                        {
                            "x": 1540969200000,
                            "y": 377301
                        },
                        {
                            "x": 1543564800000,
                            "y": 380642
                        },
                        {
                            "x": 1546243200000,
                            "y": 383332
                        },
                        {
                            "x": 1548921600000,
                            "y": 383731
                        },
                        {
                            "x": 1551340800000,
                            "y": 380073
                        },
                        {
                            "x": 1554015600000,
                            "y": 384756
                        },
                        {
                            "x": 1556607600000,
                            "y": 384174
                        },
                        {
                            "x": 1559286000000,
                            "y": 384718
                        },
                        {
                            "x": 1561878000000,
                            "y": 387165
                        },
                        {
                            "x": 1564556400000,
                            "y": 388964
                        },
                        {
                            "x": 1567234800000,
                            "y": 385519
                        },
                        {
                            "x": 1569826800000,
                            "y": 382178
                        },
                        {
                            "x": 1572505200000,
                            "y": 386472
                        },
                        {
                            "x": 1575100800000,
                            "y": 391037
                        },
                        {
                            "x": 1577779200000,
                            "y": 389023
                        },
                        {
                            "x": 1580457600000,
                            "y": 395318
                        },
                        {
                            "x": 1582963200000,
                            "y": 399363
                        },
                        {
                            "x": 1585638000000,
                            "y": 394570
                        },
                        {
                            "x": 1588230000000,
                            "y": 394445
                        },
                        {
                            "x": 1590908400000,
                            "y": 394714
                        },
                        {
                            "x": 1593500400000,
                            "y": 392500
                        },
                        {
                            "x": 1596178800000,
                            "y": 392788
                        },
                        {
                            "x": 1598857200000,
                            "y": 393573
                        },
                        {
                            "x": 1601449200000,
                            "y": 389163
                        },
                        {
                            "x": 1604127600000,
                            "y": 387481
                        },
                        {
                            "x": 1606723200000,
                            "y": 379475
                        },
                        {
                            "x": 1609401600000,
                            "y": 386757
                        },
                        {
                            "x": 1612080000000,
                            "y": 388368
                        },
                        {
                            "x": 1614499200000,
                            "y": 394789
                        },
                        {
                            "x": 1617174000000,
                            "y": 402069
                        },
                        {
                            "x": 1619766000000,
                            "y": 422936
                        },
                        {
                            "x": 1622444400000,
                            "y": 435614
                        },
                        {
                            "x": 1625036400000,
                            "y": 492100
                        },
                        {
                            "x": 1627714800000,
                            "y": 526100
                        },
                        {
                            "x": 1630393200000,
                            "y": 533300
                        },
                        {
                            "x": 1632985200000,
                            "y": 540600
                        },
                        {
                            "x": 1635663600000,
                            "y": 549000
                        },
                        {
                            "x": 1638259200000,
                            "y": 557700
                        },
                        {
                            "x": 1640937600000,
                            "y": 573000
                        },
                        {
                            "x": 1643616000000,
                            "y": 582800
                        },
                        {
                            "x": 1646035200000,
                            "y": 607000
                        },
                        {
                            "x": 1648710000000,
                            "y": 638000
                        },
                        {
                            "x": 1651302000000,
                            "y": 654500
                        },
                        {
                            "x": 1653980400000,
                            "y": 667400
                        },
                        {
                            "x": 1656572400000,
                            "y": 673000
                        },
                        {
                            "x": 1659250800000,
                            "y": 668600
                        },
                        {
                            "x": 1661929200000,
                            "y": 648900
                        },
                        {
                            "x": 1664521200000,
                            "y": 647500
                        },
                        {
                            "x": 1667199600000,
                            "y": 647200
                        },
                        {
                            "x": 1669795200000,
                            "y": 642800
                        },
                        {
                            "x": 1672473600000,
                            "y": 636900
                        },
                        {
                            "x": 1675152000000,
                            "y": 629900
                        },
                        {
                            "x": 1677571200000,
                            "y": 634400
                        },
                        {
                            "x": 1680246000000,
                            "y": 649300
                        },
                        {
                            "x": 1682838000000,
                            "y": 659400
                        },
                        {
                            "x": 1685516400000,
                            "y": 667600
                        },
                        {
                            "x": 1688108400000,
                            "y": 662700
                        },
                        {
                            "x": 1690786800000,
                            "y": 666600
                        },
                        {
                            "x": 1693465200000,
                            "y": 679000
                        },
                        {
                            "x": 1696057200000,
                            "y": 688000
                        },
                        {
                            "x": 1698735600000,
                            "y": 685600
                        },
                        {
                            "x": 1701331200000,
                            "y": 677500
                        },
                        {
                            "x": 1704009600000,
                            "y": 667900
                        },
                        {
                            "x": 1706688000000,
                            "y": 672500
                        },
                        {
                            "x": 1707120000000,
                            "y": 642800
                        }
                    ],
                    "name": "This home"
                },
                {
                    "points": [
                        {
                            "x": 1499410800000,
                            "y": 355000
                        }
                    ],
                    "name": "Sale"
                }
            ]
        }
    }
}