{
    "data": {
        "property": {
            "homeValueChartData": [
                {
                    "points": [
                        {
                            "x": 1393574400000,
                            "y": 126164
                        },
                        {
                            "x": 1396249200000,
                            "y": 139729
                        },
                        {
                            "x": 1398841200000,
                            "y": 140952
                        },
                        {
                            "x": 1401519600000,
                            "y": 139644
                        },
                        {
                            "x": 1404111600000,
                            "y": 142477
                        },
                        {
                            "x": 1406790000000,
                            "y": 142484
                        },
                        {
                            "x": 1409468400000,
                            "y": 141926
                        },
                        {
                            "x": 1412060400000,
                            "y": 139632
                        },
                        {
                            "x": 1414738800000,
                            "y": 141071
                        },
                        {
                            "x": 1417334400000,
                            "y": 143027
                        },
                        {
                            "x": 1420012800000,
                            "y": 143546
                        },
                        {
                            "x": 1422691200000,
                            "y": 146627
                        },
                        {
                            "x": 1425110400000,
                            "y": 145016
                        },
                        {
                            "x": 1427785200000,
                            "y": 144135
                        },
                        {
                            "x": 1430377200000,
                            "y": 144895
                        },
                        {
                            "x": 1433055600000,
                            "y": 149113
                        },
                        {
                            "x": 1435647600000,
                            "y": 148979
                        },
                        {
                            "x": 1438326000000,
                            "y": 151980
                        },
                        {
                            "x": 1441004400000,
                            "y": 152087
                        },
                        {
                            "x": 1443596400000,
                            "y": 152979
                        },
                        {
                            "x": 1446274800000,
                            "y": 154152
                        },
                        {
                            "x": 1448870400000,
                            "y": 153648
                        },
                        {
                            "x": 1451548800000,
                            "y": 155818
                        },
                        {
                            "x": 1454227200000,
                            "y": 155535
                        },
                        {
                            "x": 1456732800000,
                            "y": 156561
                        },
                        {
                            "x": 1459407600000,
                            "y": 157713
                        },
                        {
                            "x": 1461999600000,
                            "y": 162881
                        },
                        {
                            "x": 1464678000000,
                            "y": 161864
                        },
                        {
                            "x": 1467270000000,
                            "y": 161540
                        },
                        {
                            "x": 1469948400000,
                            "y": 163817
                        },
                        {
                            "x": 1472626800000,
                            "y": 164071
                        },
                        {
                            "x": 1475218800000,
                            "y": 163831
                        },
                        {
                            "x": 1477897200000,
                            "y": 165466
                        },
                        {
                            "x": 1480492800000,
                            "y": 167409
                        },
                        {
                            "x": 1483171200000,
                            "y": 167313
                        },
                        {
                            "x": 1485849600000,
                            "y": 168862
                        },
                        {
                            "x": 1488268800000,
                            "y": 170653
                        },
                        {
                            "x": 1490943600000,
                            "y": 170912
                        },
                        {
                            "x": 1493535600000,
                            "y": 170308
                        },
                        {
                            "x": 1496214000000,
                            "y": 170461
                        },
                        {
                            "x": 1498806000000,
                            "y": 172029
                        },
                        {
                            "x": 1501484400000,
                            "y": 175978
                        },
                        {
                            "x": 1504162800000,
                            "y": 178112
                        },
                        {
                            "x": 1506754800000,
                            "y": 178194
                        },
                        {
                            "x": 1509433200000,
                            "y": 178298
                        },
                        {
                            "x": 1512028800000,
                            "y": 179881
                        },
                        {
                            "x": 1514707200000,
                            "y": 181701
                        },
                        {
                            "x": 1517385600000,
                            "y": 182122
                        },
                        {
                            "x": 1519804800000,
                            "y": 178495
                        },
                        {
                            "x": 1522479600000,
                            "y": 180924
                        },
                        {
                            "x": 1525071600000,
                            "y": 181046
                        },
                        {
                            "x": 1527750000000,
                            "y": 180244
                        },
                        {
                            "x": 1530342000000,
                            "y": 188737
                        },
                        {
                            "x": 1533020400000,
                            "y": 186791
                        },
                        {
                            "x": 1535698800000,
                            "y": 190833
                        },
                        {
                            "x": 1538290800000,
                            "y": 193601
                        },
                        {
                            "x": 1540969200000,
                            "y": 193375
                        },
                        {
                            "x": 1543564800000,
                            "y": 194993
                        },
                        {
                            "x": 1546243200000,
                            "y": 201749
                        },
                        {
                            "x": 1548921600000,
                            "y": 198510
                        },
                        {
                            "x": 1551340800000,
                            "y": 198864
                        },
                        {
                            "x": 1554015600000,
                            "y": 208643
                        },
                        {
                            "x": 1556607600000,
                            "y": 200493
                        },
                        {
                            "x": 1559286000000,
                            "y": 206581
                        },
                        {
                            "x": 1561878000000,
                            "y": 211922
                        },
                        {
                            "x": 1564556400000,
                            "y": 212838
                        },
                        {
                            "x": 1567234800000,
                            "y": 207498
                        },
                        {
                            "x": 1569826800000,
                            "y": 207873
                        },
                        {
                            "x": 1572505200000,
                            "y": 210037
                        },
                        {
                            "x": 1575100800000,
                            "y": 212645
                        },
                        {
                            "x": 1577779200000,
                            "y": 214421
                        },
                        {
                            "x": 1580457600000,
                            "y": 214532
                        },
                        {
                            "x": 1582963200000,
                            "y": 213117
                        },
                        {
                            "x": 1585638000000,
                            "y": 214300
                        },
                        {
                            "x": 1588230000000,
                            "y": 215464
                        },
                        {
                            "x": 1590908400000,
                            "y": 216629
                        },
                        {
                            "x": 1593500400000,
                            "y": 215107
                        },
                        {
                            "x": 1596178800000,
                            "y": 216213
                        },
                        {
                            "x": 1598857200000,
                            "y": 217370
                        },
                        {
                            "x": 1601449200000,
                            "y": 216810
                        },
                        {
                            "x": 1604127600000,
                            "y": 214745
                        },
                        {
                            "x": 1606723200000,
                            "y": 220019
                        },
                        {
                            "x": 1609401600000,
                            "y": 220119
                        },
                        {
                            "x": 1612080000000,
                            "y": 222143
                        },
                        {
                            "x": 1614499200000,
                            "y": 225507
                        },
                        {
                            "x": 1617174000000,
                            "y": 228435
                        },
                        {
                            "x": 1619766000000,
                            "y": 234752
                        },
                        {
                            "x": 1622444400000,
                            "y": 242567
                        },
                        {
                            "x": 1625036400000,
                            "y": 252100
                        },
                        {
                            "x": 1627714800000,
                            "y": 256900
                        },
                        {
                            "x": 1630393200000,
                            "y": 259600
                        },
                        {
                            "x": 1632985200000,
                            "y": 263300
                        },
                        {
                            "x": 1635663600000,
                            "y": 267500
                        },
                        {
                            "x": 1638259200000,
                            "y": 272000
                        },
                        {
                            "x": 1640937600000,
                            "y": 278700
                        },
                        {
                            "x": 1643616000000,
                            "y": 283500
                        },
                        {
                            "x": 1646035200000,
                            "y": 290500
                        },
                        {
                            "x": 1648710000000,
                            "y": 303800
                        },
                        {
                            "x": 1651302000000,
                            "y": 312200
                        },
                        {
                            "x": 1653980400000,
                            "y": 321000
                        },
                        {
                            "x": 1656572400000,
                            "y": 327300
                        },
                        {
                            "x": 1659250800000,
                            "y": 327900
                        },
                        {
                            "x": 1661929200000,
                            "y": 325600
                        },
                        {
                            "x": 1664521200000,
                            "y": 323300
                        },
                        {
                            "x": 1667199600000,
                            "y": 323200
                        },
                        {
                            "x": 1669795200000,
                            "y": 320500
                        },
                        {
                            "x": 1672473600000,
                            "y": 315100
                        },
                        {
                            "x": 1675152000000,
                            "y": 311100
                        },
                        {
                            "x": 1677571200000,
                            "y": 312700
                        },
                        {
                            "x": 1680246000000,
                            "y": 322600
                        },
                        {
                            "x": 1682838000000,
                            "y": 326500
                        },
                        {
                            "x": 1685516400000,
                            "y": 330600
                        },
                        {
                            "x": 1688108400000,
                            "y": 326900
                        },
                        {
                            "x": 1690786800000,
                            "y": 333100
                        },
                        {
                            "x": 1693465200000,
                            "y": 340800
                        },
                        {
                            "x": 1696057200000,
                            "y": 342100
                        },
                        {
                            "x": 1698735600000,
                            "y": 342800
                        },
                        {
                            "x": 1701331200000,
                            "y": 340400
                        },
                        {
                            "x": 1704009600000,
                            "y": 357400
                        },
                        {
                            "x": 1706688000000,
                            "y": 357300
                        },
                        {
                            "x": 1707292800000,
                            "y": 342700
                        }
                    ],
                    "name": "This home"
                }
            ]
        }
    }
}