{
    "data": {
        "property": {
            "homeValueChartData": [
                {
                    "points": [
                        {
                            "x": 1393574400000,
                            "y": 180343
                        },
                        {
                            "x": 1396249200000,
                            "y": 184125
                        },
                        {
                            "x": 1398841200000,
                            "y": 188699
                        },
                        {
                            "x": 1401519600000,
                            "y": 187600
                        },
                        {
                            "x": 1404111600000,
                            "y": 190422
                        },
                        {
                            "x": 1406790000000,
                            "y": 187493
                        },
                        {
                            "x": 1409468400000,
                            "y": 191497
                        },
                        {
                            "x": 1412060400000,
                            "y": 188962
                        },
                        {
                            "x": 1414738800000,
                            "y": 189828
                        },
                        {
                            "x": 1417334400000,
                            "y": 199259
                        },
                        {
                            "x": 1420012800000,
                            "y": 197737
                        },
                        {
                            "x": 1422691200000,
                            "y": 199317
                        },
                        {
                            "x": 1425110400000,
                            "y": 200745
                        },
                        {
                            "x": 1427785200000,
                            "y": 206482
                        },
                        {
                            "x": 1430377200000,
                            "y": 208121
                        },
                        {
                            "x": 1433055600000,
                            "y": 209802
                        },
                        {
                            "x": 1435647600000,
                            "y": 209790
                        },
                        {
                            "x": 1438326000000,
                            "y": 216862
                        },
                        {
                            "x": 1441004400000,
                            "y": 216263
                        },
                        {
                            "x": 1443596400000,
                            "y": 223044
                        },
                        {
                            "x": 1446274800000,
                            "y": 221005
                        },
                        {
                            "x": 1448870400000,
                            "y": 222359
                        },
                        {
                            "x": 1451548800000,
                            "y": 234021
                        },
                        {
                            "x": 1454227200000,
                            "y": 237017
                        },
                        {
                            "x": 1456732800000,
                            "y": 239292
                        },
                        {
                            "x": 1459407600000,
                            "y": 237483
                        },
                        {
                            "x": 1461999600000,
                            "y": 239221
                        },
                        {
                            "x": 1464678000000,
                            "y": 237902
                        },
                        {
                            "x": 1467270000000,
                            "y": 243253
                        },
                        {
                            "x": 1469948400000,
                            "y": 246903
                        },
                        {
                            "x": 1472626800000,
                            "y": 247563
                        },
                        {
                            "x": 1475218800000,
                            "y": 245052
                        },
                        {
                            "x": 1477897200000,
                            "y": 249139
                        },
                        {
                            "x": 1480492800000,
                            "y": 260745
                        },
                        {
                            "x": 1483171200000,
                            "y": 262008
                        },
                        {
                            "x": 1485849600000,
                            "y": 262028
                        },
                        {
                            "x": 1488268800000,
                            "y": 259782
                        },
                        {
                            "x": 1490943600000,
                            "y": 257603
                        },
                        {
                            "x": 1493535600000,
                            "y": 263739
                        },
                        {
                            "x": 1496214000000,
                            "y": 267874
                        },
                        {
                            "x": 1498806000000,
                            "y": 267260
                        },
                        {
                            "x": 1501484400000,
                            "y": 273166
                        },
                        {
                            "x": 1504162800000,
                            "y": 275913
                        },
                        {
                            "x": 1506754800000,
                            "y": 281878
                        },
                        {
                            "x": 1509433200000,
                            "y": 284159
                        },
                        {
                            "x": 1512028800000,
                            "y": 280868
                        },
                        {
                            "x": 1514707200000,
                            "y": 280078
                        },
                        {
                            "x": 1517385600000,
                            "y": 291131
                        },
                        {
                            "x": 1519804800000,
                            "y": 291542
                        },
                        {
                            "x": 1522479600000,
                            "y": 297409
                        },
                        {
                            "x": 1525071600000,
                            "y": 298886
                        },
                        {
                            "x": 1527750000000,
                            "y": 305987
                        },
                        {
                            "x": 1530342000000,
                            "y": 304862
                        },
                        {
                            "x": 1533020400000,
                            "y": 301756
                        },
                        {
                            "x": 1535698800000,
                            "y": 303359
                        },
                        {
                            "x": 1538290800000,
                            "y": 305277
                        },
                        {
                            "x": 1540969200000,
                            "y": 306793
                        },
                        {
                            "x": 1543564800000,
                            "y": 312050
                        },
                        {
                            "x": 1546243200000,
                            "y": 308459
                        },
                        {
                            "x": 1548921600000,
                            "y": 321023
                        },
                        {
                            "x": 1551340800000,
                            "y": 315820
                        },
                        {
                            "x": 1554015600000,
                            "y": 326554
                        },
                        {
                            "x": 1556607600000,
                            "y": 321956
                        },
                        {
                            "x": 1559286000000,
                            "y": 323455
                        },
                        {
                            "x": 1561878000000,
                            "y": 320076
                        },
                        {
                            "x": 1564556400000,
                            "y": 324208
                        },
                        {
                            "x": 1567234800000,
                            "y": 316507
                        },
                        {
                            "x": 1569826800000,
                            "y": 314969
                        },
                        {
                            "x": 1572505200000,
                            "y": 318205
                        },
                        {
                            "x": 1575100800000,
                            "y": 281357
                        },
                        {
                            "x": 1577779200000,
                            "y": 282992
                        },
                        {
                            "x": 1580457600000,
                            "y": 280887
                        },
                        {
                            "x": 1582963200000,
                            "y": 279861
                        },
                        {
                            "x": 1585638000000,
                            "y": 277832
                        },
                        {
                            "x": 1588230000000,
                            "y": 304569
                        },
                        {
                            "x": 1590908400000,
                            "y": 305217
                        },
                        {
                            "x": 1593500400000,
                            "y": 308575
                        },
                        {
                            "x": 1596178800000,
                            "y": 309708
                        },
                        {
                            "x": 1598857200000,
                            "y": 315129
                        },
                        {
                            "x": 1601449200000,
                            "y": 323304
                        },
                        {
                            "x": 1604127600000,
                            "y": 323042
                        },
                        {
                            "x": 1606723200000,
                            "y": 325960
                        },
                        {
                            "x": 1609401600000,
                            "y": 330398
                        },
                        {
                            "x": 1612080000000,
                            "y": 337118
                        },
                        {
                            "x": 1614499200000,
                            "y": 339707
                        },
                        {
                            "x": 1617174000000,
                            "y": 343372
                        },
                        {
                            "x": 1619766000000,
                            "y": 373352
                        },
                        {
                            "x": 1622444400000,
                            "y": 375977
                        },
                        {
                            "x": 1625036400000,
                            "y": 381200
                        },
                        {
                            "x": 1627714800000,
                            "y": 386600
                        },
                        {
                            "x": 1630393200000,
                            "y": 388900
                        },
                        {
                            "x": 1632985200000,
                            "y": 395600
                        },
                        {
                            "x": 1635663600000,
                            "y": 401300
                        },
                        {
                            "x": 1638259200000,
                            "y": 408000
                        },
                        {
                            "x": 1640937600000,
                            "y": 417300
                        },
                        {
                            "x": 1643616000000,
                            "y": 417100
                        },
                        {
                            "x": 1646035200000,
                            "y": 425800
                        },
                        {
                            "x": 1648710000000,
                            "y": 447200
                        },
                        {
                            "x": 1651302000000,
                            "y": 459900
                        },
                        {
                            "x": 1653980400000,
                            "y": 472600
                        },
                        {
                            "x": 1656572400000,
                            "y": 494700
                        },
                        {
                            "x": 1659250800000,
                            "y": 511500
                        },
                        {
                            "x": 1661929200000,
                            "y": 550000
                        },
                        {
                            "x": 1664521200000,
                            "y": 541900
                        },
                        {
                            "x": 1667199600000,
                            "y": 525700
                        },
                        {
                            "x": 1669795200000,
                            "y": 514800
                        },
                        {
                            "x": 1672473600000,
                            "y": 514400
                        },
                        {
                            "x": 1675152000000,
                            "y": 510300
                        },
                        {
                            "x": 1677571200000,
                            "y": 509000
                        },
                        {
                            "x": 1680246000000,
                            "y": 507400
                        },
                        {
                            "x": 1682838000000,
                            "y": 514600
                        },
                        {
                            "x": 1685516400000,
                            "y": 510100
                        },
                        {
                            "x": 1688108400000,
                            "y": 491200
                        },
                        {
                            "x": 1690786800000,
                            "y": 563600
                        },
                        {
                            "x": 1693465200000,
                            "y": 592700
                        },
                        {
                            "x": 1696057200000,
                            "y": 644100
                        },
                        {
                            "x": 1698735600000,
                            "y": 643800
                        },
                        {
                            "x": 1701331200000,
                            "y": 640700
                        },
                        {
                            "x": 1704009600000,
                            "y": 637100
                        },
                        {
                            "x": 1706688000000,
                            "y": 613800
                        },
                        {
                            "x": 1707292800000,
                            "y": 609800
                        }
                    ],
                    "name": "This home"
                },
                {
                    "points": [
                        {
                            "x": 1653030000000,
                            "y": 370000
                        },
                        {
                            "x": 1653030000000,
                            "y": 410000
                        }
                    ],
                    "name": "Sale"
                }
            ]
        }
    }
}