{
    "data": {
        "property": {
            "homeValueChartData": [
                {
                    "points": [
                        {
                            "x": 1393574400000,
                            "y": 45194
                        },
                        {
                            "x": 1396249200000,
                            "y": 46132
                        },
                        {
                            "x": 1398841200000,
                            "y": 47127
                        },
                        {
                            "x": 1401519600000,
                            "y": 47439
                        },
                        {
                            "x": 1404111600000,
                            "y": 48140
                        },
                        {
                            "x": 1406790000000,
                            "y": 47679
                        },
                        {
                            "x": 1409468400000,
                            "y": 46923
                        },
                        {
                            "x": 1412060400000,
                            "y": 48547
                        },
                        {
                            "x": 1414738800000,
                            "y": 49728
                        },
                        {
                            "x": 1417334400000,
                            "y": 49538
                        },
                        {
                            "x": 1420012800000,
                            "y": 52281
                        },
                        {
                            "x": 1422691200000,
                            "y": 52023
                        },
                        {
                            "x": 1425110400000,
                            "y": 50917
                        },
                        {
                            "x": 1427785200000,
                            "y": 48834
                        },
                        {
                            "x": 1430377200000,
                            "y": 50583
                        },
                        {
                            "x": 1433055600000,
                            "y": 62564
                        },
                        {
                            "x": 1435647600000,
                            "y": 64296
                        },
                        {
                            "x": 1438326000000,
                            "y": 62090
                        },
                        {
                            "x": 1441004400000,
                            "y": 61967
                        },
                        {
                            "x": 1443596400000,
                            "y": 62366
                        },
                        {
                            "x": 1446274800000,
                            "y": 63679
                        },
                        {
                            "x": 1448870400000,
                            "y": 62122
                        },
                        {
                            "x": 1451548800000,
                            "y": 59570
                        },
                        {
                            "x": 1454227200000,
                            "y": 61619
                        },
                        {
                            "x": 1456732800000,
                            "y": 62492
                        },
                        {
                            "x": 1459407600000,
                            "y": 63774
                        },
                        {
                            "x": 1461999600000,
                            "y": 66520
                        },
                        {
                            "x": 1464678000000,
                            "y": 63954
                        },
                        {
                            "x": 1467270000000,
                            "y": 65715
                        },
                        {
                            "x": 1469948400000,
                            "y": 67507
                        },
                        {
                            "x": 1472626800000,
                            "y": 68462
                        },
                        {
                            "x": 1475218800000,
                            "y": 67836
                        },
                        {
                            "x": 1477897200000,
                            "y": 71565
                        },
                        {
                            "x": 1480492800000,
                            "y": 70217
                        },
                        {
                            "x": 1483171200000,
                            "y": 74319
                        },
                        {
                            "x": 1485849600000,
                            "y": 75462
                        },
                        {
                            "x": 1488268800000,
                            "y": 73021
                        },
                        {
                            "x": 1490943600000,
                            "y": 74672
                        },
                        {
                            "x": 1493535600000,
                            "y": 75899
                        },
                        {
                            "x": 1496214000000,
                            "y": 74325
                        },
                        {
                            "x": 1498806000000,
                            "y": 69906
                        },
                        {
                            "x": 1501484400000,
                            "y": 70494
                        },
                        {
                            "x": 1504162800000,
                            "y": 71333
                        },
                        {
                            "x": 1506754800000,
                            "y": 70086
                        },
                        {
                            "x": 1509433200000,
                            "y": 69906
                        },
                        {
                            "x": 1512028800000,
                            "y": 68772
                        },
                        {
                            "x": 1514707200000,
                            "y": 71284
                        },
                        {
                            "x": 1517385600000,
                            "y": 71645
                        },
                        {
                            "x": 1519804800000,
                            "y": 72101
                        },
                        {
                            "x": 1522479600000,
                            "y": 72132
                        },
                        {
                            "x": 1525071600000,
                            "y": 72308
                        },
                        {
                            "x": 1527750000000,
                            "y": 73086
                        },
                        {
                            "x": 1530342000000,
                            "y": 73151
                        },
                        {
                            "x": 1533020400000,
                            "y": 73289
                        },
                        {
                            "x": 1535698800000,
                            "y": 73485
                        },
                        {
                            "x": 1538290800000,
                            "y": 73128
                        },
                        {
                            "x": 1540969200000,
                            "y": 73634
                        },
                        {
                            "x": 1543564800000,
                            "y": 74393
                        },
                        {
                            "x": 1546243200000,
                            "y": 74835
                        },
                        {
                            "x": 1548921600000,
                            "y": 74935
                        },
                        {
                            "x": 1551340800000,
                            "y": 74227
                        },
                        {
                            "x": 1554015600000,
                            "y": 75123
                        },
                        {
                            "x": 1556607600000,
                            "y": 75027
                        },
                        {
                            "x": 1559286000000,
                            "y": 75077
                        },
                        {
                            "x": 1561878000000,
                            "y": 75654
                        },
                        {
                            "x": 1564556400000,
                            "y": 76017
                        },
                        {
                            "x": 1567234800000,
                            "y": 75234
                        },
                        {
                            "x": 1569826800000,
                            "y": 74629
                        },
                        {
                            "x": 1572505200000,
                            "y": 75414
                        },
                        {
                            "x": 1575100800000,
                            "y": 76261
                        },
                        {
                            "x": 1577779200000,
                            "y": 75873
                        },
                        {
                            "x": 1580457600000,
                            "y": 77099
                        },
                        {
                            "x": 1582963200000,
                            "y": 77915
                        },
                        {
                            "x": 1585638000000,
                            "y": 76935
                        },
                        {
                            "x": 1588230000000,
                            "y": 76944
                        },
                        {
                            "x": 1590908400000,
                            "y": 76979
                        },
                        {
                            "x": 1593500400000,
                            "y": 76602
                        },
                        {
                            "x": 1596178800000,
                            "y": 78047
                        },
                        {
                            "x": 1598857200000,
                            "y": 79162
                        },
                        {
                            "x": 1601449200000,
                            "y": 79797
                        },
                        {
                            "x": 1604127600000,
                            "y": 80105
                        },
                        {
                            "x": 1606723200000,
                            "y": 81287
                        },
                        {
                            "x": 1609401600000,
                            "y": 87927
                        },
                        {
                            "x": 1612080000000,
                            "y": 95222
                        },
                        {
                            "x": 1614499200000,
                            "y": 96491
                        },
                        {
                            "x": 1617174000000,
                            "y": 97856
                        },
                        {
                            "x": 1619766000000,
                            "y": 102000
                        },
                        {
                            "x": 1622444400000,
                            "y": 111113
                        },
                        {
                            "x": 1625036400000,
                            "y": 114500
                        },
                        {
                            "x": 1627714800000,
                            "y": 117800
                        },
                        {
                            "x": 1630393200000,
                            "y": 119100
                        },
                        {
                            "x": 1632985200000,
                            "y": 121600
                        },
                        {
                            "x": 1635663600000,
                            "y": 124300
                        },
                        {
                            "x": 1638259200000,
                            "y": 126500
                        },
                        {
                            "x": 1640937600000,
                            "y": 130100
                        },
                        {
                            "x": 1643616000000,
                            "y": 134700
                        },
                        {
                            "x": 1646035200000,
                            "y": 139000
                        },
                        {
                            "x": 1648710000000,
                            "y": 145500
                        },
                        {
                            "x": 1651302000000,
                            "y": 151500
                        },
                        {
                            "x": 1653980400000,
                            "y": 155900
                        },
                        {
                            "x": 1656572400000,
                            "y": 160400
                        },
                        {
                            "x": 1659250800000,
                            "y": 162500
                        },
                        {
                            "x": 1661929200000,
                            "y": 161100
                        },
                        {
                            "x": 1664521200000,
                            "y": 163900
                        },
                        {
                            "x": 1667199600000,
                            "y": 165500
                        },
                        {
                            "x": 1669795200000,
                            "y": 164800
                        },
                        {
                            "x": 1672473600000,
                            "y": 164700
                        },
                        {
                            "x": 1675152000000,
                            "y": 165600
                        },
                        {
                            "x": 1677571200000,
                            "y": 162400
                        },
                        {
                            "x": 1680246000000,
                            "y": 159100
                        },
                        {
                            "x": 1682838000000,
                            "y": 159500
                        },
                        {
                            "x": 1685516400000,
                            "y": 160600
                        },
                        {
                            "x": 1688108400000,
                            "y": 163800
                        },
                        {
                            "x": 1690786800000,
                            "y": 163100
                        },
                        {
                            "x": 1693465200000,
                            "y": 164600
                        },
                        {
                            "x": 1696057200000,
                            "y": 166100
                        },
                        {
                            "x": 1698735600000,
                            "y": 164700
                        },
                        {
                            "x": 1701331200000,
                            "y": 247600
                        },
                        {
                            "x": 1704009600000,
                            "y": 246700
                        },
                        {
                            "x": 1706688000000,
                            "y": 245200
                        },
                        {
                            "x": 1707292800000,
                            "y": 235700
                        }
                    ],
                    "name": "This home"
                },
                {
                    "points": [
                        {
                            "x": 1512115200000,
                            "y": 71000
                        }
                    ],
                    "name": "Sale"
                }
            ]
        }
    }
}