{
    "data": {
        "property": {
            "homeValueChartData": [
                {
                    "points": [
                        {
                            "x": 1393574400000,
                            "y": 890142
                        },
                        {
                            "x": 1396249200000,
                            "y": 884308
                        },
                        {
                            "x": 1398841200000,
                            "y": 849329
                        },
                        {
                            "x": 1401519600000,
                            "y": 849751
                        },
                        {
                            "x": 1404111600000,
                            "y": 837356
                        },
                        {
                            "x": 1406790000000,
                            "y": 858659
                        },
                        {
                            "x": 1409468400000,
                            "y": 841150
                        },
                        {
                            "x": 1412060400000,
                            "y": 845953
                        },
                        {
                            "x": 1414738800000,
                            "y": 809784
                        },
                        {
                            "x": 1417334400000,
                            "y": 913628
                        },
                        {
                            "x": 1420012800000,
                            "y": 915492
                        },
                        {
                            "x": 1422691200000,
                            "y": 908546
                        },
                        {
                            "x": 1425110400000,
                            "y": 916016
                        },
                        {
                            "x": 1427785200000,
                            "y": 951663
                        },
                        {
                            "x": 1430377200000,
                            "y": 984607
                        },
                        {
                            "x": 1433055600000,
                            "y": 950251
                        },
                        {
                            "x": 1435647600000,
                            "y": 967035
                        },
                        {
                            "x": 1438326000000,
                            "y": 937009
                        },
                        {
                            "x": 1441004400000,
                            "y": 923791
                        },
                        {
                            "x": 1443596400000,
                            "y": 915919
                        },
                        {
                            "x": 1446274800000,
                            "y": 919425
                        },
                        {
                            "x": 1448870400000,
                            "y": 927921
                        },
                        {
                            "x": 1451548800000,
                            "y": 1226475
                        },
                        {
                            "x": 1454227200000,
                            "y": 1226970
                        },
                        {
                            "x": 1456732800000,
                            "y": 1255922
                        },
                        {
                            "x": 1459407600000,
                            "y": 1251767
                        },
                        {
                            "x": 1461999600000,
                            "y": 1210834
                        },
                        {
                            "x": 1464678000000,
                            "y": 1184314
                        },
                        {
                            "x": 1467270000000,
                            "y": 1219595
                        },
                        {
                            "x": 1469948400000,
                            "y": 1221994
                        },
                        {
                            "x": 1472626800000,
                            "y": 1143507
                        },
                        {
                            "x": 1475218800000,
                            "y": 1093742
                        },
                        {
                            "x": 1477897200000,
                            "y": 1119050
                        },
                        {
                            "x": 1480492800000,
                            "y": 1150375
                        },
                        {
                            "x": 1483171200000,
                            "y": 1174410
                        },
                        {
                            "x": 1485849600000,
                            "y": 1124954
                        },
                        {
                            "x": 1488268800000,
                            "y": 1167793
                        },
                        {
                            "x": 1490943600000,
                            "y": 1156036
                        },
                        {
                            "x": 1493535600000,
                            "y": 1176470
                        },
                        {
                            "x": 1496214000000,
                            "y": 1165540
                        },
                        {
                            "x": 1498806000000,
                            "y": 1150000
                        },
                        {
                            "x": 1501484400000,
                            "y": 1150000
                        },
                        {
                            "x": 1504162800000,
                            "y": 1150000
                        },
                        {
                            "x": 1506754800000,
                            "y": 1153948
                        },
                        {
                            "x": 1509433200000,
                            "y": 1164032
                        },
                        {
                            "x": 1512028800000,
                            "y": 1038608
                        },
                        {
                            "x": 1514707200000,
                            "y": 1046924
                        },
                        {
                            "x": 1517385600000,
                            "y": 987829
                        },
                        {
                            "x": 1519804800000,
                            "y": 992316
                        },
                        {
                            "x": 1522479600000,
                            "y": 978770
                        },
                        {
                            "x": 1525071600000,
                            "y": 978770
                        },
                        {
                            "x": 1527750000000,
                            "y": 961166
                        },
                        {
                            "x": 1530342000000,
                            "y": 1006184
                        },
                        {
                            "x": 1533020400000,
                            "y": 1021575
                        },
                        {
                            "x": 1535698800000,
                            "y": 1013511
                        },
                        {
                            "x": 1538290800000,
                            "y": 1009881
                        },
                        {
                            "x": 1540969200000,
                            "y": 999257
                        },
                        {
                            "x": 1543564800000,
                            "y": 998887
                        },
                        {
                            "x": 1546243200000,
                            "y": 985500
                        },
                        {
                            "x": 1548921600000,
                            "y": 996360
                        },
                        {
                            "x": 1551340800000,
                            "y": 927033
                        },
                        {
                            "x": 1554015600000,
                            "y": 938993
                        },
                        {
                            "x": 1556607600000,
                            "y": 932400
                        },
                        {
                            "x": 1559286000000,
                            "y": 918980
                        },
                        {
                            "x": 1561878000000,
                            "y": 911221
                        },
                        {
                            "x": 1564556400000,
                            "y": 891264
                        },
                        {
                            "x": 1567234800000,
                            "y": 893749
                        },
                        {
                            "x": 1569826800000,
                            "y": 900000
                        },
                        {
                            "x": 1601449200000,
                            "y": 1047118
                        },
                        {
                            "x": 1604127600000,
                            "y": 1060610
                        },
                        {
                            "x": 1606723200000,
                            "y": 1384015
                        },
                        {
                            "x": 1609401600000,
                            "y": 1370114
                        },
                        {
                            "x": 1612080000000,
                            "y": 1137195
                        },
                        {
                            "x": 1614499200000,
                            "y": 1229905
                        },
                        {
                            "x": 1617174000000,
                            "y": 1242073
                        },
                        {
                            "x": 1619766000000,
                            "y": 1262673
                        },
                        {
                            "x": 1622444400000,
                            "y": 1281353
                        },
                        {
                            "x": 1625036400000,
                            "y": 1311700
                        },
                        {
                            "x": 1627714800000,
                            "y": 1338900
                        },
                        {
                            "x": 1630393200000,
                            "y": 1373700
                        },
                        {
                            "x": 1632985200000,
                            "y": 1414700
                        },
                        {
                            "x": 1635663600000,
                            "y": 1461000
                        },
                        {
                            "x": 1638259200000,
                            "y": 1490200
                        },
                        {
                            "x": 1640937600000,
                            "y": 1516900
                        },
                        {
                            "x": 1643616000000,
                            "y": 1563000
                        },
                        {
                            "x": 1646035200000,
                            "y": 1586000
                        },
                        {
                            "x": 1648710000000,
                            "y": 1689900
                        },
                        {
                            "x": 1651302000000,
                            "y": 1713000
                        },
                        {
                            "x": 1653980400000,
                            "y": 1792500
                        },
                        {
                            "x": 1656572400000,
                            "y": 1832300
                        },
                        {
                            "x": 1659250800000,
                            "y": 1866400
                        },
                        {
                            "x": 1661929200000,
                            "y": 2062500
                        },
                        {
                            "x": 1664521200000,
                            "y": 2367500
                        },
                        {
                            "x": 1667199600000,
                            "y": 2671900
                        },
                        {
                            "x": 1669795200000,
                            "y": 2584600
                        },
                        {
                            "x": 1672473600000,
                            "y": 2634600
                        },
                        {
                            "x": 1675152000000,
                            "y": 2615500
                        },
                        {
                            "x": 1677571200000,
                            "y": 2623200
                        },
                        {
                            "x": 1680246000000,
                            "y": 2588100
                        },
                        {
                            "x": 1682838000000,
                            "y": 2553600
                        },
                        {
                            "x": 1685516400000,
                            "y": 2516700
                        },
                        {
                            "x": 1688108400000,
                            "y": 2634100
                        },
                        {
                            "x": 1690786800000,
                            "y": 2586600
                        },
                        {
                            "x": 1693465200000,
                            "y": 2627600
                        },
                        {
                            "x": 1696057200000,
                            "y": 2652200
                        },
                        {
                            "x": 1698735600000,
                            "y": 4664800
                        },
                        {
                            "x": 1701331200000,
                            "y": 4639000
                        },
                        {
                            "x": 1704009600000,
                            "y": 4623700
                        },
                        {
                            "x": 1706688000000,
                            "y": 4601400
                        },
                        {
                            "x": 1707292800000,
                            "y": 4317000
                        }
                    ],
                    "name": "This home"
                },
                {
                    "points": [
                        {
                            "x": 1613030400000,
                            "y": 1225000
                        }
                    ],
                    "name": "Sale"
                }
            ]
        }
    }
}