{
    "data": {
        "property": {
            "homeValueChartData": [
                {
                    "points": [
                        {
                            "x": 1393574400000,
                            "y": 274106
                        },
                        {
                            "x": 1396249200000,
                            "y": 280659
                        },
                        {
                            "x": 1398841200000,
                            "y": 283366
                        },
                        {
                            "x": 1401519600000,
                            "y": 289113
                        },
                        {
                            "x": 1404111600000,
                            "y": 285068
                        },
                        {
                            "x": 1406790000000,
                            "y": 282297
                        },
                        {
                            "x": 1409468400000,
                            "y": 284592
                        },
                        {
                            "x": 1412060400000,
                            "y": 287780
                        },
                        {
                            "x": 1414738800000,
                            "y": 286931
                        },
                        {
                            "x": 1417334400000,
                            "y": 283983
                        },
                        {
                            "x": 1420012800000,
                            "y": 280602
                        },
                        {
                            "x": 1422691200000,
                            "y": 285363
                        },
                        {
                            "x": 1425110400000,
                            "y": 288882
                        },
                        {
                            "x": 1427785200000,
                            "y": 286430
                        },
                        {
                            "x": 1430377200000,
                            "y": 287501
                        },
                        {
                            "x": 1433055600000,
                            "y": 285999
                        },
                        {
                            "x": 1435647600000,
                            "y": 285841
                        },
                        {
                            "x": 1438326000000,
                            "y": 285178
                        },
                        {
                            "x": 1441004400000,
                            "y": 286389
                        },
                        {
                            "x": 1443596400000,
                            "y": 286069
                        },
                        {
                            "x": 1446274800000,
                            "y": 337709
                        },
                        {
                            "x": 1448870400000,
                            "y": 340789
                        },
                        {
                            "x": 1451548800000,
                            "y": 334657
                        },
                        {
                            "x": 1454227200000,
                            "y": 319269
                        },
                        {
                            "x": 1456732800000,
                            "y": 323400
                        },
                        {
                            "x": 1459407600000,
                            "y": 309765
                        },
                        {
                            "x": 1461999600000,
                            "y": 311071
                        },
                        {
                            "x": 1464678000000,
                            "y": 311170
                        },
                        {
                            "x": 1467270000000,
                            "y": 301736
                        },
                        {
                            "x": 1469948400000,
                            "y": 301796
                        },
                        {
                            "x": 1472626800000,
                            "y": 302231
                        },
                        {
                            "x": 1475218800000,
                            "y": 285495
                        },
                        {
                            "x": 1477897200000,
                            "y": 286467
                        },
                        {
                            "x": 1480492800000,
                            "y": 287040
                        },
                        {
                            "x": 1483171200000,
                            "y": 286323
                        },
                        {
                            "x": 1485849600000,
                            "y": 287510
                        },
                        {
                            "x": 1488268800000,
                            "y": 289671
                        },
                        {
                            "x": 1490943600000,
                            "y": 290341
                        },
                        {
                            "x": 1493535600000,
                            "y": 290173
                        },
                        {
                            "x": 1496214000000,
                            "y": 291871
                        },
                        {
                            "x": 1498806000000,
                            "y": 292944
                        },
                        {
                            "x": 1501484400000,
                            "y": 293371
                        },
                        {
                            "x": 1504162800000,
                            "y": 296814
                        },
                        {
                            "x": 1506754800000,
                            "y": 302069
                        },
                        {
                            "x": 1509433200000,
                            "y": 301954
                        },
                        {
                            "x": 1512028800000,
                            "y": 301534
                        },
                        {
                            "x": 1514707200000,
                            "y": 303166
                        },
                        {
                            "x": 1517385600000,
                            "y": 305473
                        },
                        {
                            "x": 1519804800000,
                            "y": 307603
                        },
                        {
                            "x": 1522479600000,
                            "y": 306983
                        },
                        {
                            "x": 1525071600000,
                            "y": 307667
                        },
                        {
                            "x": 1527750000000,
                            "y": 310939
                        },
                        {
                            "x": 1530342000000,
                            "y": 311634
                        },
                        {
                            "x": 1533020400000,
                            "y": 312489
                        },
                        {
                            "x": 1535698800000,
                            "y": 313672
                        },
                        {
                            "x": 1538290800000,
                            "y": 312595
                        },
                        {
                            "x": 1540969200000,
                            "y": 314781
                        },
                        {
                            "x": 1543564800000,
                            "y": 317625
                        },
                        {
                            "x": 1546243200000,
                            "y": 319659
                        },
                        {
                            "x": 1548921600000,
                            "y": 319372
                        },
                        {
                            "x": 1551340800000,
                            "y": 315660
                        },
                        {
                            "x": 1554015600000,
                            "y": 320327
                        },
                        {
                            "x": 1556607600000,
                            "y": 319955
                        },
                        {
                            "x": 1559286000000,
                            "y": 320400
                        },
                        {
                            "x": 1561878000000,
                            "y": 322884
                        },
                        {
                            "x": 1564556400000,
                            "y": 324668
                        },
                        {
                            "x": 1567234800000,
                            "y": 321275
                        },
                        {
                            "x": 1569826800000,
                            "y": 318620
                        },
                        {
                            "x": 1572505200000,
                            "y": 322287
                        },
                        {
                            "x": 1575100800000,
                            "y": 325670
                        },
                        {
                            "x": 1577779200000,
                            "y": 331042
                        },
                        {
                            "x": 1580457600000,
                            "y": 348849
                        },
                        {
                            "x": 1582963200000,
                            "y": 357389
                        },
                        {
                            "x": 1585638000000,
                            "y": 358198
                        },
                        {
                            "x": 1588230000000,
                            "y": 366293
                        },
                        {
                            "x": 1590908400000,
                            "y": 364105
                        },
                        {
                            "x": 1593500400000,
                            "y": 360330
                        },
                        {
                            "x": 1596178800000,
                            "y": 360853
                        },
                        {
                            "x": 1598857200000,
                            "y": 365984
                        },
                        {
                            "x": 1601449200000,
                            "y": 376247
                        },
                        {
                            "x": 1604127600000,
                            "y": 380298
                        },
                        {
                            "x": 1606723200000,
                            "y": 376507
                        },
                        {
                            "x": 1609401600000,
                            "y": 379640
                        },
                        {
                            "x": 1612080000000,
                            "y": 376784
                        },
                        {
                            "x": 1614499200000,
                            "y": 382044
                        },
                        {
                            "x": 1617174000000,
                            "y": 389576
                        },
                        {
                            "x": 1619766000000,
                            "y": 423992
                        },
                        {
                            "x": 1622444400000,
                            "y": 433253
                        },
                        {
                            "x": 1625036400000,
                            "y": 449700
                        },
                        {
                            "x": 1627714800000,
                            "y": 464700
                        },
                        {
                            "x": 1630393200000,
                            "y": 468900
                        },
                        {
                            "x": 1632985200000,
                            "y": 476400
                        },
                        {
                            "x": 1635663600000,
                            "y": 486300
                        },
                        {
                            "x": 1638259200000,
                            "y": 496000
                        },
                        {
                            "x": 1640937600000,
                            "y": 504400
                        },
                        {
                            "x": 1643616000000,
                            "y": 506600
                        },
                        {
                            "x": 1646035200000,
                            "y": 520400
                        },
                        {
                            "x": 1648710000000,
                            "y": 567300
                        },
                        {
                            "x": 1651302000000,
                            "y": 600000
                        },
                        {
                            "x": 1653980400000,
                            "y": 611400
                        },
                        {
                            "x": 1656572400000,
                            "y": 615800
                        },
                        {
                            "x": 1659250800000,
                            "y": 612500
                        },
                        {
                            "x": 1661929200000,
                            "y": 604400
                        },
                        {
                            "x": 1664521200000,
                            "y": 606800
                        },
                        {
                            "x": 1667199600000,
                            "y": 607100
                        },
                        {
                            "x": 1669795200000,
                            "y": 605700
                        },
                        {
                            "x": 1672473600000,
                            "y": 601800
                        },
                        {
                            "x": 1675152000000,
                            "y": 595900
                        },
                        {
                            "x": 1677571200000,
                            "y": 604300
                        },
                        {
                            "x": 1680246000000,
                            "y": 621400
                        },
                        {
                            "x": 1682838000000,
                            "y": 623900
                        },
                        {
                            "x": 1685516400000,
                            "y": 625000
                        },
                        {
                            "x": 1688108400000,
                            "y": 643700
                        },
                        {
                            "x": 1690786800000,
                            "y": 640500
                        },
                        {
                            "x": 1693465200000,
                            "y": 534400
                        },
                        {
                            "x": 1696057200000,
                            "y": 510900
                        },
                        {
                            "x": 1698735600000,
                            "y": 519400
                        },
                        {
                            "x": 1701331200000,
                            "y": 520200
                        },
                        {
                            "x": 1704009600000,
                            "y": 748300
                        },
                        {
                            "x": 1706688000000,
                            "y": 702100
                        },
                        {
                            "x": 1707292800000,
                            "y": 663900
                        }
                    ],
                    "name": "This home"
                },
                {
                    "points": [
                        {
                            "x": 1481097600000,
                            "y": 285000
                        },
                        {
                            "x": 1700035200000,
                            "y": 518000
                        }
                    ],
                    "name": "Sale"
                }
            ]
        }
    }
}