{
    "data": {
        "property": {
            "homeValueChartData": [
                {
                    "points": [
                        {
                            "x": 1393574400000,
                            "y": 77226
                        },
                        {
                            "x": 1396249200000,
                            "y": 81912
                        },
                        {
                            "x": 1398841200000,
                            "y": 78305
                        },
                        {
                            "x": 1401519600000,
                            "y": 79817
                        },
                        {
                            "x": 1404111600000,
                            "y": 78017
                        },
                        {
                            "x": 1406790000000,
                            "y": 84059
                        },
                        {
                            "x": 1409468400000,
                            "y": 86787
                        },
                        {
                            "x": 1412060400000,
                            "y": 85464
                        },
                        {
                            "x": 1414738800000,
                            "y": 82128
                        },
                        {
                            "x": 1417334400000,
                            "y": 79624
                        },
                        {
                            "x": 1420012800000,
                            "y": 81533
                        },
                        {
                            "x": 1422691200000,
                            "y": 81226
                        },
                        {
                            "x": 1425110400000,
                            "y": 84069
                        },
                        {
                            "x": 1427785200000,
                            "y": 90089
                        },
                        {
                            "x": 1430377200000,
                            "y": 86323
                        },
                        {
                            "x": 1433055600000,
                            "y": 84807
                        },
                        {
                            "x": 1435647600000,
                            "y": 86288
                        },
                        {
                            "x": 1438326000000,
                            "y": 94920
                        },
                        {
                            "x": 1441004400000,
                            "y": 101178
                        },
                        {
                            "x": 1443596400000,
                            "y": 101320
                        },
                        {
                            "x": 1446274800000,
                            "y": 100809
                        },
                        {
                            "x": 1448870400000,
                            "y": 109453
                        },
                        {
                            "x": 1451548800000,
                            "y": 112942
                        },
                        {
                            "x": 1454227200000,
                            "y": 115780
                        },
                        {
                            "x": 1456732800000,
                            "y": 115441
                        },
                        {
                            "x": 1459407600000,
                            "y": 115213
                        },
                        {
                            "x": 1461999600000,
                            "y": 113864
                        },
                        {
                            "x": 1464678000000,
                            "y": 114779
                        },
                        {
                            "x": 1467270000000,
                            "y": 116856
                        },
                        {
                            "x": 1469948400000,
                            "y": 117349
                        },
                        {
                            "x": 1472626800000,
                            "y": 121417
                        },
                        {
                            "x": 1475218800000,
                            "y": 118046
                        },
                        {
                            "x": 1477897200000,
                            "y": 125472
                        },
                        {
                            "x": 1480492800000,
                            "y": 130655
                        },
                        {
                            "x": 1483171200000,
                            "y": 136605
                        },
                        {
                            "x": 1485849600000,
                            "y": 135938
                        },
                        {
                            "x": 1488268800000,
                            "y": 138143
                        },
                        {
                            "x": 1490943600000,
                            "y": 137856
                        },
                        {
                            "x": 1493535600000,
                            "y": 140298
                        },
                        {
                            "x": 1496214000000,
                            "y": 140879
                        },
                        {
                            "x": 1498806000000,
                            "y": 141385
                        },
                        {
                            "x": 1501484400000,
                            "y": 141666
                        },
                        {
                            "x": 1504162800000,
                            "y": 142849
                        },
                        {
                            "x": 1506754800000,
                            "y": 145043
                        },
                        {
                            "x": 1509433200000,
                            "y": 145018
                        },
                        {
                            "x": 1512028800000,
                            "y": 144774
                        },
                        {
                            "x": 1514707200000,
                            "y": 145517
                        },
                        {
                            "x": 1517385600000,
                            "y": 146796
                        },
                        {
                            "x": 1519804800000,
                            "y": 147951
                        },
                        {
                            "x": 1522479600000,
                            "y": 147432
                        },
                        {
                            "x": 1525071600000,
                            "y": 147885
                        },
                        {
                            "x": 1527750000000,
                            "y": 149520
                        },
                        {
                            "x": 1530342000000,
                            "y": 149791
                        },
                        {
                            "x": 1533020400000,
                            "y": 150084
                        },
                        {
                            "x": 1535698800000,
                            "y": 150581
                        },
                        {
                            "x": 1538290800000,
                            "y": 150154
                        },
                        {
                            "x": 1540969200000,
                            "y": 151144
                        },
                        {
                            "x": 1543564800000,
                            "y": 152454
                        },
                        {
                            "x": 1546243200000,
                            "y": 153540
                        },
                        {
                            "x": 1548921600000,
                            "y": 153588
                        },
                        {
                            "x": 1551340800000,
                            "y": 151910
                        },
                        {
                            "x": 1554015600000,
                            "y": 153996
                        },
                        {
                            "x": 1556607600000,
                            "y": 153753
                        },
                        {
                            "x": 1559286000000,
                            "y": 154016
                        },
                        {
                            "x": 1561878000000,
                            "y": 154987
                        },
                        {
                            "x": 1564556400000,
                            "y": 155763
                        },
                        {
                            "x": 1567234800000,
                            "y": 154366
                        },
                        {
                            "x": 1569826800000,
                            "y": 153043
                        },
                        {
                            "x": 1572505200000,
                            "y": 154829
                        },
                        {
                            "x": 1575100800000,
                            "y": 156592
                        },
                        {
                            "x": 1577779200000,
                            "y": 155783
                        },
                        {
                            "x": 1580457600000,
                            "y": 158257
                        },
                        {
                            "x": 1582963200000,
                            "y": 160035
                        },
                        {
                            "x": 1585638000000,
                            "y": 158193
                        },
                        {
                            "x": 1588230000000,
                            "y": 153505
                        },
                        {
                            "x": 1590908400000,
                            "y": 146966
                        },
                        {
                            "x": 1593500400000,
                            "y": 140578
                        },
                        {
                            "x": 1596178800000,
                            "y": 145434
                        },
                        {
                            "x": 1598857200000,
                            "y": 149129
                        },
                        {
                            "x": 1601449200000,
                            "y": 150036
                        },
                        {
                            "x": 1604127600000,
                            "y": 149070
                        },
                        {
                            "x": 1606723200000,
                            "y": 153884
                        },
                        {
                            "x": 1609401600000,
                            "y": 155877
                        },
                        {
                            "x": 1612080000000,
                            "y": 155098
                        },
                        {
                            "x": 1614499200000,
                            "y": 153430
                        },
                        {
                            "x": 1617174000000,
                            "y": 156989
                        },
                        {
                            "x": 1619766000000,
                            "y": 169553
                        },
                        {
                            "x": 1622444400000,
                            "y": 172972
                        },
                        {
                            "x": 1625036400000,
                            "y": 185100
                        },
                        {
                            "x": 1627714800000,
                            "y": 193100
                        },
                        {
                            "x": 1630393200000,
                            "y": 193700
                        },
                        {
                            "x": 1632985200000,
                            "y": 197100
                        },
                        {
                            "x": 1635663600000,
                            "y": 200200
                        },
                        {
                            "x": 1638259200000,
                            "y": 204800
                        },
                        {
                            "x": 1640937600000,
                            "y": 208900
                        },
                        {
                            "x": 1643616000000,
                            "y": 213300
                        },
                        {
                            "x": 1646035200000,
                            "y": 220000
                        },
                        {
                            "x": 1648710000000,
                            "y": 240400
                        },
                        {
                            "x": 1651302000000,
                            "y": 251500
                        },
                        {
                            "x": 1653980400000,
                            "y": 260800
                        },
                        {
                            "x": 1656572400000,
                            "y": 266400
                        },
                        {
                            "x": 1659250800000,
                            "y": 272200
                        },
                        {
                            "x": 1661929200000,
                            "y": 268100
                        },
                        {
                            "x": 1664521200000,
                            "y": 268600
                        },
                        {
                            "x": 1667199600000,
                            "y": 267400
                        },
                        {
                            "x": 1669795200000,
                            "y": 265300
                        },
                        {
                            "x": 1672473600000,
                            "y": 262900
                        },
                        {
                            "x": 1675152000000,
                            "y": 264800
                        },
                        {
                            "x": 1677571200000,
                            "y": 251100
                        },
                        {
                            "x": 1680246000000,
                            "y": 246200
                        },
                        {
                            "x": 1682838000000,
                            "y": 243100
                        },
                        {
                            "x": 1685516400000,
                            "y": 244300
                        },
                        {
                            "x": 1688108400000,
                            "y": 258800
                        },
                        {
                            "x": 1690786800000,
                            "y": 246700
                        },
                        {
                            "x": 1693465200000,
                            "y": 247900
                        },
                        {
                            "x": 1696057200000,
                            "y": 251500
                        },
                        {
                            "x": 1698735600000,
                            "y": 250100
                        },
                        {
                            "x": 1701331200000,
                            "y": 247000
                        },
                        {
                            "x": 1704009600000,
                            "y": 248500
                        },
                        {
                            "x": 1706688000000,
                            "y": 241500
                        },
                        {
                            "x": 1707033600000,
                            "y": 262300
                        }
                    ],
                    "name": "This home"
                },
                {
                    "points": [
                        {
                            "x": 1491980400000,
                            "y": 140000
                        }
                    ],
                    "name": "Sale"
                }
            ]
        }
    }
}