{
    "data": {
        "property": {
            "homeValueChartData": [
                {
                    "points": [
                        {
                            "x": 1393574400000,
                            "y": 78946
                        },
                        {
                            "x": 1396249200000,
                            "y": 79460
                        },
                        {
                            "x": 1398841200000,
                            "y": 79273
                        },
                        {
                            "x": 1401519600000,
                            "y": 79254
                        },
                        {
                            "x": 1404111600000,
                            "y": 79250
                        },
                        {
                            "x": 1406790000000,
                            "y": 83526
                        },
                        {
                            "x": 1409468400000,
                            "y": 85369
                        },
                        {
                            "x": 1412060400000,
                            "y": 84547
                        },
                        {
                            "x": 1414738800000,
                            "y": 81416
                        },
                        {
                            "x": 1417334400000,
                            "y": 79197
                        },
                        {
                            "x": 1420012800000,
                            "y": 80411
                        },
                        {
                            "x": 1422691200000,
                            "y": 81150
                        },
                        {
                            "x": 1425110400000,
                            "y": 79519
                        },
                        {
                            "x": 1427785200000,
                            "y": 88566
                        },
                        {
                            "x": 1430377200000,
                            "y": 91237
                        },
                        {
                            "x": 1433055600000,
                            "y": 92106
                        },
                        {
                            "x": 1435647600000,
                            "y": 94900
                        },
                        {
                            "x": 1438326000000,
                            "y": 99321
                        },
                        {
                            "x": 1441004400000,
                            "y": 104115
                        },
                        {
                            "x": 1443596400000,
                            "y": 102147
                        },
                        {
                            "x": 1446274800000,
                            "y": 105742
                        },
                        {
                            "x": 1448870400000,
                            "y": 109846
                        },
                        {
                            "x": 1451548800000,
                            "y": 114879
                        },
                        {
                            "x": 1454227200000,
                            "y": 114488
                        },
                        {
                            "x": 1456732800000,
                            "y": 111335
                        },
                        {
                            "x": 1459407600000,
                            "y": 114338
                        },
                        {
                            "x": 1461999600000,
                            "y": 113218
                        },
                        {
                            "x": 1464678000000,
                            "y": 107802
                        },
                        {
                            "x": 1467270000000,
                            "y": 114422
                        },
                        {
                            "x": 1469948400000,
                            "y": 121793
                        },
                        {
                            "x": 1472626800000,
                            "y": 116492
                        },
                        {
                            "x": 1475218800000,
                            "y": 124993
                        },
                        {
                            "x": 1477897200000,
                            "y": 125204
                        },
                        {
                            "x": 1480492800000,
                            "y": 127467
                        },
                        {
                            "x": 1483171200000,
                            "y": 131285
                        },
                        {
                            "x": 1485849600000,
                            "y": 126828
                        },
                        {
                            "x": 1488268800000,
                            "y": 127811
                        },
                        {
                            "x": 1490943600000,
                            "y": 130551
                        },
                        {
                            "x": 1493535600000,
                            "y": 129408
                        },
                        {
                            "x": 1496214000000,
                            "y": 132659
                        },
                        {
                            "x": 1498806000000,
                            "y": 131652
                        },
                        {
                            "x": 1501484400000,
                            "y": 131194
                        },
                        {
                            "x": 1504162800000,
                            "y": 126413
                        },
                        {
                            "x": 1506754800000,
                            "y": 126089
                        },
                        {
                            "x": 1509433200000,
                            "y": 126442
                        },
                        {
                            "x": 1512028800000,
                            "y": 127308
                        },
                        {
                            "x": 1514707200000,
                            "y": 128014
                        },
                        {
                            "x": 1517385600000,
                            "y": 129000
                        },
                        {
                            "x": 1519804800000,
                            "y": 127893
                        },
                        {
                            "x": 1522479600000,
                            "y": 123646
                        },
                        {
                            "x": 1525071600000,
                            "y": 127353
                        },
                        {
                            "x": 1527750000000,
                            "y": 134070
                        },
                        {
                            "x": 1530342000000,
                            "y": 134056
                        },
                        {
                            "x": 1533020400000,
                            "y": 134496
                        },
                        {
                            "x": 1535698800000,
                            "y": 132595
                        },
                        {
                            "x": 1538290800000,
                            "y": 129381
                        },
                        {
                            "x": 1540969200000,
                            "y": 129112
                        },
                        {
                            "x": 1543564800000,
                            "y": 134170
                        },
                        {
                            "x": 1546243200000,
                            "y": 131291
                        },
                        {
                            "x": 1548921600000,
                            "y": 133719
                        },
                        {
                            "x": 1551340800000,
                            "y": 135085
                        },
                        {
                            "x": 1554015600000,
                            "y": 135214
                        },
                        {
                            "x": 1556607600000,
                            "y": 135932
                        },
                        {
                            "x": 1559286000000,
                            "y": 135850
                        },
                        {
                            "x": 1561878000000,
                            "y": 136895
                        },
                        {
                            "x": 1564556400000,
                            "y": 138246
                        },
                        {
                            "x": 1567234800000,
                            "y": 138151
                        },
                        {
                            "x": 1569826800000,
                            "y": 137075
                        },
                        {
                            "x": 1572505200000,
                            "y": 137666
                        },
                        {
                            "x": 1575100800000,
                            "y": 138953
                        },
                        {
                            "x": 1577779200000,
                            "y": 142154
                        },
                        {
                            "x": 1580457600000,
                            "y": 142099
                        },
                        {
                            "x": 1582963200000,
                            "y": 141115
                        },
                        {
                            "x": 1585638000000,
                            "y": 141195
                        },
                        {
                            "x": 1588230000000,
                            "y": 139809
                        },
                        {
                            "x": 1590908400000,
                            "y": 139891
                        },
                        {
                            "x": 1593500400000,
                            "y": 138948
                        },
                        {
                            "x": 1596178800000,
                            "y": 140927
                        },
                        {
                            "x": 1598857200000,
                            "y": 146260
                        },
                        {
                            "x": 1601449200000,
                            "y": 151456
                        },
                        {
                            "x": 1604127600000,
                            "y": 151800
                        },
                        {
                            "x": 1606723200000,
                            "y": 161226
                        },
                        {
                            "x": 1609401600000,
                            "y": 160715
                        },
                        {
                            "x": 1612080000000,
                            "y": 158763
                        },
                        {
                            "x": 1614499200000,
                            "y": 160967
                        },
                        {
                            "x": 1617174000000,
                            "y": 162265
                        },
                        {
                            "x": 1619766000000,
                            "y": 170356
                        },
                        {
                            "x": 1622444400000,
                            "y": 171059
                        },
                        {
                            "x": 1625036400000,
                            "y": 171900
                        },
                        {
                            "x": 1627714800000,
                            "y": 172700
                        },
                        {
                            "x": 1630393200000,
                            "y": 174500
                        },
                        {
                            "x": 1632985200000,
                            "y": 177300
                        },
                        {
                            "x": 1635663600000,
                            "y": 180300
                        },
                        {
                            "x": 1638259200000,
                            "y": 189800
                        },
                        {
                            "x": 1640937600000,
                            "y": 193300
                        },
                        {
                            "x": 1643616000000,
                            "y": 198200
                        },
                        {
                            "x": 1646035200000,
                            "y": 202200
                        },
                        {
                            "x": 1648710000000,
                            "y": 213400
                        },
                        {
                            "x": 1651302000000,
                            "y": 216900
                        },
                        {
                            "x": 1653980400000,
                            "y": 226600
                        },
                        {
                            "x": 1656572400000,
                            "y": 230700
                        },
                        {
                            "x": 1659250800000,
                            "y": 234400
                        },
                        {
                            "x": 1661929200000,
                            "y": 229700
                        },
                        {
                            "x": 1664521200000,
                            "y": 236500
                        },
                        {
                            "x": 1667199600000,
                            "y": 236200
                        },
                        {
                            "x": 1669795200000,
                            "y": 238400
                        },
                        {
                            "x": 1672473600000,
                            "y": 235100
                        },
                        {
                            "x": 1675152000000,
                            "y": 237100
                        },
                        {
                            "x": 1677571200000,
                            "y": 279700
                        },
                        {
                            "x": 1680246000000,
                            "y": 281000
                        },
                        {
                            "x": 1682838000000,
                            "y": 264000
                        },
                        {
                            "x": 1685516400000,
                            "y": 268200
                        },
                        {
                            "x": 1688108400000,
                            "y": 269600
                        },
                        {
                            "x": 1690786800000,
                            "y": 279400
                        },
                        {
                            "x": 1693465200000,
                            "y": 278800
                        },
                        {
                            "x": 1696057200000,
                            "y": 277200
                        },
                        {
                            "x": 1698735600000,
                            "y": 277800
                        },
                        {
                            "x": 1701331200000,
                            "y": 279200
                        },
                        {
                            "x": 1704009600000,
                            "y": 277700
                        },
                        {
                            "x": 1706688000000,
                            "y": 275600
                        },
                        {
                            "x": 1707206400000,
                            "y": 275200
                        }
                    ],
                    "name": "This home"
                },
                {
                    "points": [
                        {
                            "x": 1634713200000,
                            "y": 185000
                        }
                    ],
                    "name": "Sale"
                }
            ]
        }
    }
}