{
    "data": {
        "property": {
            "homeValueChartData": [
                {
                    "points": [
                        {
                            "x": 1393574400000,
                            "y": 214615
                        },
                        {
                            "x": 1396249200000,
                            "y": 283331
                        },
                        {
                            "x": 1398841200000,
                            "y": 286425
                        },
                        {
                            "x": 1401519600000,
                            "y": 289894
                        },
                        {
                            "x": 1404111600000,
                            "y": 295765
                        },
                        {
                            "x": 1406790000000,
                            "y": 290733
                        },
                        {
                            "x": 1409468400000,
                            "y": 293306
                        },
                        {
                            "x": 1412060400000,
                            "y": 292541
                        },
                        {
                            "x": 1414738800000,
                            "y": 292460
                        },
                        {
                            "x": 1417334400000,
                            "y": 290979
                        },
                        {
                            "x": 1420012800000,
                            "y": 288827
                        },
                        {
                            "x": 1422691200000,
                            "y": 280442
                        },
                        {
                            "x": 1425110400000,
                            "y": 279147
                        },
                        {
                            "x": 1427785200000,
                            "y": 288309
                        },
                        {
                            "x": 1430377200000,
                            "y": 294441
                        },
                        {
                            "x": 1433055600000,
                            "y": 294319
                        },
                        {
                            "x": 1435647600000,
                            "y": 289779
                        },
                        {
                            "x": 1438326000000,
                            "y": 289071
                        },
                        {
                            "x": 1441004400000,
                            "y": 323547
                        },
                        {
                            "x": 1443596400000,
                            "y": 301544
                        },
                        {
                            "x": 1446274800000,
                            "y": 300904
                        },
                        {
                            "x": 1448870400000,
                            "y": 300904
                        },
                        {
                            "x": 1451548800000,
                            "y": 300232
                        },
                        {
                            "x": 1454227200000,
                            "y": 273136
                        },
                        {
                            "x": 1456732800000,
                            "y": 274595
                        },
                        {
                            "x": 1459407600000,
                            "y": 277351
                        },
                        {
                            "x": 1461999600000,
                            "y": 280856
                        },
                        {
                            "x": 1464678000000,
                            "y": 277764
                        },
                        {
                            "x": 1467270000000,
                            "y": 278965
                        },
                        {
                            "x": 1469948400000,
                            "y": 277859
                        },
                        {
                            "x": 1472626800000,
                            "y": 285965
                        },
                        {
                            "x": 1475218800000,
                            "y": 287059
                        },
                        {
                            "x": 1477897200000,
                            "y": 288957
                        },
                        {
                            "x": 1480492800000,
                            "y": 306370
                        },
                        {
                            "x": 1483171200000,
                            "y": 310108
                        },
                        {
                            "x": 1485849600000,
                            "y": 318538
                        },
                        {
                            "x": 1488268800000,
                            "y": 322337
                        },
                        {
                            "x": 1490943600000,
                            "y": 318158
                        },
                        {
                            "x": 1493535600000,
                            "y": 315738
                        },
                        {
                            "x": 1496214000000,
                            "y": 317520
                        },
                        {
                            "x": 1498806000000,
                            "y": 323827
                        },
                        {
                            "x": 1501484400000,
                            "y": 327330
                        },
                        {
                            "x": 1504162800000,
                            "y": 336635
                        },
                        {
                            "x": 1506754800000,
                            "y": 338298
                        },
                        {
                            "x": 1509433200000,
                            "y": 337548
                        },
                        {
                            "x": 1512028800000,
                            "y": 337471
                        },
                        {
                            "x": 1514707200000,
                            "y": 341691
                        },
                        {
                            "x": 1517385600000,
                            "y": 355762
                        },
                        {
                            "x": 1519804800000,
                            "y": 354360
                        },
                        {
                            "x": 1522479600000,
                            "y": 352490
                        },
                        {
                            "x": 1525071600000,
                            "y": 352355
                        },
                        {
                            "x": 1527750000000,
                            "y": 359819
                        },
                        {
                            "x": 1530342000000,
                            "y": 359011
                        },
                        {
                            "x": 1533020400000,
                            "y": 357120
                        },
                        {
                            "x": 1535698800000,
                            "y": 354230
                        },
                        {
                            "x": 1538290800000,
                            "y": 354319
                        },
                        {
                            "x": 1540969200000,
                            "y": 354317
                        },
                        {
                            "x": 1543564800000,
                            "y": 358500
                        },
                        {
                            "x": 1546243200000,
                            "y": 362337
                        },
                        {
                            "x": 1548921600000,
                            "y": 362514
                        },
                        {
                            "x": 1551340800000,
                            "y": 358447
                        },
                        {
                            "x": 1554015600000,
                            "y": 366609
                        },
                        {
                            "x": 1556607600000,
                            "y": 362728
                        },
                        {
                            "x": 1559286000000,
                            "y": 360983
                        },
                        {
                            "x": 1561878000000,
                            "y": 362121
                        },
                        {
                            "x": 1564556400000,
                            "y": 361294
                        },
                        {
                            "x": 1567234800000,
                            "y": 362203
                        },
                        {
                            "x": 1569826800000,
                            "y": 362154
                        },
                        {
                            "x": 1572505200000,
                            "y": 364283
                        },
                        {
                            "x": 1575100800000,
                            "y": 361973
                        },
                        {
                            "x": 1577779200000,
                            "y": 362577
                        },
                        {
                            "x": 1580457600000,
                            "y": 363447
                        },
                        {
                            "x": 1582963200000,
                            "y": 363366
                        },
                        {
                            "x": 1585638000000,
                            "y": 363577
                        },
                        {
                            "x": 1588230000000,
                            "y": 353121
                        },
                        {
                            "x": 1590908400000,
                            "y": 354246
                        },
                        {
                            "x": 1593500400000,
                            "y": 357365
                        },
                        {
                            "x": 1596178800000,
                            "y": 360605
                        },
                        {
                            "x": 1598857200000,
                            "y": 363988
                        },
                        {
                            "x": 1601449200000,
                            "y": 389230
                        },
                        {
                            "x": 1604127600000,
                            "y": 340267
                        },
                        {
                            "x": 1606723200000,
                            "y": 330296
                        },
                        {
                            "x": 1609401600000,
                            "y": 331980
                        },
                        {
                            "x": 1612080000000,
                            "y": 341392
                        },
                        {
                            "x": 1614499200000,
                            "y": 343079
                        },
                        {
                            "x": 1617174000000,
                            "y": 344159
                        },
                        {
                            "x": 1619766000000,
                            "y": 349637
                        },
                        {
                            "x": 1622444400000,
                            "y": 354724
                        },
                        {
                            "x": 1625036400000,
                            "y": 363000
                        },
                        {
                            "x": 1627714800000,
                            "y": 370400
                        },
                        {
                            "x": 1630393200000,
                            "y": 380000
                        },
                        {
                            "x": 1632985200000,
                            "y": 391300
                        },
                        {
                            "x": 1635663600000,
                            "y": 404000
                        },
                        {
                            "x": 1638259200000,
                            "y": 412200
                        },
                        {
                            "x": 1640937600000,
                            "y": 419600
                        },
                        {
                            "x": 1643616000000,
                            "y": 432400
                        },
                        {
                            "x": 1646035200000,
                            "y": 438600
                        },
                        {
                            "x": 1648710000000,
                            "y": 467400
                        },
                        {
                            "x": 1651302000000,
                            "y": 473800
                        },
                        {
                            "x": 1653980400000,
                            "y": 495800
                        },
                        {
                            "x": 1656572400000,
                            "y": 506700
                        },
                        {
                            "x": 1659250800000,
                            "y": 516100
                        },
                        {
                            "x": 1688108400000,
                            "y": 575800
                        },
                        {
                            "x": 1690786800000,
                            "y": 578200
                        },
                        {
                            "x": 1693465200000,
                            "y": 587100
                        },
                        {
                            "x": 1696057200000,
                            "y": 589400
                        },
                        {
                            "x": 1698735600000,
                            "y": 587700
                        },
                        {
                            "x": 1701331200000,
                            "y": 583900
                        },
                        {
                            "x": 1704009600000,
                            "y": 583600
                        },
                        {
                            "x": 1706688000000,
                            "y": 578200
                        },
                        {
                            "x": 1707292800000,
                            "y": 559900
                        }
                    ],
                    "name": "This home"
                },
                {
                    "points": [
                        {
                            "x": 1416816000000,
                            "y": 252000
                        },
                        {
                            "x": 1613030400000,
                            "y": 340000
                        }
                    ],
                    "name": "Sale"
                }
            ]
        }
    }
}