{
    "data": {
        "property": {
            "homeValueChartData": [
                {
                    "points": [
                        {
                            "x": 1393574400000,
                            "y": 896851
                        },
                        {
                            "x": 1396249200000,
                            "y": 849591
                        },
                        {
                            "x": 1398841200000,
                            "y": 839958
                        },
                        {
                            "x": 1401519600000,
                            "y": 839571
                        },
                        {
                            "x": 1404111600000,
                            "y": 810460
                        },
                        {
                            "x": 1406790000000,
                            "y": 848247
                        },
                        {
                            "x": 1409468400000,
                            "y": 855432
                        },
                        {
                            "x": 1412060400000,
                            "y": 892770
                        },
                        {
                            "x": 1414738800000,
                            "y": 851252
                        },
                        {
                            "x": 1417334400000,
                            "y": 878335
                        },
                        {
                            "x": 1420012800000,
                            "y": 939882
                        },
                        {
                            "x": 1422691200000,
                            "y": 874582
                        },
                        {
                            "x": 1425110400000,
                            "y": 911585
                        },
                        {
                            "x": 1427785200000,
                            "y": 903418
                        },
                        {
                            "x": 1430377200000,
                            "y": 914008
                        },
                        {
                            "x": 1433055600000,
                            "y": 927377
                        },
                        {
                            "x": 1435647600000,
                            "y": 920339
                        },
                        {
                            "x": 1438326000000,
                            "y": 902493
                        },
                        {
                            "x": 1441004400000,
                            "y": 866505
                        },
                        {
                            "x": 1443596400000,
                            "y": 882848
                        },
                        {
                            "x": 1446274800000,
                            "y": 902195
                        },
                        {
                            "x": 1448870400000,
                            "y": 900489
                        },
                        {
                            "x": 1451548800000,
                            "y": 1188570
                        },
                        {
                            "x": 1454227200000,
                            "y": 1180467
                        },
                        {
                            "x": 1456732800000,
                            "y": 1158606
                        },
                        {
                            "x": 1459407600000,
                            "y": 1192569
                        },
                        {
                            "x": 1461999600000,
                            "y": 1218890
                        },
                        {
                            "x": 1464678000000,
                            "y": 1231564
                        },
                        {
                            "x": 1467270000000,
                            "y": 1209201
                        },
                        {
                            "x": 1469948400000,
                            "y": 1188318
                        },
                        {
                            "x": 1472626800000,
                            "y": 1195696
                        },
                        {
                            "x": 1475218800000,
                            "y": 1193115
                        },
                        {
                            "x": 1477897200000,
                            "y": 1163683
                        },
                        {
                            "x": 1480492800000,
                            "y": 1131750
                        },
                        {
                            "x": 1483171200000,
                            "y": 1168310
                        },
                        {
                            "x": 1485849600000,
                            "y": 1160394
                        },
                        {
                            "x": 1488268800000,
                            "y": 1144998
                        },
                        {
                            "x": 1490943600000,
                            "y": 1165970
                        },
                        {
                            "x": 1493535600000,
                            "y": 1226137
                        },
                        {
                            "x": 1496214000000,
                            "y": 1205144
                        },
                        {
                            "x": 1498806000000,
                            "y": 1162305
                        },
                        {
                            "x": 1501484400000,
                            "y": 1159151
                        },
                        {
                            "x": 1504162800000,
                            "y": 1097046
                        },
                        {
                            "x": 1506754800000,
                            "y": 1122479
                        },
                        {
                            "x": 1509433200000,
                            "y": 1079198
                        },
                        {
                            "x": 1512028800000,
                            "y": 1090870
                        },
                        {
                            "x": 1514707200000,
                            "y": 1095735
                        },
                        {
                            "x": 1517385600000,
                            "y": 1199130
                        },
                        {
                            "x": 1519804800000,
                            "y": 1198481
                        },
                        {
                            "x": 1522479600000,
                            "y": 1188818
                        },
                        {
                            "x": 1525071600000,
                            "y": 1145635
                        },
                        {
                            "x": 1527750000000,
                            "y": 1119332
                        },
                        {
                            "x": 1530342000000,
                            "y": 1222056
                        },
                        {
                            "x": 1533020400000,
                            "y": 1210859
                        },
                        {
                            "x": 1535698800000,
                            "y": 1203918
                        },
                        {
                            "x": 1538290800000,
                            "y": 1207221
                        },
                        {
                            "x": 1540969200000,
                            "y": 1181264
                        },
                        {
                            "x": 1543564800000,
                            "y": 1208788
                        },
                        {
                            "x": 1546243200000,
                            "y": 1160266
                        },
                        {
                            "x": 1548921600000,
                            "y": 1173591
                        },
                        {
                            "x": 1551340800000,
                            "y": 1180521
                        },
                        {
                            "x": 1554015600000,
                            "y": 1184164
                        },
                        {
                            "x": 1556607600000,
                            "y": 1138202
                        },
                        {
                            "x": 1559286000000,
                            "y": 1140846
                        },
                        {
                            "x": 1561878000000,
                            "y": 1132943
                        },
                        {
                            "x": 1564556400000,
                            "y": 1176639
                        },
                        {
                            "x": 1567234800000,
                            "y": 1222690
                        },
                        {
                            "x": 1569826800000,
                            "y": 1219533
                        },
                        {
                            "x": 1572505200000,
                            "y": 1208697
                        },
                        {
                            "x": 1575100800000,
                            "y": 1225791
                        },
                        {
                            "x": 1577779200000,
                            "y": 1237830
                        },
                        {
                            "x": 1580457600000,
                            "y": 1241722
                        },
                        {
                            "x": 1582963200000,
                            "y": 1298793
                        },
                        {
                            "x": 1585638000000,
                            "y": 1287445
                        },
                        {
                            "x": 1588230000000,
                            "y": 1259259
                        },
                        {
                            "x": 1590908400000,
                            "y": 1264564
                        },
                        {
                            "x": 1593500400000,
                            "y": 1257152
                        },
                        {
                            "x": 1596178800000,
                            "y": 1273027
                        },
                        {
                            "x": 1598857200000,
                            "y": 1311351
                        },
                        {
                            "x": 1601449200000,
                            "y": 1341482
                        },
                        {
                            "x": 1604127600000,
                            "y": 1404875
                        },
                        {
                            "x": 1606723200000,
                            "y": 1441782
                        },
                        {
                            "x": 1609401600000,
                            "y": 1446132
                        },
                        {
                            "x": 1612080000000,
                            "y": 1422451
                        },
                        {
                            "x": 1614499200000,
                            "y": 1421151
                        },
                        {
                            "x": 1617174000000,
                            "y": 1414459
                        },
                        {
                            "x": 1619766000000,
                            "y": 1625343
                        },
                        {
                            "x": 1622444400000,
                            "y": 1704182
                        },
                        {
                            "x": 1625036400000,
                            "y": 1706700
                        },
                        {
                            "x": 1627714800000,
                            "y": 1695000
                        },
                        {
                            "x": 1630393200000,
                            "y": 1664400
                        },
                        {
                            "x": 1632985200000,
                            "y": 1655200
                        },
                        {
                            "x": 1635663600000,
                            "y": 1696400
                        },
                        {
                            "x": 1638259200000,
                            "y": 1729900
                        },
                        {
                            "x": 1640937600000,
                            "y": 1774900
                        },
                        {
                            "x": 1643616000000,
                            "y": 1763500
                        },
                        {
                            "x": 1646035200000,
                            "y": 1840700
                        },
                        {
                            "x": 1648710000000,
                            "y": 1904700
                        },
                        {
                            "x": 1651302000000,
                            "y": 1981600
                        },
                        {
                            "x": 1653980400000,
                            "y": 2022800
                        },
                        {
                            "x": 1656572400000,
                            "y": 2050900
                        },
                        {
                            "x": 1659250800000,
                            "y": 2048300
                        },
                        {
                            "x": 1661929200000,
                            "y": 1879200
                        },
                        {
                            "x": 1664521200000,
                            "y": 1838800
                        },
                        {
                            "x": 1667199600000,
                            "y": 1807700
                        },
                        {
                            "x": 1669795200000,
                            "y": 1759900
                        },
                        {
                            "x": 1672473600000,
                            "y": 1729100
                        },
                        {
                            "x": 1675152000000,
                            "y": 1715900
                        },
                        {
                            "x": 1677571200000,
                            "y": 1869600
                        },
                        {
                            "x": 1680246000000,
                            "y": 2021900
                        },
                        {
                            "x": 1682838000000,
                            "y": 2113400
                        },
                        {
                            "x": 1685516400000,
                            "y": 2141100
                        },
                        {
                            "x": 1688108400000,
                            "y": 2070900
                        },
                        {
                            "x": 1690786800000,
                            "y": 2168900
                        },
                        {
                            "x": 1693465200000,
                            "y": 2161200
                        },
                        {
                            "x": 1696057200000,
                            "y": 2930500
                        },
                        {
                            "x": 1698735600000,
                            "y": 2882400
                        },
                        {
                            "x": 1701331200000,
                            "y": 2638100
                        },
                        {
                            "x": 1704009600000,
                            "y": 2256200
                        },
                        {
                            "x": 1706688000000,
                            "y": 2265900
                        },
                        {
                            "x": 1707292800000,
                            "y": 2280700
                        }
                    ],
                    "name": "This home"
                }
            ]
        }
    }
}