{
    "data": {
        "property": {
            "homeValueChartData": [
                {
                    "points": [
                        {
                            "x": 1393574400000,
                            "y": 286293
                        },
                        {
                            "x": 1396249200000,
                            "y": 289693
                        },
                        {
                            "x": 1398841200000,
                            "y": 288694
                        },
                        {
                            "x": 1401519600000,
                            "y": 290375
                        },
                        {
                            "x": 1404111600000,
                            "y": 291928
                        },
                        {
                            "x": 1406790000000,
                            "y": 294011
                        },
                        {
                            "x": 1409468400000,
                            "y": 299227
                        },
                        {
                            "x": 1412060400000,
                            "y": 301675
                        },
                        {
                            "x": 1414738800000,
                            "y": 307516
                        },
                        {
                            "x": 1417334400000,
                            "y": 312444
                        },
                        {
                            "x": 1420012800000,
                            "y": 313149
                        },
                        {
                            "x": 1422691200000,
                            "y": 321472
                        },
                        {
                            "x": 1425110400000,
                            "y": 313552
                        },
                        {
                            "x": 1427785200000,
                            "y": 319119
                        },
                        {
                            "x": 1430377200000,
                            "y": 323725
                        },
                        {
                            "x": 1433055600000,
                            "y": 326517
                        },
                        {
                            "x": 1435647600000,
                            "y": 315627
                        },
                        {
                            "x": 1438326000000,
                            "y": 330091
                        },
                        {
                            "x": 1441004400000,
                            "y": 336463
                        },
                        {
                            "x": 1443596400000,
                            "y": 340556
                        },
                        {
                            "x": 1446274800000,
                            "y": 340578
                        },
                        {
                            "x": 1448870400000,
                            "y": 338730
                        },
                        {
                            "x": 1451548800000,
                            "y": 341514
                        },
                        {
                            "x": 1454227200000,
                            "y": 340673
                        },
                        {
                            "x": 1456732800000,
                            "y": 342482
                        },
                        {
                            "x": 1459407600000,
                            "y": 342509
                        },
                        {
                            "x": 1461999600000,
                            "y": 350386
                        },
                        {
                            "x": 1464678000000,
                            "y": 350170
                        },
                        {
                            "x": 1467270000000,
                            "y": 349755
                        },
                        {
                            "x": 1469948400000,
                            "y": 353135
                        },
                        {
                            "x": 1472626800000,
                            "y": 344104
                        },
                        {
                            "x": 1475218800000,
                            "y": 344483
                        },
                        {
                            "x": 1477897200000,
                            "y": 345243
                        },
                        {
                            "x": 1480492800000,
                            "y": 345935
                        },
                        {
                            "x": 1483171200000,
                            "y": 346549
                        },
                        {
                            "x": 1485849600000,
                            "y": 350632
                        },
                        {
                            "x": 1488268800000,
                            "y": 354392
                        },
                        {
                            "x": 1490943600000,
                            "y": 352324
                        },
                        {
                            "x": 1493535600000,
                            "y": 352409
                        },
                        {
                            "x": 1496214000000,
                            "y": 351997
                        },
                        {
                            "x": 1498806000000,
                            "y": 353733
                        },
                        {
                            "x": 1501484400000,
                            "y": 354939
                        },
                        {
                            "x": 1504162800000,
                            "y": 360253
                        },
                        {
                            "x": 1506754800000,
                            "y": 365591
                        },
                        {
                            "x": 1509433200000,
                            "y": 361658
                        },
                        {
                            "x": 1512028800000,
                            "y": 359925
                        },
                        {
                            "x": 1514707200000,
                            "y": 362938
                        },
                        {
                            "x": 1517385600000,
                            "y": 357734
                        },
                        {
                            "x": 1519804800000,
                            "y": 358071
                        },
                        {
                            "x": 1522479600000,
                            "y": 357275
                        },
                        {
                            "x": 1525071600000,
                            "y": 361398
                        },
                        {
                            "x": 1527750000000,
                            "y": 370013
                        },
                        {
                            "x": 1530342000000,
                            "y": 364031
                        },
                        {
                            "x": 1533020400000,
                            "y": 366284
                        },
                        {
                            "x": 1535698800000,
                            "y": 360185
                        },
                        {
                            "x": 1538290800000,
                            "y": 359079
                        },
                        {
                            "x": 1540969200000,
                            "y": 359017
                        },
                        {
                            "x": 1543564800000,
                            "y": 361027
                        },
                        {
                            "x": 1546243200000,
                            "y": 365613
                        },
                        {
                            "x": 1548921600000,
                            "y": 362722
                        },
                        {
                            "x": 1551340800000,
                            "y": 361642
                        },
                        {
                            "x": 1554015600000,
                            "y": 365716
                        },
                        {
                            "x": 1556607600000,
                            "y": 364657
                        },
                        {
                            "x": 1559286000000,
                            "y": 375239
                        },
                        {
                            "x": 1561878000000,
                            "y": 376738
                        },
                        {
                            "x": 1564556400000,
                            "y": 373770
                        },
                        {
                            "x": 1567234800000,
                            "y": 370035
                        },
                        {
                            "x": 1569826800000,
                            "y": 369861
                        },
                        {
                            "x": 1572505200000,
                            "y": 370538
                        },
                        {
                            "x": 1575100800000,
                            "y": 372353
                        },
                        {
                            "x": 1577779200000,
                            "y": 371130
                        },
                        {
                            "x": 1580457600000,
                            "y": 375521
                        },
                        {
                            "x": 1582963200000,
                            "y": 378980
                        },
                        {
                            "x": 1585638000000,
                            "y": 374327
                        },
                        {
                            "x": 1588230000000,
                            "y": 374973
                        },
                        {
                            "x": 1590908400000,
                            "y": 374974
                        },
                        {
                            "x": 1593500400000,
                            "y": 373280
                        },
                        {
                            "x": 1596178800000,
                            "y": 380035
                        },
                        {
                            "x": 1598857200000,
                            "y": 385153
                        },
                        {
                            "x": 1601449200000,
                            "y": 388296
                        },
                        {
                            "x": 1604127600000,
                            "y": 389708
                        },
                        {
                            "x": 1606723200000,
                            "y": 395441
                        },
                        {
                            "x": 1609401600000,
                            "y": 398926
                        },
                        {
                            "x": 1612080000000,
                            "y": 402307
                        },
                        {
                            "x": 1614499200000,
                            "y": 403114
                        },
                        {
                            "x": 1617174000000,
                            "y": 412667
                        },
                        {
                            "x": 1619766000000,
                            "y": 423443
                        },
                        {
                            "x": 1622444400000,
                            "y": 431719
                        },
                        {
                            "x": 1625036400000,
                            "y": 472400
                        },
                        {
                            "x": 1627714800000,
                            "y": 502300
                        },
                        {
                            "x": 1630393200000,
                            "y": 512200
                        },
                        {
                            "x": 1632985200000,
                            "y": 520900
                        },
                        {
                            "x": 1635663600000,
                            "y": 533000
                        },
                        {
                            "x": 1638259200000,
                            "y": 543400
                        },
                        {
                            "x": 1640937600000,
                            "y": 559200
                        },
                        {
                            "x": 1643616000000,
                            "y": 560400
                        },
                        {
                            "x": 1646035200000,
                            "y": 577600
                        },
                        {
                            "x": 1648710000000,
                            "y": 609200
                        },
                        {
                            "x": 1651302000000,
                            "y": 625300
                        },
                        {
                            "x": 1653980400000,
                            "y": 638600
                        },
                        {
                            "x": 1656572400000,
                            "y": 646500
                        },
                        {
                            "x": 1659250800000,
                            "y": 644200
                        },
                        {
                            "x": 1661929200000,
                            "y": 630300
                        },
                        {
                            "x": 1664521200000,
                            "y": 627300
                        },
                        {
                            "x": 1667199600000,
                            "y": 624100
                        },
                        {
                            "x": 1669795200000,
                            "y": 617200
                        },
                        {
                            "x": 1672473600000,
                            "y": 605800
                        },
                        {
                            "x": 1675152000000,
                            "y": 599400
                        },
                        {
                            "x": 1677571200000,
                            "y": 606700
                        },
                        {
                            "x": 1680246000000,
                            "y": 615000
                        },
                        {
                            "x": 1682838000000,
                            "y": 614900
                        },
                        {
                            "x": 1685516400000,
                            "y": 617100
                        },
                        {
                            "x": 1688108400000,
                            "y": 626700
                        },
                        {
                            "x": 1690786800000,
                            "y": 626900
                        },
                        {
                            "x": 1693465200000,
                            "y": 625100
                        },
                        {
                            "x": 1696057200000,
                            "y": 636900
                        },
                        {
                            "x": 1698735600000,
                            "y": 634100
                        },
                        {
                            "x": 1701331200000,
                            "y": 640400
                        },
                        {
                            "x": 1704009600000,
                            "y": 638200
                        },
                        {
                            "x": 1706688000000,
                            "y": 607500
                        },
                        {
                            "x": 1707206400000,
                            "y": 603100
                        }
                    ],
                    "name": "This home"
                },
                {
                    "points": [
                        {
                            "x": 1567148400000,
                            "y": 370000
                        }
                    ],
                    "name": "Sale"
                }
            ]
        }
    }
}