{
    "data": {
        "property": {
            "homeValueChartData": [
                {
                    "points": [
                        {
                            "x": 1393574400000,
                            "y": 454803
                        },
                        {
                            "x": 1396249200000,
                            "y": 463252
                        },
                        {
                            "x": 1398841200000,
                            "y": 474542
                        },
                        {
                            "x": 1401519600000,
                            "y": 448835
                        },
                        {
                            "x": 1404111600000,
                            "y": 495967
                        },
                        {
                            "x": 1406790000000,
                            "y": 524775
                        },
                        {
                            "x": 1409468400000,
                            "y": 448343
                        },
                        {
                            "x": 1412060400000,
                            "y": 434149
                        },
                        {
                            "x": 1414738800000,
                            "y": 444100
                        },
                        {
                            "x": 1417334400000,
                            "y": 428682
                        },
                        {
                            "x": 1420012800000,
                            "y": 449000
                        },
                        {
                            "x": 1422691200000,
                            "y": 436102
                        },
                        {
                            "x": 1425110400000,
                            "y": 691548
                        },
                        {
                            "x": 1427785200000,
                            "y": 685425
                        },
                        {
                            "x": 1430377200000,
                            "y": 689735
                        },
                        {
                            "x": 1433055600000,
                            "y": 687337
                        },
                        {
                            "x": 1435647600000,
                            "y": 689510
                        },
                        {
                            "x": 1438326000000,
                            "y": 692604
                        },
                        {
                            "x": 1441004400000,
                            "y": 692604
                        },
                        {
                            "x": 1443596400000,
                            "y": 682865
                        },
                        {
                            "x": 1446274800000,
                            "y": 674474
                        },
                        {
                            "x": 1448870400000,
                            "y": 507583
                        },
                        {
                            "x": 1451548800000,
                            "y": 633619
                        },
                        {
                            "x": 1454227200000,
                            "y": 636001
                        },
                        {
                            "x": 1456732800000,
                            "y": 624249
                        },
                        {
                            "x": 1459407600000,
                            "y": 619681
                        },
                        {
                            "x": 1461999600000,
                            "y": 587698
                        },
                        {
                            "x": 1464678000000,
                            "y": 586370
                        },
                        {
                            "x": 1467270000000,
                            "y": 582458
                        },
                        {
                            "x": 1469948400000,
                            "y": 602997
                        },
                        {
                            "x": 1472626800000,
                            "y": 692034
                        },
                        {
                            "x": 1475218800000,
                            "y": 643128
                        },
                        {
                            "x": 1477897200000,
                            "y": 644008
                        },
                        {
                            "x": 1480492800000,
                            "y": 651428
                        },
                        {
                            "x": 1483171200000,
                            "y": 644348
                        },
                        {
                            "x": 1485849600000,
                            "y": 633572
                        },
                        {
                            "x": 1488268800000,
                            "y": 633572
                        },
                        {
                            "x": 1490943600000,
                            "y": 629280
                        },
                        {
                            "x": 1493535600000,
                            "y": 615600
                        },
                        {
                            "x": 1496214000000,
                            "y": 578487
                        },
                        {
                            "x": 1498806000000,
                            "y": 563101
                        },
                        {
                            "x": 1501484400000,
                            "y": 565710
                        },
                        {
                            "x": 1504162800000,
                            "y": 573800
                        },
                        {
                            "x": 1506754800000,
                            "y": 590568
                        },
                        {
                            "x": 1509433200000,
                            "y": 571384
                        },
                        {
                            "x": 1512028800000,
                            "y": 559798
                        },
                        {
                            "x": 1514707200000,
                            "y": 565175
                        },
                        {
                            "x": 1517385600000,
                            "y": 577834
                        },
                        {
                            "x": 1519804800000,
                            "y": 589355
                        },
                        {
                            "x": 1522479600000,
                            "y": 573160
                        },
                        {
                            "x": 1525071600000,
                            "y": 583013
                        },
                        {
                            "x": 1527750000000,
                            "y": 578672
                        },
                        {
                            "x": 1530342000000,
                            "y": 590169
                        },
                        {
                            "x": 1533020400000,
                            "y": 585805
                        },
                        {
                            "x": 1535698800000,
                            "y": 576293
                        },
                        {
                            "x": 1538290800000,
                            "y": 725179
                        },
                        {
                            "x": 1540969200000,
                            "y": 727227
                        },
                        {
                            "x": 1543564800000,
                            "y": 731002
                        },
                        {
                            "x": 1546243200000,
                            "y": 735350
                        },
                        {
                            "x": 1548921600000,
                            "y": 735213
                        },
                        {
                            "x": 1551340800000,
                            "y": 728945
                        },
                        {
                            "x": 1554015600000,
                            "y": 737962
                        },
                        {
                            "x": 1556607600000,
                            "y": 737148
                        },
                        {
                            "x": 1559286000000,
                            "y": 738328
                        },
                        {
                            "x": 1561878000000,
                            "y": 743200
                        },
                        {
                            "x": 1564556400000,
                            "y": 747252
                        },
                        {
                            "x": 1567234800000,
                            "y": 738800
                        },
                        {
                            "x": 1569826800000,
                            "y": 731841
                        },
                        {
                            "x": 1572505200000,
                            "y": 740097
                        },
                        {
                            "x": 1575100800000,
                            "y": 748671
                        },
                        {
                            "x": 1577779200000,
                            "y": 744421
                        },
                        {
                            "x": 1580457600000,
                            "y": 756364
                        },
                        {
                            "x": 1582963200000,
                            "y": 764170
                        },
                        {
                            "x": 1585638000000,
                            "y": 755464
                        },
                        {
                            "x": 1588230000000,
                            "y": 757411
                        },
                        {
                            "x": 1590908400000,
                            "y": 757633
                        },
                        {
                            "x": 1593500400000,
                            "y": 753382
                        },
                        {
                            "x": 1596178800000,
                            "y": 767255
                        },
                        {
                            "x": 1598857200000,
                            "y": 778879
                        },
                        {
                            "x": 1601449200000,
                            "y": 786111
                        },
                        {
                            "x": 1604127600000,
                            "y": 788978
                        },
                        {
                            "x": 1606723200000,
                            "y": 801720
                        },
                        {
                            "x": 1609401600000,
                            "y": 809061
                        },
                        {
                            "x": 1612080000000,
                            "y": 814966
                        },
                        {
                            "x": 1614499200000,
                            "y": 816797
                        },
                        {
                            "x": 1617174000000,
                            "y": 838043
                        },
                        {
                            "x": 1619766000000,
                            "y": 860328
                        },
                        {
                            "x": 1622444400000,
                            "y": 878105
                        },
                        {
                            "x": 1625036400000,
                            "y": 993700
                        },
                        {
                            "x": 1627714800000,
                            "y": 1068600
                        },
                        {
                            "x": 1630393200000,
                            "y": 1074200
                        },
                        {
                            "x": 1632985200000,
                            "y": 1080100
                        },
                        {
                            "x": 1635663600000,
                            "y": 1108100
                        },
                        {
                            "x": 1638259200000,
                            "y": 1151000
                        },
                        {
                            "x": 1640937600000,
                            "y": 1220800
                        },
                        {
                            "x": 1643616000000,
                            "y": 1229300
                        },
                        {
                            "x": 1646035200000,
                            "y": 1277900
                        },
                        {
                            "x": 1648710000000,
                            "y": 1338200
                        },
                        {
                            "x": 1651302000000,
                            "y": 1366300
                        },
                        {
                            "x": 1653980400000,
                            "y": 1387600
                        },
                        {
                            "x": 1656572400000,
                            "y": 1391900
                        },
                        {
                            "x": 1659250800000,
                            "y": 1398800
                        },
                        {
                            "x": 1661929200000,
                            "y": 1325100
                        },
                        {
                            "x": 1664521200000,
                            "y": 1305500
                        },
                        {
                            "x": 1667199600000,
                            "y": 1289800
                        },
                        {
                            "x": 1669795200000,
                            "y": 1278400
                        },
                        {
                            "x": 1672473600000,
                            "y": 1270600
                        },
                        {
                            "x": 1675152000000,
                            "y": 1259100
                        },
                        {
                            "x": 1677571200000,
                            "y": 1244000
                        },
                        {
                            "x": 1680246000000,
                            "y": 1260600
                        },
                        {
                            "x": 1682838000000,
                            "y": 1266700
                        },
                        {
                            "x": 1685516400000,
                            "y": 1272700
                        },
                        {
                            "x": 1688108400000,
                            "y": 1297500
                        },
                        {
                            "x": 1690786800000,
                            "y": 1300300
                        },
                        {
                            "x": 1693465200000,
                            "y": 1334500
                        },
                        {
                            "x": 1696057200000,
                            "y": 1343700
                        },
                        {
                            "x": 1698735600000,
                            "y": 1360500
                        },
                        {
                            "x": 1701331200000,
                            "y": 1369100
                        },
                        {
                            "x": 1704009600000,
                            "y": 1347100
                        },
                        {
                            "x": 1706688000000,
                            "y": 2481300
                        },
                        {
                            "x": 1707120000000,
                            "y": 2391600
                        }
                    ],
                    "name": "This home"
                },
                {
                    "points": [
                        {
                            "x": 1538031600000,
                            "y": 725000
                        }
                    ],
                    "name": "Sale"
                }
            ]
        }
    }
}