{
    "data": {
        "property": {
            "homeValueChartData": [
                {
                    "points": [
                        {
                            "x": 1393574400000,
                            "y": 520994
                        },
                        {
                            "x": 1396249200000,
                            "y": 520693
                        },
                        {
                            "x": 1398841200000,
                            "y": 515562
                        },
                        {
                            "x": 1401519600000,
                            "y": 521111
                        },
                        {
                            "x": 1404111600000,
                            "y": 528505
                        },
                        {
                            "x": 1406790000000,
                            "y": 520151
                        },
                        {
                            "x": 1409468400000,
                            "y": 522437
                        },
                        {
                            "x": 1412060400000,
                            "y": 521493
                        },
                        {
                            "x": 1414738800000,
                            "y": 517348
                        },
                        {
                            "x": 1417334400000,
                            "y": 521412
                        },
                        {
                            "x": 1420012800000,
                            "y": 514545
                        },
                        {
                            "x": 1422691200000,
                            "y": 517219
                        },
                        {
                            "x": 1425110400000,
                            "y": 522366
                        },
                        {
                            "x": 1427785200000,
                            "y": 520875
                        },
                        {
                            "x": 1430377200000,
                            "y": 468390
                        },
                        {
                            "x": 1433055600000,
                            "y": 466526
                        },
                        {
                            "x": 1435647600000,
                            "y": 466520
                        },
                        {
                            "x": 1438326000000,
                            "y": 446765
                        },
                        {
                            "x": 1441004400000,
                            "y": 447586
                        },
                        {
                            "x": 1443596400000,
                            "y": 462731
                        },
                        {
                            "x": 1446274800000,
                            "y": 464517
                        },
                        {
                            "x": 1448870400000,
                            "y": 465747
                        },
                        {
                            "x": 1451548800000,
                            "y": 470711
                        },
                        {
                            "x": 1454227200000,
                            "y": 475391
                        },
                        {
                            "x": 1456732800000,
                            "y": 478051
                        },
                        {
                            "x": 1459407600000,
                            "y": 478010
                        },
                        {
                            "x": 1461999600000,
                            "y": 486744
                        },
                        {
                            "x": 1464678000000,
                            "y": 655613
                        },
                        {
                            "x": 1467270000000,
                            "y": 641157
                        },
                        {
                            "x": 1469948400000,
                            "y": 644318
                        },
                        {
                            "x": 1472626800000,
                            "y": 645437
                        },
                        {
                            "x": 1475218800000,
                            "y": 641160
                        },
                        {
                            "x": 1477897200000,
                            "y": 633904
                        },
                        {
                            "x": 1480492800000,
                            "y": 632510
                        },
                        {
                            "x": 1483171200000,
                            "y": 637086
                        },
                        {
                            "x": 1485849600000,
                            "y": 639877
                        },
                        {
                            "x": 1488268800000,
                            "y": 644550
                        },
                        {
                            "x": 1490943600000,
                            "y": 646171
                        },
                        {
                            "x": 1493535600000,
                            "y": 645927
                        },
                        {
                            "x": 1496214000000,
                            "y": 649661
                        },
                        {
                            "x": 1498806000000,
                            "y": 652019
                        },
                        {
                            "x": 1501484400000,
                            "y": 652948
                        },
                        {
                            "x": 1504162800000,
                            "y": 660546
                        },
                        {
                            "x": 1506754800000,
                            "y": 672257
                        },
                        {
                            "x": 1509433200000,
                            "y": 671966
                        },
                        {
                            "x": 1512028800000,
                            "y": 670998
                        },
                        {
                            "x": 1514707200000,
                            "y": 674638
                        },
                        {
                            "x": 1517385600000,
                            "y": 679832
                        },
                        {
                            "x": 1519804800000,
                            "y": 684583
                        },
                        {
                            "x": 1522479600000,
                            "y": 683123
                        },
                        {
                            "x": 1525071600000,
                            "y": 684709
                        },
                        {
                            "x": 1527750000000,
                            "y": 691978
                        },
                        {
                            "x": 1530342000000,
                            "y": 638956
                        },
                        {
                            "x": 1533020400000,
                            "y": 638956
                        },
                        {
                            "x": 1535698800000,
                            "y": 634715
                        },
                        {
                            "x": 1538290800000,
                            "y": 633239
                        },
                        {
                            "x": 1540969200000,
                            "y": 700520
                        },
                        {
                            "x": 1543564800000,
                            "y": 706829
                        },
                        {
                            "x": 1546243200000,
                            "y": 711394
                        },
                        {
                            "x": 1548921600000,
                            "y": 710797
                        },
                        {
                            "x": 1551340800000,
                            "y": 702506
                        },
                        {
                            "x": 1554015600000,
                            "y": 712893
                        },
                        {
                            "x": 1556607600000,
                            "y": 712040
                        },
                        {
                            "x": 1559286000000,
                            "y": 713052
                        },
                        {
                            "x": 1561878000000,
                            "y": 718511
                        },
                        {
                            "x": 1564556400000,
                            "y": 722471
                        },
                        {
                            "x": 1567234800000,
                            "y": 714992
                        },
                        {
                            "x": 1569826800000,
                            "y": 709073
                        },
                        {
                            "x": 1572505200000,
                            "y": 717264
                        },
                        {
                            "x": 1575100800000,
                            "y": 724820
                        },
                        {
                            "x": 1577779200000,
                            "y": 716277
                        },
                        {
                            "x": 1580457600000,
                            "y": 714470
                        },
                        {
                            "x": 1582963200000,
                            "y": 697788
                        },
                        {
                            "x": 1585638000000,
                            "y": 700928
                        },
                        {
                            "x": 1588230000000,
                            "y": 707268
                        },
                        {
                            "x": 1590908400000,
                            "y": 722702
                        },
                        {
                            "x": 1593500400000,
                            "y": 718495
                        },
                        {
                            "x": 1596178800000,
                            "y": 714329
                        },
                        {
                            "x": 1598857200000,
                            "y": 716493
                        },
                        {
                            "x": 1601449200000,
                            "y": 709741
                        },
                        {
                            "x": 1604127600000,
                            "y": 717774
                        },
                        {
                            "x": 1606723200000,
                            "y": 753642
                        },
                        {
                            "x": 1609401600000,
                            "y": 763853
                        },
                        {
                            "x": 1612080000000,
                            "y": 763533
                        },
                        {
                            "x": 1614499200000,
                            "y": 763710
                        },
                        {
                            "x": 1617174000000,
                            "y": 782354
                        },
                        {
                            "x": 1619766000000,
                            "y": 850609
                        },
                        {
                            "x": 1622444400000,
                            "y": 878589
                        },
                        {
                            "x": 1625036400000,
                            "y": 905400
                        },
                        {
                            "x": 1627714800000,
                            "y": 929300
                        },
                        {
                            "x": 1630393200000,
                            "y": 931100
                        },
                        {
                            "x": 1632985200000,
                            "y": 944700
                        },
                        {
                            "x": 1635663600000,
                            "y": 967500
                        },
                        {
                            "x": 1638259200000,
                            "y": 994000
                        },
                        {
                            "x": 1640937600000,
                            "y": 1023700
                        },
                        {
                            "x": 1643616000000,
                            "y": 1034900
                        },
                        {
                            "x": 1646035200000,
                            "y": 1073800
                        },
                        {
                            "x": 1648710000000,
                            "y": 1156500
                        },
                        {
                            "x": 1651302000000,
                            "y": 1209200
                        },
                        {
                            "x": 1653980400000,
                            "y": 1244300
                        },
                        {
                            "x": 1656572400000,
                            "y": 1246500
                        },
                        {
                            "x": 1659250800000,
                            "y": 1236900
                        },
                        {
                            "x": 1661929200000,
                            "y": 1188400
                        },
                        {
                            "x": 1664521200000,
                            "y": 1174700
                        },
                        {
                            "x": 1667199600000,
                            "y": 1178700
                        },
                        {
                            "x": 1669795200000,
                            "y": 1174100
                        },
                        {
                            "x": 1672473600000,
                            "y": 1167600
                        },
                        {
                            "x": 1675152000000,
                            "y": 1147900
                        },
                        {
                            "x": 1677571200000,
                            "y": 1163900
                        },
                        {
                            "x": 1680246000000,
                            "y": 1165200
                        },
                        {
                            "x": 1682838000000,
                            "y": 1178000
                        },
                        {
                            "x": 1685516400000,
                            "y": 1194700
                        },
                        {
                            "x": 1688108400000,
                            "y": 1220000
                        },
                        {
                            "x": 1690786800000,
                            "y": 1227400
                        },
                        {
                            "x": 1693465200000,
                            "y": 1230600
                        },
                        {
                            "x": 1696057200000,
                            "y": 1231300
                        },
                        {
                            "x": 1698735600000,
                            "y": 1272400
                        },
                        {
                            "x": 1701331200000,
                            "y": 1270000
                        },
                        {
                            "x": 1704009600000,
                            "y": 1264800
                        },
                        {
                            "x": 1706688000000,
                            "y": 1131300
                        },
                        {
                            "x": 1707292800000,
                            "y": 1163500
                        }
                    ],
                    "name": "This home"
                },
                {
                    "points": [
                        {
                            "x": 1441177200000,
                            "y": 460000
                        },
                        {
                            "x": 1481702400000,
                            "y": 635000
                        }
                    ],
                    "name": "Sale"
                }
            ]
        }
    }
}