{
    "data": {
        "property": {
            "homeValueChartData": [
                {
                    "points": [
                        {
                            "x": 1393574400000,
                            "y": 242399
                        },
                        {
                            "x": 1396249200000,
                            "y": 251357
                        },
                        {
                            "x": 1398841200000,
                            "y": 258749
                        },
                        {
                            "x": 1401519600000,
                            "y": 257923
                        },
                        {
                            "x": 1404111600000,
                            "y": 257789
                        },
                        {
                            "x": 1406790000000,
                            "y": 255878
                        },
                        {
                            "x": 1409468400000,
                            "y": 252018
                        },
                        {
                            "x": 1412060400000,
                            "y": 253399
                        },
                        {
                            "x": 1414738800000,
                            "y": 258449
                        },
                        {
                            "x": 1417334400000,
                            "y": 260151
                        },
                        {
                            "x": 1420012800000,
                            "y": 257335
                        },
                        {
                            "x": 1422691200000,
                            "y": 259431
                        },
                        {
                            "x": 1425110400000,
                            "y": 254137
                        },
                        {
                            "x": 1427785200000,
                            "y": 259982
                        },
                        {
                            "x": 1430377200000,
                            "y": 261200
                        },
                        {
                            "x": 1433055600000,
                            "y": 256531
                        },
                        {
                            "x": 1435647600000,
                            "y": 253031
                        },
                        {
                            "x": 1438326000000,
                            "y": 253403
                        },
                        {
                            "x": 1441004400000,
                            "y": 252274
                        },
                        {
                            "x": 1443596400000,
                            "y": 261695
                        },
                        {
                            "x": 1446274800000,
                            "y": 264238
                        },
                        {
                            "x": 1448870400000,
                            "y": 259658
                        },
                        {
                            "x": 1451548800000,
                            "y": 260722
                        },
                        {
                            "x": 1454227200000,
                            "y": 249716
                        },
                        {
                            "x": 1456732800000,
                            "y": 250579
                        },
                        {
                            "x": 1459407600000,
                            "y": 251662
                        },
                        {
                            "x": 1461999600000,
                            "y": 266396
                        },
                        {
                            "x": 1464678000000,
                            "y": 269608
                        },
                        {
                            "x": 1467270000000,
                            "y": 273033
                        },
                        {
                            "x": 1469948400000,
                            "y": 276600
                        },
                        {
                            "x": 1472626800000,
                            "y": 275882
                        },
                        {
                            "x": 1475218800000,
                            "y": 276605
                        },
                        {
                            "x": 1477897200000,
                            "y": 280109
                        },
                        {
                            "x": 1480492800000,
                            "y": 271845
                        },
                        {
                            "x": 1483171200000,
                            "y": 276958
                        },
                        {
                            "x": 1485849600000,
                            "y": 280496
                        },
                        {
                            "x": 1488268800000,
                            "y": 282433
                        },
                        {
                            "x": 1490943600000,
                            "y": 287406
                        },
                        {
                            "x": 1493535600000,
                            "y": 291437
                        },
                        {
                            "x": 1496214000000,
                            "y": 300218
                        },
                        {
                            "x": 1498806000000,
                            "y": 307113
                        },
                        {
                            "x": 1501484400000,
                            "y": 303459
                        },
                        {
                            "x": 1504162800000,
                            "y": 301560
                        },
                        {
                            "x": 1506754800000,
                            "y": 306977
                        },
                        {
                            "x": 1509433200000,
                            "y": 311173
                        },
                        {
                            "x": 1512028800000,
                            "y": 315537
                        },
                        {
                            "x": 1514707200000,
                            "y": 318413
                        },
                        {
                            "x": 1517385600000,
                            "y": 317142
                        },
                        {
                            "x": 1519804800000,
                            "y": 317901
                        },
                        {
                            "x": 1522479600000,
                            "y": 316711
                        },
                        {
                            "x": 1525071600000,
                            "y": 316041
                        },
                        {
                            "x": 1527750000000,
                            "y": 316896
                        },
                        {
                            "x": 1530342000000,
                            "y": 317930
                        },
                        {
                            "x": 1533020400000,
                            "y": 323875
                        },
                        {
                            "x": 1535698800000,
                            "y": 328544
                        },
                        {
                            "x": 1538290800000,
                            "y": 322212
                        },
                        {
                            "x": 1540969200000,
                            "y": 326783
                        },
                        {
                            "x": 1543564800000,
                            "y": 326914
                        },
                        {
                            "x": 1546243200000,
                            "y": 324549
                        },
                        {
                            "x": 1548921600000,
                            "y": 321291
                        },
                        {
                            "x": 1551340800000,
                            "y": 317352
                        },
                        {
                            "x": 1554015600000,
                            "y": 321376
                        },
                        {
                            "x": 1556607600000,
                            "y": 323994
                        },
                        {
                            "x": 1559286000000,
                            "y": 325404
                        },
                        {
                            "x": 1561878000000,
                            "y": 324183
                        },
                        {
                            "x": 1564556400000,
                            "y": 319472
                        },
                        {
                            "x": 1567234800000,
                            "y": 325046
                        },
                        {
                            "x": 1569826800000,
                            "y": 324763
                        },
                        {
                            "x": 1572505200000,
                            "y": 325388
                        },
                        {
                            "x": 1575100800000,
                            "y": 328838
                        },
                        {
                            "x": 1577779200000,
                            "y": 326583
                        },
                        {
                            "x": 1580457600000,
                            "y": 328461
                        },
                        {
                            "x": 1582963200000,
                            "y": 338930
                        },
                        {
                            "x": 1585638000000,
                            "y": 337015
                        },
                        {
                            "x": 1588230000000,
                            "y": 332103
                        },
                        {
                            "x": 1590908400000,
                            "y": 333865
                        },
                        {
                            "x": 1593500400000,
                            "y": 337751
                        },
                        {
                            "x": 1596178800000,
                            "y": 336720
                        },
                        {
                            "x": 1598857200000,
                            "y": 339827
                        },
                        {
                            "x": 1601449200000,
                            "y": 344387
                        },
                        {
                            "x": 1604127600000,
                            "y": 346800
                        },
                        {
                            "x": 1606723200000,
                            "y": 344109
                        },
                        {
                            "x": 1609401600000,
                            "y": 345877
                        },
                        {
                            "x": 1612080000000,
                            "y": 349851
                        },
                        {
                            "x": 1614499200000,
                            "y": 353414
                        },
                        {
                            "x": 1617174000000,
                            "y": 356564
                        },
                        {
                            "x": 1619766000000,
                            "y": 374791
                        },
                        {
                            "x": 1622444400000,
                            "y": 392899
                        },
                        {
                            "x": 1625036400000,
                            "y": 396100
                        },
                        {
                            "x": 1627714800000,
                            "y": 399800
                        },
                        {
                            "x": 1630393200000,
                            "y": 405600
                        },
                        {
                            "x": 1632985200000,
                            "y": 411100
                        },
                        {
                            "x": 1635663600000,
                            "y": 420400
                        },
                        {
                            "x": 1638259200000,
                            "y": 426000
                        },
                        {
                            "x": 1640937600000,
                            "y": 434900
                        },
                        {
                            "x": 1643616000000,
                            "y": 435800
                        },
                        {
                            "x": 1646035200000,
                            "y": 444700
                        },
                        {
                            "x": 1648710000000,
                            "y": 461300
                        },
                        {
                            "x": 1651302000000,
                            "y": 475200
                        },
                        {
                            "x": 1653980400000,
                            "y": 488100
                        },
                        {
                            "x": 1656572400000,
                            "y": 494700
                        },
                        {
                            "x": 1659250800000,
                            "y": 495900
                        },
                        {
                            "x": 1661929200000,
                            "y": 488200
                        },
                        {
                            "x": 1664521200000,
                            "y": 485300
                        },
                        {
                            "x": 1667199600000,
                            "y": 483400
                        },
                        {
                            "x": 1669795200000,
                            "y": 477200
                        },
                        {
                            "x": 1672473600000,
                            "y": 467900
                        },
                        {
                            "x": 1675152000000,
                            "y": 461600
                        },
                        {
                            "x": 1677571200000,
                            "y": 462000
                        },
                        {
                            "x": 1680246000000,
                            "y": 474300
                        },
                        {
                            "x": 1682838000000,
                            "y": 476400
                        },
                        {
                            "x": 1685516400000,
                            "y": 480700
                        },
                        {
                            "x": 1688108400000,
                            "y": 480000
                        },
                        {
                            "x": 1690786800000,
                            "y": 488500
                        },
                        {
                            "x": 1693465200000,
                            "y": 493100
                        },
                        {
                            "x": 1696057200000,
                            "y": 497900
                        },
                        {
                            "x": 1698735600000,
                            "y": 501200
                        },
                        {
                            "x": 1701331200000,
                            "y": 500900
                        },
                        {
                            "x": 1704009600000,
                            "y": 574200
                        },
                        {
                            "x": 1706688000000,
                            "y": 573300
                        },
                        {
                            "x": 1707292800000,
                            "y": 554300
                        }
                    ],
                    "name": "This home"
                }
            ]
        }
    }
}