{
    "data": {
        "property": {
            "homeValueChartData": [
                {
                    "points": [
                        {
                            "x": 1393574400000,
                            "y": 358677
                        },
                        {
                            "x": 1396249200000,
                            "y": 343766
                        },
                        {
                            "x": 1398841200000,
                            "y": 351833
                        },
                        {
                            "x": 1401519600000,
                            "y": 354069
                        },
                        {
                            "x": 1404111600000,
                            "y": 355883
                        },
                        {
                            "x": 1406790000000,
                            "y": 368786
                        },
                        {
                            "x": 1409468400000,
                            "y": 368278
                        },
                        {
                            "x": 1412060400000,
                            "y": 364399
                        },
                        {
                            "x": 1414738800000,
                            "y": 358954
                        },
                        {
                            "x": 1417334400000,
                            "y": 354589
                        },
                        {
                            "x": 1420012800000,
                            "y": 368538
                        },
                        {
                            "x": 1422691200000,
                            "y": 369962
                        },
                        {
                            "x": 1425110400000,
                            "y": 374639
                        },
                        {
                            "x": 1427785200000,
                            "y": 385714
                        },
                        {
                            "x": 1430377200000,
                            "y": 387427
                        },
                        {
                            "x": 1433055600000,
                            "y": 385623
                        },
                        {
                            "x": 1435647600000,
                            "y": 381028
                        },
                        {
                            "x": 1438326000000,
                            "y": 392165
                        },
                        {
                            "x": 1441004400000,
                            "y": 388134
                        },
                        {
                            "x": 1443596400000,
                            "y": 385866
                        },
                        {
                            "x": 1446274800000,
                            "y": 388396
                        },
                        {
                            "x": 1448870400000,
                            "y": 391515
                        },
                        {
                            "x": 1451548800000,
                            "y": 396296
                        },
                        {
                            "x": 1454227200000,
                            "y": 407710
                        },
                        {
                            "x": 1456732800000,
                            "y": 403955
                        },
                        {
                            "x": 1459407600000,
                            "y": 403652
                        },
                        {
                            "x": 1461999600000,
                            "y": 407078
                        },
                        {
                            "x": 1464678000000,
                            "y": 410525
                        },
                        {
                            "x": 1467270000000,
                            "y": 414952
                        },
                        {
                            "x": 1469948400000,
                            "y": 417013
                        },
                        {
                            "x": 1472626800000,
                            "y": 430154
                        },
                        {
                            "x": 1475218800000,
                            "y": 425129
                        },
                        {
                            "x": 1477897200000,
                            "y": 430384
                        },
                        {
                            "x": 1480492800000,
                            "y": 415305
                        },
                        {
                            "x": 1483171200000,
                            "y": 421395
                        },
                        {
                            "x": 1485849600000,
                            "y": 421220
                        },
                        {
                            "x": 1488268800000,
                            "y": 429698
                        },
                        {
                            "x": 1490943600000,
                            "y": 422570
                        },
                        {
                            "x": 1493535600000,
                            "y": 416196
                        },
                        {
                            "x": 1496214000000,
                            "y": 416663
                        },
                        {
                            "x": 1498806000000,
                            "y": 415410
                        },
                        {
                            "x": 1501484400000,
                            "y": 420221
                        },
                        {
                            "x": 1504162800000,
                            "y": 419881
                        },
                        {
                            "x": 1506754800000,
                            "y": 426004
                        },
                        {
                            "x": 1509433200000,
                            "y": 427641
                        },
                        {
                            "x": 1512028800000,
                            "y": 429455
                        },
                        {
                            "x": 1514707200000,
                            "y": 430588
                        },
                        {
                            "x": 1517385600000,
                            "y": 434219
                        },
                        {
                            "x": 1519804800000,
                            "y": 431983
                        },
                        {
                            "x": 1522479600000,
                            "y": 436362
                        },
                        {
                            "x": 1525071600000,
                            "y": 432709
                        },
                        {
                            "x": 1527750000000,
                            "y": 430439
                        },
                        {
                            "x": 1530342000000,
                            "y": 434044
                        },
                        {
                            "x": 1533020400000,
                            "y": 434175
                        },
                        {
                            "x": 1535698800000,
                            "y": 429820
                        },
                        {
                            "x": 1538290800000,
                            "y": 425725
                        },
                        {
                            "x": 1540969200000,
                            "y": 425770
                        },
                        {
                            "x": 1543564800000,
                            "y": 429071
                        },
                        {
                            "x": 1546243200000,
                            "y": 432098
                        },
                        {
                            "x": 1548921600000,
                            "y": 436722
                        },
                        {
                            "x": 1551340800000,
                            "y": 435175
                        },
                        {
                            "x": 1554015600000,
                            "y": 445447
                        },
                        {
                            "x": 1556607600000,
                            "y": 441239
                        },
                        {
                            "x": 1559286000000,
                            "y": 434585
                        },
                        {
                            "x": 1561878000000,
                            "y": 434698
                        },
                        {
                            "x": 1564556400000,
                            "y": 430997
                        },
                        {
                            "x": 1567234800000,
                            "y": 675546
                        },
                        {
                            "x": 1569826800000,
                            "y": 674456
                        },
                        {
                            "x": 1572505200000,
                            "y": 676268
                        },
                        {
                            "x": 1575100800000,
                            "y": 680438
                        },
                        {
                            "x": 1577779200000,
                            "y": 677654
                        },
                        {
                            "x": 1580457600000,
                            "y": 686674
                        },
                        {
                            "x": 1582963200000,
                            "y": 693397
                        },
                        {
                            "x": 1585638000000,
                            "y": 684063
                        },
                        {
                            "x": 1588230000000,
                            "y": 685291
                        },
                        {
                            "x": 1590908400000,
                            "y": 685505
                        },
                        {
                            "x": 1593500400000,
                            "y": 682460
                        },
                        {
                            "x": 1596178800000,
                            "y": 694608
                        },
                        {
                            "x": 1598857200000,
                            "y": 704471
                        },
                        {
                            "x": 1601449200000,
                            "y": 710210
                        },
                        {
                            "x": 1604127600000,
                            "y": 712843
                        },
                        {
                            "x": 1606723200000,
                            "y": 723123
                        },
                        {
                            "x": 1609401600000,
                            "y": 729470
                        },
                        {
                            "x": 1612080000000,
                            "y": 735675
                        },
                        {
                            "x": 1614499200000,
                            "y": 737193
                        },
                        {
                            "x": 1617174000000,
                            "y": 754667
                        },
                        {
                            "x": 1619766000000,
                            "y": 774462
                        },
                        {
                            "x": 1622444400000,
                            "y": 789654
                        },
                        {
                            "x": 1625036400000,
                            "y": 786300
                        },
                        {
                            "x": 1627714800000,
                            "y": 790800
                        },
                        {
                            "x": 1630393200000,
                            "y": 782800
                        },
                        {
                            "x": 1632985200000,
                            "y": 783800
                        },
                        {
                            "x": 1635663600000,
                            "y": 799200
                        },
                        {
                            "x": 1638259200000,
                            "y": 802700
                        },
                        {
                            "x": 1640937600000,
                            "y": 815600
                        },
                        {
                            "x": 1643616000000,
                            "y": 820400
                        },
                        {
                            "x": 1646035200000,
                            "y": 845100
                        },
                        {
                            "x": 1648710000000,
                            "y": 915300
                        },
                        {
                            "x": 1651302000000,
                            "y": 964200
                        },
                        {
                            "x": 1653980400000,
                            "y": 982900
                        },
                        {
                            "x": 1656572400000,
                            "y": 998000
                        },
                        {
                            "x": 1659250800000,
                            "y": 993100
                        },
                        {
                            "x": 1661929200000,
                            "y": 953600
                        },
                        {
                            "x": 1664521200000,
                            "y": 955600
                        },
                        {
                            "x": 1667199600000,
                            "y": 943100
                        },
                        {
                            "x": 1669795200000,
                            "y": 932100
                        },
                        {
                            "x": 1672473600000,
                            "y": 919900
                        },
                        {
                            "x": 1675152000000,
                            "y": 904800
                        },
                        {
                            "x": 1677571200000,
                            "y": 909300
                        },
                        {
                            "x": 1680246000000,
                            "y": 926300
                        },
                        {
                            "x": 1682838000000,
                            "y": 923800
                        },
                        {
                            "x": 1685516400000,
                            "y": 927300
                        },
                        {
                            "x": 1688108400000,
                            "y": 938400
                        },
                        {
                            "x": 1690786800000,
                            "y": 936300
                        },
                        {
                            "x": 1693465200000,
                            "y": 940100
                        },
                        {
                            "x": 1696057200000,
                            "y": 948500
                        },
                        {
                            "x": 1698735600000,
                            "y": 952200
                        },
                        {
                            "x": 1701331200000,
                            "y": 824000
                        },
                        {
                            "x": 1704009600000,
                            "y": 819700
                        },
                        {
                            "x": 1706688000000,
                            "y": 795400
                        },
                        {
                            "x": 1707379200000,
                            "y": 783600
                        }
                    ],
                    "name": "This home"
                },
                {
                    "points": [
                        {
                            "x": 1425456000000,
                            "y": 340000
                        }
                    ],
                    "name": "Sale"
                }
            ]
        }
    }
}