{
    "data": {
        "property": {
            "homeValueChartData": [
                {
                    "points": [
                        {
                            "x": 1393574400000,
                            "y": 323963
                        },
                        {
                            "x": 1396249200000,
                            "y": 328621
                        },
                        {
                            "x": 1398841200000,
                            "y": 331688
                        },
                        {
                            "x": 1401519600000,
                            "y": 336130
                        },
                        {
                            "x": 1404111600000,
                            "y": 336117
                        },
                        {
                            "x": 1406790000000,
                            "y": 331411
                        },
                        {
                            "x": 1409468400000,
                            "y": 335563
                        },
                        {
                            "x": 1412060400000,
                            "y": 334679
                        },
                        {
                            "x": 1414738800000,
                            "y": 334438
                        },
                        {
                            "x": 1417334400000,
                            "y": 334500
                        },
                        {
                            "x": 1420012800000,
                            "y": 331192
                        },
                        {
                            "x": 1422691200000,
                            "y": 324376
                        },
                        {
                            "x": 1425110400000,
                            "y": 329698
                        },
                        {
                            "x": 1427785200000,
                            "y": 324539
                        },
                        {
                            "x": 1430377200000,
                            "y": 326944
                        },
                        {
                            "x": 1433055600000,
                            "y": 321808
                        },
                        {
                            "x": 1435647600000,
                            "y": 324287
                        },
                        {
                            "x": 1438326000000,
                            "y": 328512
                        },
                        {
                            "x": 1441004400000,
                            "y": 326874
                        },
                        {
                            "x": 1443596400000,
                            "y": 333902
                        },
                        {
                            "x": 1446274800000,
                            "y": 330907
                        },
                        {
                            "x": 1448870400000,
                            "y": 335569
                        },
                        {
                            "x": 1451548800000,
                            "y": 336269
                        },
                        {
                            "x": 1454227200000,
                            "y": 342706
                        },
                        {
                            "x": 1456732800000,
                            "y": 346027
                        },
                        {
                            "x": 1459407600000,
                            "y": 343640
                        },
                        {
                            "x": 1461999600000,
                            "y": 347035
                        },
                        {
                            "x": 1464678000000,
                            "y": 349264
                        },
                        {
                            "x": 1467270000000,
                            "y": 356011
                        },
                        {
                            "x": 1469948400000,
                            "y": 361100
                        },
                        {
                            "x": 1472626800000,
                            "y": 361684
                        },
                        {
                            "x": 1475218800000,
                            "y": 358595
                        },
                        {
                            "x": 1477897200000,
                            "y": 357368
                        },
                        {
                            "x": 1480492800000,
                            "y": 339392
                        },
                        {
                            "x": 1483171200000,
                            "y": 342087
                        },
                        {
                            "x": 1485849600000,
                            "y": 341689
                        },
                        {
                            "x": 1488268800000,
                            "y": 344373
                        },
                        {
                            "x": 1490943600000,
                            "y": 347073
                        },
                        {
                            "x": 1493535600000,
                            "y": 348534
                        },
                        {
                            "x": 1496214000000,
                            "y": 344410
                        },
                        {
                            "x": 1498806000000,
                            "y": 344367
                        },
                        {
                            "x": 1501484400000,
                            "y": 345630
                        },
                        {
                            "x": 1504162800000,
                            "y": 345755
                        },
                        {
                            "x": 1506754800000,
                            "y": 347876
                        },
                        {
                            "x": 1509433200000,
                            "y": 358148
                        },
                        {
                            "x": 1512028800000,
                            "y": 361017
                        },
                        {
                            "x": 1514707200000,
                            "y": 362085
                        },
                        {
                            "x": 1517385600000,
                            "y": 382465
                        },
                        {
                            "x": 1519804800000,
                            "y": 385848
                        },
                        {
                            "x": 1522479600000,
                            "y": 388731
                        },
                        {
                            "x": 1525071600000,
                            "y": 387557
                        },
                        {
                            "x": 1527750000000,
                            "y": 386221
                        },
                        {
                            "x": 1530342000000,
                            "y": 388340
                        },
                        {
                            "x": 1533020400000,
                            "y": 387901
                        },
                        {
                            "x": 1535698800000,
                            "y": 388752
                        },
                        {
                            "x": 1538290800000,
                            "y": 387541
                        },
                        {
                            "x": 1540969200000,
                            "y": 388460
                        },
                        {
                            "x": 1543564800000,
                            "y": 391901
                        },
                        {
                            "x": 1546243200000,
                            "y": 387962
                        },
                        {
                            "x": 1548921600000,
                            "y": 381394
                        },
                        {
                            "x": 1551340800000,
                            "y": 371301
                        },
                        {
                            "x": 1554015600000,
                            "y": 387592
                        },
                        {
                            "x": 1556607600000,
                            "y": 385902
                        },
                        {
                            "x": 1559286000000,
                            "y": 384815
                        },
                        {
                            "x": 1561878000000,
                            "y": 383832
                        },
                        {
                            "x": 1564556400000,
                            "y": 373217
                        },
                        {
                            "x": 1567234800000,
                            "y": 367407
                        },
                        {
                            "x": 1569826800000,
                            "y": 364473
                        },
                        {
                            "x": 1572505200000,
                            "y": 364634
                        },
                        {
                            "x": 1575100800000,
                            "y": 386948
                        },
                        {
                            "x": 1577779200000,
                            "y": 393236
                        },
                        {
                            "x": 1580457600000,
                            "y": 391215
                        },
                        {
                            "x": 1582963200000,
                            "y": 387994
                        },
                        {
                            "x": 1585638000000,
                            "y": 387262
                        },
                        {
                            "x": 1588230000000,
                            "y": 386961
                        },
                        {
                            "x": 1590908400000,
                            "y": 385256
                        },
                        {
                            "x": 1593500400000,
                            "y": 385472
                        },
                        {
                            "x": 1596178800000,
                            "y": 389967
                        },
                        {
                            "x": 1598857200000,
                            "y": 391928
                        },
                        {
                            "x": 1601449200000,
                            "y": 404283
                        },
                        {
                            "x": 1604127600000,
                            "y": 411483
                        },
                        {
                            "x": 1606723200000,
                            "y": 415899
                        },
                        {
                            "x": 1609401600000,
                            "y": 423750
                        },
                        {
                            "x": 1612080000000,
                            "y": 431859
                        },
                        {
                            "x": 1614499200000,
                            "y": 435942
                        },
                        {
                            "x": 1617174000000,
                            "y": 440689
                        },
                        {
                            "x": 1619766000000,
                            "y": 469971
                        },
                        {
                            "x": 1622444400000,
                            "y": 478456
                        },
                        {
                            "x": 1625036400000,
                            "y": 469300
                        },
                        {
                            "x": 1627714800000,
                            "y": 465800
                        },
                        {
                            "x": 1630393200000,
                            "y": 463900
                        },
                        {
                            "x": 1632985200000,
                            "y": 468500
                        },
                        {
                            "x": 1635663600000,
                            "y": 475500
                        },
                        {
                            "x": 1638259200000,
                            "y": 480300
                        },
                        {
                            "x": 1640937600000,
                            "y": 490400
                        },
                        {
                            "x": 1643616000000,
                            "y": 487400
                        },
                        {
                            "x": 1646035200000,
                            "y": 494500
                        },
                        {
                            "x": 1648710000000,
                            "y": 532000
                        },
                        {
                            "x": 1651302000000,
                            "y": 564600
                        },
                        {
                            "x": 1653980400000,
                            "y": 583300
                        },
                        {
                            "x": 1656572400000,
                            "y": 588200
                        },
                        {
                            "x": 1659250800000,
                            "y": 589400
                        },
                        {
                            "x": 1661929200000,
                            "y": 584400
                        },
                        {
                            "x": 1664521200000,
                            "y": 581300
                        },
                        {
                            "x": 1667199600000,
                            "y": 583700
                        },
                        {
                            "x": 1669795200000,
                            "y": 575200
                        },
                        {
                            "x": 1672473600000,
                            "y": 567000
                        },
                        {
                            "x": 1675152000000,
                            "y": 559500
                        },
                        {
                            "x": 1677571200000,
                            "y": 561500
                        },
                        {
                            "x": 1680246000000,
                            "y": 572400
                        },
                        {
                            "x": 1682838000000,
                            "y": 574700
                        },
                        {
                            "x": 1685516400000,
                            "y": 582200
                        },
                        {
                            "x": 1688108400000,
                            "y": 586600
                        },
                        {
                            "x": 1690786800000,
                            "y": 597200
                        },
                        {
                            "x": 1693465200000,
                            "y": 600100
                        },
                        {
                            "x": 1696057200000,
                            "y": 605100
                        },
                        {
                            "x": 1698735600000,
                            "y": 608600
                        },
                        {
                            "x": 1701331200000,
                            "y": 606300
                        },
                        {
                            "x": 1704009600000,
                            "y": 599700
                        },
                        {
                            "x": 1706688000000,
                            "y": 672300
                        },
                        {
                            "x": 1707292800000,
                            "y": 657500
                        }
                    ],
                    "name": "This home"
                }
            ]
        }
    }
}