{
    "data": {
        "property": {
            "homeValueChartData": [
                {
                    "points": [
                        {
                            "x": 1393574400000,
                            "y": 482028
                        },
                        {
                            "x": 1396249200000,
                            "y": 484372
                        },
                        {
                            "x": 1398841200000,
                            "y": 482129
                        },
                        {
                            "x": 1401519600000,
                            "y": 488288
                        },
                        {
                            "x": 1404111600000,
                            "y": 493173
                        },
                        {
                            "x": 1406790000000,
                            "y": 494839
                        },
                        {
                            "x": 1409468400000,
                            "y": 500143
                        },
                        {
                            "x": 1412060400000,
                            "y": 490622
                        },
                        {
                            "x": 1414738800000,
                            "y": 497143
                        },
                        {
                            "x": 1417334400000,
                            "y": 505110
                        },
                        {
                            "x": 1420012800000,
                            "y": 507939
                        },
                        {
                            "x": 1422691200000,
                            "y": 511956
                        },
                        {
                            "x": 1425110400000,
                            "y": 513277
                        },
                        {
                            "x": 1427785200000,
                            "y": 522200
                        },
                        {
                            "x": 1430377200000,
                            "y": 529341
                        },
                        {
                            "x": 1433055600000,
                            "y": 528194
                        },
                        {
                            "x": 1435647600000,
                            "y": 526252
                        },
                        {
                            "x": 1438326000000,
                            "y": 534069
                        },
                        {
                            "x": 1441004400000,
                            "y": 532446
                        },
                        {
                            "x": 1443596400000,
                            "y": 544725
                        },
                        {
                            "x": 1446274800000,
                            "y": 544488
                        },
                        {
                            "x": 1448870400000,
                            "y": 547231
                        },
                        {
                            "x": 1451548800000,
                            "y": 556153
                        },
                        {
                            "x": 1454227200000,
                            "y": 561029
                        },
                        {
                            "x": 1456732800000,
                            "y": 466603
                        },
                        {
                            "x": 1459407600000,
                            "y": 471842
                        },
                        {
                            "x": 1461999600000,
                            "y": 460314
                        },
                        {
                            "x": 1464678000000,
                            "y": 460513
                        },
                        {
                            "x": 1467270000000,
                            "y": 463239
                        },
                        {
                            "x": 1469948400000,
                            "y": 467688
                        },
                        {
                            "x": 1472626800000,
                            "y": 465312
                        },
                        {
                            "x": 1475218800000,
                            "y": 464816
                        },
                        {
                            "x": 1477897200000,
                            "y": 470678
                        },
                        {
                            "x": 1480492800000,
                            "y": 470678
                        },
                        {
                            "x": 1483171200000,
                            "y": 476924
                        },
                        {
                            "x": 1485849600000,
                            "y": 477849
                        },
                        {
                            "x": 1488268800000,
                            "y": 482997
                        },
                        {
                            "x": 1490943600000,
                            "y": 483135
                        },
                        {
                            "x": 1493535600000,
                            "y": 483537
                        },
                        {
                            "x": 1496214000000,
                            "y": 485982
                        },
                        {
                            "x": 1498806000000,
                            "y": 488619
                        },
                        {
                            "x": 1501484400000,
                            "y": 489803
                        },
                        {
                            "x": 1504162800000,
                            "y": 495152
                        },
                        {
                            "x": 1506754800000,
                            "y": 502527
                        },
                        {
                            "x": 1509433200000,
                            "y": 503078
                        },
                        {
                            "x": 1512028800000,
                            "y": 502483
                        },
                        {
                            "x": 1514707200000,
                            "y": 504629
                        },
                        {
                            "x": 1517385600000,
                            "y": 508196
                        },
                        {
                            "x": 1519804800000,
                            "y": 512184
                        },
                        {
                            "x": 1522479600000,
                            "y": 511409
                        },
                        {
                            "x": 1525071600000,
                            "y": 513027
                        },
                        {
                            "x": 1527750000000,
                            "y": 518920
                        },
                        {
                            "x": 1530342000000,
                            "y": 519769
                        },
                        {
                            "x": 1533020400000,
                            "y": 521122
                        },
                        {
                            "x": 1535698800000,
                            "y": 522782
                        },
                        {
                            "x": 1538290800000,
                            "y": 520496
                        },
                        {
                            "x": 1540969200000,
                            "y": 523627
                        },
                        {
                            "x": 1543564800000,
                            "y": 529053
                        },
                        {
                            "x": 1546243200000,
                            "y": 532286
                        },
                        {
                            "x": 1548921600000,
                            "y": 531707
                        },
                        {
                            "x": 1551340800000,
                            "y": 526844
                        },
                        {
                            "x": 1554015600000,
                            "y": 533816
                        },
                        {
                            "x": 1556607600000,
                            "y": 533461
                        },
                        {
                            "x": 1559286000000,
                            "y": 523944
                        },
                        {
                            "x": 1561878000000,
                            "y": 489684
                        },
                        {
                            "x": 1564556400000,
                            "y": 442849
                        },
                        {
                            "x": 1567234800000,
                            "y": 414023
                        },
                        {
                            "x": 1569826800000,
                            "y": 416008
                        },
                        {
                            "x": 1572505200000,
                            "y": 423192
                        },
                        {
                            "x": 1575100800000,
                            "y": 420833
                        },
                        {
                            "x": 1577779200000,
                            "y": 421813
                        },
                        {
                            "x": 1580457600000,
                            "y": 423143
                        },
                        {
                            "x": 1582963200000,
                            "y": 432554
                        },
                        {
                            "x": 1585638000000,
                            "y": 431087
                        },
                        {
                            "x": 1588230000000,
                            "y": 426167
                        },
                        {
                            "x": 1590908400000,
                            "y": 425844
                        },
                        {
                            "x": 1593500400000,
                            "y": 430193
                        },
                        {
                            "x": 1596178800000,
                            "y": 435186
                        },
                        {
                            "x": 1598857200000,
                            "y": 439795
                        },
                        {
                            "x": 1601449200000,
                            "y": 443641
                        },
                        {
                            "x": 1604127600000,
                            "y": 444578
                        },
                        {
                            "x": 1606723200000,
                            "y": 449040
                        },
                        {
                            "x": 1609401600000,
                            "y": 468752
                        },
                        {
                            "x": 1612080000000,
                            "y": 483262
                        },
                        {
                            "x": 1614499200000,
                            "y": 484563
                        },
                        {
                            "x": 1617174000000,
                            "y": 491931
                        },
                        {
                            "x": 1619766000000,
                            "y": 519901
                        },
                        {
                            "x": 1622444400000,
                            "y": 528149
                        },
                        {
                            "x": 1625036400000,
                            "y": 572100
                        },
                        {
                            "x": 1627714800000,
                            "y": 602800
                        },
                        {
                            "x": 1630393200000,
                            "y": 606500
                        },
                        {
                            "x": 1632985200000,
                            "y": 615400
                        },
                        {
                            "x": 1635663600000,
                            "y": 624500
                        },
                        {
                            "x": 1638259200000,
                            "y": 636900
                        },
                        {
                            "x": 1640937600000,
                            "y": 653000
                        },
                        {
                            "x": 1643616000000,
                            "y": 663700
                        },
                        {
                            "x": 1646035200000,
                            "y": 684700
                        },
                        {
                            "x": 1648710000000,
                            "y": 728000
                        },
                        {
                            "x": 1651302000000,
                            "y": 754400
                        },
                        {
                            "x": 1653980400000,
                            "y": 773200
                        },
                        {
                            "x": 1656572400000,
                            "y": 783000
                        },
                        {
                            "x": 1659250800000,
                            "y": 773900
                        },
                        {
                            "x": 1661929200000,
                            "y": 738700
                        },
                        {
                            "x": 1664521200000,
                            "y": 754600
                        },
                        {
                            "x": 1667199600000,
                            "y": 766200
                        },
                        {
                            "x": 1669795200000,
                            "y": 775000
                        },
                        {
                            "x": 1672473600000,
                            "y": 775000
                        },
                        {
                            "x": 1675152000000,
                            "y": 778700
                        },
                        {
                            "x": 1677571200000,
                            "y": 776500
                        },
                        {
                            "x": 1680246000000,
                            "y": 763700
                        },
                        {
                            "x": 1682838000000,
                            "y": 764900
                        },
                        {
                            "x": 1685516400000,
                            "y": 750600
                        },
                        {
                            "x": 1688108400000,
                            "y": 730200
                        },
                        {
                            "x": 1690786800000,
                            "y": 718000
                        },
                        {
                            "x": 1693465200000,
                            "y": 763800
                        },
                        {
                            "x": 1696057200000,
                            "y": 766600
                        },
                        {
                            "x": 1698735600000,
                            "y": 772400
                        },
                        {
                            "x": 1701331200000,
                            "y": 763600
                        },
                        {
                            "x": 1704009600000,
                            "y": 783900
                        },
                        {
                            "x": 1706688000000,
                            "y": 797200
                        },
                        {
                            "x": 1707292800000,
                            "y": 746600
                        }
                    ],
                    "name": "This home"
                },
                {
                    "points": [
                        {
                            "x": 1463986800000,
                            "y": 460000
                        },
                        {
                            "x": 1659423600000,
                            "y": 725000
                        }
                    ],
                    "name": "Sale"
                }
            ]
        }
    }
}