{
    "data": {
        "property": {
            "homeValueChartData": [
                {
                    "points": [
                        {
                            "x": 1393574400000,
                            "y": 393709
                        },
                        {
                            "x": 1396249200000,
                            "y": 404456
                        },
                        {
                            "x": 1398841200000,
                            "y": 419200
                        },
                        {
                            "x": 1401519600000,
                            "y": 416794
                        },
                        {
                            "x": 1404111600000,
                            "y": 412592
                        },
                        {
                            "x": 1406790000000,
                            "y": 421866
                        },
                        {
                            "x": 1409468400000,
                            "y": 415901
                        },
                        {
                            "x": 1412060400000,
                            "y": 426766
                        },
                        {
                            "x": 1414738800000,
                            "y": 413913
                        },
                        {
                            "x": 1417334400000,
                            "y": 466712
                        },
                        {
                            "x": 1420012800000,
                            "y": 473264
                        },
                        {
                            "x": 1422691200000,
                            "y": 484695
                        },
                        {
                            "x": 1425110400000,
                            "y": 480637
                        },
                        {
                            "x": 1427785200000,
                            "y": 474244
                        },
                        {
                            "x": 1430377200000,
                            "y": 476795
                        },
                        {
                            "x": 1433055600000,
                            "y": 488057
                        },
                        {
                            "x": 1435647600000,
                            "y": 483355
                        },
                        {
                            "x": 1438326000000,
                            "y": 483398
                        },
                        {
                            "x": 1441004400000,
                            "y": 481942
                        },
                        {
                            "x": 1443596400000,
                            "y": 496300
                        },
                        {
                            "x": 1446274800000,
                            "y": 497289
                        },
                        {
                            "x": 1448870400000,
                            "y": 507322
                        },
                        {
                            "x": 1451548800000,
                            "y": 514679
                        },
                        {
                            "x": 1454227200000,
                            "y": 525249
                        },
                        {
                            "x": 1456732800000,
                            "y": 559978
                        },
                        {
                            "x": 1459407600000,
                            "y": 549750
                        },
                        {
                            "x": 1461999600000,
                            "y": 548497
                        },
                        {
                            "x": 1464678000000,
                            "y": 535896
                        },
                        {
                            "x": 1467270000000,
                            "y": 551155
                        },
                        {
                            "x": 1469948400000,
                            "y": 546524
                        },
                        {
                            "x": 1472626800000,
                            "y": 547579
                        },
                        {
                            "x": 1475218800000,
                            "y": 554033
                        },
                        {
                            "x": 1477897200000,
                            "y": 560290
                        },
                        {
                            "x": 1480492800000,
                            "y": 577323
                        },
                        {
                            "x": 1483171200000,
                            "y": 576655
                        },
                        {
                            "x": 1485849600000,
                            "y": 585018
                        },
                        {
                            "x": 1488268800000,
                            "y": 557461
                        },
                        {
                            "x": 1490943600000,
                            "y": 555341
                        },
                        {
                            "x": 1493535600000,
                            "y": 545094
                        },
                        {
                            "x": 1496214000000,
                            "y": 539159
                        },
                        {
                            "x": 1498806000000,
                            "y": 539445
                        },
                        {
                            "x": 1501484400000,
                            "y": 539445
                        },
                        {
                            "x": 1504162800000,
                            "y": 524096
                        },
                        {
                            "x": 1506754800000,
                            "y": 528476
                        },
                        {
                            "x": 1509433200000,
                            "y": 530080
                        },
                        {
                            "x": 1512028800000,
                            "y": 530466
                        },
                        {
                            "x": 1514707200000,
                            "y": 532678
                        },
                        {
                            "x": 1517385600000,
                            "y": 536824
                        },
                        {
                            "x": 1519804800000,
                            "y": 541251
                        },
                        {
                            "x": 1522479600000,
                            "y": 523900
                        },
                        {
                            "x": 1525071600000,
                            "y": 525557
                        },
                        {
                            "x": 1527750000000,
                            "y": 529475
                        },
                        {
                            "x": 1530342000000,
                            "y": 530627
                        },
                        {
                            "x": 1533020400000,
                            "y": 531992
                        },
                        {
                            "x": 1535698800000,
                            "y": 533531
                        },
                        {
                            "x": 1538290800000,
                            "y": 531157
                        },
                        {
                            "x": 1540969200000,
                            "y": 534455
                        },
                        {
                            "x": 1543564800000,
                            "y": 540126
                        },
                        {
                            "x": 1546243200000,
                            "y": 543605
                        },
                        {
                            "x": 1548921600000,
                            "y": 543527
                        },
                        {
                            "x": 1551340800000,
                            "y": 537291
                        },
                        {
                            "x": 1554015600000,
                            "y": 544860
                        },
                        {
                            "x": 1556607600000,
                            "y": 544123
                        },
                        {
                            "x": 1559286000000,
                            "y": 544468
                        },
                        {
                            "x": 1561878000000,
                            "y": 548928
                        },
                        {
                            "x": 1564556400000,
                            "y": 551752
                        },
                        {
                            "x": 1567234800000,
                            "y": 545458
                        },
                        {
                            "x": 1569826800000,
                            "y": 541276
                        },
                        {
                            "x": 1572505200000,
                            "y": 546984
                        },
                        {
                            "x": 1575100800000,
                            "y": 552741
                        },
                        {
                            "x": 1577779200000,
                            "y": 550031
                        },
                        {
                            "x": 1580457600000,
                            "y": 558634
                        },
                        {
                            "x": 1582963200000,
                            "y": 564564
                        },
                        {
                            "x": 1585638000000,
                            "y": 557773
                        },
                        {
                            "x": 1588230000000,
                            "y": 558108
                        },
                        {
                            "x": 1590908400000,
                            "y": 558171
                        },
                        {
                            "x": 1593500400000,
                            "y": 555541
                        },
                        {
                            "x": 1596178800000,
                            "y": 566267
                        },
                        {
                            "x": 1598857200000,
                            "y": 573966
                        },
                        {
                            "x": 1601449200000,
                            "y": 578846
                        },
                        {
                            "x": 1604127600000,
                            "y": 581120
                        },
                        {
                            "x": 1606723200000,
                            "y": 590273
                        },
                        {
                            "x": 1609401600000,
                            "y": 595537
                        },
                        {
                            "x": 1612080000000,
                            "y": 600142
                        },
                        {
                            "x": 1614499200000,
                            "y": 601439
                        },
                        {
                            "x": 1617174000000,
                            "y": 668015
                        },
                        {
                            "x": 1619766000000,
                            "y": 776297
                        },
                        {
                            "x": 1622444400000,
                            "y": 872626
                        },
                        {
                            "x": 1625036400000,
                            "y": 927200
                        },
                        {
                            "x": 1627714800000,
                            "y": 957200
                        },
                        {
                            "x": 1630393200000,
                            "y": 954000
                        },
                        {
                            "x": 1632985200000,
                            "y": 962000
                        },
                        {
                            "x": 1635663600000,
                            "y": 979100
                        },
                        {
                            "x": 1638259200000,
                            "y": 1016400
                        },
                        {
                            "x": 1640937600000,
                            "y": 1072500
                        },
                        {
                            "x": 1643616000000,
                            "y": 1087600
                        },
                        {
                            "x": 1646035200000,
                            "y": 1124300
                        },
                        {
                            "x": 1648710000000,
                            "y": 1191000
                        },
                        {
                            "x": 1651302000000,
                            "y": 1230500
                        },
                        {
                            "x": 1653980400000,
                            "y": 1252000
                        },
                        {
                            "x": 1656572400000,
                            "y": 1268200
                        },
                        {
                            "x": 1659250800000,
                            "y": 1260900
                        },
                        {
                            "x": 1661929200000,
                            "y": 1191800
                        },
                        {
                            "x": 1664521200000,
                            "y": 1184400
                        },
                        {
                            "x": 1667199600000,
                            "y": 1176100
                        },
                        {
                            "x": 1669795200000,
                            "y": 1164300
                        },
                        {
                            "x": 1672473600000,
                            "y": 1154600
                        },
                        {
                            "x": 1675152000000,
                            "y": 1134000
                        },
                        {
                            "x": 1677571200000,
                            "y": 1138200
                        },
                        {
                            "x": 1680246000000,
                            "y": 1177100
                        },
                        {
                            "x": 1682838000000,
                            "y": 1190800
                        },
                        {
                            "x": 1685516400000,
                            "y": 1199200
                        },
                        {
                            "x": 1688108400000,
                            "y": 1227300
                        },
                        {
                            "x": 1690786800000,
                            "y": 1228800
                        },
                        {
                            "x": 1693465200000,
                            "y": 1248600
                        },
                        {
                            "x": 1696057200000,
                            "y": 1267200
                        },
                        {
                            "x": 1698735600000,
                            "y": 1277700
                        },
                        {
                            "x": 1701331200000,
                            "y": 1281500
                        },
                        {
                            "x": 1704009600000,
                            "y": 1241700
                        },
                        {
                            "x": 1706688000000,
                            "y": 1682700
                        },
                        {
                            "x": 1707033600000,
                            "y": 1681500
                        }
                    ],
                    "name": "This home"
                },
                {
                    "points": [
                        {
                            "x": 1501743600000,
                            "y": 522000
                        },
                        {
                            "x": 1519977600000,
                            "y": 522000
                        }
                    ],
                    "name": "Sale"
                }
            ]
        }
    }
}