{
    "data": {
        "property": {
            "homeValueChartData": [
                {
                    "points": [
                        {
                            "x": 1393574400000,
                            "y": 565263
                        },
                        {
                            "x": 1396249200000,
                            "y": 579605
                        },
                        {
                            "x": 1398841200000,
                            "y": 565087
                        },
                        {
                            "x": 1401519600000,
                            "y": 557990
                        },
                        {
                            "x": 1404111600000,
                            "y": 561456
                        },
                        {
                            "x": 1406790000000,
                            "y": 556579
                        },
                        {
                            "x": 1409468400000,
                            "y": 561386
                        },
                        {
                            "x": 1412060400000,
                            "y": 560298
                        },
                        {
                            "x": 1414738800000,
                            "y": 534289
                        },
                        {
                            "x": 1417334400000,
                            "y": 601928
                        },
                        {
                            "x": 1420012800000,
                            "y": 586212
                        },
                        {
                            "x": 1422691200000,
                            "y": 571477
                        },
                        {
                            "x": 1425110400000,
                            "y": 580285
                        },
                        {
                            "x": 1427785200000,
                            "y": 598876
                        },
                        {
                            "x": 1430377200000,
                            "y": 602482
                        },
                        {
                            "x": 1433055600000,
                            "y": 601223
                        },
                        {
                            "x": 1435647600000,
                            "y": 602793
                        },
                        {
                            "x": 1438326000000,
                            "y": 600460
                        },
                        {
                            "x": 1441004400000,
                            "y": 613760
                        },
                        {
                            "x": 1443596400000,
                            "y": 619454
                        },
                        {
                            "x": 1446274800000,
                            "y": 591753
                        },
                        {
                            "x": 1448870400000,
                            "y": 606327
                        },
                        {
                            "x": 1451548800000,
                            "y": 641095
                        },
                        {
                            "x": 1454227200000,
                            "y": 708603
                        },
                        {
                            "x": 1456732800000,
                            "y": 708603
                        },
                        {
                            "x": 1459407600000,
                            "y": 701153
                        },
                        {
                            "x": 1461999600000,
                            "y": 706823
                        },
                        {
                            "x": 1464678000000,
                            "y": 707204
                        },
                        {
                            "x": 1467270000000,
                            "y": 713154
                        },
                        {
                            "x": 1469948400000,
                            "y": 722370
                        },
                        {
                            "x": 1472626800000,
                            "y": 714227
                        },
                        {
                            "x": 1475218800000,
                            "y": 712840
                        },
                        {
                            "x": 1477897200000,
                            "y": 723276
                        },
                        {
                            "x": 1480492800000,
                            "y": 723116
                        },
                        {
                            "x": 1483171200000,
                            "y": 732003
                        },
                        {
                            "x": 1485849600000,
                            "y": 733681
                        },
                        {
                            "x": 1488268800000,
                            "y": 741507
                        },
                        {
                            "x": 1490943600000,
                            "y": 742365
                        },
                        {
                            "x": 1493535600000,
                            "y": 743960
                        },
                        {
                            "x": 1496214000000,
                            "y": 747269
                        },
                        {
                            "x": 1498806000000,
                            "y": 751281
                        },
                        {
                            "x": 1501484400000,
                            "y": 752812
                        },
                        {
                            "x": 1504162800000,
                            "y": 760644
                        },
                        {
                            "x": 1506754800000,
                            "y": 772012
                        },
                        {
                            "x": 1509433200000,
                            "y": 772754
                        },
                        {
                            "x": 1512028800000,
                            "y": 771680
                        },
                        {
                            "x": 1514707200000,
                            "y": 775040
                        },
                        {
                            "x": 1517385600000,
                            "y": 780949
                        },
                        {
                            "x": 1519804800000,
                            "y": 786989
                        },
                        {
                            "x": 1522479600000,
                            "y": 785473
                        },
                        {
                            "x": 1525071600000,
                            "y": 788683
                        },
                        {
                            "x": 1527750000000,
                            "y": 797668
                        },
                        {
                            "x": 1530342000000,
                            "y": 798832
                        },
                        {
                            "x": 1533020400000,
                            "y": 800502
                        },
                        {
                            "x": 1535698800000,
                            "y": 802918
                        },
                        {
                            "x": 1538290800000,
                            "y": 799769
                        },
                        {
                            "x": 1540969200000,
                            "y": 804419
                        },
                        {
                            "x": 1543564800000,
                            "y": 813054
                        },
                        {
                            "x": 1546243200000,
                            "y": 818388
                        },
                        {
                            "x": 1548921600000,
                            "y": 817640
                        },
                        {
                            "x": 1551340800000,
                            "y": 810051
                        },
                        {
                            "x": 1554015600000,
                            "y": 802196
                        },
                        {
                            "x": 1556607600000,
                            "y": 750969
                        },
                        {
                            "x": 1559286000000,
                            "y": 692211
                        },
                        {
                            "x": 1561878000000,
                            "y": 698261
                        },
                        {
                            "x": 1564556400000,
                            "y": 690233
                        },
                        {
                            "x": 1567234800000,
                            "y": 690533
                        },
                        {
                            "x": 1569826800000,
                            "y": 688136
                        },
                        {
                            "x": 1572505200000,
                            "y": 694845
                        },
                        {
                            "x": 1575100800000,
                            "y": 717180
                        },
                        {
                            "x": 1577779200000,
                            "y": 726636
                        },
                        {
                            "x": 1580457600000,
                            "y": 735785
                        },
                        {
                            "x": 1582963200000,
                            "y": 778084
                        },
                        {
                            "x": 1585638000000,
                            "y": 777786
                        },
                        {
                            "x": 1588230000000,
                            "y": 767386
                        },
                        {
                            "x": 1590908400000,
                            "y": 767407
                        },
                        {
                            "x": 1593500400000,
                            "y": 767643
                        },
                        {
                            "x": 1596178800000,
                            "y": 773677
                        },
                        {
                            "x": 1598857200000,
                            "y": 783103
                        },
                        {
                            "x": 1601449200000,
                            "y": 801154
                        },
                        {
                            "x": 1604127600000,
                            "y": 805053
                        },
                        {
                            "x": 1606723200000,
                            "y": 818649
                        },
                        {
                            "x": 1609401600000,
                            "y": 842252
                        },
                        {
                            "x": 1612080000000,
                            "y": 864404
                        },
                        {
                            "x": 1614499200000,
                            "y": 875879
                        },
                        {
                            "x": 1617174000000,
                            "y": 874774
                        },
                        {
                            "x": 1619766000000,
                            "y": 960437
                        },
                        {
                            "x": 1622444400000,
                            "y": 987923
                        },
                        {
                            "x": 1625036400000,
                            "y": 1204600
                        },
                        {
                            "x": 1627714800000,
                            "y": 1317700
                        },
                        {
                            "x": 1630393200000,
                            "y": 1330200
                        },
                        {
                            "x": 1632985200000,
                            "y": 1343900
                        },
                        {
                            "x": 1635663600000,
                            "y": 1381800
                        },
                        {
                            "x": 1638259200000,
                            "y": 1438500
                        },
                        {
                            "x": 1640937600000,
                            "y": 1529600
                        },
                        {
                            "x": 1643616000000,
                            "y": 1543800
                        },
                        {
                            "x": 1646035200000,
                            "y": 1605500
                        },
                        {
                            "x": 1648710000000,
                            "y": 1727700
                        },
                        {
                            "x": 1651302000000,
                            "y": 1789300
                        },
                        {
                            "x": 1653980400000,
                            "y": 1809000
                        },
                        {
                            "x": 1656572400000,
                            "y": 1830700
                        },
                        {
                            "x": 1659250800000,
                            "y": 1828700
                        },
                        {
                            "x": 1661929200000,
                            "y": 1705700
                        },
                        {
                            "x": 1664521200000,
                            "y": 1666300
                        },
                        {
                            "x": 1667199600000,
                            "y": 1665300
                        },
                        {
                            "x": 1669795200000,
                            "y": 1653300
                        },
                        {
                            "x": 1672473600000,
                            "y": 1666500
                        },
                        {
                            "x": 1675152000000,
                            "y": 1641300
                        },
                        {
                            "x": 1677571200000,
                            "y": 1683000
                        },
                        {
                            "x": 1680246000000,
                            "y": 1787500
                        },
                        {
                            "x": 1682838000000,
                            "y": 1830200
                        },
                        {
                            "x": 1685516400000,
                            "y": 1822300
                        },
                        {
                            "x": 1688108400000,
                            "y": 1957700
                        },
                        {
                            "x": 1690786800000,
                            "y": 1845800
                        },
                        {
                            "x": 1693465200000,
                            "y": 1897900
                        },
                        {
                            "x": 1696057200000,
                            "y": 1913500
                        },
                        {
                            "x": 1698735600000,
                            "y": 1964800
                        },
                        {
                            "x": 1701331200000,
                            "y": 1968600
                        },
                        {
                            "x": 1704009600000,
                            "y": 1898300
                        },
                        {
                            "x": 1706688000000,
                            "y": 2183600
                        },
                        {
                            "x": 1707033600000,
                            "y": 2180600
                        }
                    ],
                    "name": "This home"
                },
                {
                    "points": [
                        {
                            "x": 1458543600000,
                            "y": 700000
                        }
                    ],
                    "name": "Sale"
                }
            ]
        }
    }
}