{
    "data": {
        "property": {
            "homeValueChartData": [
                {
                    "points": [
                        {
                            "x": 1393574400000,
                            "y": 345300
                        },
                        {
                            "x": 1396249200000,
                            "y": 329545
                        },
                        {
                            "x": 1398841200000,
                            "y": 333126
                        },
                        {
                            "x": 1401519600000,
                            "y": 307930
                        },
                        {
                            "x": 1404111600000,
                            "y": 318077
                        },
                        {
                            "x": 1406790000000,
                            "y": 320417
                        },
                        {
                            "x": 1409468400000,
                            "y": 308242
                        },
                        {
                            "x": 1412060400000,
                            "y": 567119
                        },
                        {
                            "x": 1414738800000,
                            "y": 564631
                        },
                        {
                            "x": 1417334400000,
                            "y": 564740
                        },
                        {
                            "x": 1420012800000,
                            "y": 558646
                        },
                        {
                            "x": 1422691200000,
                            "y": 558646
                        },
                        {
                            "x": 1425110400000,
                            "y": 570409
                        },
                        {
                            "x": 1427785200000,
                            "y": 573991
                        },
                        {
                            "x": 1430377200000,
                            "y": 578423
                        },
                        {
                            "x": 1433055600000,
                            "y": 579430
                        },
                        {
                            "x": 1435647600000,
                            "y": 577655
                        },
                        {
                            "x": 1438326000000,
                            "y": 583961
                        },
                        {
                            "x": 1441004400000,
                            "y": 583671
                        },
                        {
                            "x": 1443596400000,
                            "y": 597348
                        },
                        {
                            "x": 1446274800000,
                            "y": 596737
                        },
                        {
                            "x": 1448870400000,
                            "y": 598181
                        },
                        {
                            "x": 1451548800000,
                            "y": 607770
                        },
                        {
                            "x": 1454227200000,
                            "y": 613960
                        },
                        {
                            "x": 1456732800000,
                            "y": 617623
                        },
                        {
                            "x": 1459407600000,
                            "y": 616755
                        },
                        {
                            "x": 1461999600000,
                            "y": 626975
                        },
                        {
                            "x": 1464678000000,
                            "y": 621646
                        },
                        {
                            "x": 1467270000000,
                            "y": 628427
                        },
                        {
                            "x": 1469948400000,
                            "y": 637767
                        },
                        {
                            "x": 1472626800000,
                            "y": 631183
                        },
                        {
                            "x": 1475218800000,
                            "y": 630144
                        },
                        {
                            "x": 1477897200000,
                            "y": 638967
                        },
                        {
                            "x": 1480492800000,
                            "y": 639698
                        },
                        {
                            "x": 1483171200000,
                            "y": 647328
                        },
                        {
                            "x": 1485849600000,
                            "y": 646518
                        },
                        {
                            "x": 1488268800000,
                            "y": 653406
                        },
                        {
                            "x": 1490943600000,
                            "y": 653958
                        },
                        {
                            "x": 1493535600000,
                            "y": 655137
                        },
                        {
                            "x": 1496214000000,
                            "y": 659126
                        },
                        {
                            "x": 1498806000000,
                            "y": 661986
                        },
                        {
                            "x": 1501484400000,
                            "y": 664114
                        },
                        {
                            "x": 1504162800000,
                            "y": 671110
                        },
                        {
                            "x": 1506754800000,
                            "y": 681567
                        },
                        {
                            "x": 1509433200000,
                            "y": 682071
                        },
                        {
                            "x": 1512028800000,
                            "y": 681013
                        },
                        {
                            "x": 1514707200000,
                            "y": 684188
                        },
                        {
                            "x": 1517385600000,
                            "y": 689457
                        },
                        {
                            "x": 1519804800000,
                            "y": 694767
                        },
                        {
                            "x": 1522479600000,
                            "y": 677207
                        },
                        {
                            "x": 1525071600000,
                            "y": 663815
                        },
                        {
                            "x": 1527750000000,
                            "y": 643368
                        },
                        {
                            "x": 1530342000000,
                            "y": 638548
                        },
                        {
                            "x": 1533020400000,
                            "y": 641674
                        },
                        {
                            "x": 1535698800000,
                            "y": 640279
                        },
                        {
                            "x": 1538290800000,
                            "y": 634013
                        },
                        {
                            "x": 1540969200000,
                            "y": 644882
                        },
                        {
                            "x": 1543564800000,
                            "y": 645472
                        },
                        {
                            "x": 1546243200000,
                            "y": 644455
                        },
                        {
                            "x": 1548921600000,
                            "y": 620212
                        },
                        {
                            "x": 1551340800000,
                            "y": 621682
                        },
                        {
                            "x": 1554015600000,
                            "y": 585328
                        },
                        {
                            "x": 1556607600000,
                            "y": 599696
                        },
                        {
                            "x": 1559286000000,
                            "y": 602182
                        },
                        {
                            "x": 1561878000000,
                            "y": 605482
                        },
                        {
                            "x": 1564556400000,
                            "y": 604297
                        },
                        {
                            "x": 1567234800000,
                            "y": 600460
                        },
                        {
                            "x": 1569826800000,
                            "y": 610711
                        },
                        {
                            "x": 1572505200000,
                            "y": 612598
                        },
                        {
                            "x": 1575100800000,
                            "y": 609154
                        },
                        {
                            "x": 1577779200000,
                            "y": 610150
                        },
                        {
                            "x": 1580457600000,
                            "y": 619627
                        },
                        {
                            "x": 1582963200000,
                            "y": 728118
                        },
                        {
                            "x": 1585638000000,
                            "y": 720680
                        },
                        {
                            "x": 1588230000000,
                            "y": 720216
                        },
                        {
                            "x": 1590908400000,
                            "y": 735613
                        },
                        {
                            "x": 1593500400000,
                            "y": 728950
                        },
                        {
                            "x": 1596178800000,
                            "y": 735635
                        },
                        {
                            "x": 1598857200000,
                            "y": 736733
                        },
                        {
                            "x": 1601449200000,
                            "y": 710396
                        },
                        {
                            "x": 1604127600000,
                            "y": 715427
                        },
                        {
                            "x": 1606723200000,
                            "y": 725372
                        },
                        {
                            "x": 1609401600000,
                            "y": 736411
                        },
                        {
                            "x": 1612080000000,
                            "y": 750541
                        },
                        {
                            "x": 1614499200000,
                            "y": 760834
                        },
                        {
                            "x": 1617174000000,
                            "y": 807561
                        },
                        {
                            "x": 1619766000000,
                            "y": 833588
                        },
                        {
                            "x": 1622444400000,
                            "y": 858860
                        },
                        {
                            "x": 1625036400000,
                            "y": 912700
                        },
                        {
                            "x": 1627714800000,
                            "y": 961900
                        },
                        {
                            "x": 1630393200000,
                            "y": 963500
                        },
                        {
                            "x": 1632985200000,
                            "y": 978200
                        },
                        {
                            "x": 1635663600000,
                            "y": 998100
                        },
                        {
                            "x": 1638259200000,
                            "y": 1024200
                        },
                        {
                            "x": 1640937600000,
                            "y": 1063300
                        },
                        {
                            "x": 1643616000000,
                            "y": 1073500
                        },
                        {
                            "x": 1646035200000,
                            "y": 1119700
                        },
                        {
                            "x": 1648710000000,
                            "y": 1209500
                        },
                        {
                            "x": 1651302000000,
                            "y": 1360800
                        },
                        {
                            "x": 1653980400000,
                            "y": 1372700
                        },
                        {
                            "x": 1656572400000,
                            "y": 1394300
                        },
                        {
                            "x": 1659250800000,
                            "y": 1428600
                        },
                        {
                            "x": 1661929200000,
                            "y": 1440300
                        },
                        {
                            "x": 1664521200000,
                            "y": 1473300
                        },
                        {
                            "x": 1667199600000,
                            "y": 1487100
                        },
                        {
                            "x": 1669795200000,
                            "y": 1498300
                        },
                        {
                            "x": 1672473600000,
                            "y": 1489800
                        },
                        {
                            "x": 1675152000000,
                            "y": 1497200
                        },
                        {
                            "x": 1677571200000,
                            "y": 1488700
                        },
                        {
                            "x": 1680246000000,
                            "y": 1457700
                        },
                        {
                            "x": 1682838000000,
                            "y": 1461300
                        },
                        {
                            "x": 1685516400000,
                            "y": 1516900
                        },
                        {
                            "x": 1688108400000,
                            "y": 1406300
                        },
                        {
                            "x": 1690786800000,
                            "y": 1377300
                        },
                        {
                            "x": 1693465200000,
                            "y": 1405500
                        },
                        {
                            "x": 1696057200000,
                            "y": 1412800
                        },
                        {
                            "x": 1698735600000,
                            "y": 1417700
                        },
                        {
                            "x": 1701331200000,
                            "y": 1418800
                        },
                        {
                            "x": 1704009600000,
                            "y": 1509800
                        },
                        {
                            "x": 1706688000000,
                            "y": 1517000
                        },
                        {
                            "x": 1707206400000,
                            "y": 1542000
                        }
                    ],
                    "name": "This home"
                },
                {
                    "points": [
                        {
                            "x": 1400137200000,
                            "y": 215000
                        },
                        {
                            "x": 1425369600000,
                            "y": 570000
                        },
                        {
                            "x": 1653289200000,
                            "y": 1350000
                        }
                    ],
                    "name": "Sale"
                }
            ]
        }
    }
}