{
    "data": {
        "property": {
            "homeValueChartData": [
                {
                    "points": [
                        {
                            "x": 1393574400000,
                            "y": 452263
                        },
                        {
                            "x": 1396249200000,
                            "y": 452055
                        },
                        {
                            "x": 1398841200000,
                            "y": 455352
                        },
                        {
                            "x": 1401519600000,
                            "y": 444207
                        },
                        {
                            "x": 1404111600000,
                            "y": 459436
                        },
                        {
                            "x": 1406790000000,
                            "y": 450499
                        },
                        {
                            "x": 1409468400000,
                            "y": 424263
                        },
                        {
                            "x": 1412060400000,
                            "y": 421038
                        },
                        {
                            "x": 1414738800000,
                            "y": 421543
                        },
                        {
                            "x": 1417334400000,
                            "y": 464322
                        },
                        {
                            "x": 1420012800000,
                            "y": 469714
                        },
                        {
                            "x": 1422691200000,
                            "y": 468241
                        },
                        {
                            "x": 1425110400000,
                            "y": 498310
                        },
                        {
                            "x": 1427785200000,
                            "y": 514315
                        },
                        {
                            "x": 1430377200000,
                            "y": 517231
                        },
                        {
                            "x": 1433055600000,
                            "y": 509932
                        },
                        {
                            "x": 1435647600000,
                            "y": 526471
                        },
                        {
                            "x": 1438326000000,
                            "y": 534810
                        },
                        {
                            "x": 1441004400000,
                            "y": 542194
                        },
                        {
                            "x": 1443596400000,
                            "y": 589009
                        },
                        {
                            "x": 1446274800000,
                            "y": 576741
                        },
                        {
                            "x": 1448870400000,
                            "y": 554634
                        },
                        {
                            "x": 1451548800000,
                            "y": 624484
                        },
                        {
                            "x": 1454227200000,
                            "y": 633887
                        },
                        {
                            "x": 1456732800000,
                            "y": 634529
                        },
                        {
                            "x": 1459407600000,
                            "y": 636723
                        },
                        {
                            "x": 1461999600000,
                            "y": 634703
                        },
                        {
                            "x": 1464678000000,
                            "y": 621907
                        },
                        {
                            "x": 1467270000000,
                            "y": 632782
                        },
                        {
                            "x": 1469948400000,
                            "y": 631913
                        },
                        {
                            "x": 1472626800000,
                            "y": 653845
                        },
                        {
                            "x": 1475218800000,
                            "y": 654200
                        },
                        {
                            "x": 1477897200000,
                            "y": 653660
                        },
                        {
                            "x": 1480492800000,
                            "y": 625772
                        },
                        {
                            "x": 1483171200000,
                            "y": 625188
                        },
                        {
                            "x": 1485849600000,
                            "y": 616240
                        },
                        {
                            "x": 1488268800000,
                            "y": 615213
                        },
                        {
                            "x": 1490943600000,
                            "y": 608113
                        },
                        {
                            "x": 1493535600000,
                            "y": 598577
                        },
                        {
                            "x": 1496214000000,
                            "y": 602235
                        },
                        {
                            "x": 1498806000000,
                            "y": 614316
                        },
                        {
                            "x": 1501484400000,
                            "y": 609331
                        },
                        {
                            "x": 1504162800000,
                            "y": 613107
                        },
                        {
                            "x": 1506754800000,
                            "y": 610301
                        },
                        {
                            "x": 1509433200000,
                            "y": 610209
                        },
                        {
                            "x": 1512028800000,
                            "y": 604869
                        },
                        {
                            "x": 1514707200000,
                            "y": 623372
                        },
                        {
                            "x": 1517385600000,
                            "y": 652537
                        },
                        {
                            "x": 1519804800000,
                            "y": 651927
                        },
                        {
                            "x": 1522479600000,
                            "y": 666397
                        },
                        {
                            "x": 1525071600000,
                            "y": 657224
                        },
                        {
                            "x": 1527750000000,
                            "y": 651171
                        },
                        {
                            "x": 1530342000000,
                            "y": 653882
                        },
                        {
                            "x": 1533020400000,
                            "y": 650505
                        },
                        {
                            "x": 1535698800000,
                            "y": 651363
                        },
                        {
                            "x": 1538290800000,
                            "y": 663010
                        },
                        {
                            "x": 1540969200000,
                            "y": 669408
                        },
                        {
                            "x": 1543564800000,
                            "y": 680993
                        },
                        {
                            "x": 1546243200000,
                            "y": 671985
                        },
                        {
                            "x": 1548921600000,
                            "y": 702933
                        },
                        {
                            "x": 1551340800000,
                            "y": 696385
                        },
                        {
                            "x": 1554015600000,
                            "y": 645745
                        },
                        {
                            "x": 1556607600000,
                            "y": 647145
                        },
                        {
                            "x": 1559286000000,
                            "y": 652167
                        },
                        {
                            "x": 1561878000000,
                            "y": 629947
                        },
                        {
                            "x": 1564556400000,
                            "y": 639650
                        },
                        {
                            "x": 1567234800000,
                            "y": 632988
                        },
                        {
                            "x": 1569826800000,
                            "y": 644739
                        },
                        {
                            "x": 1572505200000,
                            "y": 674700
                        },
                        {
                            "x": 1575100800000,
                            "y": 652043
                        },
                        {
                            "x": 1577779200000,
                            "y": 674766
                        },
                        {
                            "x": 1580457600000,
                            "y": 672694
                        },
                        {
                            "x": 1582963200000,
                            "y": 787567
                        },
                        {
                            "x": 1585638000000,
                            "y": 783110
                        },
                        {
                            "x": 1588230000000,
                            "y": 708382
                        },
                        {
                            "x": 1590908400000,
                            "y": 715770
                        },
                        {
                            "x": 1593500400000,
                            "y": 760906
                        },
                        {
                            "x": 1596178800000,
                            "y": 776613
                        },
                        {
                            "x": 1598857200000,
                            "y": 776018
                        },
                        {
                            "x": 1601449200000,
                            "y": 763319
                        },
                        {
                            "x": 1604127600000,
                            "y": 775432
                        },
                        {
                            "x": 1606723200000,
                            "y": 791221
                        },
                        {
                            "x": 1609401600000,
                            "y": 800509
                        },
                        {
                            "x": 1612080000000,
                            "y": 830453
                        },
                        {
                            "x": 1614499200000,
                            "y": 839353
                        },
                        {
                            "x": 1617174000000,
                            "y": 840755
                        },
                        {
                            "x": 1619766000000,
                            "y": 929142
                        },
                        {
                            "x": 1622444400000,
                            "y": 950489
                        },
                        {
                            "x": 1625036400000,
                            "y": 944900
                        },
                        {
                            "x": 1627714800000,
                            "y": 944000
                        },
                        {
                            "x": 1630393200000,
                            "y": 936100
                        },
                        {
                            "x": 1632985200000,
                            "y": 948400
                        },
                        {
                            "x": 1635663600000,
                            "y": 975300
                        },
                        {
                            "x": 1638259200000,
                            "y": 1011700
                        },
                        {
                            "x": 1640937600000,
                            "y": 1064600
                        },
                        {
                            "x": 1643616000000,
                            "y": 1068300
                        },
                        {
                            "x": 1646035200000,
                            "y": 1109000
                        },
                        {
                            "x": 1648710000000,
                            "y": 1152700
                        },
                        {
                            "x": 1651302000000,
                            "y": 1282300
                        },
                        {
                            "x": 1653980400000,
                            "y": 1260300
                        },
                        {
                            "x": 1656572400000,
                            "y": 1264800
                        },
                        {
                            "x": 1659250800000,
                            "y": 1290900
                        },
                        {
                            "x": 1661929200000,
                            "y": 1308600
                        },
                        {
                            "x": 1664521200000,
                            "y": 1337800
                        },
                        {
                            "x": 1667199600000,
                            "y": 1353700
                        },
                        {
                            "x": 1669795200000,
                            "y": 1365700
                        },
                        {
                            "x": 1672473600000,
                            "y": 1360900
                        },
                        {
                            "x": 1675152000000,
                            "y": 1367300
                        },
                        {
                            "x": 1677571200000,
                            "y": 1360700
                        },
                        {
                            "x": 1680246000000,
                            "y": 1334100
                        },
                        {
                            "x": 1682838000000,
                            "y": 1336900
                        },
                        {
                            "x": 1685516400000,
                            "y": 1312600
                        },
                        {
                            "x": 1688108400000,
                            "y": 1281200
                        },
                        {
                            "x": 1690786800000,
                            "y": 1256700
                        },
                        {
                            "x": 1693465200000,
                            "y": 1332400
                        },
                        {
                            "x": 1696057200000,
                            "y": 1338500
                        },
                        {
                            "x": 1698735600000,
                            "y": 1349600
                        },
                        {
                            "x": 1701331200000,
                            "y": 1333000
                        },
                        {
                            "x": 1704009600000,
                            "y": 1416500
                        },
                        {
                            "x": 1706688000000,
                            "y": 2677800
                        },
                        {
                            "x": 1707206400000,
                            "y": 2558500
                        }
                    ],
                    "name": "This home"
                },
                {
                    "points": [
                        {
                            "x": 1655794800000,
                            "y": 1250000
                        }
                    ],
                    "name": "Sale"
                }
            ]
        }
    }
}