{
    "data": {
        "property": {
            "homeValueChartData": [
                {
                    "points": [
                        {
                            "x": 1393574400000,
                            "y": 485128
                        },
                        {
                            "x": 1396249200000,
                            "y": 509901
                        },
                        {
                            "x": 1398841200000,
                            "y": 442586
                        },
                        {
                            "x": 1401519600000,
                            "y": 436185
                        },
                        {
                            "x": 1404111600000,
                            "y": 499571
                        },
                        {
                            "x": 1406790000000,
                            "y": 519081
                        },
                        {
                            "x": 1409468400000,
                            "y": 530650
                        },
                        {
                            "x": 1412060400000,
                            "y": 541593
                        },
                        {
                            "x": 1414738800000,
                            "y": 518917
                        },
                        {
                            "x": 1417334400000,
                            "y": 539976
                        },
                        {
                            "x": 1420012800000,
                            "y": 558613
                        },
                        {
                            "x": 1422691200000,
                            "y": 521319
                        },
                        {
                            "x": 1425110400000,
                            "y": 574402
                        },
                        {
                            "x": 1427785200000,
                            "y": 601774
                        },
                        {
                            "x": 1430377200000,
                            "y": 591115
                        },
                        {
                            "x": 1433055600000,
                            "y": 588741
                        },
                        {
                            "x": 1435647600000,
                            "y": 618447
                        },
                        {
                            "x": 1438326000000,
                            "y": 598183
                        },
                        {
                            "x": 1441004400000,
                            "y": 582937
                        },
                        {
                            "x": 1443596400000,
                            "y": 611140
                        },
                        {
                            "x": 1446274800000,
                            "y": 593879
                        },
                        {
                            "x": 1448870400000,
                            "y": 587533
                        },
                        {
                            "x": 1451548800000,
                            "y": 637144
                        },
                        {
                            "x": 1454227200000,
                            "y": 658269
                        },
                        {
                            "x": 1456732800000,
                            "y": 663212
                        },
                        {
                            "x": 1459407600000,
                            "y": 654951
                        },
                        {
                            "x": 1461999600000,
                            "y": 665218
                        },
                        {
                            "x": 1464678000000,
                            "y": 667937
                        },
                        {
                            "x": 1467270000000,
                            "y": 663534
                        },
                        {
                            "x": 1469948400000,
                            "y": 665334
                        },
                        {
                            "x": 1472626800000,
                            "y": 675870
                        },
                        {
                            "x": 1475218800000,
                            "y": 667473
                        },
                        {
                            "x": 1477897200000,
                            "y": 673905
                        },
                        {
                            "x": 1480492800000,
                            "y": 661814
                        },
                        {
                            "x": 1483171200000,
                            "y": 640080
                        },
                        {
                            "x": 1485849600000,
                            "y": 638021
                        },
                        {
                            "x": 1488268800000,
                            "y": 641586
                        },
                        {
                            "x": 1490943600000,
                            "y": 638316
                        },
                        {
                            "x": 1493535600000,
                            "y": 627961
                        },
                        {
                            "x": 1496214000000,
                            "y": 642655
                        },
                        {
                            "x": 1498806000000,
                            "y": 638406
                        },
                        {
                            "x": 1501484400000,
                            "y": 616073
                        },
                        {
                            "x": 1504162800000,
                            "y": 639078
                        },
                        {
                            "x": 1506754800000,
                            "y": 624761
                        },
                        {
                            "x": 1509433200000,
                            "y": 614056
                        },
                        {
                            "x": 1512028800000,
                            "y": 614693
                        },
                        {
                            "x": 1514707200000,
                            "y": 626015
                        },
                        {
                            "x": 1517385600000,
                            "y": 702484
                        },
                        {
                            "x": 1519804800000,
                            "y": 700113
                        },
                        {
                            "x": 1522479600000,
                            "y": 713182
                        },
                        {
                            "x": 1525071600000,
                            "y": 717741
                        },
                        {
                            "x": 1527750000000,
                            "y": 708170
                        },
                        {
                            "x": 1530342000000,
                            "y": 691141
                        },
                        {
                            "x": 1533020400000,
                            "y": 687441
                        },
                        {
                            "x": 1535698800000,
                            "y": 701118
                        },
                        {
                            "x": 1538290800000,
                            "y": 678230
                        },
                        {
                            "x": 1540969200000,
                            "y": 705051
                        },
                        {
                            "x": 1543564800000,
                            "y": 697170
                        },
                        {
                            "x": 1546243200000,
                            "y": 696557
                        },
                        {
                            "x": 1548921600000,
                            "y": 724357
                        },
                        {
                            "x": 1551340800000,
                            "y": 692982
                        },
                        {
                            "x": 1554015600000,
                            "y": 662739
                        },
                        {
                            "x": 1556607600000,
                            "y": 668568
                        },
                        {
                            "x": 1559286000000,
                            "y": 669424
                        },
                        {
                            "x": 1561878000000,
                            "y": 684188
                        },
                        {
                            "x": 1564556400000,
                            "y": 699847
                        },
                        {
                            "x": 1567234800000,
                            "y": 708357
                        },
                        {
                            "x": 1569826800000,
                            "y": 706994
                        },
                        {
                            "x": 1572505200000,
                            "y": 706873
                        },
                        {
                            "x": 1575100800000,
                            "y": 743787
                        },
                        {
                            "x": 1577779200000,
                            "y": 751195
                        },
                        {
                            "x": 1580457600000,
                            "y": 751863
                        },
                        {
                            "x": 1582963200000,
                            "y": 787221
                        },
                        {
                            "x": 1585638000000,
                            "y": 779181
                        },
                        {
                            "x": 1588230000000,
                            "y": 778885
                        },
                        {
                            "x": 1590908400000,
                            "y": 778107
                        },
                        {
                            "x": 1593500400000,
                            "y": 780054
                        },
                        {
                            "x": 1596178800000,
                            "y": 797961
                        },
                        {
                            "x": 1598857200000,
                            "y": 802843
                        },
                        {
                            "x": 1601449200000,
                            "y": 815659
                        },
                        {
                            "x": 1604127600000,
                            "y": 824162
                        },
                        {
                            "x": 1606723200000,
                            "y": 838604
                        },
                        {
                            "x": 1609401600000,
                            "y": 851228
                        },
                        {
                            "x": 1612080000000,
                            "y": 861921
                        },
                        {
                            "x": 1614499200000,
                            "y": 877953
                        },
                        {
                            "x": 1617174000000,
                            "y": 887701
                        },
                        {
                            "x": 1619766000000,
                            "y": 933736
                        },
                        {
                            "x": 1622444400000,
                            "y": 953717
                        },
                        {
                            "x": 1625036400000,
                            "y": 899000
                        },
                        {
                            "x": 1627714800000,
                            "y": 886100
                        },
                        {
                            "x": 1630393200000,
                            "y": 896600
                        },
                        {
                            "x": 1632985200000,
                            "y": 876400
                        },
                        {
                            "x": 1635663600000,
                            "y": 877100
                        },
                        {
                            "x": 1638259200000,
                            "y": 1369700
                        },
                        {
                            "x": 1640937600000,
                            "y": 1463700
                        },
                        {
                            "x": 1643616000000,
                            "y": 1485100
                        },
                        {
                            "x": 1646035200000,
                            "y": 1554300
                        },
                        {
                            "x": 1648710000000,
                            "y": 1603200
                        },
                        {
                            "x": 1651302000000,
                            "y": 1622300
                        },
                        {
                            "x": 1653980400000,
                            "y": 1634100
                        },
                        {
                            "x": 1656572400000,
                            "y": 1666000
                        },
                        {
                            "x": 1659250800000,
                            "y": 1702300
                        },
                        {
                            "x": 1661929200000,
                            "y": 1655600
                        },
                        {
                            "x": 1664521200000,
                            "y": 1631400
                        },
                        {
                            "x": 1667199600000,
                            "y": 1640100
                        },
                        {
                            "x": 1669795200000,
                            "y": 1645100
                        },
                        {
                            "x": 1672473600000,
                            "y": 1671900
                        },
                        {
                            "x": 1675152000000,
                            "y": 1678900
                        },
                        {
                            "x": 1685516400000,
                            "y": 2724300
                        },
                        {
                            "x": 1688108400000,
                            "y": 2578500
                        },
                        {
                            "x": 1690786800000,
                            "y": 2594300
                        },
                        {
                            "x": 1693465200000,
                            "y": 2519700
                        },
                        {
                            "x": 1696057200000,
                            "y": 2543900
                        },
                        {
                            "x": 1698735600000,
                            "y": 2549000
                        },
                        {
                            "x": 1701331200000,
                            "y": 2509800
                        },
                        {
                            "x": 1704009600000,
                            "y": 2463400
                        },
                        {
                            "x": 1706688000000,
                            "y": 2456000
                        },
                        {
                            "x": 1707292800000,
                            "y": 2464600
                        }
                    ],
                    "name": "This home"
                },
                {
                    "points": [
                        {
                            "x": 1628665200000,
                            "y": 700000
                        }
                    ],
                    "name": "Sale"
                }
            ]
        }
    }
}