{
    "data": {
        "property": {
            "homeValueChartData": [
                {
                    "points": [
                        {
                            "x": 1393574400000,
                            "y": 240776
                        },
                        {
                            "x": 1396249200000,
                            "y": 243656
                        },
                        {
                            "x": 1398841200000,
                            "y": 242967
                        },
                        {
                            "x": 1401519600000,
                            "y": 245259
                        },
                        {
                            "x": 1404111600000,
                            "y": 247861
                        },
                        {
                            "x": 1406790000000,
                            "y": 244644
                        },
                        {
                            "x": 1409468400000,
                            "y": 242717
                        },
                        {
                            "x": 1412060400000,
                            "y": 237158
                        },
                        {
                            "x": 1414738800000,
                            "y": 238622
                        },
                        {
                            "x": 1417334400000,
                            "y": 237801
                        },
                        {
                            "x": 1420012800000,
                            "y": 241790
                        },
                        {
                            "x": 1422691200000,
                            "y": 244736
                        },
                        {
                            "x": 1425110400000,
                            "y": 243175
                        },
                        {
                            "x": 1427785200000,
                            "y": 241274
                        },
                        {
                            "x": 1430377200000,
                            "y": 244092
                        },
                        {
                            "x": 1433055600000,
                            "y": 244699
                        },
                        {
                            "x": 1435647600000,
                            "y": 246891
                        },
                        {
                            "x": 1438326000000,
                            "y": 248010
                        },
                        {
                            "x": 1441004400000,
                            "y": 250597
                        },
                        {
                            "x": 1443596400000,
                            "y": 256152
                        },
                        {
                            "x": 1446274800000,
                            "y": 259910
                        },
                        {
                            "x": 1448870400000,
                            "y": 260987
                        },
                        {
                            "x": 1451548800000,
                            "y": 258979
                        },
                        {
                            "x": 1454227200000,
                            "y": 238260
                        },
                        {
                            "x": 1456732800000,
                            "y": 239024
                        },
                        {
                            "x": 1459407600000,
                            "y": 240205
                        },
                        {
                            "x": 1461999600000,
                            "y": 249903
                        },
                        {
                            "x": 1464678000000,
                            "y": 258199
                        },
                        {
                            "x": 1467270000000,
                            "y": 261884
                        },
                        {
                            "x": 1469948400000,
                            "y": 260238
                        },
                        {
                            "x": 1472626800000,
                            "y": 265089
                        },
                        {
                            "x": 1475218800000,
                            "y": 261740
                        },
                        {
                            "x": 1477897200000,
                            "y": 262720
                        },
                        {
                            "x": 1480492800000,
                            "y": 265913
                        },
                        {
                            "x": 1483171200000,
                            "y": 267007
                        },
                        {
                            "x": 1485849600000,
                            "y": 274573
                        },
                        {
                            "x": 1488268800000,
                            "y": 277691
                        },
                        {
                            "x": 1490943600000,
                            "y": 285709
                        },
                        {
                            "x": 1493535600000,
                            "y": 287502
                        },
                        {
                            "x": 1496214000000,
                            "y": 301816
                        },
                        {
                            "x": 1498806000000,
                            "y": 305640
                        },
                        {
                            "x": 1501484400000,
                            "y": 306825
                        },
                        {
                            "x": 1504162800000,
                            "y": 307441
                        },
                        {
                            "x": 1506754800000,
                            "y": 312703
                        },
                        {
                            "x": 1509433200000,
                            "y": 315743
                        },
                        {
                            "x": 1512028800000,
                            "y": 316929
                        },
                        {
                            "x": 1514707200000,
                            "y": 317050
                        },
                        {
                            "x": 1517385600000,
                            "y": 321948
                        },
                        {
                            "x": 1519804800000,
                            "y": 324099
                        },
                        {
                            "x": 1522479600000,
                            "y": 324179
                        },
                        {
                            "x": 1525071600000,
                            "y": 321751
                        },
                        {
                            "x": 1527750000000,
                            "y": 318361
                        },
                        {
                            "x": 1530342000000,
                            "y": 317447
                        },
                        {
                            "x": 1533020400000,
                            "y": 320038
                        },
                        {
                            "x": 1535698800000,
                            "y": 318435
                        },
                        {
                            "x": 1538290800000,
                            "y": 312921
                        },
                        {
                            "x": 1540969200000,
                            "y": 313864
                        },
                        {
                            "x": 1543564800000,
                            "y": 315973
                        },
                        {
                            "x": 1546243200000,
                            "y": 316587
                        },
                        {
                            "x": 1548921600000,
                            "y": 307734
                        },
                        {
                            "x": 1551340800000,
                            "y": 302347
                        },
                        {
                            "x": 1554015600000,
                            "y": 318047
                        },
                        {
                            "x": 1556607600000,
                            "y": 314462
                        },
                        {
                            "x": 1559286000000,
                            "y": 318326
                        },
                        {
                            "x": 1561878000000,
                            "y": 322330
                        },
                        {
                            "x": 1564556400000,
                            "y": 314918
                        },
                        {
                            "x": 1567234800000,
                            "y": 322056
                        },
                        {
                            "x": 1569826800000,
                            "y": 317471
                        },
                        {
                            "x": 1572505200000,
                            "y": 319430
                        },
                        {
                            "x": 1575100800000,
                            "y": 324670
                        },
                        {
                            "x": 1577779200000,
                            "y": 324584
                        },
                        {
                            "x": 1580457600000,
                            "y": 326921
                        },
                        {
                            "x": 1582963200000,
                            "y": 335316
                        },
                        {
                            "x": 1585638000000,
                            "y": 333741
                        },
                        {
                            "x": 1588230000000,
                            "y": 328300
                        },
                        {
                            "x": 1590908400000,
                            "y": 332001
                        },
                        {
                            "x": 1593500400000,
                            "y": 334779
                        },
                        {
                            "x": 1596178800000,
                            "y": 329490
                        },
                        {
                            "x": 1598857200000,
                            "y": 335482
                        },
                        {
                            "x": 1601449200000,
                            "y": 347937
                        },
                        {
                            "x": 1604127600000,
                            "y": 352348
                        },
                        {
                            "x": 1606723200000,
                            "y": 350085
                        },
                        {
                            "x": 1609401600000,
                            "y": 353139
                        },
                        {
                            "x": 1612080000000,
                            "y": 356272
                        },
                        {
                            "x": 1614499200000,
                            "y": 355222
                        },
                        {
                            "x": 1617174000000,
                            "y": 357527
                        },
                        {
                            "x": 1619766000000,
                            "y": 365783
                        },
                        {
                            "x": 1622444400000,
                            "y": 381056
                        },
                        {
                            "x": 1625036400000,
                            "y": 370200
                        },
                        {
                            "x": 1627714800000,
                            "y": 364700
                        },
                        {
                            "x": 1630393200000,
                            "y": 361200
                        },
                        {
                            "x": 1632985200000,
                            "y": 363600
                        },
                        {
                            "x": 1635663600000,
                            "y": 369600
                        },
                        {
                            "x": 1638259200000,
                            "y": 373200
                        },
                        {
                            "x": 1640937600000,
                            "y": 378300
                        },
                        {
                            "x": 1643616000000,
                            "y": 373800
                        },
                        {
                            "x": 1646035200000,
                            "y": 374300
                        },
                        {
                            "x": 1648710000000,
                            "y": 437700
                        },
                        {
                            "x": 1651302000000,
                            "y": 459300
                        },
                        {
                            "x": 1653980400000,
                            "y": 505600
                        },
                        {
                            "x": 1656572400000,
                            "y": 528600
                        },
                        {
                            "x": 1659250800000,
                            "y": 540500
                        },
                        {
                            "x": 1661929200000,
                            "y": 547700
                        },
                        {
                            "x": 1664521200000,
                            "y": 548100
                        },
                        {
                            "x": 1667199600000,
                            "y": 552100
                        },
                        {
                            "x": 1669795200000,
                            "y": 548600
                        },
                        {
                            "x": 1672473600000,
                            "y": 542700
                        },
                        {
                            "x": 1675152000000,
                            "y": 540900
                        },
                        {
                            "x": 1677571200000,
                            "y": 534600
                        },
                        {
                            "x": 1680246000000,
                            "y": 528100
                        },
                        {
                            "x": 1682838000000,
                            "y": 531400
                        },
                        {
                            "x": 1685516400000,
                            "y": 536800
                        },
                        {
                            "x": 1688108400000,
                            "y": 536700
                        },
                        {
                            "x": 1690786800000,
                            "y": 543200
                        },
                        {
                            "x": 1693465200000,
                            "y": 544700
                        },
                        {
                            "x": 1696057200000,
                            "y": 555900
                        },
                        {
                            "x": 1698735600000,
                            "y": 599800
                        },
                        {
                            "x": 1701331200000,
                            "y": 598100
                        },
                        {
                            "x": 1704009600000,
                            "y": 595500
                        },
                        {
                            "x": 1706688000000,
                            "y": 599000
                        },
                        {
                            "x": 1707120000000,
                            "y": 583200
                        }
                    ],
                    "name": "This home"
                },
                {
                    "points": [
                        {
                            "x": 1650265200000,
                            "y": 415000
                        }
                    ],
                    "name": "Sale"
                }
            ]
        }
    }
}