{
    "data": {
        "property": {
            "homeValueChartData": [
                {
                    "points": [
                        {
                            "x": 1393574400000,
                            "y": 670426
                        },
                        {
                            "x": 1396249200000,
                            "y": 670426
                        },
                        {
                            "x": 1398841200000,
                            "y": 667970
                        },
                        {
                            "x": 1401519600000,
                            "y": 643407
                        },
                        {
                            "x": 1404111600000,
                            "y": 640901
                        },
                        {
                            "x": 1406790000000,
                            "y": 674206
                        },
                        {
                            "x": 1409468400000,
                            "y": 678755
                        },
                        {
                            "x": 1412060400000,
                            "y": 675234
                        },
                        {
                            "x": 1414738800000,
                            "y": 678369
                        },
                        {
                            "x": 1417334400000,
                            "y": 687806
                        },
                        {
                            "x": 1420012800000,
                            "y": 689714
                        },
                        {
                            "x": 1422691200000,
                            "y": 697296
                        },
                        {
                            "x": 1425110400000,
                            "y": 697422
                        },
                        {
                            "x": 1427785200000,
                            "y": 708819
                        },
                        {
                            "x": 1430377200000,
                            "y": 717518
                        },
                        {
                            "x": 1433055600000,
                            "y": 715636
                        },
                        {
                            "x": 1435647600000,
                            "y": 712689
                        },
                        {
                            "x": 1438326000000,
                            "y": 725446
                        },
                        {
                            "x": 1441004400000,
                            "y": 726826
                        },
                        {
                            "x": 1443596400000,
                            "y": 741313
                        },
                        {
                            "x": 1446274800000,
                            "y": 741659
                        },
                        {
                            "x": 1448870400000,
                            "y": 745749
                        },
                        {
                            "x": 1451548800000,
                            "y": 756431
                        },
                        {
                            "x": 1454227200000,
                            "y": 760627
                        },
                        {
                            "x": 1456732800000,
                            "y": 765031
                        },
                        {
                            "x": 1459407600000,
                            "y": 765300
                        },
                        {
                            "x": 1461999600000,
                            "y": 779347
                        },
                        {
                            "x": 1464678000000,
                            "y": 772890
                        },
                        {
                            "x": 1467270000000,
                            "y": 781656
                        },
                        {
                            "x": 1469948400000,
                            "y": 793400
                        },
                        {
                            "x": 1472626800000,
                            "y": 783987
                        },
                        {
                            "x": 1475218800000,
                            "y": 782159
                        },
                        {
                            "x": 1477897200000,
                            "y": 791487
                        },
                        {
                            "x": 1480492800000,
                            "y": 791847
                        },
                        {
                            "x": 1483171200000,
                            "y": 802556
                        },
                        {
                            "x": 1485849600000,
                            "y": 803767
                        },
                        {
                            "x": 1488268800000,
                            "y": 811847
                        },
                        {
                            "x": 1490943600000,
                            "y": 813377
                        },
                        {
                            "x": 1493535600000,
                            "y": 812430
                        },
                        {
                            "x": 1496214000000,
                            "y": 817564
                        },
                        {
                            "x": 1498806000000,
                            "y": 823133
                        },
                        {
                            "x": 1501484400000,
                            "y": 821710
                        },
                        {
                            "x": 1504162800000,
                            "y": 822626
                        },
                        {
                            "x": 1506754800000,
                            "y": 815691
                        },
                        {
                            "x": 1509433200000,
                            "y": 816046
                        },
                        {
                            "x": 1512028800000,
                            "y": 775242
                        },
                        {
                            "x": 1514707200000,
                            "y": 796932
                        },
                        {
                            "x": 1517385600000,
                            "y": 794483
                        },
                        {
                            "x": 1519804800000,
                            "y": 763067
                        },
                        {
                            "x": 1522479600000,
                            "y": 754903
                        },
                        {
                            "x": 1525071600000,
                            "y": 780732
                        },
                        {
                            "x": 1527750000000,
                            "y": 794506
                        },
                        {
                            "x": 1530342000000,
                            "y": 797862
                        },
                        {
                            "x": 1533020400000,
                            "y": 781804
                        },
                        {
                            "x": 1535698800000,
                            "y": 801990
                        },
                        {
                            "x": 1538290800000,
                            "y": 800545
                        },
                        {
                            "x": 1540969200000,
                            "y": 801810
                        },
                        {
                            "x": 1543564800000,
                            "y": 804800
                        },
                        {
                            "x": 1546243200000,
                            "y": 805312
                        },
                        {
                            "x": 1548921600000,
                            "y": 845730
                        },
                        {
                            "x": 1551340800000,
                            "y": 821596
                        },
                        {
                            "x": 1554015600000,
                            "y": 793830
                        },
                        {
                            "x": 1556607600000,
                            "y": 804929
                        },
                        {
                            "x": 1559286000000,
                            "y": 795451
                        },
                        {
                            "x": 1561878000000,
                            "y": 818971
                        },
                        {
                            "x": 1564556400000,
                            "y": 779109
                        },
                        {
                            "x": 1567234800000,
                            "y": 785428
                        },
                        {
                            "x": 1569826800000,
                            "y": 793934
                        },
                        {
                            "x": 1572505200000,
                            "y": 809708
                        },
                        {
                            "x": 1575100800000,
                            "y": 829759
                        },
                        {
                            "x": 1577779200000,
                            "y": 832588
                        },
                        {
                            "x": 1580457600000,
                            "y": 820479
                        },
                        {
                            "x": 1582963200000,
                            "y": 852537
                        },
                        {
                            "x": 1585638000000,
                            "y": 834657
                        },
                        {
                            "x": 1588230000000,
                            "y": 774881
                        },
                        {
                            "x": 1590908400000,
                            "y": 792321
                        },
                        {
                            "x": 1593500400000,
                            "y": 792199
                        },
                        {
                            "x": 1596178800000,
                            "y": 792011
                        },
                        {
                            "x": 1598857200000,
                            "y": 793758
                        },
                        {
                            "x": 1601449200000,
                            "y": 828582
                        },
                        {
                            "x": 1604127600000,
                            "y": 835711
                        },
                        {
                            "x": 1606723200000,
                            "y": 851246
                        },
                        {
                            "x": 1609401600000,
                            "y": 873562
                        },
                        {
                            "x": 1612080000000,
                            "y": 885881
                        },
                        {
                            "x": 1614499200000,
                            "y": 895928
                        },
                        {
                            "x": 1617174000000,
                            "y": 909776
                        },
                        {
                            "x": 1619766000000,
                            "y": 963214
                        },
                        {
                            "x": 1622444400000,
                            "y": 994554
                        },
                        {
                            "x": 1625036400000,
                            "y": 1132600
                        },
                        {
                            "x": 1627714800000,
                            "y": 1214100
                        },
                        {
                            "x": 1630393200000,
                            "y": 1223600
                        },
                        {
                            "x": 1632985200000,
                            "y": 1230700
                        },
                        {
                            "x": 1635663600000,
                            "y": 1256100
                        },
                        {
                            "x": 1638259200000,
                            "y": 1310900
                        },
                        {
                            "x": 1640937600000,
                            "y": 1394000
                        },
                        {
                            "x": 1643616000000,
                            "y": 1401700
                        },
                        {
                            "x": 1646035200000,
                            "y": 1451800
                        },
                        {
                            "x": 1648710000000,
                            "y": 1531900
                        },
                        {
                            "x": 1651302000000,
                            "y": 1572200
                        },
                        {
                            "x": 1653980400000,
                            "y": 1605200
                        },
                        {
                            "x": 1656572400000,
                            "y": 1621200
                        },
                        {
                            "x": 1659250800000,
                            "y": 1629400
                        },
                        {
                            "x": 1661929200000,
                            "y": 1550100
                        },
                        {
                            "x": 1664521200000,
                            "y": 1526800
                        },
                        {
                            "x": 1667199600000,
                            "y": 1512700
                        },
                        {
                            "x": 1669795200000,
                            "y": 1498800
                        },
                        {
                            "x": 1672473600000,
                            "y": 1499600
                        },
                        {
                            "x": 1675152000000,
                            "y": 1473500
                        },
                        {
                            "x": 1677571200000,
                            "y": 1460500
                        },
                        {
                            "x": 1680246000000,
                            "y": 1469800
                        },
                        {
                            "x": 1682838000000,
                            "y": 1484900
                        },
                        {
                            "x": 1685516400000,
                            "y": 1496300
                        },
                        {
                            "x": 1688108400000,
                            "y": 1569700
                        },
                        {
                            "x": 1690786800000,
                            "y": 1508000
                        },
                        {
                            "x": 1693465200000,
                            "y": 1546700
                        },
                        {
                            "x": 1696057200000,
                            "y": 1566500
                        },
                        {
                            "x": 1698735600000,
                            "y": 1590800
                        },
                        {
                            "x": 1701331200000,
                            "y": 1569800
                        },
                        {
                            "x": 1704009600000,
                            "y": 1572200
                        },
                        {
                            "x": 1706688000000,
                            "y": 1841300
                        },
                        {
                            "x": 1707292800000,
                            "y": 1760500
                        }
                    ],
                    "name": "This home"
                },
                {
                    "points": [
                        {
                            "x": 1405666800000,
                            "y": 672500
                        }
                    ],
                    "name": "Sale"
                }
            ]
        }
    }
}