{
    "data": {
        "property": {
            "homeValueChartData": [
                {
                    "points": [
                        {
                            "x": 1393574400000,
                            "y": 347910
                        },
                        {
                            "x": 1396249200000,
                            "y": 342060
                        },
                        {
                            "x": 1398841200000,
                            "y": 351976
                        },
                        {
                            "x": 1401519600000,
                            "y": 355795
                        },
                        {
                            "x": 1404111600000,
                            "y": 349592
                        },
                        {
                            "x": 1406790000000,
                            "y": 348945
                        },
                        {
                            "x": 1409468400000,
                            "y": 344231
                        },
                        {
                            "x": 1412060400000,
                            "y": 349971
                        },
                        {
                            "x": 1414738800000,
                            "y": 355813
                        },
                        {
                            "x": 1417334400000,
                            "y": 408501
                        },
                        {
                            "x": 1420012800000,
                            "y": 419844
                        },
                        {
                            "x": 1422691200000,
                            "y": 356109
                        },
                        {
                            "x": 1425110400000,
                            "y": 357645
                        },
                        {
                            "x": 1427785200000,
                            "y": 361863
                        },
                        {
                            "x": 1430377200000,
                            "y": 364776
                        },
                        {
                            "x": 1433055600000,
                            "y": 364335
                        },
                        {
                            "x": 1435647600000,
                            "y": 362499
                        },
                        {
                            "x": 1438326000000,
                            "y": 367417
                        },
                        {
                            "x": 1441004400000,
                            "y": 368618
                        },
                        {
                            "x": 1443596400000,
                            "y": 376520
                        },
                        {
                            "x": 1446274800000,
                            "y": 376226
                        },
                        {
                            "x": 1448870400000,
                            "y": 377323
                        },
                        {
                            "x": 1451548800000,
                            "y": 383212
                        },
                        {
                            "x": 1454227200000,
                            "y": 386635
                        },
                        {
                            "x": 1456732800000,
                            "y": 388899
                        },
                        {
                            "x": 1459407600000,
                            "y": 388403
                        },
                        {
                            "x": 1461999600000,
                            "y": 394958
                        },
                        {
                            "x": 1464678000000,
                            "y": 391574
                        },
                        {
                            "x": 1467270000000,
                            "y": 396065
                        },
                        {
                            "x": 1469948400000,
                            "y": 401989
                        },
                        {
                            "x": 1472626800000,
                            "y": 397580
                        },
                        {
                            "x": 1475218800000,
                            "y": 396948
                        },
                        {
                            "x": 1477897200000,
                            "y": 402520
                        },
                        {
                            "x": 1480492800000,
                            "y": 402754
                        },
                        {
                            "x": 1483171200000,
                            "y": 407494
                        },
                        {
                            "x": 1485849600000,
                            "y": 407342
                        },
                        {
                            "x": 1488268800000,
                            "y": 411632
                        },
                        {
                            "x": 1490943600000,
                            "y": 412299
                        },
                        {
                            "x": 1493535600000,
                            "y": 413525
                        },
                        {
                            "x": 1496214000000,
                            "y": 415738
                        },
                        {
                            "x": 1498806000000,
                            "y": 417561
                        },
                        {
                            "x": 1501484400000,
                            "y": 418625
                        },
                        {
                            "x": 1504162800000,
                            "y": 423087
                        },
                        {
                            "x": 1506754800000,
                            "y": 429610
                        },
                        {
                            "x": 1509433200000,
                            "y": 429913
                        },
                        {
                            "x": 1512028800000,
                            "y": 429289
                        },
                        {
                            "x": 1514707200000,
                            "y": 431117
                        },
                        {
                            "x": 1517385600000,
                            "y": 460019
                        },
                        {
                            "x": 1519804800000,
                            "y": 498715
                        },
                        {
                            "x": 1522479600000,
                            "y": 536751
                        },
                        {
                            "x": 1525071600000,
                            "y": 553985
                        },
                        {
                            "x": 1527750000000,
                            "y": 563200
                        },
                        {
                            "x": 1530342000000,
                            "y": 576338
                        },
                        {
                            "x": 1533020400000,
                            "y": 577567
                        },
                        {
                            "x": 1535698800000,
                            "y": 583301
                        },
                        {
                            "x": 1538290800000,
                            "y": 587517
                        },
                        {
                            "x": 1540969200000,
                            "y": 591531
                        },
                        {
                            "x": 1543564800000,
                            "y": 589221
                        },
                        {
                            "x": 1546243200000,
                            "y": 598484
                        },
                        {
                            "x": 1548921600000,
                            "y": 594941
                        },
                        {
                            "x": 1551340800000,
                            "y": 579875
                        },
                        {
                            "x": 1554015600000,
                            "y": 556806
                        },
                        {
                            "x": 1556607600000,
                            "y": 560667
                        },
                        {
                            "x": 1559286000000,
                            "y": 553862
                        },
                        {
                            "x": 1561878000000,
                            "y": 548294
                        },
                        {
                            "x": 1564556400000,
                            "y": 539361
                        },
                        {
                            "x": 1567234800000,
                            "y": 548764
                        },
                        {
                            "x": 1569826800000,
                            "y": 588528
                        },
                        {
                            "x": 1572505200000,
                            "y": 596404
                        },
                        {
                            "x": 1575100800000,
                            "y": 595486
                        },
                        {
                            "x": 1577779200000,
                            "y": 598095
                        },
                        {
                            "x": 1580457600000,
                            "y": 579794
                        },
                        {
                            "x": 1582963200000,
                            "y": 598141
                        },
                        {
                            "x": 1585638000000,
                            "y": 589412
                        },
                        {
                            "x": 1588230000000,
                            "y": 579409
                        },
                        {
                            "x": 1590908400000,
                            "y": 582043
                        },
                        {
                            "x": 1593500400000,
                            "y": 580811
                        },
                        {
                            "x": 1596178800000,
                            "y": 591784
                        },
                        {
                            "x": 1598857200000,
                            "y": 590905
                        },
                        {
                            "x": 1601449200000,
                            "y": 603619
                        },
                        {
                            "x": 1604127600000,
                            "y": 594807
                        },
                        {
                            "x": 1606723200000,
                            "y": 590071
                        },
                        {
                            "x": 1609401600000,
                            "y": 597807
                        },
                        {
                            "x": 1612080000000,
                            "y": 608172
                        },
                        {
                            "x": 1614499200000,
                            "y": 613273
                        },
                        {
                            "x": 1617174000000,
                            "y": 624058
                        },
                        {
                            "x": 1619766000000,
                            "y": 651509
                        },
                        {
                            "x": 1622444400000,
                            "y": 664376
                        },
                        {
                            "x": 1625036400000,
                            "y": 763600
                        },
                        {
                            "x": 1627714800000,
                            "y": 818000
                        },
                        {
                            "x": 1630393200000,
                            "y": 823900
                        },
                        {
                            "x": 1632985200000,
                            "y": 831300
                        },
                        {
                            "x": 1635663600000,
                            "y": 844900
                        },
                        {
                            "x": 1638259200000,
                            "y": 877200
                        },
                        {
                            "x": 1640937600000,
                            "y": 923400
                        },
                        {
                            "x": 1643616000000,
                            "y": 930300
                        },
                        {
                            "x": 1646035200000,
                            "y": 959600
                        },
                        {
                            "x": 1648710000000,
                            "y": 1013500
                        },
                        {
                            "x": 1651302000000,
                            "y": 1037500
                        },
                        {
                            "x": 1653980400000,
                            "y": 1052100
                        },
                        {
                            "x": 1656572400000,
                            "y": 1068200
                        },
                        {
                            "x": 1659250800000,
                            "y": 1061000
                        },
                        {
                            "x": 1661929200000,
                            "y": 1023300
                        },
                        {
                            "x": 1664521200000,
                            "y": 1027100
                        },
                        {
                            "x": 1667199600000,
                            "y": 1024900
                        },
                        {
                            "x": 1669795200000,
                            "y": 1012200
                        },
                        {
                            "x": 1672473600000,
                            "y": 1001100
                        },
                        {
                            "x": 1675152000000,
                            "y": 987500
                        },
                        {
                            "x": 1677571200000,
                            "y": 975400
                        },
                        {
                            "x": 1680246000000,
                            "y": 971000
                        },
                        {
                            "x": 1682838000000,
                            "y": 985900
                        },
                        {
                            "x": 1685516400000,
                            "y": 996800
                        },
                        {
                            "x": 1688108400000,
                            "y": 991700
                        },
                        {
                            "x": 1690786800000,
                            "y": 991700
                        },
                        {
                            "x": 1693465200000,
                            "y": 1016200
                        },
                        {
                            "x": 1696057200000,
                            "y": 1281100
                        },
                        {
                            "x": 1698735600000,
                            "y": 1279400
                        },
                        {
                            "x": 1701331200000,
                            "y": 1272100
                        },
                        {
                            "x": 1704009600000,
                            "y": 1265500
                        },
                        {
                            "x": 1706688000000,
                            "y": 1262000
                        },
                        {
                            "x": 1707292800000,
                            "y": 1208000
                        }
                    ],
                    "name": "This home"
                },
                {
                    "points": [
                        {
                            "x": 1421308800000,
                            "y": 355000
                        }
                    ],
                    "name": "Sale"
                }
            ]
        }
    }
}