{
    "data": {
        "property": {
            "homeValueChartData": [
                {
                    "points": [
                        {
                            "x": 1393574400000,
                            "y": 434437
                        },
                        {
                            "x": 1396249200000,
                            "y": 441674
                        },
                        {
                            "x": 1398841200000,
                            "y": 439655
                        },
                        {
                            "x": 1401519600000,
                            "y": 433646
                        },
                        {
                            "x": 1404111600000,
                            "y": 425178
                        },
                        {
                            "x": 1406790000000,
                            "y": 427322
                        },
                        {
                            "x": 1409468400000,
                            "y": 425803
                        },
                        {
                            "x": 1412060400000,
                            "y": 422934
                        },
                        {
                            "x": 1414738800000,
                            "y": 413498
                        },
                        {
                            "x": 1417334400000,
                            "y": 469415
                        },
                        {
                            "x": 1420012800000,
                            "y": 472594
                        },
                        {
                            "x": 1422691200000,
                            "y": 462381
                        },
                        {
                            "x": 1425110400000,
                            "y": 467852
                        },
                        {
                            "x": 1427785200000,
                            "y": 472538
                        },
                        {
                            "x": 1430377200000,
                            "y": 474024
                        },
                        {
                            "x": 1433055600000,
                            "y": 474905
                        },
                        {
                            "x": 1435647600000,
                            "y": 483296
                        },
                        {
                            "x": 1438326000000,
                            "y": 480971
                        },
                        {
                            "x": 1441004400000,
                            "y": 497545
                        },
                        {
                            "x": 1443596400000,
                            "y": 513971
                        },
                        {
                            "x": 1446274800000,
                            "y": 509547
                        },
                        {
                            "x": 1448870400000,
                            "y": 516400
                        },
                        {
                            "x": 1451548800000,
                            "y": 525550
                        },
                        {
                            "x": 1454227200000,
                            "y": 540733
                        },
                        {
                            "x": 1456732800000,
                            "y": 560335
                        },
                        {
                            "x": 1459407600000,
                            "y": 564143
                        },
                        {
                            "x": 1461999600000,
                            "y": 564630
                        },
                        {
                            "x": 1464678000000,
                            "y": 559449
                        },
                        {
                            "x": 1467270000000,
                            "y": 567010
                        },
                        {
                            "x": 1469948400000,
                            "y": 553049
                        },
                        {
                            "x": 1472626800000,
                            "y": 547832
                        },
                        {
                            "x": 1475218800000,
                            "y": 558589
                        },
                        {
                            "x": 1477897200000,
                            "y": 560460
                        },
                        {
                            "x": 1480492800000,
                            "y": 576311
                        },
                        {
                            "x": 1483171200000,
                            "y": 591118
                        },
                        {
                            "x": 1485849600000,
                            "y": 575166
                        },
                        {
                            "x": 1488268800000,
                            "y": 570415
                        },
                        {
                            "x": 1490943600000,
                            "y": 569478
                        },
                        {
                            "x": 1493535600000,
                            "y": 571470
                        },
                        {
                            "x": 1496214000000,
                            "y": 570041
                        },
                        {
                            "x": 1498806000000,
                            "y": 567387
                        },
                        {
                            "x": 1501484400000,
                            "y": 563113
                        },
                        {
                            "x": 1504162800000,
                            "y": 558400
                        },
                        {
                            "x": 1506754800000,
                            "y": 577118
                        },
                        {
                            "x": 1509433200000,
                            "y": 584426
                        },
                        {
                            "x": 1512028800000,
                            "y": 584897
                        },
                        {
                            "x": 1514707200000,
                            "y": 580379
                        },
                        {
                            "x": 1517385600000,
                            "y": 601717
                        },
                        {
                            "x": 1519804800000,
                            "y": 595667
                        },
                        {
                            "x": 1522479600000,
                            "y": 582447
                        },
                        {
                            "x": 1525071600000,
                            "y": 588218
                        },
                        {
                            "x": 1527750000000,
                            "y": 587137
                        },
                        {
                            "x": 1530342000000,
                            "y": 586217
                        },
                        {
                            "x": 1533020400000,
                            "y": 600952
                        },
                        {
                            "x": 1535698800000,
                            "y": 584890
                        },
                        {
                            "x": 1538290800000,
                            "y": 571856
                        },
                        {
                            "x": 1540969200000,
                            "y": 572267
                        },
                        {
                            "x": 1543564800000,
                            "y": 583643
                        },
                        {
                            "x": 1546243200000,
                            "y": 599472
                        },
                        {
                            "x": 1548921600000,
                            "y": 605218
                        },
                        {
                            "x": 1551340800000,
                            "y": 596421
                        },
                        {
                            "x": 1554015600000,
                            "y": 570114
                        },
                        {
                            "x": 1556607600000,
                            "y": 583549
                        },
                        {
                            "x": 1559286000000,
                            "y": 581979
                        },
                        {
                            "x": 1561878000000,
                            "y": 583479
                        },
                        {
                            "x": 1564556400000,
                            "y": 586557
                        },
                        {
                            "x": 1567234800000,
                            "y": 583637
                        },
                        {
                            "x": 1569826800000,
                            "y": 611037
                        },
                        {
                            "x": 1572505200000,
                            "y": 606963
                        },
                        {
                            "x": 1575100800000,
                            "y": 603188
                        },
                        {
                            "x": 1577779200000,
                            "y": 614911
                        },
                        {
                            "x": 1580457600000,
                            "y": 600572
                        },
                        {
                            "x": 1582963200000,
                            "y": 625528
                        },
                        {
                            "x": 1585638000000,
                            "y": 632062
                        },
                        {
                            "x": 1588230000000,
                            "y": 649136
                        },
                        {
                            "x": 1590908400000,
                            "y": 663563
                        },
                        {
                            "x": 1593500400000,
                            "y": 678835
                        },
                        {
                            "x": 1596178800000,
                            "y": 698731
                        },
                        {
                            "x": 1598857200000,
                            "y": 681387
                        },
                        {
                            "x": 1601449200000,
                            "y": 669051
                        },
                        {
                            "x": 1604127600000,
                            "y": 684361
                        },
                        {
                            "x": 1606723200000,
                            "y": 692990
                        },
                        {
                            "x": 1609401600000,
                            "y": 691174
                        },
                        {
                            "x": 1612080000000,
                            "y": 688746
                        },
                        {
                            "x": 1614499200000,
                            "y": 699477
                        },
                        {
                            "x": 1617174000000,
                            "y": 712122
                        },
                        {
                            "x": 1619766000000,
                            "y": 797192
                        },
                        {
                            "x": 1622444400000,
                            "y": 824014
                        },
                        {
                            "x": 1625036400000,
                            "y": 838500
                        },
                        {
                            "x": 1627714800000,
                            "y": 851100
                        },
                        {
                            "x": 1630393200000,
                            "y": 844300
                        },
                        {
                            "x": 1632985200000,
                            "y": 848600
                        },
                        {
                            "x": 1635663600000,
                            "y": 865200
                        },
                        {
                            "x": 1638259200000,
                            "y": 883800
                        },
                        {
                            "x": 1640937600000,
                            "y": 895900
                        },
                        {
                            "x": 1643616000000,
                            "y": 887400
                        },
                        {
                            "x": 1646035200000,
                            "y": 902000
                        },
                        {
                            "x": 1648710000000,
                            "y": 907100
                        },
                        {
                            "x": 1651302000000,
                            "y": 1045400
                        },
                        {
                            "x": 1653980400000,
                            "y": 1079600
                        },
                        {
                            "x": 1656572400000,
                            "y": 1106000
                        },
                        {
                            "x": 1659250800000,
                            "y": 1131200
                        },
                        {
                            "x": 1661929200000,
                            "y": 1133600
                        },
                        {
                            "x": 1664521200000,
                            "y": 1160600
                        },
                        {
                            "x": 1667199600000,
                            "y": 1168200
                        },
                        {
                            "x": 1669795200000,
                            "y": 1175700
                        },
                        {
                            "x": 1672473600000,
                            "y": 1166700
                        },
                        {
                            "x": 1675152000000,
                            "y": 2237500
                        },
                        {
                            "x": 1677571200000,
                            "y": 2330500
                        },
                        {
                            "x": 1680246000000,
                            "y": 2013600
                        },
                        {
                            "x": 1682838000000,
                            "y": 1886900
                        },
                        {
                            "x": 1685516400000,
                            "y": 1896800
                        },
                        {
                            "x": 1688108400000,
                            "y": 1868100
                        },
                        {
                            "x": 1690786800000,
                            "y": 1879600
                        },
                        {
                            "x": 1693465200000,
                            "y": 1810200
                        },
                        {
                            "x": 1696057200000,
                            "y": 1824900
                        },
                        {
                            "x": 1698735600000,
                            "y": 1817500
                        },
                        {
                            "x": 1706688000000,
                            "y": 1935000
                        },
                        {
                            "x": 1707292800000,
                            "y": 1842500
                        }
                    ],
                    "name": "This home"
                }
            ]
        }
    }
}