{
    "data": {
        "property": {
            "homeValueChartData": [
                {
                    "points": [
                        {
                            "x": 1393574400000,
                            "y": 343058
                        },
                        {
                            "x": 1396249200000,
                            "y": 334631
                        },
                        {
                            "x": 1398841200000,
                            "y": 334892
                        },
                        {
                            "x": 1401519600000,
                            "y": 342803
                        },
                        {
                            "x": 1404111600000,
                            "y": 350319
                        },
                        {
                            "x": 1406790000000,
                            "y": 352657
                        },
                        {
                            "x": 1409468400000,
                            "y": 350912
                        },
                        {
                            "x": 1412060400000,
                            "y": 349501
                        },
                        {
                            "x": 1414738800000,
                            "y": 346680
                        },
                        {
                            "x": 1417334400000,
                            "y": 337446
                        },
                        {
                            "x": 1420012800000,
                            "y": 333426
                        },
                        {
                            "x": 1422691200000,
                            "y": 346976
                        },
                        {
                            "x": 1425110400000,
                            "y": 345461
                        },
                        {
                            "x": 1427785200000,
                            "y": 348178
                        },
                        {
                            "x": 1430377200000,
                            "y": 348534
                        },
                        {
                            "x": 1433055600000,
                            "y": 346114
                        },
                        {
                            "x": 1435647600000,
                            "y": 345299
                        },
                        {
                            "x": 1438326000000,
                            "y": 343597
                        },
                        {
                            "x": 1441004400000,
                            "y": 346591
                        },
                        {
                            "x": 1443596400000,
                            "y": 350469
                        },
                        {
                            "x": 1446274800000,
                            "y": 351711
                        },
                        {
                            "x": 1448870400000,
                            "y": 364930
                        },
                        {
                            "x": 1451548800000,
                            "y": 356812
                        },
                        {
                            "x": 1454227200000,
                            "y": 356860
                        },
                        {
                            "x": 1456732800000,
                            "y": 358032
                        },
                        {
                            "x": 1459407600000,
                            "y": 354320
                        },
                        {
                            "x": 1461999600000,
                            "y": 356359
                        },
                        {
                            "x": 1464678000000,
                            "y": 350425
                        },
                        {
                            "x": 1467270000000,
                            "y": 352128
                        },
                        {
                            "x": 1469948400000,
                            "y": 356790
                        },
                        {
                            "x": 1472626800000,
                            "y": 354544
                        },
                        {
                            "x": 1475218800000,
                            "y": 356748
                        },
                        {
                            "x": 1477897200000,
                            "y": 360781
                        },
                        {
                            "x": 1480492800000,
                            "y": 343730
                        },
                        {
                            "x": 1483171200000,
                            "y": 346914
                        },
                        {
                            "x": 1485849600000,
                            "y": 350334
                        },
                        {
                            "x": 1488268800000,
                            "y": 349869
                        },
                        {
                            "x": 1490943600000,
                            "y": 352887
                        },
                        {
                            "x": 1493535600000,
                            "y": 353222
                        },
                        {
                            "x": 1496214000000,
                            "y": 356119
                        },
                        {
                            "x": 1498806000000,
                            "y": 358554
                        },
                        {
                            "x": 1501484400000,
                            "y": 364579
                        },
                        {
                            "x": 1504162800000,
                            "y": 369323
                        },
                        {
                            "x": 1506754800000,
                            "y": 371967
                        },
                        {
                            "x": 1509433200000,
                            "y": 374755
                        },
                        {
                            "x": 1512028800000,
                            "y": 378179
                        },
                        {
                            "x": 1514707200000,
                            "y": 383504
                        },
                        {
                            "x": 1517385600000,
                            "y": 373876
                        },
                        {
                            "x": 1519804800000,
                            "y": 376145
                        },
                        {
                            "x": 1522479600000,
                            "y": 393485
                        },
                        {
                            "x": 1525071600000,
                            "y": 394065
                        },
                        {
                            "x": 1527750000000,
                            "y": 395910
                        },
                        {
                            "x": 1530342000000,
                            "y": 396497
                        },
                        {
                            "x": 1533020400000,
                            "y": 393195
                        },
                        {
                            "x": 1535698800000,
                            "y": 395090
                        },
                        {
                            "x": 1538290800000,
                            "y": 392360
                        },
                        {
                            "x": 1540969200000,
                            "y": 385642
                        },
                        {
                            "x": 1543564800000,
                            "y": 387623
                        },
                        {
                            "x": 1546243200000,
                            "y": 387416
                        },
                        {
                            "x": 1548921600000,
                            "y": 384825
                        },
                        {
                            "x": 1551340800000,
                            "y": 385518
                        },
                        {
                            "x": 1554015600000,
                            "y": 394720
                        },
                        {
                            "x": 1556607600000,
                            "y": 390784
                        },
                        {
                            "x": 1559286000000,
                            "y": 391931
                        },
                        {
                            "x": 1561878000000,
                            "y": 387572
                        },
                        {
                            "x": 1564556400000,
                            "y": 389534
                        },
                        {
                            "x": 1567234800000,
                            "y": 392411
                        },
                        {
                            "x": 1569826800000,
                            "y": 389802
                        },
                        {
                            "x": 1572505200000,
                            "y": 387141
                        },
                        {
                            "x": 1575100800000,
                            "y": 390717
                        },
                        {
                            "x": 1577779200000,
                            "y": 392706
                        },
                        {
                            "x": 1580457600000,
                            "y": 393248
                        },
                        {
                            "x": 1582963200000,
                            "y": 434303
                        },
                        {
                            "x": 1585638000000,
                            "y": 435822
                        },
                        {
                            "x": 1588230000000,
                            "y": 424331
                        },
                        {
                            "x": 1590908400000,
                            "y": 424445
                        },
                        {
                            "x": 1593500400000,
                            "y": 426871
                        },
                        {
                            "x": 1596178800000,
                            "y": 436130
                        },
                        {
                            "x": 1598857200000,
                            "y": 446887
                        },
                        {
                            "x": 1601449200000,
                            "y": 458941
                        },
                        {
                            "x": 1604127600000,
                            "y": 463880
                        },
                        {
                            "x": 1606723200000,
                            "y": 461558
                        },
                        {
                            "x": 1609401600000,
                            "y": 469709
                        },
                        {
                            "x": 1612080000000,
                            "y": 484681
                        },
                        {
                            "x": 1614499200000,
                            "y": 477357
                        },
                        {
                            "x": 1617174000000,
                            "y": 481364
                        },
                        {
                            "x": 1619766000000,
                            "y": 530802
                        },
                        {
                            "x": 1622444400000,
                            "y": 545209
                        },
                        {
                            "x": 1625036400000,
                            "y": 522000
                        },
                        {
                            "x": 1627714800000,
                            "y": 507300
                        },
                        {
                            "x": 1630393200000,
                            "y": 496000
                        },
                        {
                            "x": 1632985200000,
                            "y": 493400
                        },
                        {
                            "x": 1635663600000,
                            "y": 500400
                        },
                        {
                            "x": 1638259200000,
                            "y": 503600
                        },
                        {
                            "x": 1640937600000,
                            "y": 509700
                        },
                        {
                            "x": 1643616000000,
                            "y": 499200
                        },
                        {
                            "x": 1646035200000,
                            "y": 502500
                        },
                        {
                            "x": 1648710000000,
                            "y": 547000
                        },
                        {
                            "x": 1651302000000,
                            "y": 574700
                        },
                        {
                            "x": 1653980400000,
                            "y": 589500
                        },
                        {
                            "x": 1656572400000,
                            "y": 600900
                        },
                        {
                            "x": 1659250800000,
                            "y": 602200
                        },
                        {
                            "x": 1661929200000,
                            "y": 594800
                        },
                        {
                            "x": 1664521200000,
                            "y": 597300
                        },
                        {
                            "x": 1667199600000,
                            "y": 594100
                        },
                        {
                            "x": 1669795200000,
                            "y": 580800
                        },
                        {
                            "x": 1672473600000,
                            "y": 567800
                        },
                        {
                            "x": 1675152000000,
                            "y": 548400
                        },
                        {
                            "x": 1677571200000,
                            "y": 566200
                        },
                        {
                            "x": 1680246000000,
                            "y": 611400
                        },
                        {
                            "x": 1682838000000,
                            "y": 616400
                        },
                        {
                            "x": 1685516400000,
                            "y": 630200
                        },
                        {
                            "x": 1688108400000,
                            "y": 673900
                        },
                        {
                            "x": 1690786800000,
                            "y": 678000
                        },
                        {
                            "x": 1693465200000,
                            "y": 686700
                        },
                        {
                            "x": 1696057200000,
                            "y": 691900
                        },
                        {
                            "x": 1698735600000,
                            "y": 705900
                        },
                        {
                            "x": 1701331200000,
                            "y": 700300
                        },
                        {
                            "x": 1704009600000,
                            "y": 679500
                        },
                        {
                            "x": 1706688000000,
                            "y": 733200
                        },
                        {
                            "x": 1707206400000,
                            "y": 715600
                        }
                    ],
                    "name": "This home"
                }
            ]
        }
    }
}