{
    "data": {
        "property": {
            "homeValueChartData": [
                {
                    "points": [
                        {
                            "x": 1393574400000,
                            "y": 139167
                        },
                        {
                            "x": 1396249200000,
                            "y": 141258
                        },
                        {
                            "x": 1398841200000,
                            "y": 140058
                        },
                        {
                            "x": 1401519600000,
                            "y": 143997
                        },
                        {
                            "x": 1404111600000,
                            "y": 144955
                        },
                        {
                            "x": 1406790000000,
                            "y": 145481
                        },
                        {
                            "x": 1409468400000,
                            "y": 146382
                        },
                        {
                            "x": 1412060400000,
                            "y": 142776
                        },
                        {
                            "x": 1414738800000,
                            "y": 144991
                        },
                        {
                            "x": 1417334400000,
                            "y": 147982
                        },
                        {
                            "x": 1420012800000,
                            "y": 147722
                        },
                        {
                            "x": 1422691200000,
                            "y": 150275
                        },
                        {
                            "x": 1425110400000,
                            "y": 152479
                        },
                        {
                            "x": 1427785200000,
                            "y": 153884
                        },
                        {
                            "x": 1430377200000,
                            "y": 153022
                        },
                        {
                            "x": 1433055600000,
                            "y": 152588
                        },
                        {
                            "x": 1435647600000,
                            "y": 153724
                        },
                        {
                            "x": 1438326000000,
                            "y": 153111
                        },
                        {
                            "x": 1441004400000,
                            "y": 154920
                        },
                        {
                            "x": 1443596400000,
                            "y": 153562
                        },
                        {
                            "x": 1446274800000,
                            "y": 156013
                        },
                        {
                            "x": 1448870400000,
                            "y": 158445
                        },
                        {
                            "x": 1451548800000,
                            "y": 152236
                        },
                        {
                            "x": 1454227200000,
                            "y": 156217
                        },
                        {
                            "x": 1456732800000,
                            "y": 154903
                        },
                        {
                            "x": 1459407600000,
                            "y": 156809
                        },
                        {
                            "x": 1461999600000,
                            "y": 161834
                        },
                        {
                            "x": 1464678000000,
                            "y": 160454
                        },
                        {
                            "x": 1467270000000,
                            "y": 166561
                        },
                        {
                            "x": 1469948400000,
                            "y": 163088
                        },
                        {
                            "x": 1472626800000,
                            "y": 164217
                        },
                        {
                            "x": 1475218800000,
                            "y": 166186
                        },
                        {
                            "x": 1477897200000,
                            "y": 167385
                        },
                        {
                            "x": 1480492800000,
                            "y": 159937
                        },
                        {
                            "x": 1483171200000,
                            "y": 160163
                        },
                        {
                            "x": 1485849600000,
                            "y": 161179
                        },
                        {
                            "x": 1488268800000,
                            "y": 158885
                        },
                        {
                            "x": 1490943600000,
                            "y": 159538
                        },
                        {
                            "x": 1493535600000,
                            "y": 166728
                        },
                        {
                            "x": 1496214000000,
                            "y": 174774
                        },
                        {
                            "x": 1498806000000,
                            "y": 170616
                        },
                        {
                            "x": 1501484400000,
                            "y": 166272
                        },
                        {
                            "x": 1504162800000,
                            "y": 167607
                        },
                        {
                            "x": 1506754800000,
                            "y": 172049
                        },
                        {
                            "x": 1509433200000,
                            "y": 174467
                        },
                        {
                            "x": 1512028800000,
                            "y": 162731
                        },
                        {
                            "x": 1514707200000,
                            "y": 158126
                        },
                        {
                            "x": 1517385600000,
                            "y": 153061
                        },
                        {
                            "x": 1519804800000,
                            "y": 155881
                        },
                        {
                            "x": 1522479600000,
                            "y": 170095
                        },
                        {
                            "x": 1525071600000,
                            "y": 169382
                        },
                        {
                            "x": 1527750000000,
                            "y": 173527
                        },
                        {
                            "x": 1530342000000,
                            "y": 174133
                        },
                        {
                            "x": 1533020400000,
                            "y": 182182
                        },
                        {
                            "x": 1535698800000,
                            "y": 177004
                        },
                        {
                            "x": 1538290800000,
                            "y": 179612
                        },
                        {
                            "x": 1540969200000,
                            "y": 180844
                        },
                        {
                            "x": 1543564800000,
                            "y": 177777
                        },
                        {
                            "x": 1546243200000,
                            "y": 182632
                        },
                        {
                            "x": 1548921600000,
                            "y": 179605
                        },
                        {
                            "x": 1551340800000,
                            "y": 182787
                        },
                        {
                            "x": 1554015600000,
                            "y": 174626
                        },
                        {
                            "x": 1556607600000,
                            "y": 181003
                        },
                        {
                            "x": 1559286000000,
                            "y": 185924
                        },
                        {
                            "x": 1561878000000,
                            "y": 191749
                        },
                        {
                            "x": 1564556400000,
                            "y": 195925
                        },
                        {
                            "x": 1567234800000,
                            "y": 191427
                        },
                        {
                            "x": 1569826800000,
                            "y": 187819
                        },
                        {
                            "x": 1572505200000,
                            "y": 188850
                        },
                        {
                            "x": 1575100800000,
                            "y": 192670
                        },
                        {
                            "x": 1577779200000,
                            "y": 195254
                        },
                        {
                            "x": 1580457600000,
                            "y": 192439
                        },
                        {
                            "x": 1582963200000,
                            "y": 196728
                        },
                        {
                            "x": 1585638000000,
                            "y": 198109
                        },
                        {
                            "x": 1588230000000,
                            "y": 197460
                        },
                        {
                            "x": 1590908400000,
                            "y": 196172
                        },
                        {
                            "x": 1593500400000,
                            "y": 190938
                        },
                        {
                            "x": 1596178800000,
                            "y": 191416
                        },
                        {
                            "x": 1598857200000,
                            "y": 192184
                        },
                        {
                            "x": 1612080000000,
                            "y": 221002
                        },
                        {
                            "x": 1614499200000,
                            "y": 207723
                        },
                        {
                            "x": 1617174000000,
                            "y": 208560
                        },
                        {
                            "x": 1619766000000,
                            "y": 192941
                        },
                        {
                            "x": 1622444400000,
                            "y": 195248
                        },
                        {
                            "x": 1625036400000,
                            "y": 198700
                        },
                        {
                            "x": 1627714800000,
                            "y": 359000
                        },
                        {
                            "x": 1630393200000,
                            "y": 349500
                        },
                        {
                            "x": 1632985200000,
                            "y": 342000
                        },
                        {
                            "x": 1635663600000,
                            "y": 326900
                        },
                        {
                            "x": 1638259200000,
                            "y": 333500
                        },
                        {
                            "x": 1640937600000,
                            "y": 339700
                        },
                        {
                            "x": 1643616000000,
                            "y": 348200
                        },
                        {
                            "x": 1646035200000,
                            "y": 355300
                        },
                        {
                            "x": 1648710000000,
                            "y": 374800
                        },
                        {
                            "x": 1651302000000,
                            "y": 381000
                        },
                        {
                            "x": 1653980400000,
                            "y": 398000
                        },
                        {
                            "x": 1656572400000,
                            "y": 405300
                        },
                        {
                            "x": 1659250800000,
                            "y": 411700
                        },
                        {
                            "x": 1661929200000,
                            "y": 403500
                        },
                        {
                            "x": 1664521200000,
                            "y": 415500
                        },
                        {
                            "x": 1667199600000,
                            "y": 415000
                        },
                        {
                            "x": 1669795200000,
                            "y": 418700
                        },
                        {
                            "x": 1672473600000,
                            "y": 413000
                        },
                        {
                            "x": 1675152000000,
                            "y": 416500
                        },
                        {
                            "x": 1677571200000,
                            "y": 414000
                        },
                        {
                            "x": 1680246000000,
                            "y": 405700
                        },
                        {
                            "x": 1682838000000,
                            "y": 403100
                        },
                        {
                            "x": 1685516400000,
                            "y": 390400
                        },
                        {
                            "x": 1688108400000,
                            "y": 382900
                        },
                        {
                            "x": 1690786800000,
                            "y": 377500
                        },
                        {
                            "x": 1693465200000,
                            "y": 380400
                        },
                        {
                            "x": 1696057200000,
                            "y": 378400
                        },
                        {
                            "x": 1698735600000,
                            "y": 380900
                        },
                        {
                            "x": 1701331200000,
                            "y": 374200
                        },
                        {
                            "x": 1704009600000,
                            "y": 371100
                        },
                        {
                            "x": 1706688000000,
                            "y": 447900
                        },
                        {
                            "x": 1707206400000,
                            "y": 447700
                        }
                    ],
                    "name": "This home"
                },
                {
                    "points": [
                        {
                            "x": 1634713200000,
                            "y": 325000
                        }
                    ],
                    "name": "Sale"
                }
            ]
        }
    }
}