{
    "data": {
        "property": {
            "homeValueChartData": [
                {
                    "points": [
                        {
                            "x": 1393574400000,
                            "y": 240640
                        },
                        {
                            "x": 1396249200000,
                            "y": 245181
                        },
                        {
                            "x": 1398841200000,
                            "y": 255689
                        },
                        {
                            "x": 1401519600000,
                            "y": 249911
                        },
                        {
                            "x": 1404111600000,
                            "y": 247483
                        },
                        {
                            "x": 1406790000000,
                            "y": 248809
                        },
                        {
                            "x": 1409468400000,
                            "y": 243942
                        },
                        {
                            "x": 1412060400000,
                            "y": 241430
                        },
                        {
                            "x": 1414738800000,
                            "y": 244703
                        },
                        {
                            "x": 1417334400000,
                            "y": 247402
                        },
                        {
                            "x": 1420012800000,
                            "y": 247798
                        },
                        {
                            "x": 1422691200000,
                            "y": 246813
                        },
                        {
                            "x": 1425110400000,
                            "y": 247485
                        },
                        {
                            "x": 1427785200000,
                            "y": 250020
                        },
                        {
                            "x": 1430377200000,
                            "y": 248259
                        },
                        {
                            "x": 1433055600000,
                            "y": 247616
                        },
                        {
                            "x": 1435647600000,
                            "y": 248684
                        },
                        {
                            "x": 1438326000000,
                            "y": 252480
                        },
                        {
                            "x": 1441004400000,
                            "y": 252453
                        },
                        {
                            "x": 1443596400000,
                            "y": 258039
                        },
                        {
                            "x": 1446274800000,
                            "y": 260896
                        },
                        {
                            "x": 1448870400000,
                            "y": 258985
                        },
                        {
                            "x": 1451548800000,
                            "y": 258627
                        },
                        {
                            "x": 1454227200000,
                            "y": 231559
                        },
                        {
                            "x": 1456732800000,
                            "y": 235123
                        },
                        {
                            "x": 1459407600000,
                            "y": 239106
                        },
                        {
                            "x": 1461999600000,
                            "y": 240829
                        },
                        {
                            "x": 1464678000000,
                            "y": 237782
                        },
                        {
                            "x": 1467270000000,
                            "y": 237782
                        },
                        {
                            "x": 1469948400000,
                            "y": 242227
                        },
                        {
                            "x": 1472626800000,
                            "y": 242298
                        },
                        {
                            "x": 1475218800000,
                            "y": 242354
                        },
                        {
                            "x": 1477897200000,
                            "y": 244809
                        },
                        {
                            "x": 1480492800000,
                            "y": 244928
                        },
                        {
                            "x": 1483171200000,
                            "y": 248240
                        },
                        {
                            "x": 1485849600000,
                            "y": 248603
                        },
                        {
                            "x": 1488268800000,
                            "y": 251244
                        },
                        {
                            "x": 1490943600000,
                            "y": 251227
                        },
                        {
                            "x": 1493535600000,
                            "y": 251164
                        },
                        {
                            "x": 1496214000000,
                            "y": 252552
                        },
                        {
                            "x": 1498806000000,
                            "y": 253863
                        },
                        {
                            "x": 1501484400000,
                            "y": 254493
                        },
                        {
                            "x": 1504162800000,
                            "y": 257408
                        },
                        {
                            "x": 1506754800000,
                            "y": 261336
                        },
                        {
                            "x": 1509433200000,
                            "y": 261605
                        },
                        {
                            "x": 1512028800000,
                            "y": 261335
                        },
                        {
                            "x": 1514707200000,
                            "y": 262481
                        },
                        {
                            "x": 1517385600000,
                            "y": 264262
                        },
                        {
                            "x": 1519804800000,
                            "y": 266335
                        },
                        {
                            "x": 1522479600000,
                            "y": 266023
                        },
                        {
                            "x": 1525071600000,
                            "y": 266623
                        },
                        {
                            "x": 1527750000000,
                            "y": 269665
                        },
                        {
                            "x": 1530342000000,
                            "y": 270149
                        },
                        {
                            "x": 1533020400000,
                            "y": 270939
                        },
                        {
                            "x": 1535698800000,
                            "y": 271864
                        },
                        {
                            "x": 1538290800000,
                            "y": 270648
                        },
                        {
                            "x": 1540969200000,
                            "y": 272348
                        },
                        {
                            "x": 1543564800000,
                            "y": 275068
                        },
                        {
                            "x": 1546243200000,
                            "y": 276700
                        },
                        {
                            "x": 1548921600000,
                            "y": 276367
                        },
                        {
                            "x": 1551340800000,
                            "y": 273737
                        },
                        {
                            "x": 1554015600000,
                            "y": 277480
                        },
                        {
                            "x": 1556607600000,
                            "y": 277309
                        },
                        {
                            "x": 1559286000000,
                            "y": 277539
                        },
                        {
                            "x": 1561878000000,
                            "y": 279975
                        },
                        {
                            "x": 1564556400000,
                            "y": 288861
                        },
                        {
                            "x": 1567234800000,
                            "y": 307046
                        },
                        {
                            "x": 1569826800000,
                            "y": 314078
                        },
                        {
                            "x": 1572505200000,
                            "y": 321457
                        },
                        {
                            "x": 1575100800000,
                            "y": 320752
                        },
                        {
                            "x": 1577779200000,
                            "y": 320803
                        },
                        {
                            "x": 1580457600000,
                            "y": 323714
                        },
                        {
                            "x": 1582963200000,
                            "y": 334961
                        },
                        {
                            "x": 1585638000000,
                            "y": 330964
                        },
                        {
                            "x": 1588230000000,
                            "y": 323768
                        },
                        {
                            "x": 1590908400000,
                            "y": 323728
                        },
                        {
                            "x": 1593500400000,
                            "y": 325324
                        },
                        {
                            "x": 1596178800000,
                            "y": 331075
                        },
                        {
                            "x": 1598857200000,
                            "y": 334719
                        },
                        {
                            "x": 1601449200000,
                            "y": 339699
                        },
                        {
                            "x": 1604127600000,
                            "y": 342936
                        },
                        {
                            "x": 1606723200000,
                            "y": 339905
                        },
                        {
                            "x": 1609401600000,
                            "y": 339485
                        },
                        {
                            "x": 1612080000000,
                            "y": 342749
                        },
                        {
                            "x": 1614499200000,
                            "y": 344625
                        },
                        {
                            "x": 1617174000000,
                            "y": 346340
                        },
                        {
                            "x": 1619766000000,
                            "y": 364103
                        },
                        {
                            "x": 1622444400000,
                            "y": 383751
                        },
                        {
                            "x": 1625036400000,
                            "y": 390900
                        },
                        {
                            "x": 1627714800000,
                            "y": 397300
                        },
                        {
                            "x": 1630393200000,
                            "y": 475000
                        },
                        {
                            "x": 1632985200000,
                            "y": 488700
                        },
                        {
                            "x": 1635663600000,
                            "y": 496500
                        },
                        {
                            "x": 1638259200000,
                            "y": 507300
                        },
                        {
                            "x": 1640937600000,
                            "y": 516200
                        },
                        {
                            "x": 1643616000000,
                            "y": 530200
                        },
                        {
                            "x": 1646035200000,
                            "y": 540800
                        },
                        {
                            "x": 1648710000000,
                            "y": 572400
                        },
                        {
                            "x": 1651302000000,
                            "y": 581200
                        },
                        {
                            "x": 1653980400000,
                            "y": 607800
                        },
                        {
                            "x": 1656572400000,
                            "y": 618900
                        },
                        {
                            "x": 1659250800000,
                            "y": 628500
                        },
                        {
                            "x": 1661929200000,
                            "y": 615400
                        },
                        {
                            "x": 1664521200000,
                            "y": 634100
                        },
                        {
                            "x": 1667199600000,
                            "y": 633400
                        },
                        {
                            "x": 1669795200000,
                            "y": 639500
                        },
                        {
                            "x": 1672473600000,
                            "y": 630600
                        },
                        {
                            "x": 1675152000000,
                            "y": 635700
                        },
                        {
                            "x": 1677571200000,
                            "y": 631700
                        },
                        {
                            "x": 1680246000000,
                            "y": 613100
                        },
                        {
                            "x": 1682838000000,
                            "y": 586800
                        },
                        {
                            "x": 1685516400000,
                            "y": 563800
                        },
                        {
                            "x": 1688108400000,
                            "y": 555400
                        },
                        {
                            "x": 1690786800000,
                            "y": 556600
                        },
                        {
                            "x": 1693465200000,
                            "y": 553400
                        },
                        {
                            "x": 1696057200000,
                            "y": 561900
                        },
                        {
                            "x": 1698735600000,
                            "y": 560300
                        },
                        {
                            "x": 1701331200000,
                            "y": 584800
                        },
                        {
                            "x": 1704009600000,
                            "y": 558200
                        },
                        {
                            "x": 1706688000000,
                            "y": 561400
                        },
                        {
                            "x": 1707292800000,
                            "y": 552800
                        }
                    ],
                    "name": "This home"
                },
                {
                    "points": [
                        {
                            "x": 1467702000000,
                            "y": 240750
                        },
                        {
                            "x": 1632294000000,
                            "y": 485000
                        }
                    ],
                    "name": "Sale"
                }
            ]
        }
    }
}