{
    "data": {
        "property": {
            "homeValueChartData": [
                {
                    "points": [
                        {
                            "x": 1393574400000,
                            "y": 275685
                        },
                        {
                            "x": 1396249200000,
                            "y": 277778
                        },
                        {
                            "x": 1398841200000,
                            "y": 274179
                        },
                        {
                            "x": 1401519600000,
                            "y": 274032
                        },
                        {
                            "x": 1404111600000,
                            "y": 271089
                        },
                        {
                            "x": 1406790000000,
                            "y": 268451
                        },
                        {
                            "x": 1409468400000,
                            "y": 269107
                        },
                        {
                            "x": 1412060400000,
                            "y": 265838
                        },
                        {
                            "x": 1414738800000,
                            "y": 269817
                        },
                        {
                            "x": 1417334400000,
                            "y": 284291
                        },
                        {
                            "x": 1420012800000,
                            "y": 293522
                        },
                        {
                            "x": 1422691200000,
                            "y": 295024
                        },
                        {
                            "x": 1425110400000,
                            "y": 296170
                        },
                        {
                            "x": 1427785200000,
                            "y": 294270
                        },
                        {
                            "x": 1430377200000,
                            "y": 300367
                        },
                        {
                            "x": 1433055600000,
                            "y": 303930
                        },
                        {
                            "x": 1435647600000,
                            "y": 305880
                        },
                        {
                            "x": 1438326000000,
                            "y": 308938
                        },
                        {
                            "x": 1441004400000,
                            "y": 309801
                        },
                        {
                            "x": 1443596400000,
                            "y": 309999
                        },
                        {
                            "x": 1446274800000,
                            "y": 308037
                        },
                        {
                            "x": 1448870400000,
                            "y": 311012
                        },
                        {
                            "x": 1451548800000,
                            "y": 283456
                        },
                        {
                            "x": 1454227200000,
                            "y": 285607
                        },
                        {
                            "x": 1456732800000,
                            "y": 287042
                        },
                        {
                            "x": 1459407600000,
                            "y": 286751
                        },
                        {
                            "x": 1461999600000,
                            "y": 289512
                        },
                        {
                            "x": 1464678000000,
                            "y": 287581
                        },
                        {
                            "x": 1467270000000,
                            "y": 292077
                        },
                        {
                            "x": 1469948400000,
                            "y": 295001
                        },
                        {
                            "x": 1472626800000,
                            "y": 294181
                        },
                        {
                            "x": 1475218800000,
                            "y": 294433
                        },
                        {
                            "x": 1477897200000,
                            "y": 317516
                        },
                        {
                            "x": 1480492800000,
                            "y": 331831
                        },
                        {
                            "x": 1483171200000,
                            "y": 334291
                        },
                        {
                            "x": 1485849600000,
                            "y": 335471
                        },
                        {
                            "x": 1488268800000,
                            "y": 337423
                        },
                        {
                            "x": 1490943600000,
                            "y": 340251
                        },
                        {
                            "x": 1493535600000,
                            "y": 337680
                        },
                        {
                            "x": 1496214000000,
                            "y": 336940
                        },
                        {
                            "x": 1498806000000,
                            "y": 340427
                        },
                        {
                            "x": 1501484400000,
                            "y": 342849
                        },
                        {
                            "x": 1504162800000,
                            "y": 346248
                        },
                        {
                            "x": 1506754800000,
                            "y": 339246
                        },
                        {
                            "x": 1509433200000,
                            "y": 341487
                        },
                        {
                            "x": 1512028800000,
                            "y": 333030
                        },
                        {
                            "x": 1514707200000,
                            "y": 345978
                        },
                        {
                            "x": 1517385600000,
                            "y": 340361
                        },
                        {
                            "x": 1519804800000,
                            "y": 340894
                        },
                        {
                            "x": 1522479600000,
                            "y": 339934
                        },
                        {
                            "x": 1525071600000,
                            "y": 342182
                        },
                        {
                            "x": 1527750000000,
                            "y": 360143
                        },
                        {
                            "x": 1530342000000,
                            "y": 359084
                        },
                        {
                            "x": 1533020400000,
                            "y": 357127
                        },
                        {
                            "x": 1535698800000,
                            "y": 375076
                        },
                        {
                            "x": 1538290800000,
                            "y": 378522
                        },
                        {
                            "x": 1540969200000,
                            "y": 379117
                        },
                        {
                            "x": 1543564800000,
                            "y": 377993
                        },
                        {
                            "x": 1546243200000,
                            "y": 375747
                        },
                        {
                            "x": 1548921600000,
                            "y": 364462
                        },
                        {
                            "x": 1551340800000,
                            "y": 358022
                        },
                        {
                            "x": 1554015600000,
                            "y": 354054
                        },
                        {
                            "x": 1556607600000,
                            "y": 356048
                        },
                        {
                            "x": 1559286000000,
                            "y": 347461
                        },
                        {
                            "x": 1561878000000,
                            "y": 354708
                        },
                        {
                            "x": 1564556400000,
                            "y": 357388
                        },
                        {
                            "x": 1567234800000,
                            "y": 349272
                        },
                        {
                            "x": 1569826800000,
                            "y": 343034
                        },
                        {
                            "x": 1572505200000,
                            "y": 345219
                        },
                        {
                            "x": 1575100800000,
                            "y": 353932
                        },
                        {
                            "x": 1577779200000,
                            "y": 357980
                        },
                        {
                            "x": 1580457600000,
                            "y": 369927
                        },
                        {
                            "x": 1582963200000,
                            "y": 382725
                        },
                        {
                            "x": 1585638000000,
                            "y": 375298
                        },
                        {
                            "x": 1588230000000,
                            "y": 370026
                        },
                        {
                            "x": 1590908400000,
                            "y": 378310
                        },
                        {
                            "x": 1593500400000,
                            "y": 381909
                        },
                        {
                            "x": 1596178800000,
                            "y": 386203
                        },
                        {
                            "x": 1598857200000,
                            "y": 387017
                        },
                        {
                            "x": 1601449200000,
                            "y": 395269
                        },
                        {
                            "x": 1604127600000,
                            "y": 404150
                        },
                        {
                            "x": 1606723200000,
                            "y": 410125
                        },
                        {
                            "x": 1609401600000,
                            "y": 411572
                        },
                        {
                            "x": 1612080000000,
                            "y": 416041
                        },
                        {
                            "x": 1614499200000,
                            "y": 422511
                        },
                        {
                            "x": 1617174000000,
                            "y": 421482
                        },
                        {
                            "x": 1619766000000,
                            "y": 417632
                        },
                        {
                            "x": 1622444400000,
                            "y": 427098
                        },
                        {
                            "x": 1625036400000,
                            "y": 425100
                        },
                        {
                            "x": 1627714800000,
                            "y": 361600
                        },
                        {
                            "x": 1630393200000,
                            "y": 369500
                        },
                        {
                            "x": 1632985200000,
                            "y": 378400
                        },
                        {
                            "x": 1635663600000,
                            "y": 389100
                        },
                        {
                            "x": 1638259200000,
                            "y": 398400
                        },
                        {
                            "x": 1640937600000,
                            "y": 405300
                        },
                        {
                            "x": 1643616000000,
                            "y": 418000
                        },
                        {
                            "x": 1646035200000,
                            "y": 424000
                        },
                        {
                            "x": 1648710000000,
                            "y": 451900
                        },
                        {
                            "x": 1651302000000,
                            "y": 457800
                        },
                        {
                            "x": 1653980400000,
                            "y": 479500
                        },
                        {
                            "x": 1656572400000,
                            "y": 489000
                        },
                        {
                            "x": 1659250800000,
                            "y": 497300
                        },
                        {
                            "x": 1661929200000,
                            "y": 487100
                        },
                        {
                            "x": 1664521200000,
                            "y": 502800
                        },
                        {
                            "x": 1667199600000,
                            "y": 503000
                        },
                        {
                            "x": 1669795200000,
                            "y": 512000
                        },
                        {
                            "x": 1672473600000,
                            "y": 526300
                        },
                        {
                            "x": 1675152000000,
                            "y": 542100
                        },
                        {
                            "x": 1677571200000,
                            "y": 557600
                        },
                        {
                            "x": 1680246000000,
                            "y": 571000
                        },
                        {
                            "x": 1682838000000,
                            "y": 573700
                        },
                        {
                            "x": 1685516400000,
                            "y": 577700
                        },
                        {
                            "x": 1688108400000,
                            "y": 590500
                        },
                        {
                            "x": 1690786800000,
                            "y": 596800
                        },
                        {
                            "x": 1693465200000,
                            "y": 592900
                        },
                        {
                            "x": 1696057200000,
                            "y": 604200
                        },
                        {
                            "x": 1698735600000,
                            "y": 600500
                        },
                        {
                            "x": 1701331200000,
                            "y": 611700
                        },
                        {
                            "x": 1704009600000,
                            "y": 614800
                        },
                        {
                            "x": 1706688000000,
                            "y": 582400
                        },
                        {
                            "x": 1707292800000,
                            "y": 548800
                        }
                    ],
                    "name": "This home"
                },
                {
                    "points": [
                        {
                            "x": 1621926000000,
                            "y": 350000
                        }
                    ],
                    "name": "Sale"
                }
            ]
        }
    }
}