{
    "data": {
        "property": {
            "homeValueChartData": [
                {
                    "points": [
                        {
                            "x": 1393574400000,
                            "y": 256965
                        },
                        {
                            "x": 1396249200000,
                            "y": 265033
                        },
                        {
                            "x": 1398841200000,
                            "y": 264699
                        },
                        {
                            "x": 1401519600000,
                            "y": 266871
                        },
                        {
                            "x": 1404111600000,
                            "y": 267957
                        },
                        {
                            "x": 1406790000000,
                            "y": 269025
                        },
                        {
                            "x": 1409468400000,
                            "y": 269925
                        },
                        {
                            "x": 1412060400000,
                            "y": 279973
                        },
                        {
                            "x": 1414738800000,
                            "y": 286664
                        },
                        {
                            "x": 1417334400000,
                            "y": 274377
                        },
                        {
                            "x": 1420012800000,
                            "y": 263661
                        },
                        {
                            "x": 1422691200000,
                            "y": 280815
                        },
                        {
                            "x": 1425110400000,
                            "y": 280133
                        },
                        {
                            "x": 1427785200000,
                            "y": 269071
                        },
                        {
                            "x": 1430377200000,
                            "y": 264105
                        },
                        {
                            "x": 1433055600000,
                            "y": 264281
                        },
                        {
                            "x": 1435647600000,
                            "y": 264573
                        },
                        {
                            "x": 1438326000000,
                            "y": 266455
                        },
                        {
                            "x": 1441004400000,
                            "y": 268201
                        },
                        {
                            "x": 1443596400000,
                            "y": 274966
                        },
                        {
                            "x": 1446274800000,
                            "y": 274998
                        },
                        {
                            "x": 1448870400000,
                            "y": 279705
                        },
                        {
                            "x": 1451548800000,
                            "y": 284550
                        },
                        {
                            "x": 1454227200000,
                            "y": 286799
                        },
                        {
                            "x": 1456732800000,
                            "y": 288697
                        },
                        {
                            "x": 1459407600000,
                            "y": 295370
                        },
                        {
                            "x": 1461999600000,
                            "y": 298107
                        },
                        {
                            "x": 1464678000000,
                            "y": 290680
                        },
                        {
                            "x": 1467270000000,
                            "y": 280332
                        },
                        {
                            "x": 1469948400000,
                            "y": 277325
                        },
                        {
                            "x": 1472626800000,
                            "y": 279111
                        },
                        {
                            "x": 1475218800000,
                            "y": 276522
                        },
                        {
                            "x": 1477897200000,
                            "y": 279782
                        },
                        {
                            "x": 1480492800000,
                            "y": 305174
                        },
                        {
                            "x": 1483171200000,
                            "y": 307207
                        },
                        {
                            "x": 1485849600000,
                            "y": 310699
                        },
                        {
                            "x": 1488268800000,
                            "y": 311867
                        },
                        {
                            "x": 1490943600000,
                            "y": 316475
                        },
                        {
                            "x": 1493535600000,
                            "y": 319512
                        },
                        {
                            "x": 1496214000000,
                            "y": 328128
                        },
                        {
                            "x": 1498806000000,
                            "y": 326853
                        },
                        {
                            "x": 1501484400000,
                            "y": 331417
                        },
                        {
                            "x": 1504162800000,
                            "y": 334801
                        },
                        {
                            "x": 1506754800000,
                            "y": 338407
                        },
                        {
                            "x": 1509433200000,
                            "y": 339191
                        },
                        {
                            "x": 1512028800000,
                            "y": 338030
                        },
                        {
                            "x": 1514707200000,
                            "y": 336386
                        },
                        {
                            "x": 1517385600000,
                            "y": 326520
                        },
                        {
                            "x": 1519804800000,
                            "y": 326711
                        },
                        {
                            "x": 1522479600000,
                            "y": 325245
                        },
                        {
                            "x": 1525071600000,
                            "y": 327204
                        },
                        {
                            "x": 1527750000000,
                            "y": 327967
                        },
                        {
                            "x": 1530342000000,
                            "y": 334799
                        },
                        {
                            "x": 1533020400000,
                            "y": 338474
                        },
                        {
                            "x": 1535698800000,
                            "y": 341538
                        },
                        {
                            "x": 1538290800000,
                            "y": 338031
                        },
                        {
                            "x": 1540969200000,
                            "y": 337189
                        },
                        {
                            "x": 1543564800000,
                            "y": 342946
                        },
                        {
                            "x": 1546243200000,
                            "y": 344731
                        },
                        {
                            "x": 1548921600000,
                            "y": 340362
                        },
                        {
                            "x": 1551340800000,
                            "y": 342942
                        },
                        {
                            "x": 1554015600000,
                            "y": 350345
                        },
                        {
                            "x": 1556607600000,
                            "y": 344324
                        },
                        {
                            "x": 1559286000000,
                            "y": 346941
                        },
                        {
                            "x": 1561878000000,
                            "y": 349065
                        },
                        {
                            "x": 1564556400000,
                            "y": 363136
                        },
                        {
                            "x": 1567234800000,
                            "y": 359163
                        },
                        {
                            "x": 1569826800000,
                            "y": 356277
                        },
                        {
                            "x": 1572505200000,
                            "y": 354261
                        },
                        {
                            "x": 1575100800000,
                            "y": 353542
                        },
                        {
                            "x": 1577779200000,
                            "y": 354807
                        },
                        {
                            "x": 1580457600000,
                            "y": 359533
                        },
                        {
                            "x": 1582963200000,
                            "y": 374132
                        },
                        {
                            "x": 1585638000000,
                            "y": 374933
                        },
                        {
                            "x": 1588230000000,
                            "y": 381198
                        },
                        {
                            "x": 1590908400000,
                            "y": 382072
                        },
                        {
                            "x": 1593500400000,
                            "y": 378216
                        },
                        {
                            "x": 1596178800000,
                            "y": 379829
                        },
                        {
                            "x": 1598857200000,
                            "y": 382198
                        },
                        {
                            "x": 1601449200000,
                            "y": 388618
                        },
                        {
                            "x": 1604127600000,
                            "y": 389456
                        },
                        {
                            "x": 1606723200000,
                            "y": 391941
                        },
                        {
                            "x": 1609401600000,
                            "y": 397285
                        },
                        {
                            "x": 1612080000000,
                            "y": 399242
                        },
                        {
                            "x": 1614499200000,
                            "y": 399888
                        },
                        {
                            "x": 1617174000000,
                            "y": 401574
                        },
                        {
                            "x": 1619766000000,
                            "y": 381506
                        },
                        {
                            "x": 1622444400000,
                            "y": 391743
                        },
                        {
                            "x": 1625036400000,
                            "y": 400000
                        },
                        {
                            "x": 1627714800000,
                            "y": 406300
                        },
                        {
                            "x": 1630393200000,
                            "y": 404300
                        },
                        {
                            "x": 1632985200000,
                            "y": 406200
                        },
                        {
                            "x": 1635663600000,
                            "y": 413500
                        },
                        {
                            "x": 1638259200000,
                            "y": 419700
                        },
                        {
                            "x": 1640937600000,
                            "y": 426300
                        },
                        {
                            "x": 1643616000000,
                            "y": 422600
                        },
                        {
                            "x": 1646035200000,
                            "y": 425300
                        },
                        {
                            "x": 1648710000000,
                            "y": 601800
                        },
                        {
                            "x": 1651302000000,
                            "y": 589300
                        },
                        {
                            "x": 1653980400000,
                            "y": 600000
                        },
                        {
                            "x": 1656572400000,
                            "y": 615300
                        },
                        {
                            "x": 1659250800000,
                            "y": 612400
                        },
                        {
                            "x": 1661929200000,
                            "y": 619900
                        },
                        {
                            "x": 1664521200000,
                            "y": 633800
                        },
                        {
                            "x": 1667199600000,
                            "y": 640900
                        },
                        {
                            "x": 1669795200000,
                            "y": 646300
                        },
                        {
                            "x": 1672473600000,
                            "y": 643600
                        },
                        {
                            "x": 1675152000000,
                            "y": 646700
                        },
                        {
                            "x": 1677571200000,
                            "y": 643400
                        },
                        {
                            "x": 1680246000000,
                            "y": 630500
                        },
                        {
                            "x": 1682838000000,
                            "y": 632000
                        },
                        {
                            "x": 1685516400000,
                            "y": 620500
                        },
                        {
                            "x": 1688108400000,
                            "y": 614200
                        },
                        {
                            "x": 1690786800000,
                            "y": 601500
                        },
                        {
                            "x": 1693465200000,
                            "y": 636200
                        },
                        {
                            "x": 1696057200000,
                            "y": 639400
                        },
                        {
                            "x": 1698735600000,
                            "y": 644700
                        },
                        {
                            "x": 1701331200000,
                            "y": 896800
                        },
                        {
                            "x": 1704009600000,
                            "y": 893800
                        },
                        {
                            "x": 1706688000000,
                            "y": 885600
                        },
                        {
                            "x": 1707206400000,
                            "y": 888200
                        }
                    ],
                    "name": "This home"
                },
                {
                    "points": [
                        {
                            "x": 1655103600000,
                            "y": 589000
                        }
                    ],
                    "name": "Sale"
                }
            ]
        }
    }
}