{
    "data": {
        "property": {
            "homeValueChartData": [
                {
                    "points": [
                        {
                            "x": 1393574400000,
                            "y": 378188
                        },
                        {
                            "x": 1396249200000,
                            "y": 381295
                        },
                        {
                            "x": 1398841200000,
                            "y": 380447
                        },
                        {
                            "x": 1401519600000,
                            "y": 364373
                        },
                        {
                            "x": 1404111600000,
                            "y": 367006
                        },
                        {
                            "x": 1406790000000,
                            "y": 381454
                        },
                        {
                            "x": 1409468400000,
                            "y": 368956
                        },
                        {
                            "x": 1412060400000,
                            "y": 383353
                        },
                        {
                            "x": 1414738800000,
                            "y": 390667
                        },
                        {
                            "x": 1417334400000,
                            "y": 386929
                        },
                        {
                            "x": 1420012800000,
                            "y": 397212
                        },
                        {
                            "x": 1422691200000,
                            "y": 411847
                        },
                        {
                            "x": 1425110400000,
                            "y": 414881
                        },
                        {
                            "x": 1427785200000,
                            "y": 414801
                        },
                        {
                            "x": 1430377200000,
                            "y": 417080
                        },
                        {
                            "x": 1433055600000,
                            "y": 416414
                        },
                        {
                            "x": 1435647600000,
                            "y": 408363
                        },
                        {
                            "x": 1438326000000,
                            "y": 413113
                        },
                        {
                            "x": 1441004400000,
                            "y": 419958
                        },
                        {
                            "x": 1443596400000,
                            "y": 424178
                        },
                        {
                            "x": 1446274800000,
                            "y": 417665
                        },
                        {
                            "x": 1448870400000,
                            "y": 418949
                        },
                        {
                            "x": 1451548800000,
                            "y": 409876
                        },
                        {
                            "x": 1454227200000,
                            "y": 425093
                        },
                        {
                            "x": 1456732800000,
                            "y": 432518
                        },
                        {
                            "x": 1459407600000,
                            "y": 425692
                        },
                        {
                            "x": 1461999600000,
                            "y": 428811
                        },
                        {
                            "x": 1464678000000,
                            "y": 444046
                        },
                        {
                            "x": 1467270000000,
                            "y": 449915
                        },
                        {
                            "x": 1469948400000,
                            "y": 450504
                        },
                        {
                            "x": 1472626800000,
                            "y": 435069
                        },
                        {
                            "x": 1475218800000,
                            "y": 441780
                        },
                        {
                            "x": 1477897200000,
                            "y": 437857
                        },
                        {
                            "x": 1480492800000,
                            "y": 442513
                        },
                        {
                            "x": 1483171200000,
                            "y": 460545
                        },
                        {
                            "x": 1485849600000,
                            "y": 458549
                        },
                        {
                            "x": 1488268800000,
                            "y": 448798
                        },
                        {
                            "x": 1490943600000,
                            "y": 460365
                        },
                        {
                            "x": 1493535600000,
                            "y": 457417
                        },
                        {
                            "x": 1496214000000,
                            "y": 453535
                        },
                        {
                            "x": 1498806000000,
                            "y": 459950
                        },
                        {
                            "x": 1501484400000,
                            "y": 468099
                        },
                        {
                            "x": 1504162800000,
                            "y": 463917
                        },
                        {
                            "x": 1506754800000,
                            "y": 465834
                        },
                        {
                            "x": 1509433200000,
                            "y": 466048
                        },
                        {
                            "x": 1512028800000,
                            "y": 468306
                        },
                        {
                            "x": 1514707200000,
                            "y": 485754
                        },
                        {
                            "x": 1517385600000,
                            "y": 471083
                        },
                        {
                            "x": 1519804800000,
                            "y": 461436
                        },
                        {
                            "x": 1522479600000,
                            "y": 444723
                        },
                        {
                            "x": 1525071600000,
                            "y": 458632
                        },
                        {
                            "x": 1527750000000,
                            "y": 468952
                        },
                        {
                            "x": 1530342000000,
                            "y": 482604
                        },
                        {
                            "x": 1533020400000,
                            "y": 474868
                        },
                        {
                            "x": 1535698800000,
                            "y": 491387
                        },
                        {
                            "x": 1538290800000,
                            "y": 477262
                        },
                        {
                            "x": 1540969200000,
                            "y": 483499
                        },
                        {
                            "x": 1543564800000,
                            "y": 483753
                        },
                        {
                            "x": 1546243200000,
                            "y": 495350
                        },
                        {
                            "x": 1548921600000,
                            "y": 504090
                        },
                        {
                            "x": 1551340800000,
                            "y": 490400
                        },
                        {
                            "x": 1554015600000,
                            "y": 510530
                        },
                        {
                            "x": 1556607600000,
                            "y": 513714
                        },
                        {
                            "x": 1559286000000,
                            "y": 516525
                        },
                        {
                            "x": 1561878000000,
                            "y": 505919
                        },
                        {
                            "x": 1564556400000,
                            "y": 516945
                        },
                        {
                            "x": 1567234800000,
                            "y": 524161
                        },
                        {
                            "x": 1569826800000,
                            "y": 492861
                        },
                        {
                            "x": 1572505200000,
                            "y": 509659
                        },
                        {
                            "x": 1575100800000,
                            "y": 510161
                        },
                        {
                            "x": 1577779200000,
                            "y": 513844
                        },
                        {
                            "x": 1580457600000,
                            "y": 521650
                        },
                        {
                            "x": 1582963200000,
                            "y": 529776
                        },
                        {
                            "x": 1585638000000,
                            "y": 531231
                        },
                        {
                            "x": 1588230000000,
                            "y": 531627
                        },
                        {
                            "x": 1590908400000,
                            "y": 527208
                        },
                        {
                            "x": 1593500400000,
                            "y": 519658
                        },
                        {
                            "x": 1596178800000,
                            "y": 517271
                        },
                        {
                            "x": 1598857200000,
                            "y": 519714
                        },
                        {
                            "x": 1601449200000,
                            "y": 504164
                        },
                        {
                            "x": 1604127600000,
                            "y": 498662
                        },
                        {
                            "x": 1606723200000,
                            "y": 563703
                        },
                        {
                            "x": 1609401600000,
                            "y": 531244
                        },
                        {
                            "x": 1612080000000,
                            "y": 530512
                        },
                        {
                            "x": 1614499200000,
                            "y": 530092
                        },
                        {
                            "x": 1617174000000,
                            "y": 585209
                        },
                        {
                            "x": 1619766000000,
                            "y": 539995
                        },
                        {
                            "x": 1622444400000,
                            "y": 563563
                        },
                        {
                            "x": 1625036400000,
                            "y": 655000
                        },
                        {
                            "x": 1627714800000,
                            "y": 625000
                        },
                        {
                            "x": 1630393200000,
                            "y": 579500
                        },
                        {
                            "x": 1632985200000,
                            "y": 570000
                        },
                        {
                            "x": 1635663600000,
                            "y": 570600
                        },
                        {
                            "x": 1638259200000,
                            "y": 531400
                        },
                        {
                            "x": 1640937600000,
                            "y": 541700
                        },
                        {
                            "x": 1643616000000,
                            "y": 559500
                        },
                        {
                            "x": 1646035200000,
                            "y": 570500
                        },
                        {
                            "x": 1648710000000,
                            "y": 597600
                        },
                        {
                            "x": 1651302000000,
                            "y": 608700
                        },
                        {
                            "x": 1653980400000,
                            "y": 634500
                        },
                        {
                            "x": 1656572400000,
                            "y": 646700
                        },
                        {
                            "x": 1659250800000,
                            "y": 657500
                        },
                        {
                            "x": 1661929200000,
                            "y": 646400
                        },
                        {
                            "x": 1664521200000,
                            "y": 664700
                        },
                        {
                            "x": 1667199600000,
                            "y": 663900
                        },
                        {
                            "x": 1669795200000,
                            "y": 669100
                        },
                        {
                            "x": 1672473600000,
                            "y": 660600
                        },
                        {
                            "x": 1675152000000,
                            "y": 666400
                        },
                        {
                            "x": 1677571200000,
                            "y": 662600
                        },
                        {
                            "x": 1680246000000,
                            "y": 648800
                        },
                        {
                            "x": 1682838000000,
                            "y": 649600
                        },
                        {
                            "x": 1685516400000,
                            "y": 637200
                        },
                        {
                            "x": 1688108400000,
                            "y": 671800
                        },
                        {
                            "x": 1690786800000,
                            "y": 703700
                        },
                        {
                            "x": 1693465200000,
                            "y": 717500
                        },
                        {
                            "x": 1696057200000,
                            "y": 723700
                        },
                        {
                            "x": 1698735600000,
                            "y": 732900
                        },
                        {
                            "x": 1701331200000,
                            "y": 743600
                        },
                        {
                            "x": 1704009600000,
                            "y": 708800
                        },
                        {
                            "x": 1706688000000,
                            "y": 990800
                        },
                        {
                            "x": 1707206400000,
                            "y": 989800
                        }
                    ],
                    "name": "This home"
                },
                {
                    "points": [
                        {
                            "x": 1638864000000,
                            "y": 540000
                        }
                    ],
                    "name": "Sale"
                }
            ]
        }
    }
}