{
    "data": {
        "property": {
            "homeValueChartData": [
                {
                    "points": [
                        {
                            "x": 1393574400000,
                            "y": 79243
                        },
                        {
                            "x": 1396249200000,
                            "y": 79321
                        },
                        {
                            "x": 1398841200000,
                            "y": 80060
                        },
                        {
                            "x": 1401519600000,
                            "y": 80936
                        },
                        {
                            "x": 1404111600000,
                            "y": 83087
                        },
                        {
                            "x": 1406790000000,
                            "y": 84203
                        },
                        {
                            "x": 1409468400000,
                            "y": 86000
                        },
                        {
                            "x": 1412060400000,
                            "y": 85280
                        },
                        {
                            "x": 1414738800000,
                            "y": 84363
                        },
                        {
                            "x": 1417334400000,
                            "y": 93361
                        },
                        {
                            "x": 1420012800000,
                            "y": 94810
                        },
                        {
                            "x": 1422691200000,
                            "y": 94478
                        },
                        {
                            "x": 1425110400000,
                            "y": 94762
                        },
                        {
                            "x": 1427785200000,
                            "y": 93598
                        },
                        {
                            "x": 1430377200000,
                            "y": 94953
                        },
                        {
                            "x": 1433055600000,
                            "y": 97531
                        },
                        {
                            "x": 1435647600000,
                            "y": 97413
                        },
                        {
                            "x": 1438326000000,
                            "y": 96095
                        },
                        {
                            "x": 1441004400000,
                            "y": 98680
                        },
                        {
                            "x": 1443596400000,
                            "y": 100039
                        },
                        {
                            "x": 1446274800000,
                            "y": 100329
                        },
                        {
                            "x": 1448870400000,
                            "y": 102542
                        },
                        {
                            "x": 1451548800000,
                            "y": 102024
                        },
                        {
                            "x": 1454227200000,
                            "y": 105189
                        },
                        {
                            "x": 1456732800000,
                            "y": 106507
                        },
                        {
                            "x": 1459407600000,
                            "y": 107447
                        },
                        {
                            "x": 1461999600000,
                            "y": 104516
                        },
                        {
                            "x": 1464678000000,
                            "y": 107279
                        },
                        {
                            "x": 1467270000000,
                            "y": 111212
                        },
                        {
                            "x": 1469948400000,
                            "y": 111818
                        },
                        {
                            "x": 1472626800000,
                            "y": 112588
                        },
                        {
                            "x": 1475218800000,
                            "y": 113801
                        },
                        {
                            "x": 1477897200000,
                            "y": 112471
                        },
                        {
                            "x": 1480492800000,
                            "y": 127844
                        },
                        {
                            "x": 1483171200000,
                            "y": 123963
                        },
                        {
                            "x": 1485849600000,
                            "y": 126212
                        },
                        {
                            "x": 1488268800000,
                            "y": 126201
                        },
                        {
                            "x": 1490943600000,
                            "y": 131034
                        },
                        {
                            "x": 1493535600000,
                            "y": 130838
                        },
                        {
                            "x": 1496214000000,
                            "y": 135445
                        },
                        {
                            "x": 1498806000000,
                            "y": 134430
                        },
                        {
                            "x": 1501484400000,
                            "y": 139587
                        },
                        {
                            "x": 1504162800000,
                            "y": 140582
                        },
                        {
                            "x": 1506754800000,
                            "y": 141336
                        },
                        {
                            "x": 1509433200000,
                            "y": 141952
                        },
                        {
                            "x": 1512028800000,
                            "y": 139698
                        },
                        {
                            "x": 1514707200000,
                            "y": 138534
                        },
                        {
                            "x": 1517385600000,
                            "y": 137121
                        },
                        {
                            "x": 1519804800000,
                            "y": 134807
                        },
                        {
                            "x": 1522479600000,
                            "y": 135851
                        },
                        {
                            "x": 1525071600000,
                            "y": 132996
                        },
                        {
                            "x": 1527750000000,
                            "y": 137981
                        },
                        {
                            "x": 1530342000000,
                            "y": 139303
                        },
                        {
                            "x": 1533020400000,
                            "y": 136154
                        },
                        {
                            "x": 1535698800000,
                            "y": 135882
                        },
                        {
                            "x": 1538290800000,
                            "y": 139081
                        },
                        {
                            "x": 1540969200000,
                            "y": 140534
                        },
                        {
                            "x": 1543564800000,
                            "y": 139609
                        },
                        {
                            "x": 1546243200000,
                            "y": 140362
                        },
                        {
                            "x": 1548921600000,
                            "y": 143087
                        },
                        {
                            "x": 1551340800000,
                            "y": 142240
                        },
                        {
                            "x": 1554015600000,
                            "y": 157023
                        },
                        {
                            "x": 1556607600000,
                            "y": 154987
                        },
                        {
                            "x": 1559286000000,
                            "y": 153194
                        },
                        {
                            "x": 1561878000000,
                            "y": 151118
                        },
                        {
                            "x": 1564556400000,
                            "y": 151390
                        },
                        {
                            "x": 1567234800000,
                            "y": 149783
                        },
                        {
                            "x": 1569826800000,
                            "y": 153366
                        },
                        {
                            "x": 1572505200000,
                            "y": 156011
                        },
                        {
                            "x": 1575100800000,
                            "y": 155075
                        },
                        {
                            "x": 1577779200000,
                            "y": 156014
                        },
                        {
                            "x": 1580457600000,
                            "y": 155533
                        },
                        {
                            "x": 1582963200000,
                            "y": 146595
                        },
                        {
                            "x": 1585638000000,
                            "y": 149975
                        },
                        {
                            "x": 1588230000000,
                            "y": 152316
                        },
                        {
                            "x": 1590908400000,
                            "y": 149301
                        },
                        {
                            "x": 1593500400000,
                            "y": 142708
                        },
                        {
                            "x": 1596178800000,
                            "y": 143659
                        },
                        {
                            "x": 1598857200000,
                            "y": 145836
                        },
                        {
                            "x": 1601449200000,
                            "y": 151213
                        },
                        {
                            "x": 1604127600000,
                            "y": 158202
                        },
                        {
                            "x": 1606723200000,
                            "y": 157779
                        },
                        {
                            "x": 1609401600000,
                            "y": 157712
                        },
                        {
                            "x": 1612080000000,
                            "y": 155152
                        },
                        {
                            "x": 1614499200000,
                            "y": 154744
                        },
                        {
                            "x": 1617174000000,
                            "y": 152531
                        },
                        {
                            "x": 1619766000000,
                            "y": 164305
                        },
                        {
                            "x": 1622444400000,
                            "y": 167299
                        },
                        {
                            "x": 1625036400000,
                            "y": 179800
                        },
                        {
                            "x": 1627714800000,
                            "y": 184900
                        },
                        {
                            "x": 1630393200000,
                            "y": 186500
                        },
                        {
                            "x": 1632985200000,
                            "y": 189200
                        },
                        {
                            "x": 1635663600000,
                            "y": 193500
                        },
                        {
                            "x": 1638259200000,
                            "y": 196400
                        },
                        {
                            "x": 1640937600000,
                            "y": 201500
                        },
                        {
                            "x": 1643616000000,
                            "y": 204000
                        },
                        {
                            "x": 1646035200000,
                            "y": 210900
                        },
                        {
                            "x": 1648710000000,
                            "y": 221400
                        },
                        {
                            "x": 1651302000000,
                            "y": 229000
                        },
                        {
                            "x": 1653980400000,
                            "y": 239800
                        },
                        {
                            "x": 1656572400000,
                            "y": 247600
                        },
                        {
                            "x": 1659250800000,
                            "y": 249200
                        },
                        {
                            "x": 1661929200000,
                            "y": 247500
                        },
                        {
                            "x": 1664521200000,
                            "y": 248100
                        },
                        {
                            "x": 1667199600000,
                            "y": 249100
                        },
                        {
                            "x": 1669795200000,
                            "y": 246900
                        },
                        {
                            "x": 1672473600000,
                            "y": 241800
                        },
                        {
                            "x": 1675152000000,
                            "y": 242500
                        },
                        {
                            "x": 1677571200000,
                            "y": 242800
                        },
                        {
                            "x": 1680246000000,
                            "y": 250600
                        },
                        {
                            "x": 1682838000000,
                            "y": 250300
                        },
                        {
                            "x": 1685516400000,
                            "y": 253400
                        },
                        {
                            "x": 1688108400000,
                            "y": 248800
                        },
                        {
                            "x": 1690786800000,
                            "y": 251100
                        },
                        {
                            "x": 1693465200000,
                            "y": 257800
                        },
                        {
                            "x": 1696057200000,
                            "y": 262100
                        },
                        {
                            "x": 1698735600000,
                            "y": 261400
                        },
                        {
                            "x": 1701331200000,
                            "y": 260200
                        },
                        {
                            "x": 1704009600000,
                            "y": 243800
                        },
                        {
                            "x": 1706688000000,
                            "y": 243600
                        },
                        {
                            "x": 1707292800000,
                            "y": 230900
                        }
                    ],
                    "name": "This home"
                }
            ]
        }
    }
}