{
    "data": {
        "property": {
            "homeValueChartData": [
                {
                    "points": [
                        {
                            "x": 1393574400000,
                            "y": 40090
                        },
                        {
                            "x": 1396249200000,
                            "y": 39739
                        },
                        {
                            "x": 1398841200000,
                            "y": 41216
                        },
                        {
                            "x": 1401519600000,
                            "y": 40794
                        },
                        {
                            "x": 1404111600000,
                            "y": 43464
                        },
                        {
                            "x": 1406790000000,
                            "y": 44272
                        },
                        {
                            "x": 1409468400000,
                            "y": 43663
                        },
                        {
                            "x": 1412060400000,
                            "y": 43929
                        },
                        {
                            "x": 1414738800000,
                            "y": 45433
                        },
                        {
                            "x": 1417334400000,
                            "y": 46365
                        },
                        {
                            "x": 1420012800000,
                            "y": 83897
                        },
                        {
                            "x": 1422691200000,
                            "y": 83999
                        },
                        {
                            "x": 1425110400000,
                            "y": 84171
                        },
                        {
                            "x": 1427785200000,
                            "y": 83250
                        },
                        {
                            "x": 1430377200000,
                            "y": 83266
                        },
                        {
                            "x": 1433055600000,
                            "y": 82909
                        },
                        {
                            "x": 1435647600000,
                            "y": 82843
                        },
                        {
                            "x": 1438326000000,
                            "y": 82749
                        },
                        {
                            "x": 1441004400000,
                            "y": 82500
                        },
                        {
                            "x": 1443596400000,
                            "y": 82499
                        },
                        {
                            "x": 1446274800000,
                            "y": 83120
                        },
                        {
                            "x": 1448870400000,
                            "y": 83120
                        },
                        {
                            "x": 1451548800000,
                            "y": 82909
                        },
                        {
                            "x": 1454227200000,
                            "y": 60832
                        },
                        {
                            "x": 1456732800000,
                            "y": 61441
                        },
                        {
                            "x": 1459407600000,
                            "y": 61211
                        },
                        {
                            "x": 1461999600000,
                            "y": 61669
                        },
                        {
                            "x": 1464678000000,
                            "y": 62486
                        },
                        {
                            "x": 1467270000000,
                            "y": 63556
                        },
                        {
                            "x": 1469948400000,
                            "y": 64151
                        },
                        {
                            "x": 1472626800000,
                            "y": 65260
                        },
                        {
                            "x": 1475218800000,
                            "y": 92630
                        },
                        {
                            "x": 1477897200000,
                            "y": 91614
                        },
                        {
                            "x": 1480492800000,
                            "y": 91614
                        },
                        {
                            "x": 1483171200000,
                            "y": 91067
                        },
                        {
                            "x": 1485849600000,
                            "y": 91985
                        },
                        {
                            "x": 1488268800000,
                            "y": 91506
                        },
                        {
                            "x": 1490943600000,
                            "y": 91506
                        },
                        {
                            "x": 1493535600000,
                            "y": 108906
                        },
                        {
                            "x": 1496214000000,
                            "y": 107645
                        },
                        {
                            "x": 1498806000000,
                            "y": 107710
                        },
                        {
                            "x": 1501484400000,
                            "y": 96744
                        },
                        {
                            "x": 1504162800000,
                            "y": 97882
                        },
                        {
                            "x": 1506754800000,
                            "y": 96709
                        },
                        {
                            "x": 1509433200000,
                            "y": 93638
                        },
                        {
                            "x": 1512028800000,
                            "y": 92342
                        },
                        {
                            "x": 1514707200000,
                            "y": 94339
                        },
                        {
                            "x": 1517385600000,
                            "y": 93525
                        },
                        {
                            "x": 1519804800000,
                            "y": 93333
                        },
                        {
                            "x": 1522479600000,
                            "y": 92972
                        },
                        {
                            "x": 1525071600000,
                            "y": 93515
                        },
                        {
                            "x": 1527750000000,
                            "y": 91150
                        },
                        {
                            "x": 1530342000000,
                            "y": 91150
                        },
                        {
                            "x": 1533020400000,
                            "y": 90250
                        },
                        {
                            "x": 1535698800000,
                            "y": 88507
                        },
                        {
                            "x": 1538290800000,
                            "y": 88507
                        },
                        {
                            "x": 1540969200000,
                            "y": 90106
                        },
                        {
                            "x": 1543564800000,
                            "y": 75142
                        },
                        {
                            "x": 1546243200000,
                            "y": 75873
                        },
                        {
                            "x": 1548921600000,
                            "y": 75739
                        },
                        {
                            "x": 1551340800000,
                            "y": 74917
                        },
                        {
                            "x": 1554015600000,
                            "y": 75739
                        },
                        {
                            "x": 1556607600000,
                            "y": 74161
                        },
                        {
                            "x": 1559286000000,
                            "y": 73271
                        },
                        {
                            "x": 1561878000000,
                            "y": 72698
                        },
                        {
                            "x": 1564556400000,
                            "y": 73495
                        },
                        {
                            "x": 1567234800000,
                            "y": 72597
                        },
                        {
                            "x": 1569826800000,
                            "y": 70558
                        },
                        {
                            "x": 1572505200000,
                            "y": 71483
                        },
                        {
                            "x": 1575100800000,
                            "y": 74451
                        },
                        {
                            "x": 1577779200000,
                            "y": 86112
                        },
                        {
                            "x": 1580457600000,
                            "y": 87923
                        },
                        {
                            "x": 1582963200000,
                            "y": 86796
                        },
                        {
                            "x": 1585638000000,
                            "y": 87242
                        },
                        {
                            "x": 1588230000000,
                            "y": 81310
                        },
                        {
                            "x": 1590908400000,
                            "y": 81792
                        },
                        {
                            "x": 1593500400000,
                            "y": 81204
                        },
                        {
                            "x": 1596178800000,
                            "y": 82687
                        },
                        {
                            "x": 1598857200000,
                            "y": 84602
                        },
                        {
                            "x": 1601449200000,
                            "y": 94942
                        },
                        {
                            "x": 1604127600000,
                            "y": 94439
                        },
                        {
                            "x": 1606723200000,
                            "y": 99557
                        },
                        {
                            "x": 1609401600000,
                            "y": 97099
                        },
                        {
                            "x": 1612080000000,
                            "y": 94800
                        },
                        {
                            "x": 1614499200000,
                            "y": 97102
                        },
                        {
                            "x": 1617174000000,
                            "y": 100231
                        },
                        {
                            "x": 1619766000000,
                            "y": 104719
                        },
                        {
                            "x": 1622444400000,
                            "y": 107702
                        },
                        {
                            "x": 1625036400000,
                            "y": 116500
                        },
                        {
                            "x": 1627714800000,
                            "y": 123800
                        },
                        {
                            "x": 1630393200000,
                            "y": 124500
                        },
                        {
                            "x": 1632985200000,
                            "y": 126900
                        },
                        {
                            "x": 1635663600000,
                            "y": 128200
                        },
                        {
                            "x": 1638259200000,
                            "y": 131000
                        },
                        {
                            "x": 1640937600000,
                            "y": 134900
                        },
                        {
                            "x": 1643616000000,
                            "y": 133500
                        },
                        {
                            "x": 1646035200000,
                            "y": 139500
                        },
                        {
                            "x": 1648710000000,
                            "y": 149600
                        },
                        {
                            "x": 1651302000000,
                            "y": 155700
                        },
                        {
                            "x": 1653980400000,
                            "y": 161700
                        },
                        {
                            "x": 1656572400000,
                            "y": 166000
                        },
                        {
                            "x": 1659250800000,
                            "y": 167700
                        },
                        {
                            "x": 1661929200000,
                            "y": 167000
                        },
                        {
                            "x": 1664521200000,
                            "y": 166300
                        },
                        {
                            "x": 1667199600000,
                            "y": 167800
                        },
                        {
                            "x": 1669795200000,
                            "y": 164100
                        },
                        {
                            "x": 1672473600000,
                            "y": 163800
                        },
                        {
                            "x": 1675152000000,
                            "y": 160100
                        },
                        {
                            "x": 1677571200000,
                            "y": 195600
                        },
                        {
                            "x": 1680246000000,
                            "y": 195000
                        },
                        {
                            "x": 1682838000000,
                            "y": 193900
                        },
                        {
                            "x": 1685516400000,
                            "y": 193800
                        },
                        {
                            "x": 1688108400000,
                            "y": 195200
                        },
                        {
                            "x": 1690786800000,
                            "y": 213000
                        },
                        {
                            "x": 1693465200000,
                            "y": 213400
                        },
                        {
                            "x": 1696057200000,
                            "y": 212900
                        },
                        {
                            "x": 1698735600000,
                            "y": 211400
                        },
                        {
                            "x": 1701331200000,
                            "y": 226400
                        },
                        {
                            "x": 1704009600000,
                            "y": 227300
                        },
                        {
                            "x": 1706688000000,
                            "y": 226300
                        },
                        {
                            "x": 1707292800000,
                            "y": 216400
                        }
                    ],
                    "name": "This home"
                }
            ]
        }
    }
}