{
    "data": {
        "property": {
            "homeValueChartData": [
                {
                    "points": [
                        {
                            "x": 1393574400000,
                            "y": 599053
                        },
                        {
                            "x": 1396249200000,
                            "y": 603144
                        },
                        {
                            "x": 1398841200000,
                            "y": 607359
                        },
                        {
                            "x": 1401519600000,
                            "y": 611647
                        },
                        {
                            "x": 1404111600000,
                            "y": 609605
                        },
                        {
                            "x": 1406790000000,
                            "y": 608317
                        },
                        {
                            "x": 1409468400000,
                            "y": 609751
                        },
                        {
                            "x": 1412060400000,
                            "y": 627087
                        },
                        {
                            "x": 1414738800000,
                            "y": 618733
                        },
                        {
                            "x": 1417334400000,
                            "y": 603764
                        },
                        {
                            "x": 1420012800000,
                            "y": 606831
                        },
                        {
                            "x": 1422691200000,
                            "y": 617821
                        },
                        {
                            "x": 1425110400000,
                            "y": 619190
                        },
                        {
                            "x": 1427785200000,
                            "y": 614724
                        },
                        {
                            "x": 1430377200000,
                            "y": 623358
                        },
                        {
                            "x": 1433055600000,
                            "y": 625535
                        },
                        {
                            "x": 1435647600000,
                            "y": 624686
                        },
                        {
                            "x": 1438326000000,
                            "y": 599891
                        },
                        {
                            "x": 1441004400000,
                            "y": 626511
                        },
                        {
                            "x": 1443596400000,
                            "y": 636833
                        },
                        {
                            "x": 1446274800000,
                            "y": 621478
                        },
                        {
                            "x": 1448870400000,
                            "y": 648876
                        },
                        {
                            "x": 1451548800000,
                            "y": 655934
                        },
                        {
                            "x": 1454227200000,
                            "y": 653522
                        },
                        {
                            "x": 1456732800000,
                            "y": 653475
                        },
                        {
                            "x": 1459407600000,
                            "y": 647202
                        },
                        {
                            "x": 1461999600000,
                            "y": 648797
                        },
                        {
                            "x": 1464678000000,
                            "y": 651411
                        },
                        {
                            "x": 1467270000000,
                            "y": 651536
                        },
                        {
                            "x": 1469948400000,
                            "y": 664573
                        },
                        {
                            "x": 1472626800000,
                            "y": 662967
                        },
                        {
                            "x": 1475218800000,
                            "y": 650304
                        },
                        {
                            "x": 1477897200000,
                            "y": 651456
                        },
                        {
                            "x": 1480492800000,
                            "y": 648564
                        },
                        {
                            "x": 1483171200000,
                            "y": 660095
                        },
                        {
                            "x": 1485849600000,
                            "y": 659666
                        },
                        {
                            "x": 1488268800000,
                            "y": 671218
                        },
                        {
                            "x": 1490943600000,
                            "y": 665477
                        },
                        {
                            "x": 1493535600000,
                            "y": 669063
                        },
                        {
                            "x": 1496214000000,
                            "y": 668311
                        },
                        {
                            "x": 1498806000000,
                            "y": 666769
                        },
                        {
                            "x": 1501484400000,
                            "y": 648718
                        },
                        {
                            "x": 1504162800000,
                            "y": 642977
                        },
                        {
                            "x": 1506754800000,
                            "y": 644501
                        },
                        {
                            "x": 1509433200000,
                            "y": 644622
                        },
                        {
                            "x": 1512028800000,
                            "y": 646164
                        },
                        {
                            "x": 1514707200000,
                            "y": 672030
                        },
                        {
                            "x": 1517385600000,
                            "y": 660964
                        },
                        {
                            "x": 1519804800000,
                            "y": 669568
                        },
                        {
                            "x": 1522479600000,
                            "y": 671487
                        },
                        {
                            "x": 1525071600000,
                            "y": 662108
                        },
                        {
                            "x": 1527750000000,
                            "y": 664988
                        },
                        {
                            "x": 1530342000000,
                            "y": 669557
                        },
                        {
                            "x": 1533020400000,
                            "y": 660628
                        },
                        {
                            "x": 1535698800000,
                            "y": 660124
                        },
                        {
                            "x": 1538290800000,
                            "y": 655184
                        },
                        {
                            "x": 1540969200000,
                            "y": 653319
                        },
                        {
                            "x": 1543564800000,
                            "y": 652640
                        },
                        {
                            "x": 1546243200000,
                            "y": 654419
                        },
                        {
                            "x": 1548921600000,
                            "y": 662610
                        },
                        {
                            "x": 1551340800000,
                            "y": 649399
                        },
                        {
                            "x": 1554015600000,
                            "y": 653543
                        },
                        {
                            "x": 1556607600000,
                            "y": 651250
                        },
                        {
                            "x": 1559286000000,
                            "y": 653278
                        },
                        {
                            "x": 1561878000000,
                            "y": 661630
                        },
                        {
                            "x": 1564556400000,
                            "y": 669333
                        },
                        {
                            "x": 1567234800000,
                            "y": 675953
                        },
                        {
                            "x": 1569826800000,
                            "y": 679085
                        },
                        {
                            "x": 1572505200000,
                            "y": 685274
                        },
                        {
                            "x": 1575100800000,
                            "y": 670695
                        },
                        {
                            "x": 1577779200000,
                            "y": 676041
                        },
                        {
                            "x": 1580457600000,
                            "y": 684108
                        },
                        {
                            "x": 1582963200000,
                            "y": 767990
                        },
                        {
                            "x": 1585638000000,
                            "y": 764761
                        },
                        {
                            "x": 1588230000000,
                            "y": 749424
                        },
                        {
                            "x": 1590908400000,
                            "y": 764596
                        },
                        {
                            "x": 1593500400000,
                            "y": 777894
                        },
                        {
                            "x": 1596178800000,
                            "y": 788068
                        },
                        {
                            "x": 1598857200000,
                            "y": 791668
                        },
                        {
                            "x": 1601449200000,
                            "y": 737804
                        },
                        {
                            "x": 1604127600000,
                            "y": 737091
                        },
                        {
                            "x": 1606723200000,
                            "y": 811810
                        },
                        {
                            "x": 1609401600000,
                            "y": 811271
                        },
                        {
                            "x": 1612080000000,
                            "y": 824316
                        },
                        {
                            "x": 1614499200000,
                            "y": 830848
                        },
                        {
                            "x": 1617174000000,
                            "y": 851834
                        },
                        {
                            "x": 1619766000000,
                            "y": 851143
                        },
                        {
                            "x": 1622444400000,
                            "y": 874529
                        },
                        {
                            "x": 1625036400000,
                            "y": 900000
                        },
                        {
                            "x": 1627714800000,
                            "y": 924700
                        },
                        {
                            "x": 1630393200000,
                            "y": 933300
                        },
                        {
                            "x": 1632985200000,
                            "y": 947600
                        },
                        {
                            "x": 1635663600000,
                            "y": 971100
                        },
                        {
                            "x": 1638259200000,
                            "y": 993500
                        },
                        {
                            "x": 1640937600000,
                            "y": 1028200
                        },
                        {
                            "x": 1643616000000,
                            "y": 1040700
                        },
                        {
                            "x": 1646035200000,
                            "y": 1075100
                        },
                        {
                            "x": 1648710000000,
                            "y": 1170100
                        },
                        {
                            "x": 1651302000000,
                            "y": 1233500
                        },
                        {
                            "x": 1653980400000,
                            "y": 1270500
                        },
                        {
                            "x": 1656572400000,
                            "y": 1280900
                        },
                        {
                            "x": 1659250800000,
                            "y": 1265000
                        },
                        {
                            "x": 1661929200000,
                            "y": 1222000
                        },
                        {
                            "x": 1664521200000,
                            "y": 1226600
                        },
                        {
                            "x": 1667199600000,
                            "y": 1221800
                        },
                        {
                            "x": 1669795200000,
                            "y": 1215600
                        },
                        {
                            "x": 1672473600000,
                            "y": 1202000
                        },
                        {
                            "x": 1675152000000,
                            "y": 1189700
                        },
                        {
                            "x": 1677571200000,
                            "y": 1186200
                        },
                        {
                            "x": 1680246000000,
                            "y": 1174200
                        },
                        {
                            "x": 1682838000000,
                            "y": 1184800
                        },
                        {
                            "x": 1685516400000,
                            "y": 1212400
                        },
                        {
                            "x": 1688108400000,
                            "y": 1211500
                        },
                        {
                            "x": 1690786800000,
                            "y": 1210900
                        },
                        {
                            "x": 1693465200000,
                            "y": 1239100
                        },
                        {
                            "x": 1696057200000,
                            "y": 1250700
                        },
                        {
                            "x": 1698735600000,
                            "y": 1262000
                        },
                        {
                            "x": 1701331200000,
                            "y": 1281400
                        },
                        {
                            "x": 1704009600000,
                            "y": 1282500
                        },
                        {
                            "x": 1706688000000,
                            "y": 1378100
                        },
                        {
                            "x": 1707206400000,
                            "y": 1322300
                        }
                    ],
                    "name": "This home"
                }
            ]
        }
    }
}