{
    "data": {
        "property": {
            "homeValueChartData": [
                {
                    "points": [
                        {
                            "x": 1393574400000,
                            "y": 435970
                        },
                        {
                            "x": 1396249200000,
                            "y": 437569
                        },
                        {
                            "x": 1398841200000,
                            "y": 438083
                        },
                        {
                            "x": 1401519600000,
                            "y": 439628
                        },
                        {
                            "x": 1404111600000,
                            "y": 435751
                        },
                        {
                            "x": 1406790000000,
                            "y": 439322
                        },
                        {
                            "x": 1409468400000,
                            "y": 444233
                        },
                        {
                            "x": 1412060400000,
                            "y": 439995
                        },
                        {
                            "x": 1414738800000,
                            "y": 444176
                        },
                        {
                            "x": 1417334400000,
                            "y": 442549
                        },
                        {
                            "x": 1420012800000,
                            "y": 438358
                        },
                        {
                            "x": 1422691200000,
                            "y": 437791
                        },
                        {
                            "x": 1425110400000,
                            "y": 441706
                        },
                        {
                            "x": 1427785200000,
                            "y": 450347
                        },
                        {
                            "x": 1430377200000,
                            "y": 454259
                        },
                        {
                            "x": 1433055600000,
                            "y": 449167
                        },
                        {
                            "x": 1435647600000,
                            "y": 450355
                        },
                        {
                            "x": 1438326000000,
                            "y": 445193
                        },
                        {
                            "x": 1441004400000,
                            "y": 453258
                        },
                        {
                            "x": 1443596400000,
                            "y": 462120
                        },
                        {
                            "x": 1446274800000,
                            "y": 464328
                        },
                        {
                            "x": 1448870400000,
                            "y": 471232
                        },
                        {
                            "x": 1451548800000,
                            "y": 452135
                        },
                        {
                            "x": 1454227200000,
                            "y": 460322
                        },
                        {
                            "x": 1456732800000,
                            "y": 450989
                        },
                        {
                            "x": 1459407600000,
                            "y": 453288
                        },
                        {
                            "x": 1461999600000,
                            "y": 455710
                        },
                        {
                            "x": 1464678000000,
                            "y": 452901
                        },
                        {
                            "x": 1467270000000,
                            "y": 467993
                        },
                        {
                            "x": 1469948400000,
                            "y": 479355
                        },
                        {
                            "x": 1472626800000,
                            "y": 480530
                        },
                        {
                            "x": 1475218800000,
                            "y": 457615
                        },
                        {
                            "x": 1477897200000,
                            "y": 477480
                        },
                        {
                            "x": 1480492800000,
                            "y": 482690
                        },
                        {
                            "x": 1483171200000,
                            "y": 492808
                        },
                        {
                            "x": 1485849600000,
                            "y": 485005
                        },
                        {
                            "x": 1488268800000,
                            "y": 505780
                        },
                        {
                            "x": 1490943600000,
                            "y": 471163
                        },
                        {
                            "x": 1493535600000,
                            "y": 472551
                        },
                        {
                            "x": 1496214000000,
                            "y": 474699
                        },
                        {
                            "x": 1498806000000,
                            "y": 476361
                        },
                        {
                            "x": 1501484400000,
                            "y": 477137
                        },
                        {
                            "x": 1504162800000,
                            "y": 481581
                        },
                        {
                            "x": 1506754800000,
                            "y": 489527
                        },
                        {
                            "x": 1509433200000,
                            "y": 489276
                        },
                        {
                            "x": 1512028800000,
                            "y": 488398
                        },
                        {
                            "x": 1514707200000,
                            "y": 490982
                        },
                        {
                            "x": 1517385600000,
                            "y": 495234
                        },
                        {
                            "x": 1519804800000,
                            "y": 499006
                        },
                        {
                            "x": 1522479600000,
                            "y": 497339
                        },
                        {
                            "x": 1525071600000,
                            "y": 498857
                        },
                        {
                            "x": 1527750000000,
                            "y": 504260
                        },
                        {
                            "x": 1530342000000,
                            "y": 505263
                        },
                        {
                            "x": 1533020400000,
                            "y": 506330
                        },
                        {
                            "x": 1535698800000,
                            "y": 508074
                        },
                        {
                            "x": 1538290800000,
                            "y": 506623
                        },
                        {
                            "x": 1540969200000,
                            "y": 510010
                        },
                        {
                            "x": 1543564800000,
                            "y": 514449
                        },
                        {
                            "x": 1546243200000,
                            "y": 518065
                        },
                        {
                            "x": 1548921600000,
                            "y": 518085
                        },
                        {
                            "x": 1551340800000,
                            "y": 512223
                        },
                        {
                            "x": 1554015600000,
                            "y": 519468
                        },
                        {
                            "x": 1556607600000,
                            "y": 518667
                        },
                        {
                            "x": 1559286000000,
                            "y": 519554
                        },
                        {
                            "x": 1561878000000,
                            "y": 522936
                        },
                        {
                            "x": 1564556400000,
                            "y": 525631
                        },
                        {
                            "x": 1567234800000,
                            "y": 520795
                        },
                        {
                            "x": 1569826800000,
                            "y": 516368
                        },
                        {
                            "x": 1572505200000,
                            "y": 522427
                        },
                        {
                            "x": 1575100800000,
                            "y": 528271
                        },
                        {
                            "x": 1577779200000,
                            "y": 525533
                        },
                        {
                            "x": 1580457600000,
                            "y": 533828
                        },
                        {
                            "x": 1582963200000,
                            "y": 539328
                        },
                        {
                            "x": 1585638000000,
                            "y": 533027
                        },
                        {
                            "x": 1588230000000,
                            "y": 524974
                        },
                        {
                            "x": 1590908400000,
                            "y": 525880
                        },
                        {
                            "x": 1593500400000,
                            "y": 531038
                        },
                        {
                            "x": 1596178800000,
                            "y": 548660
                        },
                        {
                            "x": 1598857200000,
                            "y": 545404
                        },
                        {
                            "x": 1601449200000,
                            "y": 528658
                        },
                        {
                            "x": 1604127600000,
                            "y": 536544
                        },
                        {
                            "x": 1606723200000,
                            "y": 544180
                        },
                        {
                            "x": 1609401600000,
                            "y": 547555
                        },
                        {
                            "x": 1612080000000,
                            "y": 551815
                        },
                        {
                            "x": 1614499200000,
                            "y": 564116
                        },
                        {
                            "x": 1617174000000,
                            "y": 574571
                        },
                        {
                            "x": 1619766000000,
                            "y": 612266
                        },
                        {
                            "x": 1622444400000,
                            "y": 635343
                        },
                        {
                            "x": 1625036400000,
                            "y": 683700
                        },
                        {
                            "x": 1627714800000,
                            "y": 722000
                        },
                        {
                            "x": 1630393200000,
                            "y": 729700
                        },
                        {
                            "x": 1632985200000,
                            "y": 743000
                        },
                        {
                            "x": 1635663600000,
                            "y": 758800
                        },
                        {
                            "x": 1638259200000,
                            "y": 773500
                        },
                        {
                            "x": 1640937600000,
                            "y": 798400
                        },
                        {
                            "x": 1643616000000,
                            "y": 803700
                        },
                        {
                            "x": 1646035200000,
                            "y": 832500
                        },
                        {
                            "x": 1648710000000,
                            "y": 886600
                        },
                        {
                            "x": 1651302000000,
                            "y": 927300
                        },
                        {
                            "x": 1653980400000,
                            "y": 958500
                        },
                        {
                            "x": 1656572400000,
                            "y": 958500
                        },
                        {
                            "x": 1659250800000,
                            "y": 948000
                        },
                        {
                            "x": 1661929200000,
                            "y": 890700
                        },
                        {
                            "x": 1664521200000,
                            "y": 876000
                        },
                        {
                            "x": 1667199600000,
                            "y": 877300
                        },
                        {
                            "x": 1669795200000,
                            "y": 875400
                        },
                        {
                            "x": 1672473600000,
                            "y": 863400
                        },
                        {
                            "x": 1675152000000,
                            "y": 853600
                        },
                        {
                            "x": 1677571200000,
                            "y": 860900
                        },
                        {
                            "x": 1680246000000,
                            "y": 891400
                        },
                        {
                            "x": 1682838000000,
                            "y": 893000
                        },
                        {
                            "x": 1685516400000,
                            "y": 906000
                        },
                        {
                            "x": 1688108400000,
                            "y": 926300
                        },
                        {
                            "x": 1690786800000,
                            "y": 909400
                        },
                        {
                            "x": 1693465200000,
                            "y": 932700
                        },
                        {
                            "x": 1696057200000,
                            "y": 937100
                        },
                        {
                            "x": 1698735600000,
                            "y": 957100
                        },
                        {
                            "x": 1701331200000,
                            "y": 1290000
                        },
                        {
                            "x": 1704009600000,
                            "y": 1285900
                        },
                        {
                            "x": 1706688000000,
                            "y": 1278400
                        },
                        {
                            "x": 1707206400000,
                            "y": 1276300
                        }
                    ],
                    "name": "This home"
                },
                {
                    "points": [
                        {
                            "x": 1489561200000,
                            "y": 470000
                        }
                    ],
                    "name": "Sale"
                }
            ]
        }
    }
}