{
    "data": {
        "property": {
            "homeValueChartData": [
                {
                    "points": [
                        {
                            "x": 1393574400000,
                            "y": 87334
                        },
                        {
                            "x": 1396249200000,
                            "y": 88643
                        },
                        {
                            "x": 1398841200000,
                            "y": 88996
                        },
                        {
                            "x": 1401519600000,
                            "y": 88302
                        },
                        {
                            "x": 1404111600000,
                            "y": 83457
                        },
                        {
                            "x": 1406790000000,
                            "y": 84836
                        },
                        {
                            "x": 1409468400000,
                            "y": 85206
                        },
                        {
                            "x": 1412060400000,
                            "y": 81615
                        },
                        {
                            "x": 1414738800000,
                            "y": 88851
                        },
                        {
                            "x": 1417334400000,
                            "y": 84025
                        },
                        {
                            "x": 1420012800000,
                            "y": 84703
                        },
                        {
                            "x": 1422691200000,
                            "y": 85104
                        },
                        {
                            "x": 1425110400000,
                            "y": 85989
                        },
                        {
                            "x": 1427785200000,
                            "y": 86518
                        },
                        {
                            "x": 1430377200000,
                            "y": 91003
                        },
                        {
                            "x": 1433055600000,
                            "y": 98118
                        },
                        {
                            "x": 1435647600000,
                            "y": 99896
                        },
                        {
                            "x": 1438326000000,
                            "y": 104279
                        },
                        {
                            "x": 1441004400000,
                            "y": 102116
                        },
                        {
                            "x": 1443596400000,
                            "y": 108855
                        },
                        {
                            "x": 1446274800000,
                            "y": 106271
                        },
                        {
                            "x": 1448870400000,
                            "y": 106959
                        },
                        {
                            "x": 1451548800000,
                            "y": 110775
                        },
                        {
                            "x": 1454227200000,
                            "y": 110793
                        },
                        {
                            "x": 1456732800000,
                            "y": 110323
                        },
                        {
                            "x": 1459407600000,
                            "y": 111728
                        },
                        {
                            "x": 1461999600000,
                            "y": 115263
                        },
                        {
                            "x": 1464678000000,
                            "y": 116103
                        },
                        {
                            "x": 1467270000000,
                            "y": 119174
                        },
                        {
                            "x": 1469948400000,
                            "y": 119328
                        },
                        {
                            "x": 1472626800000,
                            "y": 120768
                        },
                        {
                            "x": 1475218800000,
                            "y": 119975
                        },
                        {
                            "x": 1477897200000,
                            "y": 120061
                        },
                        {
                            "x": 1480492800000,
                            "y": 120068
                        },
                        {
                            "x": 1483171200000,
                            "y": 124894
                        },
                        {
                            "x": 1485849600000,
                            "y": 124189
                        },
                        {
                            "x": 1488268800000,
                            "y": 125172
                        },
                        {
                            "x": 1490943600000,
                            "y": 125734
                        },
                        {
                            "x": 1493535600000,
                            "y": 126100
                        },
                        {
                            "x": 1496214000000,
                            "y": 125983
                        },
                        {
                            "x": 1498806000000,
                            "y": 126413
                        },
                        {
                            "x": 1501484400000,
                            "y": 128381
                        },
                        {
                            "x": 1504162800000,
                            "y": 132529
                        },
                        {
                            "x": 1506754800000,
                            "y": 134760
                        },
                        {
                            "x": 1509433200000,
                            "y": 137555
                        },
                        {
                            "x": 1512028800000,
                            "y": 142616
                        },
                        {
                            "x": 1514707200000,
                            "y": 145156
                        },
                        {
                            "x": 1517385600000,
                            "y": 145578
                        },
                        {
                            "x": 1519804800000,
                            "y": 144147
                        },
                        {
                            "x": 1522479600000,
                            "y": 145962
                        },
                        {
                            "x": 1525071600000,
                            "y": 143235
                        },
                        {
                            "x": 1527750000000,
                            "y": 142889
                        },
                        {
                            "x": 1530342000000,
                            "y": 144394
                        },
                        {
                            "x": 1533020400000,
                            "y": 143722
                        },
                        {
                            "x": 1535698800000,
                            "y": 146883
                        },
                        {
                            "x": 1538290800000,
                            "y": 143719
                        },
                        {
                            "x": 1540969200000,
                            "y": 149125
                        },
                        {
                            "x": 1543564800000,
                            "y": 151727
                        },
                        {
                            "x": 1546243200000,
                            "y": 153165
                        },
                        {
                            "x": 1548921600000,
                            "y": 152509
                        },
                        {
                            "x": 1551340800000,
                            "y": 153407
                        },
                        {
                            "x": 1554015600000,
                            "y": 155161
                        },
                        {
                            "x": 1556607600000,
                            "y": 151671
                        },
                        {
                            "x": 1559286000000,
                            "y": 152925
                        },
                        {
                            "x": 1561878000000,
                            "y": 156373
                        },
                        {
                            "x": 1564556400000,
                            "y": 157215
                        },
                        {
                            "x": 1567234800000,
                            "y": 156409
                        },
                        {
                            "x": 1569826800000,
                            "y": 155070
                        },
                        {
                            "x": 1572505200000,
                            "y": 158393
                        },
                        {
                            "x": 1575100800000,
                            "y": 161306
                        },
                        {
                            "x": 1577779200000,
                            "y": 157832
                        },
                        {
                            "x": 1580457600000,
                            "y": 155680
                        },
                        {
                            "x": 1582963200000,
                            "y": 160129
                        },
                        {
                            "x": 1585638000000,
                            "y": 161359
                        },
                        {
                            "x": 1588230000000,
                            "y": 161998
                        },
                        {
                            "x": 1590908400000,
                            "y": 160794
                        },
                        {
                            "x": 1593500400000,
                            "y": 161531
                        },
                        {
                            "x": 1596178800000,
                            "y": 161458
                        },
                        {
                            "x": 1598857200000,
                            "y": 161305
                        },
                        {
                            "x": 1601449200000,
                            "y": 164185
                        },
                        {
                            "x": 1604127600000,
                            "y": 164724
                        },
                        {
                            "x": 1606723200000,
                            "y": 168875
                        },
                        {
                            "x": 1609401600000,
                            "y": 173250
                        },
                        {
                            "x": 1612080000000,
                            "y": 175630
                        },
                        {
                            "x": 1614499200000,
                            "y": 176603
                        },
                        {
                            "x": 1617174000000,
                            "y": 176539
                        },
                        {
                            "x": 1619766000000,
                            "y": 192250
                        },
                        {
                            "x": 1622444400000,
                            "y": 196843
                        },
                        {
                            "x": 1625036400000,
                            "y": 187100
                        },
                        {
                            "x": 1627714800000,
                            "y": 184400
                        },
                        {
                            "x": 1630393200000,
                            "y": 187100
                        },
                        {
                            "x": 1632985200000,
                            "y": 192500
                        },
                        {
                            "x": 1635663600000,
                            "y": 195900
                        },
                        {
                            "x": 1638259200000,
                            "y": 200400
                        },
                        {
                            "x": 1640937600000,
                            "y": 204700
                        },
                        {
                            "x": 1643616000000,
                            "y": 207800
                        },
                        {
                            "x": 1646035200000,
                            "y": 212600
                        },
                        {
                            "x": 1648710000000,
                            "y": 221700
                        },
                        {
                            "x": 1651302000000,
                            "y": 232600
                        },
                        {
                            "x": 1653980400000,
                            "y": 237400
                        },
                        {
                            "x": 1656572400000,
                            "y": 241900
                        },
                        {
                            "x": 1659250800000,
                            "y": 245900
                        },
                        {
                            "x": 1661929200000,
                            "y": 243100
                        },
                        {
                            "x": 1664521200000,
                            "y": 244100
                        },
                        {
                            "x": 1667199600000,
                            "y": 243300
                        },
                        {
                            "x": 1669795200000,
                            "y": 240500
                        },
                        {
                            "x": 1672473600000,
                            "y": 236700
                        },
                        {
                            "x": 1675152000000,
                            "y": 236300
                        },
                        {
                            "x": 1677571200000,
                            "y": 236200
                        },
                        {
                            "x": 1680246000000,
                            "y": 241100
                        },
                        {
                            "x": 1682838000000,
                            "y": 244500
                        },
                        {
                            "x": 1685516400000,
                            "y": 249100
                        },
                        {
                            "x": 1688108400000,
                            "y": 252700
                        },
                        {
                            "x": 1690786800000,
                            "y": 393200
                        },
                        {
                            "x": 1693465200000,
                            "y": 393300
                        },
                        {
                            "x": 1696057200000,
                            "y": 391900
                        },
                        {
                            "x": 1698735600000,
                            "y": 390000
                        },
                        {
                            "x": 1701331200000,
                            "y": 387500
                        },
                        {
                            "x": 1704009600000,
                            "y": 358300
                        },
                        {
                            "x": 1706688000000,
                            "y": 364200
                        },
                        {
                            "x": 1707292800000,
                            "y": 356700
                        }
                    ],
                    "name": "This home"
                }
            ]
        }
    }
}