{
    "data": {
        "property": {
            "homeValueChartData": [
                {
                    "points": [
                        {
                            "x": 1393574400000,
                            "y": 348470
                        },
                        {
                            "x": 1396249200000,
                            "y": 350097
                        },
                        {
                            "x": 1398841200000,
                            "y": 355729
                        },
                        {
                            "x": 1401519600000,
                            "y": 355724
                        },
                        {
                            "x": 1404111600000,
                            "y": 352995
                        },
                        {
                            "x": 1406790000000,
                            "y": 357771
                        },
                        {
                            "x": 1409468400000,
                            "y": 361805
                        },
                        {
                            "x": 1412060400000,
                            "y": 358508
                        },
                        {
                            "x": 1414738800000,
                            "y": 361805
                        },
                        {
                            "x": 1417334400000,
                            "y": 371194
                        },
                        {
                            "x": 1420012800000,
                            "y": 378668
                        },
                        {
                            "x": 1422691200000,
                            "y": 383350
                        },
                        {
                            "x": 1425110400000,
                            "y": 384047
                        },
                        {
                            "x": 1427785200000,
                            "y": 390981
                        },
                        {
                            "x": 1430377200000,
                            "y": 394378
                        },
                        {
                            "x": 1433055600000,
                            "y": 391477
                        },
                        {
                            "x": 1435647600000,
                            "y": 395721
                        },
                        {
                            "x": 1438326000000,
                            "y": 392515
                        },
                        {
                            "x": 1441004400000,
                            "y": 384762
                        },
                        {
                            "x": 1443596400000,
                            "y": 388952
                        },
                        {
                            "x": 1446274800000,
                            "y": 385899
                        },
                        {
                            "x": 1448870400000,
                            "y": 388569
                        },
                        {
                            "x": 1451548800000,
                            "y": 394599
                        },
                        {
                            "x": 1454227200000,
                            "y": 404356
                        },
                        {
                            "x": 1456732800000,
                            "y": 392866
                        },
                        {
                            "x": 1459407600000,
                            "y": 388667
                        },
                        {
                            "x": 1461999600000,
                            "y": 394260
                        },
                        {
                            "x": 1464678000000,
                            "y": 396609
                        },
                        {
                            "x": 1467270000000,
                            "y": 391122
                        },
                        {
                            "x": 1469948400000,
                            "y": 394779
                        },
                        {
                            "x": 1472626800000,
                            "y": 404206
                        },
                        {
                            "x": 1475218800000,
                            "y": 405622
                        },
                        {
                            "x": 1477897200000,
                            "y": 406020
                        },
                        {
                            "x": 1480492800000,
                            "y": 406178
                        },
                        {
                            "x": 1483171200000,
                            "y": 401496
                        },
                        {
                            "x": 1485849600000,
                            "y": 408055
                        },
                        {
                            "x": 1488268800000,
                            "y": 410331
                        },
                        {
                            "x": 1490943600000,
                            "y": 410070
                        },
                        {
                            "x": 1493535600000,
                            "y": 410054
                        },
                        {
                            "x": 1496214000000,
                            "y": 413735
                        },
                        {
                            "x": 1498806000000,
                            "y": 413938
                        },
                        {
                            "x": 1501484400000,
                            "y": 414900
                        },
                        {
                            "x": 1504162800000,
                            "y": 418173
                        },
                        {
                            "x": 1506754800000,
                            "y": 423764
                        },
                        {
                            "x": 1509433200000,
                            "y": 421167
                        },
                        {
                            "x": 1512028800000,
                            "y": 423716
                        },
                        {
                            "x": 1514707200000,
                            "y": 423340
                        },
                        {
                            "x": 1517385600000,
                            "y": 422606
                        },
                        {
                            "x": 1519804800000,
                            "y": 423218
                        },
                        {
                            "x": 1522479600000,
                            "y": 420076
                        },
                        {
                            "x": 1525071600000,
                            "y": 421564
                        },
                        {
                            "x": 1527750000000,
                            "y": 425364
                        },
                        {
                            "x": 1530342000000,
                            "y": 419970
                        },
                        {
                            "x": 1533020400000,
                            "y": 417062
                        },
                        {
                            "x": 1535698800000,
                            "y": 419022
                        },
                        {
                            "x": 1538290800000,
                            "y": 413262
                        },
                        {
                            "x": 1540969200000,
                            "y": 415698
                        },
                        {
                            "x": 1543564800000,
                            "y": 416761
                        },
                        {
                            "x": 1546243200000,
                            "y": 420373
                        },
                        {
                            "x": 1548921600000,
                            "y": 422510
                        },
                        {
                            "x": 1551340800000,
                            "y": 422341
                        },
                        {
                            "x": 1554015600000,
                            "y": 416300
                        },
                        {
                            "x": 1556607600000,
                            "y": 418057
                        },
                        {
                            "x": 1559286000000,
                            "y": 418103
                        },
                        {
                            "x": 1561878000000,
                            "y": 416543
                        },
                        {
                            "x": 1564556400000,
                            "y": 418860
                        },
                        {
                            "x": 1567234800000,
                            "y": 413252
                        },
                        {
                            "x": 1569826800000,
                            "y": 402946
                        },
                        {
                            "x": 1572505200000,
                            "y": 403965
                        },
                        {
                            "x": 1575100800000,
                            "y": 411805
                        },
                        {
                            "x": 1577779200000,
                            "y": 405223
                        },
                        {
                            "x": 1580457600000,
                            "y": 461968
                        },
                        {
                            "x": 1582963200000,
                            "y": 454559
                        },
                        {
                            "x": 1585638000000,
                            "y": 456264
                        },
                        {
                            "x": 1588230000000,
                            "y": 455084
                        },
                        {
                            "x": 1590908400000,
                            "y": 451684
                        },
                        {
                            "x": 1593500400000,
                            "y": 452708
                        },
                        {
                            "x": 1596178800000,
                            "y": 448040
                        },
                        {
                            "x": 1598857200000,
                            "y": 449723
                        },
                        {
                            "x": 1601449200000,
                            "y": 450726
                        },
                        {
                            "x": 1604127600000,
                            "y": 452052
                        },
                        {
                            "x": 1606723200000,
                            "y": 456371
                        },
                        {
                            "x": 1609401600000,
                            "y": 459818
                        },
                        {
                            "x": 1612080000000,
                            "y": 464238
                        },
                        {
                            "x": 1614499200000,
                            "y": 465827
                        },
                        {
                            "x": 1617174000000,
                            "y": 477894
                        },
                        {
                            "x": 1619766000000,
                            "y": 490634
                        },
                        {
                            "x": 1622444400000,
                            "y": 500255
                        },
                        {
                            "x": 1625036400000,
                            "y": 587900
                        },
                        {
                            "x": 1627714800000,
                            "y": 587500
                        },
                        {
                            "x": 1630393200000,
                            "y": 587500
                        },
                        {
                            "x": 1632985200000,
                            "y": 586700
                        },
                        {
                            "x": 1635663600000,
                            "y": 585900
                        },
                        {
                            "x": 1638259200000,
                            "y": 575000
                        },
                        {
                            "x": 1640937600000,
                            "y": 575000
                        },
                        {
                            "x": 1643616000000,
                            "y": 575000
                        },
                        {
                            "x": 1646035200000,
                            "y": 569800
                        },
                        {
                            "x": 1648710000000,
                            "y": 722900
                        },
                        {
                            "x": 1651302000000,
                            "y": 740400
                        },
                        {
                            "x": 1653980400000,
                            "y": 744800
                        },
                        {
                            "x": 1656572400000,
                            "y": 753300
                        },
                        {
                            "x": 1659250800000,
                            "y": 745400
                        },
                        {
                            "x": 1661929200000,
                            "y": 717700
                        },
                        {
                            "x": 1664521200000,
                            "y": 713000
                        },
                        {
                            "x": 1667199600000,
                            "y": 711800
                        },
                        {
                            "x": 1669795200000,
                            "y": 705200
                        },
                        {
                            "x": 1672473600000,
                            "y": 698400
                        },
                        {
                            "x": 1675152000000,
                            "y": 690800
                        },
                        {
                            "x": 1677571200000,
                            "y": 698700
                        },
                        {
                            "x": 1680246000000,
                            "y": 711200
                        },
                        {
                            "x": 1682838000000,
                            "y": 744400
                        },
                        {
                            "x": 1685516400000,
                            "y": 734000
                        },
                        {
                            "x": 1688108400000,
                            "y": 776900
                        },
                        {
                            "x": 1690786800000,
                            "y": 720900
                        },
                        {
                            "x": 1693465200000,
                            "y": 701600
                        },
                        {
                            "x": 1696057200000,
                            "y": 702500
                        },
                        {
                            "x": 1698735600000,
                            "y": 702700
                        },
                        {
                            "x": 1701331200000,
                            "y": 702600
                        },
                        {
                            "x": 1704009600000,
                            "y": 701300
                        },
                        {
                            "x": 1706688000000,
                            "y": 727600
                        },
                        {
                            "x": 1707206400000,
                            "y": 710100
                        }
                    ],
                    "name": "This home"
                },
                {
                    "points": [
                        {
                            "x": 1595833200000,
                            "y": 447500
                        }
                    ],
                    "name": "Sale"
                }
            ]
        }
    }
}