{
    "data": {
        "property": {
            "homeValueChartData": [
                {
                    "points": [
                        {
                            "x": 1393574400000,
                            "y": 448411
                        },
                        {
                            "x": 1396249200000,
                            "y": 450682
                        },
                        {
                            "x": 1398841200000,
                            "y": 451123
                        },
                        {
                            "x": 1401519600000,
                            "y": 463963
                        },
                        {
                            "x": 1404111600000,
                            "y": 517440
                        },
                        {
                            "x": 1406790000000,
                            "y": 517167
                        },
                        {
                            "x": 1409468400000,
                            "y": 517167
                        },
                        {
                            "x": 1412060400000,
                            "y": 513894
                        },
                        {
                            "x": 1414738800000,
                            "y": 540333
                        },
                        {
                            "x": 1417334400000,
                            "y": 544371
                        },
                        {
                            "x": 1420012800000,
                            "y": 545465
                        },
                        {
                            "x": 1422691200000,
                            "y": 551045
                        },
                        {
                            "x": 1425110400000,
                            "y": 551355
                        },
                        {
                            "x": 1427785200000,
                            "y": 560730
                        },
                        {
                            "x": 1430377200000,
                            "y": 566691
                        },
                        {
                            "x": 1433055600000,
                            "y": 564522
                        },
                        {
                            "x": 1435647600000,
                            "y": 561412
                        },
                        {
                            "x": 1438326000000,
                            "y": 571169
                        },
                        {
                            "x": 1441004400000,
                            "y": 575710
                        },
                        {
                            "x": 1443596400000,
                            "y": 585286
                        },
                        {
                            "x": 1446274800000,
                            "y": 585426
                        },
                        {
                            "x": 1448870400000,
                            "y": 587856
                        },
                        {
                            "x": 1451548800000,
                            "y": 596300
                        },
                        {
                            "x": 1454227200000,
                            "y": 600022
                        },
                        {
                            "x": 1456732800000,
                            "y": 603459
                        },
                        {
                            "x": 1459407600000,
                            "y": 603284
                        },
                        {
                            "x": 1461999600000,
                            "y": 614264
                        },
                        {
                            "x": 1464678000000,
                            "y": 608832
                        },
                        {
                            "x": 1467270000000,
                            "y": 616223
                        },
                        {
                            "x": 1469948400000,
                            "y": 625481
                        },
                        {
                            "x": 1472626800000,
                            "y": 617920
                        },
                        {
                            "x": 1475218800000,
                            "y": 616762
                        },
                        {
                            "x": 1477897200000,
                            "y": 624654
                        },
                        {
                            "x": 1480492800000,
                            "y": 624537
                        },
                        {
                            "x": 1483171200000,
                            "y": 632334
                        },
                        {
                            "x": 1485849600000,
                            "y": 633366
                        },
                        {
                            "x": 1488268800000,
                            "y": 639819
                        },
                        {
                            "x": 1490943600000,
                            "y": 641607
                        },
                        {
                            "x": 1493535600000,
                            "y": 643162
                        },
                        {
                            "x": 1496214000000,
                            "y": 645994
                        },
                        {
                            "x": 1498806000000,
                            "y": 649495
                        },
                        {
                            "x": 1501484400000,
                            "y": 649651
                        },
                        {
                            "x": 1504162800000,
                            "y": 657644
                        },
                        {
                            "x": 1506754800000,
                            "y": 668178
                        },
                        {
                            "x": 1509433200000,
                            "y": 604790
                        },
                        {
                            "x": 1512028800000,
                            "y": 538774
                        },
                        {
                            "x": 1514707200000,
                            "y": 493396
                        },
                        {
                            "x": 1517385600000,
                            "y": 463662
                        },
                        {
                            "x": 1519804800000,
                            "y": 466173
                        },
                        {
                            "x": 1522479600000,
                            "y": 465691
                        },
                        {
                            "x": 1525071600000,
                            "y": 459132
                        },
                        {
                            "x": 1527750000000,
                            "y": 458322
                        },
                        {
                            "x": 1530342000000,
                            "y": 465996
                        },
                        {
                            "x": 1533020400000,
                            "y": 456541
                        },
                        {
                            "x": 1535698800000,
                            "y": 463332
                        },
                        {
                            "x": 1538290800000,
                            "y": 466934
                        },
                        {
                            "x": 1540969200000,
                            "y": 466533
                        },
                        {
                            "x": 1543564800000,
                            "y": 471014
                        },
                        {
                            "x": 1546243200000,
                            "y": 474586
                        },
                        {
                            "x": 1548921600000,
                            "y": 457907
                        },
                        {
                            "x": 1551340800000,
                            "y": 457682
                        },
                        {
                            "x": 1554015600000,
                            "y": 465652
                        },
                        {
                            "x": 1556607600000,
                            "y": 461611
                        },
                        {
                            "x": 1559286000000,
                            "y": 464919
                        },
                        {
                            "x": 1561878000000,
                            "y": 467750
                        },
                        {
                            "x": 1564556400000,
                            "y": 465897
                        },
                        {
                            "x": 1567234800000,
                            "y": 460955
                        },
                        {
                            "x": 1569826800000,
                            "y": 460501
                        },
                        {
                            "x": 1572505200000,
                            "y": 461345
                        },
                        {
                            "x": 1575100800000,
                            "y": 457336
                        },
                        {
                            "x": 1577779200000,
                            "y": 458766
                        },
                        {
                            "x": 1580457600000,
                            "y": 462010
                        },
                        {
                            "x": 1582963200000,
                            "y": 456947
                        },
                        {
                            "x": 1585638000000,
                            "y": 461181
                        },
                        {
                            "x": 1588230000000,
                            "y": 456665
                        },
                        {
                            "x": 1590908400000,
                            "y": 463307
                        },
                        {
                            "x": 1593500400000,
                            "y": 459394
                        },
                        {
                            "x": 1596178800000,
                            "y": 459346
                        },
                        {
                            "x": 1598857200000,
                            "y": 460667
                        },
                        {
                            "x": 1601449200000,
                            "y": 477168
                        },
                        {
                            "x": 1604127600000,
                            "y": 481867
                        },
                        {
                            "x": 1606723200000,
                            "y": 488297
                        },
                        {
                            "x": 1609401600000,
                            "y": 491908
                        },
                        {
                            "x": 1612080000000,
                            "y": 488187
                        },
                        {
                            "x": 1614499200000,
                            "y": 496938
                        },
                        {
                            "x": 1617174000000,
                            "y": 505778
                        },
                        {
                            "x": 1619766000000,
                            "y": 529154
                        },
                        {
                            "x": 1622444400000,
                            "y": 553871
                        },
                        {
                            "x": 1625036400000,
                            "y": 650400
                        },
                        {
                            "x": 1627714800000,
                            "y": 713400
                        },
                        {
                            "x": 1630393200000,
                            "y": 728900
                        },
                        {
                            "x": 1632985200000,
                            "y": 740800
                        },
                        {
                            "x": 1635663600000,
                            "y": 754400
                        },
                        {
                            "x": 1638259200000,
                            "y": 770800
                        },
                        {
                            "x": 1640937600000,
                            "y": 798100
                        },
                        {
                            "x": 1643616000000,
                            "y": 806300
                        },
                        {
                            "x": 1646035200000,
                            "y": 830900
                        },
                        {
                            "x": 1648710000000,
                            "y": 886000
                        },
                        {
                            "x": 1651302000000,
                            "y": 917000
                        },
                        {
                            "x": 1653980400000,
                            "y": 933600
                        },
                        {
                            "x": 1656572400000,
                            "y": 948000
                        },
                        {
                            "x": 1659250800000,
                            "y": 947400
                        },
                        {
                            "x": 1661929200000,
                            "y": 911400
                        },
                        {
                            "x": 1664521200000,
                            "y": 907800
                        },
                        {
                            "x": 1667199600000,
                            "y": 902000
                        },
                        {
                            "x": 1669795200000,
                            "y": 894300
                        },
                        {
                            "x": 1672473600000,
                            "y": 885300
                        },
                        {
                            "x": 1675152000000,
                            "y": 876500
                        },
                        {
                            "x": 1677571200000,
                            "y": 891300
                        },
                        {
                            "x": 1680246000000,
                            "y": 913700
                        },
                        {
                            "x": 1682838000000,
                            "y": 924700
                        },
                        {
                            "x": 1685516400000,
                            "y": 927700
                        },
                        {
                            "x": 1688108400000,
                            "y": 976000
                        },
                        {
                            "x": 1690786800000,
                            "y": 982400
                        },
                        {
                            "x": 1693465200000,
                            "y": 944100
                        },
                        {
                            "x": 1696057200000,
                            "y": 957000
                        },
                        {
                            "x": 1698735600000,
                            "y": 946800
                        },
                        {
                            "x": 1701331200000,
                            "y": 847400
                        },
                        {
                            "x": 1704009600000,
                            "y": 841500
                        },
                        {
                            "x": 1706688000000,
                            "y": 872100
                        },
                        {
                            "x": 1707033600000,
                            "y": 871700
                        }
                    ],
                    "name": "This home"
                },
                {
                    "points": [
                        {
                            "x": 1412578800000,
                            "y": 539000
                        }
                    ],
                    "name": "Sale"
                }
            ]
        }
    }
}