{
    "data": {
        "property": {
            "homeValueChartData": [
                {
                    "points": [
                        {
                            "x": 1393574400000,
                            "y": 319175
                        },
                        {
                            "x": 1396249200000,
                            "y": 316042
                        },
                        {
                            "x": 1398841200000,
                            "y": 312127
                        },
                        {
                            "x": 1401519600000,
                            "y": 318775
                        },
                        {
                            "x": 1404111600000,
                            "y": 333491
                        },
                        {
                            "x": 1406790000000,
                            "y": 348447
                        },
                        {
                            "x": 1409468400000,
                            "y": 350413
                        },
                        {
                            "x": 1412060400000,
                            "y": 350496
                        },
                        {
                            "x": 1414738800000,
                            "y": 350447
                        },
                        {
                            "x": 1417334400000,
                            "y": 335554
                        },
                        {
                            "x": 1420012800000,
                            "y": 333024
                        },
                        {
                            "x": 1422691200000,
                            "y": 337522
                        },
                        {
                            "x": 1425110400000,
                            "y": 345058
                        },
                        {
                            "x": 1427785200000,
                            "y": 349060
                        },
                        {
                            "x": 1430377200000,
                            "y": 350820
                        },
                        {
                            "x": 1433055600000,
                            "y": 344139
                        },
                        {
                            "x": 1435647600000,
                            "y": 343465
                        },
                        {
                            "x": 1438326000000,
                            "y": 353921
                        },
                        {
                            "x": 1441004400000,
                            "y": 356422
                        },
                        {
                            "x": 1443596400000,
                            "y": 357746
                        },
                        {
                            "x": 1446274800000,
                            "y": 358316
                        },
                        {
                            "x": 1448870400000,
                            "y": 358840
                        },
                        {
                            "x": 1451548800000,
                            "y": 365312
                        },
                        {
                            "x": 1454227200000,
                            "y": 366841
                        },
                        {
                            "x": 1456732800000,
                            "y": 368828
                        },
                        {
                            "x": 1459407600000,
                            "y": 369082
                        },
                        {
                            "x": 1461999600000,
                            "y": 373721
                        },
                        {
                            "x": 1464678000000,
                            "y": 369989
                        },
                        {
                            "x": 1467270000000,
                            "y": 373401
                        },
                        {
                            "x": 1469948400000,
                            "y": 376237
                        },
                        {
                            "x": 1472626800000,
                            "y": 361892
                        },
                        {
                            "x": 1475218800000,
                            "y": 356114
                        },
                        {
                            "x": 1477897200000,
                            "y": 356796
                        },
                        {
                            "x": 1480492800000,
                            "y": 380722
                        },
                        {
                            "x": 1483171200000,
                            "y": 381263
                        },
                        {
                            "x": 1485849600000,
                            "y": 381526
                        },
                        {
                            "x": 1488268800000,
                            "y": 384790
                        },
                        {
                            "x": 1490943600000,
                            "y": 382274
                        },
                        {
                            "x": 1493535600000,
                            "y": 376552
                        },
                        {
                            "x": 1496214000000,
                            "y": 373057
                        },
                        {
                            "x": 1498806000000,
                            "y": 378819
                        },
                        {
                            "x": 1501484400000,
                            "y": 381736
                        },
                        {
                            "x": 1504162800000,
                            "y": 388468
                        },
                        {
                            "x": 1506754800000,
                            "y": 389219
                        },
                        {
                            "x": 1509433200000,
                            "y": 391303
                        },
                        {
                            "x": 1512028800000,
                            "y": 398554
                        },
                        {
                            "x": 1514707200000,
                            "y": 402084
                        },
                        {
                            "x": 1517385600000,
                            "y": 400467
                        },
                        {
                            "x": 1519804800000,
                            "y": 410211
                        },
                        {
                            "x": 1522479600000,
                            "y": 415049
                        },
                        {
                            "x": 1525071600000,
                            "y": 423517
                        },
                        {
                            "x": 1527750000000,
                            "y": 423543
                        },
                        {
                            "x": 1530342000000,
                            "y": 419999
                        },
                        {
                            "x": 1533020400000,
                            "y": 421298
                        },
                        {
                            "x": 1535698800000,
                            "y": 421585
                        },
                        {
                            "x": 1538290800000,
                            "y": 414560
                        },
                        {
                            "x": 1540969200000,
                            "y": 415157
                        },
                        {
                            "x": 1543564800000,
                            "y": 415822
                        },
                        {
                            "x": 1546243200000,
                            "y": 421399
                        },
                        {
                            "x": 1548921600000,
                            "y": 422151
                        },
                        {
                            "x": 1551340800000,
                            "y": 421449
                        },
                        {
                            "x": 1554015600000,
                            "y": 420497
                        },
                        {
                            "x": 1556607600000,
                            "y": 417339
                        },
                        {
                            "x": 1559286000000,
                            "y": 417458
                        },
                        {
                            "x": 1561878000000,
                            "y": 419140
                        },
                        {
                            "x": 1564556400000,
                            "y": 424442
                        },
                        {
                            "x": 1567234800000,
                            "y": 421705
                        },
                        {
                            "x": 1569826800000,
                            "y": 421457
                        },
                        {
                            "x": 1572505200000,
                            "y": 422359
                        },
                        {
                            "x": 1575100800000,
                            "y": 423274
                        },
                        {
                            "x": 1577779200000,
                            "y": 415515
                        },
                        {
                            "x": 1580457600000,
                            "y": 414544
                        },
                        {
                            "x": 1582963200000,
                            "y": 416391
                        },
                        {
                            "x": 1585638000000,
                            "y": 414020
                        },
                        {
                            "x": 1588230000000,
                            "y": 416264
                        },
                        {
                            "x": 1590908400000,
                            "y": 415412
                        },
                        {
                            "x": 1593500400000,
                            "y": 414513
                        },
                        {
                            "x": 1596178800000,
                            "y": 423085
                        },
                        {
                            "x": 1598857200000,
                            "y": 426498
                        },
                        {
                            "x": 1601449200000,
                            "y": 427046
                        },
                        {
                            "x": 1604127600000,
                            "y": 424934
                        },
                        {
                            "x": 1606723200000,
                            "y": 429129
                        },
                        {
                            "x": 1609401600000,
                            "y": 437423
                        },
                        {
                            "x": 1612080000000,
                            "y": 447177
                        },
                        {
                            "x": 1614499200000,
                            "y": 448286
                        },
                        {
                            "x": 1617174000000,
                            "y": 449378
                        },
                        {
                            "x": 1619766000000,
                            "y": 490575
                        },
                        {
                            "x": 1622444400000,
                            "y": 496600
                        },
                        {
                            "x": 1625036400000,
                            "y": 491800
                        },
                        {
                            "x": 1627714800000,
                            "y": 493900
                        },
                        {
                            "x": 1630393200000,
                            "y": 495700
                        },
                        {
                            "x": 1632985200000,
                            "y": 500000
                        },
                        {
                            "x": 1635663600000,
                            "y": 509100
                        },
                        {
                            "x": 1638259200000,
                            "y": 517500
                        },
                        {
                            "x": 1640937600000,
                            "y": 529700
                        },
                        {
                            "x": 1643616000000,
                            "y": 532000
                        },
                        {
                            "x": 1646035200000,
                            "y": 540100
                        },
                        {
                            "x": 1648710000000,
                            "y": 573900
                        },
                        {
                            "x": 1651302000000,
                            "y": 595300
                        },
                        {
                            "x": 1653980400000,
                            "y": 606800
                        },
                        {
                            "x": 1656572400000,
                            "y": 617300
                        },
                        {
                            "x": 1659250800000,
                            "y": 622200
                        },
                        {
                            "x": 1661929200000,
                            "y": 617600
                        },
                        {
                            "x": 1664521200000,
                            "y": 611300
                        },
                        {
                            "x": 1667199600000,
                            "y": 610100
                        },
                        {
                            "x": 1669795200000,
                            "y": 603500
                        },
                        {
                            "x": 1672473600000,
                            "y": 596700
                        },
                        {
                            "x": 1675152000000,
                            "y": 589300
                        },
                        {
                            "x": 1677571200000,
                            "y": 596900
                        },
                        {
                            "x": 1680246000000,
                            "y": 601600
                        },
                        {
                            "x": 1682838000000,
                            "y": 600700
                        },
                        {
                            "x": 1685516400000,
                            "y": 600400
                        },
                        {
                            "x": 1688108400000,
                            "y": 610100
                        },
                        {
                            "x": 1690786800000,
                            "y": 623200
                        },
                        {
                            "x": 1693465200000,
                            "y": 608100
                        },
                        {
                            "x": 1696057200000,
                            "y": 614400
                        },
                        {
                            "x": 1698735600000,
                            "y": 612500
                        },
                        {
                            "x": 1701331200000,
                            "y": 620200
                        },
                        {
                            "x": 1704009600000,
                            "y": 672200
                        },
                        {
                            "x": 1706688000000,
                            "y": 672000
                        },
                        {
                            "x": 1707206400000,
                            "y": 671300
                        }
                    ],
                    "name": "This home"
                }
            ]
        }
    }
}