{
    "data": {
        "property": {
            "homeValueChartData": [
                {
                    "points": [
                        {
                            "x": 1393574400000,
                            "y": 328821
                        },
                        {
                            "x": 1396249200000,
                            "y": 334125
                        },
                        {
                            "x": 1398841200000,
                            "y": 337505
                        },
                        {
                            "x": 1401519600000,
                            "y": 338765
                        },
                        {
                            "x": 1404111600000,
                            "y": 345968
                        },
                        {
                            "x": 1406790000000,
                            "y": 341042
                        },
                        {
                            "x": 1409468400000,
                            "y": 344138
                        },
                        {
                            "x": 1412060400000,
                            "y": 343785
                        },
                        {
                            "x": 1414738800000,
                            "y": 340360
                        },
                        {
                            "x": 1417334400000,
                            "y": 370583
                        },
                        {
                            "x": 1420012800000,
                            "y": 371313
                        },
                        {
                            "x": 1422691200000,
                            "y": 377431
                        },
                        {
                            "x": 1425110400000,
                            "y": 379715
                        },
                        {
                            "x": 1427785200000,
                            "y": 379060
                        },
                        {
                            "x": 1430377200000,
                            "y": 375311
                        },
                        {
                            "x": 1433055600000,
                            "y": 382013
                        },
                        {
                            "x": 1435647600000,
                            "y": 382107
                        },
                        {
                            "x": 1438326000000,
                            "y": 379675
                        },
                        {
                            "x": 1441004400000,
                            "y": 376759
                        },
                        {
                            "x": 1443596400000,
                            "y": 384038
                        },
                        {
                            "x": 1446274800000,
                            "y": 384830
                        },
                        {
                            "x": 1448870400000,
                            "y": 383806
                        },
                        {
                            "x": 1451548800000,
                            "y": 376561
                        },
                        {
                            "x": 1454227200000,
                            "y": 373182
                        },
                        {
                            "x": 1456732800000,
                            "y": 378229
                        },
                        {
                            "x": 1459407600000,
                            "y": 371388
                        },
                        {
                            "x": 1461999600000,
                            "y": 378524
                        },
                        {
                            "x": 1464678000000,
                            "y": 377550
                        },
                        {
                            "x": 1467270000000,
                            "y": 380798
                        },
                        {
                            "x": 1469948400000,
                            "y": 382667
                        },
                        {
                            "x": 1472626800000,
                            "y": 379147
                        },
                        {
                            "x": 1475218800000,
                            "y": 381007
                        },
                        {
                            "x": 1477897200000,
                            "y": 385528
                        },
                        {
                            "x": 1480492800000,
                            "y": 377355
                        },
                        {
                            "x": 1483171200000,
                            "y": 381674
                        },
                        {
                            "x": 1485849600000,
                            "y": 382033
                        },
                        {
                            "x": 1488268800000,
                            "y": 385664
                        },
                        {
                            "x": 1490943600000,
                            "y": 389459
                        },
                        {
                            "x": 1493535600000,
                            "y": 386992
                        },
                        {
                            "x": 1496214000000,
                            "y": 385773
                        },
                        {
                            "x": 1498806000000,
                            "y": 389789
                        },
                        {
                            "x": 1501484400000,
                            "y": 391677
                        },
                        {
                            "x": 1504162800000,
                            "y": 395500
                        },
                        {
                            "x": 1506754800000,
                            "y": 399367
                        },
                        {
                            "x": 1509433200000,
                            "y": 398194
                        },
                        {
                            "x": 1512028800000,
                            "y": 398144
                        },
                        {
                            "x": 1514707200000,
                            "y": 402445
                        },
                        {
                            "x": 1517385600000,
                            "y": 396144
                        },
                        {
                            "x": 1519804800000,
                            "y": 393215
                        },
                        {
                            "x": 1522479600000,
                            "y": 397471
                        },
                        {
                            "x": 1525071600000,
                            "y": 401578
                        },
                        {
                            "x": 1527750000000,
                            "y": 405275
                        },
                        {
                            "x": 1530342000000,
                            "y": 401315
                        },
                        {
                            "x": 1533020400000,
                            "y": 403342
                        },
                        {
                            "x": 1535698800000,
                            "y": 402746
                        },
                        {
                            "x": 1538290800000,
                            "y": 402478
                        },
                        {
                            "x": 1540969200000,
                            "y": 405704
                        },
                        {
                            "x": 1543564800000,
                            "y": 407949
                        },
                        {
                            "x": 1546243200000,
                            "y": 412752
                        },
                        {
                            "x": 1548921600000,
                            "y": 415938
                        },
                        {
                            "x": 1551340800000,
                            "y": 412042
                        },
                        {
                            "x": 1554015600000,
                            "y": 416317
                        },
                        {
                            "x": 1556607600000,
                            "y": 416631
                        },
                        {
                            "x": 1559286000000,
                            "y": 416916
                        },
                        {
                            "x": 1561878000000,
                            "y": 416343
                        },
                        {
                            "x": 1564556400000,
                            "y": 419617
                        },
                        {
                            "x": 1567234800000,
                            "y": 417023
                        },
                        {
                            "x": 1569826800000,
                            "y": 413918
                        },
                        {
                            "x": 1572505200000,
                            "y": 414426
                        },
                        {
                            "x": 1575100800000,
                            "y": 416170
                        },
                        {
                            "x": 1577779200000,
                            "y": 412149
                        },
                        {
                            "x": 1580457600000,
                            "y": 412236
                        },
                        {
                            "x": 1582963200000,
                            "y": 408675
                        },
                        {
                            "x": 1585638000000,
                            "y": 410472
                        },
                        {
                            "x": 1588230000000,
                            "y": 412993
                        },
                        {
                            "x": 1590908400000,
                            "y": 412841
                        },
                        {
                            "x": 1593500400000,
                            "y": 415843
                        },
                        {
                            "x": 1596178800000,
                            "y": 420292
                        },
                        {
                            "x": 1598857200000,
                            "y": 425360
                        },
                        {
                            "x": 1601449200000,
                            "y": 435122
                        },
                        {
                            "x": 1604127600000,
                            "y": 436738
                        },
                        {
                            "x": 1606723200000,
                            "y": 436743
                        },
                        {
                            "x": 1609401600000,
                            "y": 436720
                        },
                        {
                            "x": 1612080000000,
                            "y": 439719
                        },
                        {
                            "x": 1614499200000,
                            "y": 540339
                        },
                        {
                            "x": 1617174000000,
                            "y": 550001
                        },
                        {
                            "x": 1619766000000,
                            "y": 549732
                        },
                        {
                            "x": 1622444400000,
                            "y": 562653
                        },
                        {
                            "x": 1625036400000,
                            "y": 570800
                        },
                        {
                            "x": 1627714800000,
                            "y": 575900
                        },
                        {
                            "x": 1630393200000,
                            "y": 588300
                        },
                        {
                            "x": 1632985200000,
                            "y": 602100
                        },
                        {
                            "x": 1635663600000,
                            "y": 618700
                        },
                        {
                            "x": 1638259200000,
                            "y": 633500
                        },
                        {
                            "x": 1640937600000,
                            "y": 644500
                        },
                        {
                            "x": 1643616000000,
                            "y": 664600
                        },
                        {
                            "x": 1646035200000,
                            "y": 674500
                        },
                        {
                            "x": 1648710000000,
                            "y": 718600
                        },
                        {
                            "x": 1651302000000,
                            "y": 728100
                        },
                        {
                            "x": 1653980400000,
                            "y": 762600
                        },
                        {
                            "x": 1656572400000,
                            "y": 777500
                        },
                        {
                            "x": 1659250800000,
                            "y": 790700
                        },
                        {
                            "x": 1661929200000,
                            "y": 774300
                        },
                        {
                            "x": 1664521200000,
                            "y": 799100
                        },
                        {
                            "x": 1667199600000,
                            "y": 799500
                        },
                        {
                            "x": 1669795200000,
                            "y": 807700
                        },
                        {
                            "x": 1672473600000,
                            "y": 767600
                        },
                        {
                            "x": 1675152000000,
                            "y": 731400
                        },
                        {
                            "x": 1677571200000,
                            "y": 687700
                        },
                        {
                            "x": 1680246000000,
                            "y": 709100
                        },
                        {
                            "x": 1682838000000,
                            "y": 719900
                        },
                        {
                            "x": 1685516400000,
                            "y": 722300
                        },
                        {
                            "x": 1688108400000,
                            "y": 737600
                        },
                        {
                            "x": 1690786800000,
                            "y": 736400
                        },
                        {
                            "x": 1693465200000,
                            "y": 736600
                        },
                        {
                            "x": 1696057200000,
                            "y": 746900
                        },
                        {
                            "x": 1698735600000,
                            "y": 846400
                        },
                        {
                            "x": 1701331200000,
                            "y": 813900
                        },
                        {
                            "x": 1704009600000,
                            "y": 786800
                        },
                        {
                            "x": 1706688000000,
                            "y": 797700
                        },
                        {
                            "x": 1707292800000,
                            "y": 788700
                        }
                    ],
                    "name": "This home"
                },
                {
                    "points": [
                        {
                            "x": 1622703600000,
                            "y": 560000
                        }
                    ],
                    "name": "Sale"
                }
            ]
        }
    }
}