{
    "data": {
        "property": {
            "homeValueChartData": [
                {
                    "points": [
                        {
                            "x": 1393574400000,
                            "y": 76151
                        },
                        {
                            "x": 1396249200000,
                            "y": 74865
                        },
                        {
                            "x": 1398841200000,
                            "y": 82143
                        },
                        {
                            "x": 1401519600000,
                            "y": 84137
                        },
                        {
                            "x": 1404111600000,
                            "y": 83675
                        },
                        {
                            "x": 1406790000000,
                            "y": 85265
                        },
                        {
                            "x": 1409468400000,
                            "y": 81523
                        },
                        {
                            "x": 1412060400000,
                            "y": 81550
                        },
                        {
                            "x": 1414738800000,
                            "y": 80024
                        },
                        {
                            "x": 1417334400000,
                            "y": 83103
                        },
                        {
                            "x": 1420012800000,
                            "y": 81101
                        },
                        {
                            "x": 1422691200000,
                            "y": 79652
                        },
                        {
                            "x": 1425110400000,
                            "y": 80051
                        },
                        {
                            "x": 1427785200000,
                            "y": 81216
                        },
                        {
                            "x": 1430377200000,
                            "y": 83140
                        },
                        {
                            "x": 1433055600000,
                            "y": 83634
                        },
                        {
                            "x": 1435647600000,
                            "y": 84797
                        },
                        {
                            "x": 1438326000000,
                            "y": 85455
                        },
                        {
                            "x": 1441004400000,
                            "y": 85994
                        },
                        {
                            "x": 1443596400000,
                            "y": 87369
                        },
                        {
                            "x": 1446274800000,
                            "y": 84602
                        },
                        {
                            "x": 1448870400000,
                            "y": 84337
                        },
                        {
                            "x": 1451548800000,
                            "y": 75559
                        },
                        {
                            "x": 1454227200000,
                            "y": 79650
                        },
                        {
                            "x": 1456732800000,
                            "y": 79743
                        },
                        {
                            "x": 1459407600000,
                            "y": 80686
                        },
                        {
                            "x": 1461999600000,
                            "y": 82466
                        },
                        {
                            "x": 1464678000000,
                            "y": 82565
                        },
                        {
                            "x": 1467270000000,
                            "y": 87498
                        },
                        {
                            "x": 1469948400000,
                            "y": 89446
                        },
                        {
                            "x": 1472626800000,
                            "y": 94526
                        },
                        {
                            "x": 1475218800000,
                            "y": 90651
                        },
                        {
                            "x": 1477897200000,
                            "y": 89727
                        },
                        {
                            "x": 1480492800000,
                            "y": 106524
                        },
                        {
                            "x": 1483171200000,
                            "y": 103323
                        },
                        {
                            "x": 1485849600000,
                            "y": 105693
                        },
                        {
                            "x": 1488268800000,
                            "y": 107654
                        },
                        {
                            "x": 1490943600000,
                            "y": 108392
                        },
                        {
                            "x": 1493535600000,
                            "y": 107739
                        },
                        {
                            "x": 1496214000000,
                            "y": 107828
                        },
                        {
                            "x": 1498806000000,
                            "y": 107763
                        },
                        {
                            "x": 1501484400000,
                            "y": 108350
                        },
                        {
                            "x": 1504162800000,
                            "y": 109060
                        },
                        {
                            "x": 1506754800000,
                            "y": 111076
                        },
                        {
                            "x": 1509433200000,
                            "y": 111833
                        },
                        {
                            "x": 1512028800000,
                            "y": 107736
                        },
                        {
                            "x": 1514707200000,
                            "y": 110587
                        },
                        {
                            "x": 1517385600000,
                            "y": 109802
                        },
                        {
                            "x": 1519804800000,
                            "y": 112913
                        },
                        {
                            "x": 1522479600000,
                            "y": 113830
                        },
                        {
                            "x": 1525071600000,
                            "y": 115588
                        },
                        {
                            "x": 1527750000000,
                            "y": 117494
                        },
                        {
                            "x": 1530342000000,
                            "y": 114963
                        },
                        {
                            "x": 1533020400000,
                            "y": 111664
                        },
                        {
                            "x": 1535698800000,
                            "y": 111094
                        },
                        {
                            "x": 1538290800000,
                            "y": 113959
                        },
                        {
                            "x": 1540969200000,
                            "y": 113882
                        },
                        {
                            "x": 1543564800000,
                            "y": 113838
                        },
                        {
                            "x": 1546243200000,
                            "y": 111334
                        },
                        {
                            "x": 1548921600000,
                            "y": 105043
                        },
                        {
                            "x": 1551340800000,
                            "y": 105923
                        },
                        {
                            "x": 1554015600000,
                            "y": 107520
                        },
                        {
                            "x": 1556607600000,
                            "y": 113462
                        },
                        {
                            "x": 1559286000000,
                            "y": 115485
                        },
                        {
                            "x": 1561878000000,
                            "y": 115321
                        },
                        {
                            "x": 1564556400000,
                            "y": 113843
                        },
                        {
                            "x": 1567234800000,
                            "y": 111491
                        },
                        {
                            "x": 1569826800000,
                            "y": 114183
                        },
                        {
                            "x": 1572505200000,
                            "y": 112307
                        },
                        {
                            "x": 1575100800000,
                            "y": 116487
                        },
                        {
                            "x": 1577779200000,
                            "y": 115946
                        },
                        {
                            "x": 1580457600000,
                            "y": 117067
                        },
                        {
                            "x": 1582963200000,
                            "y": 119888
                        },
                        {
                            "x": 1585638000000,
                            "y": 120089
                        },
                        {
                            "x": 1588230000000,
                            "y": 118413
                        },
                        {
                            "x": 1590908400000,
                            "y": 120543
                        },
                        {
                            "x": 1593500400000,
                            "y": 121535
                        },
                        {
                            "x": 1596178800000,
                            "y": 122746
                        },
                        {
                            "x": 1598857200000,
                            "y": 123722
                        },
                        {
                            "x": 1601449200000,
                            "y": 122659
                        },
                        {
                            "x": 1604127600000,
                            "y": 123336
                        },
                        {
                            "x": 1606723200000,
                            "y": 124042
                        },
                        {
                            "x": 1609401600000,
                            "y": 124807
                        },
                        {
                            "x": 1612080000000,
                            "y": 125575
                        },
                        {
                            "x": 1614499200000,
                            "y": 126758
                        },
                        {
                            "x": 1617174000000,
                            "y": 127943
                        },
                        {
                            "x": 1619766000000,
                            "y": 131469
                        },
                        {
                            "x": 1622444400000,
                            "y": 134602
                        },
                        {
                            "x": 1625036400000,
                            "y": 136200
                        },
                        {
                            "x": 1627714800000,
                            "y": 140200
                        },
                        {
                            "x": 1630393200000,
                            "y": 140300
                        },
                        {
                            "x": 1632985200000,
                            "y": 141500
                        },
                        {
                            "x": 1635663600000,
                            "y": 144500
                        },
                        {
                            "x": 1638259200000,
                            "y": 149100
                        },
                        {
                            "x": 1640937600000,
                            "y": 152900
                        },
                        {
                            "x": 1643616000000,
                            "y": 155800
                        },
                        {
                            "x": 1646035200000,
                            "y": 159600
                        },
                        {
                            "x": 1648710000000,
                            "y": 172000
                        },
                        {
                            "x": 1651302000000,
                            "y": 179800
                        },
                        {
                            "x": 1653980400000,
                            "y": 185000
                        },
                        {
                            "x": 1656572400000,
                            "y": 190200
                        },
                        {
                            "x": 1659250800000,
                            "y": 192000
                        },
                        {
                            "x": 1661929200000,
                            "y": 194800
                        },
                        {
                            "x": 1664521200000,
                            "y": 196400
                        },
                        {
                            "x": 1667199600000,
                            "y": 197800
                        },
                        {
                            "x": 1669795200000,
                            "y": 197400
                        },
                        {
                            "x": 1672473600000,
                            "y": 196300
                        },
                        {
                            "x": 1675152000000,
                            "y": 195200
                        },
                        {
                            "x": 1677571200000,
                            "y": 197400
                        },
                        {
                            "x": 1680246000000,
                            "y": 201300
                        },
                        {
                            "x": 1682838000000,
                            "y": 198900
                        },
                        {
                            "x": 1685516400000,
                            "y": 198900
                        },
                        {
                            "x": 1688108400000,
                            "y": 199000
                        },
                        {
                            "x": 1690786800000,
                            "y": 196300
                        },
                        {
                            "x": 1693465200000,
                            "y": 200300
                        },
                        {
                            "x": 1696057200000,
                            "y": 201600
                        },
                        {
                            "x": 1698735600000,
                            "y": 201100
                        },
                        {
                            "x": 1701331200000,
                            "y": 257800
                        },
                        {
                            "x": 1704009600000,
                            "y": 258700
                        },
                        {
                            "x": 1706688000000,
                            "y": 257600
                        },
                        {
                            "x": 1707292800000,
                            "y": 244300
                        }
                    ],
                    "name": "This home"
                }
            ]
        }
    }
}