{
    "data": {
        "property": {
            "homeValueChartData": [
                {
                    "points": [
                        {
                            "x": 1393574400000,
                            "y": 298095
                        },
                        {
                            "x": 1396249200000,
                            "y": 333097
                        },
                        {
                            "x": 1398841200000,
                            "y": 336491
                        },
                        {
                            "x": 1401519600000,
                            "y": 337741
                        },
                        {
                            "x": 1404111600000,
                            "y": 334755
                        },
                        {
                            "x": 1406790000000,
                            "y": 314222
                        },
                        {
                            "x": 1409468400000,
                            "y": 316374
                        },
                        {
                            "x": 1412060400000,
                            "y": 314395
                        },
                        {
                            "x": 1414738800000,
                            "y": 315963
                        },
                        {
                            "x": 1417334400000,
                            "y": 320524
                        },
                        {
                            "x": 1420012800000,
                            "y": 321484
                        },
                        {
                            "x": 1422691200000,
                            "y": 324976
                        },
                        {
                            "x": 1425110400000,
                            "y": 325045
                        },
                        {
                            "x": 1427785200000,
                            "y": 330342
                        },
                        {
                            "x": 1430377200000,
                            "y": 334400
                        },
                        {
                            "x": 1433055600000,
                            "y": 333591
                        },
                        {
                            "x": 1435647600000,
                            "y": 332266
                        },
                        {
                            "x": 1438326000000,
                            "y": 338196
                        },
                        {
                            "x": 1441004400000,
                            "y": 338554
                        },
                        {
                            "x": 1443596400000,
                            "y": 345509
                        },
                        {
                            "x": 1446274800000,
                            "y": 345669
                        },
                        {
                            "x": 1448870400000,
                            "y": 347609
                        },
                        {
                            "x": 1451548800000,
                            "y": 352594
                        },
                        {
                            "x": 1454227200000,
                            "y": 354550
                        },
                        {
                            "x": 1456732800000,
                            "y": 356608
                        },
                        {
                            "x": 1459407600000,
                            "y": 356746
                        },
                        {
                            "x": 1461999600000,
                            "y": 363275
                        },
                        {
                            "x": 1464678000000,
                            "y": 360302
                        },
                        {
                            "x": 1467270000000,
                            "y": 364344
                        },
                        {
                            "x": 1469948400000,
                            "y": 369824
                        },
                        {
                            "x": 1472626800000,
                            "y": 365456
                        },
                        {
                            "x": 1475218800000,
                            "y": 364587
                        },
                        {
                            "x": 1477897200000,
                            "y": 368920
                        },
                        {
                            "x": 1480492800000,
                            "y": 369132
                        },
                        {
                            "x": 1483171200000,
                            "y": 374161
                        },
                        {
                            "x": 1485849600000,
                            "y": 374680
                        },
                        {
                            "x": 1488268800000,
                            "y": 378446
                        },
                        {
                            "x": 1490943600000,
                            "y": 379103
                        },
                        {
                            "x": 1493535600000,
                            "y": 378553
                        },
                        {
                            "x": 1496214000000,
                            "y": 381035
                        },
                        {
                            "x": 1498806000000,
                            "y": 383654
                        },
                        {
                            "x": 1501484400000,
                            "y": 378882
                        },
                        {
                            "x": 1504162800000,
                            "y": 378960
                        },
                        {
                            "x": 1506754800000,
                            "y": 385091
                        },
                        {
                            "x": 1509433200000,
                            "y": 374220
                        },
                        {
                            "x": 1512028800000,
                            "y": 381558
                        },
                        {
                            "x": 1514707200000,
                            "y": 378722
                        },
                        {
                            "x": 1517385600000,
                            "y": 369282
                        },
                        {
                            "x": 1519804800000,
                            "y": 372106
                        },
                        {
                            "x": 1522479600000,
                            "y": 370136
                        },
                        {
                            "x": 1525071600000,
                            "y": 367724
                        },
                        {
                            "x": 1527750000000,
                            "y": 371288
                        },
                        {
                            "x": 1530342000000,
                            "y": 371770
                        },
                        {
                            "x": 1533020400000,
                            "y": 376301
                        },
                        {
                            "x": 1535698800000,
                            "y": 376888
                        },
                        {
                            "x": 1538290800000,
                            "y": 374403
                        },
                        {
                            "x": 1540969200000,
                            "y": 376157
                        },
                        {
                            "x": 1543564800000,
                            "y": 377940
                        },
                        {
                            "x": 1546243200000,
                            "y": 376462
                        },
                        {
                            "x": 1548921600000,
                            "y": 374694
                        },
                        {
                            "x": 1551340800000,
                            "y": 371908
                        },
                        {
                            "x": 1554015600000,
                            "y": 441612
                        },
                        {
                            "x": 1556607600000,
                            "y": 440095
                        },
                        {
                            "x": 1559286000000,
                            "y": 437316
                        },
                        {
                            "x": 1561878000000,
                            "y": 439604
                        },
                        {
                            "x": 1564556400000,
                            "y": 437137
                        },
                        {
                            "x": 1567234800000,
                            "y": 435377
                        },
                        {
                            "x": 1569826800000,
                            "y": 434609
                        },
                        {
                            "x": 1572505200000,
                            "y": 434479
                        },
                        {
                            "x": 1575100800000,
                            "y": 431935
                        },
                        {
                            "x": 1577779200000,
                            "y": 430135
                        },
                        {
                            "x": 1580457600000,
                            "y": 433166
                        },
                        {
                            "x": 1582963200000,
                            "y": 487586
                        },
                        {
                            "x": 1585638000000,
                            "y": 491264
                        },
                        {
                            "x": 1588230000000,
                            "y": 470225
                        },
                        {
                            "x": 1590908400000,
                            "y": 473074
                        },
                        {
                            "x": 1593500400000,
                            "y": 474788
                        },
                        {
                            "x": 1596178800000,
                            "y": 490274
                        },
                        {
                            "x": 1598857200000,
                            "y": 491296
                        },
                        {
                            "x": 1601449200000,
                            "y": 501366
                        },
                        {
                            "x": 1604127600000,
                            "y": 506019
                        },
                        {
                            "x": 1606723200000,
                            "y": 517317
                        },
                        {
                            "x": 1609401600000,
                            "y": 519417
                        },
                        {
                            "x": 1612080000000,
                            "y": 523789
                        },
                        {
                            "x": 1614499200000,
                            "y": 529275
                        },
                        {
                            "x": 1617174000000,
                            "y": 535476
                        },
                        {
                            "x": 1619766000000,
                            "y": 561578
                        },
                        {
                            "x": 1622444400000,
                            "y": 583047
                        },
                        {
                            "x": 1625036400000,
                            "y": 578400
                        },
                        {
                            "x": 1627714800000,
                            "y": 578400
                        },
                        {
                            "x": 1630393200000,
                            "y": 586300
                        },
                        {
                            "x": 1632985200000,
                            "y": 599400
                        },
                        {
                            "x": 1635663600000,
                            "y": 612400
                        },
                        {
                            "x": 1638259200000,
                            "y": 623000
                        },
                        {
                            "x": 1640937600000,
                            "y": 641800
                        },
                        {
                            "x": 1643616000000,
                            "y": 650700
                        },
                        {
                            "x": 1646035200000,
                            "y": 668400
                        },
                        {
                            "x": 1648710000000,
                            "y": 691200
                        },
                        {
                            "x": 1651302000000,
                            "y": 710000
                        },
                        {
                            "x": 1653980400000,
                            "y": 718500
                        },
                        {
                            "x": 1656572400000,
                            "y": 720300
                        },
                        {
                            "x": 1659250800000,
                            "y": 710700
                        },
                        {
                            "x": 1661929200000,
                            "y": 711700
                        },
                        {
                            "x": 1664521200000,
                            "y": 718600
                        },
                        {
                            "x": 1667199600000,
                            "y": 714500
                        },
                        {
                            "x": 1669795200000,
                            "y": 708500
                        },
                        {
                            "x": 1672473600000,
                            "y": 700500
                        },
                        {
                            "x": 1675152000000,
                            "y": 690500
                        },
                        {
                            "x": 1677571200000,
                            "y": 691100
                        },
                        {
                            "x": 1680246000000,
                            "y": 692200
                        },
                        {
                            "x": 1682838000000,
                            "y": 698200
                        },
                        {
                            "x": 1685516400000,
                            "y": 703900
                        },
                        {
                            "x": 1688108400000,
                            "y": 720100
                        },
                        {
                            "x": 1690786800000,
                            "y": 718600
                        },
                        {
                            "x": 1693465200000,
                            "y": 719600
                        },
                        {
                            "x": 1696057200000,
                            "y": 723500
                        },
                        {
                            "x": 1698735600000,
                            "y": 729600
                        },
                        {
                            "x": 1701331200000,
                            "y": 718500
                        },
                        {
                            "x": 1704009600000,
                            "y": 718900
                        },
                        {
                            "x": 1706688000000,
                            "y": 677000
                        },
                        {
                            "x": 1707292800000,
                            "y": 672600
                        }
                    ],
                    "name": "This home"
                },
                {
                    "points": [
                        {
                            "x": 1405062000000,
                            "y": 313000
                        }
                    ],
                    "name": "Sale"
                }
            ]
        }
    }
}