[
    {
        "zpid": "43094440",
        "id": "43094440",
        "rawHomeStatusCd": "ForSale",
        "marketingStatusSimplifiedCd": "For Sale by Agent",
        "imgSrc": "https://photos.zillowstatic.com/fp/c05df86661f1eea797fa138b2e15b3ae-p_e.jpg",
        "hasImage": true,
        "detailUrl": "https://www.zillow.com/homedetails/2871-Somerset-Dr-APT-411-Lauderdale-Lakes-FL-33311/43094440_zpid/",
        "statusType": "FOR_SALE",
        "statusText": "Condo for sale",
        "countryCurrency": "$",
        "price": "$158,900",
        "unformattedPrice": 158900,
        "address": "2871 Somerset Dr APT 411, Lauderdale Lakes, FL 33311",
        "addressStreet": "2871 Somerset Dr APT 411",
        "addressCity": "Lauderdale Lakes",
        "addressState": "FL",
        "addressZipcode": "33311",
        "isUndisclosedAddress": false,
        "beds": 2,
        "baths": 2.0,
        "area": 865,
        "latLong": {
            "latitude": 26.158585,
            "longitude": -80.191505
        },
        "isZillowOwned": false,
        "variableData": {
            "type": "PRICE_REDUCTION",
            "text": "$6,100 (Jan 15)"
        },
        "hdpData": {
            "homeInfo": {
                "zpid": 43094440,
                "streetAddress": "2871 Somerset Dr APT 411",
                "zipcode": "33311",
                "city": "Lauderdale Lakes",
                "state": "FL",
                "latitude": 26.158585,
                "longitude": -80.191505,
                "price": 158900.0,
                "datePriceChanged": 1705305600000,
                "bathrooms": 2.0,
                "bedrooms": 2.0,
                "livingArea": 865.0,
                "homeType": "CONDO",
                "homeStatus": "FOR_SALE",
                "daysOnZillow": 106,
                "isFeatured": false,
                "shouldHighlight": false,
                "rentZestimate": 1870,
                "listing_sub_type": {
                    "is_FSBA": true
                },
                "priceReduction": "$6,100 (Jan 15)",
                "isUnmappable": false,
                "isPreforeclosureAuction": false,
                "homeStatusForHDP": "FOR_SALE",
                "priceForHDP": 158900.0,
                "priceChange": -6100,
                "timeOnZillow": 9161974000,
                "isNonOwnerOccupied": true,
                "isPremierBuilder": false,
                "isZillowOwned": false,
                "currency": "USD",
                "country": "USA",
                "taxAssessedValue": 68410.0,
                "unit": "Apt 411",
                "lotAreaValue": 0.0,
                "lotAreaUnit": "sqft",
                "isShowcaseListing": false
            }
        },
        "isSaved": false,
        "isUserClaimingOwner": false,
        "isUserConfirmedClaim": false,
        "pgapt": "ForSale",
        "sgapt": "For Sale (Broker)",
        "shouldShowZestimateAsPrice": false,
        "has3DModel": false,
        "hasVideo": false,
        "isHomeRec": false,
        "hasAdditionalAttributions": true,
        "isFeaturedListing": false,
        "isShowcaseListing": false,
        "list": true,
        "relaxed": false,
        "info2String": "Listing provided by BeachesMLS",
        "info3String": "https://photos.zillowstatic.com/fp/11470fbfca6bd246a8708da0ff0e5603-zillow_web_48_23.jpg",
        "brokerName": "Century 21 Stein Posner",
        "carouselPhotos": [
            {
                "url": "https://photos.zillowstatic.com/fp/c05df86661f1eea797fa138b2e15b3ae-p_e.jpg"
            },
            {
                "url": "https://photos.zillowstatic.com/fp/a89b8b9236814c8480736ce2177cea9e-p_e.jpg"
            },
            {
                "url": "https://photos.zillowstatic.com/fp/1c9fbbc58f784438048295daa43ac561-p_e.jpg"
            },
            {
                "url": "https://photos.zillowstatic.com/fp/56ac60466149c2621b49dba09a00ed68-p_e.jpg"
            },
            {
                "url": "https://photos.zillowstatic.com/fp/d58e2c5b69dd8b4a639fe4c2627fc447-p_e.jpg"
            },
            {
                "url": "https://photos.zillowstatic.com/fp/758151d2ee44046fe2504aa43c9b8938-p_e.jpg"
            },
            {
                "url": "https://photos.zillowstatic.com/fp/ab94d253781a5826a444de6c8df66664-p_e.jpg"
            },
            {
                "url": "https://photos.zillowstatic.com/fp/703a04e4dba4183035f5730a1dc04ac2-p_e.jpg"
            },
            {
                "url": "https://photos.zillowstatic.com/fp/33e0fd41ed902786aee32ba90f1414f0-p_e.jpg"
            },
            {
                "url": "https://photos.zillowstatic.com/fp/accf4234be62f75994f0ef7019929233-p_e.jpg"
            },
            {
                "url": "https://photos.zillowstatic.com/fp/c2a1211f756b7d67f1508d1d844797a5-p_e.jpg"
            },
            {
                "url": "https://photos.zillowstatic.com/fp/2ff3c486460172a89f830ba2cd8f09cd-p_e.jpg"
            },
            {
                "url": "https://photos.zillowstatic.com/fp/8de94faf7ea3057a3cbb404e4258f413-p_e.jpg"
            },
            {
                "url": "https://photos.zillowstatic.com/fp/e50f679d46aeb272905b179bb218bc4d-p_e.jpg"
            },
            {
                "url": "https://photos.zillowstatic.com/fp/a9b8a545cfb6b7e33f8d9cd0ba231741-p_e.jpg"
            },
            {
                "url": "https://photos.zillowstatic.com/fp/b3f0c8f45d7f8a52de1d280de4adf0fa-p_e.jpg"
            },
            {
                "url": "https://photos.zillowstatic.com/fp/00cc6a1c0f37dbc1b8446a242dc00cd9-p_e.jpg"
            },
            {
                "url": "https://photos.zillowstatic.com/fp/7a4290018106176a9f685b6562484ea0-p_e.jpg"
            },
            {
                "url": "https://photos.zillowstatic.com/fp/f7ad00842fda107b3187fec2d35431a1-p_e.jpg"
            },
            {
                "url": "https://photos.zillowstatic.com/fp/d7a77302d5b963399c7cbd50ff264a0a-p_e.jpg"
            },
            {
                "url": "https://photos.zillowstatic.com/fp/a79297f4c735f287ea95c8bf4a442719-p_e.jpg"
            },
            {
                "url": "https://photos.zillowstatic.com/fp/6b055f6b4d870844d58ca31af9f4cfaa-p_e.jpg"
            },
            {
                "url": "https://photos.zillowstatic.com/fp/b0a1ac9685ea64b0ac51a9552474908d-p_e.jpg"
            },
            {
                "url": "https://photos.zillowstatic.com/fp/4b55139264c71b8520b8460e945b758f-p_e.jpg"
            },
            {
                "url": "https://photos.zillowstatic.com/fp/7a3cd24fe6c89e78cef5c93675a7bb56-p_e.jpg"
            },
            {
                "url": "https://photos.zillowstatic.com/fp/eddba54b5105b14ddb5047c0b5ad6b43-p_e.jpg"
            },
            {
                "url": "https://photos.zillowstatic.com/fp/1d09887cc831e1a34aaa9dc8ef3eddcf-p_e.jpg"
            },
            {
                "url": "https://photos.zillowstatic.com/fp/6cdd22979001801a28610bf199f50a51-p_e.jpg"
            },
            {
                "url": "https://photos.zillowstatic.com/fp/945c93bfc4989eb52995ebc8b859cb1a-p_e.jpg"
            },
            {
                "url": "https://photos.zillowstatic.com/fp/b3a15539faf15e0cf34b92855a5cf1bb-p_e.jpg"
            },
            {
                "url": "https://photos.zillowstatic.com/fp/28b3dfa6f1441928f70422c4dcd16889-p_e.jpg"
            },
            {
                "url": "https://photos.zillowstatic.com/fp/e2c3843a6489c353720eb48c61baeea3-p_e.jpg"
            },
            {
                "url": "https://photos.zillowstatic.com/fp/256be40d31a08aa32cfb281b911a90da-p_e.jpg"
            },
            {
                "url": "https://photos.zillowstatic.com/fp/78dbb3e696a2de525bec2ba9c5638137-p_e.jpg"
            },
            {
                "url": "https://photos.zillowstatic.com/fp/3349140166c7dacacdbf7a8780c39ad0-p_e.jpg"
            },
            {
                "url": "https://photos.zillowstatic.com/fp/cf86dadd7121a773aca2eca68842256d-p_e.jpg"
            },
            {
                "url": "https://photos.zillowstatic.com/fp/327a9666c8d197d94460a09a01fbecde-p_e.jpg"
            },
            {
                "url": "https://photos.zillowstatic.com/fp/1cbfb8826ea842d62b88d324b5c7d049-p_e.jpg"
            },
            {
                "url": "https://photos.zillowstatic.com/fp/e5e37fd1238898838a0487ed56eb4b28-p_e.jpg"
            },
            {
                "url": "https://photos.zillowstatic.com/fp/2f555a06ca903b8f09f205971a6a6208-p_e.jpg"
            },
            {
                "url": "https://photos.zillowstatic.com/fp/c899f88043499701fc7caf0362bbc606-p_e.jpg"
            },
            {
                "url": "https://photos.zillowstatic.com/fp/133f8ea72102bc6eda18275ef9a1eec5-p_e.jpg"
            },
            {
                "url": "https://photos.zillowstatic.com/fp/4247724012d7702ade23c2e458e15e53-p_e.jpg"
            },
            {
                "url": "https://photos.zillowstatic.com/fp/2a1db36a5bb3787511a1c5089d09c15d-p_e.jpg"
            },
            {
                "url": "https://photos.zillowstatic.com/fp/63d465e36c281fbfc3d1d188a66ba4b9-p_e.jpg"
            }
        ],
        "rooms": [
            {
                "roomArea": 144.0,
                "roomAreaUnits": null
            },
            {
                "roomArea": 100.0,
                "roomAreaUnits": null
            },
            {
                "roomArea": 144.0,
                "roomAreaUnits": null
            }
        ]
    },
    {
        "zpid": "43094664",
        "id": "43094664",
        "rawHomeStatusCd": "ForSale",
        "marketingStatusSimplifiedCd": "For Sale by Agent",
        "imgSrc": "https://photos.zillowstatic.com/fp/82811f0ed09dd8e8c03e5aa74763abf8-p_e.jpg",
        "hasImage": true,
        "detailUrl": "https://www.zillow.com/homedetails/3610-NW-21st-St-APT-409-Fort-Lauderdale-FL-33311/43094664_zpid/",
        "statusType": "FOR_SALE",
        "statusText": "Condo for sale",
        "countryCurrency": "$",
        "price": "$190,000",
        "unformattedPrice": 190000,
        "address": "3610 NW 21st St APT 409, Fort Lauderdale, FL 33311",
        "addressStreet": "3610 NW 21st St APT 409",
        "addressCity": "Fort Lauderdale",
        "addressState": "FL",
        "addressZipcode": "33311",
        "isUndisclosedAddress": false,
        "beds": 2,
        "baths": 2.0,
        "area": 1100,
        "latLong": {
            "latitude": 26.151924,
            "longitude": -80.19621
        },
        "isZillowOwned": false,
        "variableData": {
            "type": "DAYS_ON",
            "text": "116 days on Zillow"
        },
        "hdpData": {
            "homeInfo": {
                "zpid": 43094664,
                "streetAddress": "3610 NW 21st St APT 409",
                "zipcode": "33311",
                "city": "Fort Lauderdale",
                "state": "FL",
                "latitude": 26.151924,
                "longitude": -80.19621,
                "price": 190000.0,
                "datePriceChanged": 1697612400000,
                "bathrooms": 2.0,
                "bedrooms": 2.0,
                "livingArea": 1100.0,
                "homeType": "CONDO",
                "homeStatus": "FOR_SALE",
                "daysOnZillow": 116,
                "isFeatured": false,
                "shouldHighlight": false,
                "zestimate": 189100,
                "rentZestimate": 1700,
                "listing_sub_type": {
                    "is_FSBA": true
                },
                "isUnmappable": false,
                "isPreforeclosureAuction": false,
                "homeStatusForHDP": "FOR_SALE",
                "priceForHDP": 190000.0,
                "priceChange": 10000,
                "timeOnZillow": 10045052000,
                "isNonOwnerOccupied": true,
                "isPremierBuilder": false,
                "isZillowOwned": false,
                "currency": "USD",
                "country": "USA",
                "taxAssessedValue": 97100.0,
                "unit": "Apt 409",
                "isShowcaseListing": false
            }
        },
        "isSaved": false,
        "isUserClaimingOwner": false,
        "isUserConfirmedClaim": false,
        "pgapt": "ForSale",
        "sgapt": "For Sale (Broker)",
        "zestimate": 189100,
        "shouldShowZestimateAsPrice": false,
        "has3DModel": false,
        "hasVideo": false,
        "isHomeRec": false,
        "hasAdditionalAttributions": true,
        "isFeaturedListing": false,
        "isShowcaseListing": false,
        "list": true,
        "relaxed": false,
        "info3String": "https://photos.zillowstatic.com/fp/11470fbfca6bd246a8708da0ff0e5603-zillow_web_48_23.jpg",
        "brokerName": "REALTY MIAMI GROUP LLC",
        "carouselPhotos": [
            {
                "url": "https://photos.zillowstatic.com/fp/82811f0ed09dd8e8c03e5aa74763abf8-p_e.jpg"
            },
            {
                "url": "https://photos.zillowstatic.com/fp/c302ed846061a627344cd925f8a95992-p_e.jpg"
            },
            {
                "url": "https://photos.zillowstatic.com/fp/c3dcadf6b4e312af680aaeeef2050600-p_e.jpg"
            },
            {
                "url": "https://photos.zillowstatic.com/fp/5726938f168513ce7302f4584c8beea4-p_e.jpg"
            },
            {
                "url": "https://photos.zillowstatic.com/fp/d9f9e514b02e39aff9f15e4dde695de2-p_e.jpg"
            },
            {
                "url": "https://photos.zillowstatic.com/fp/45c8817a0673e8f2064b2caaf275fc03-p_e.jpg"
            },
            {
                "url": "https://photos.zillowstatic.com/fp/727ccae68840a19026ad8219e5886b7b-p_e.jpg"
            },
            {
                "url": "https://photos.zillowstatic.com/fp/02e7645046bf7fddcd456933cf448a48-p_e.jpg"
            },
            {
                "url": "https://photos.zillowstatic.com/fp/8d757d1919195f3a9bbbbebdf3d503e3-p_e.jpg"
            },
            {
                "url": "https://photos.zillowstatic.com/fp/e8d90249a96793eabf8c4bdb3f111f64-p_e.jpg"
            },
            {
                "url": "https://photos.zillowstatic.com/fp/016e69b4b3ba9030d86ff1a912c468bd-p_e.jpg"
            },
            {
                "url": "https://photos.zillowstatic.com/fp/5a69c9b1c092c1b5efda3f9cc1cd8c8a-p_e.jpg"
            },
            {
                "url": "https://photos.zillowstatic.com/fp/f4c67b864e55be147ac0dfc643b29045-p_e.jpg"
            },
            {
                "url": "https://photos.zillowstatic.com/fp/53266dc11fe94aea11a345d6dfa26a32-p_e.jpg"
            },
            {
                "url": "https://photos.zillowstatic.com/fp/d9dfa2b370595927894cb38f314e75e3-p_e.jpg"
            }
        ],
        "rooms": [
            {
                "roomArea": null,
                "roomAreaUnits": null
            }
        ]
    },
    {
        "zpid": "43094210",
        "id": "43094210",
        "rawHomeStatusCd": "ForSale",
        "marketingStatusSimplifiedCd": "For Sale by Agent",
        "imgSrc": "https://photos.zillowstatic.com/fp/5296bc786bdf0800be459e126eea6fb9-p_e.jpg",
        "hasImage": true,
        "detailUrl": "https://www.zillow.com/homedetails/2851-Somerset-Dr-APT-316-Fort-Lauderdale-FL-33311/43094210_zpid/",
        "statusType": "FOR_SALE",
        "statusText": "Condo for sale",
        "countryCurrency": "$",
        "price": "$140,000",
        "unformattedPrice": 140000,
        "address": "2851 Somerset Dr APT 316, Fort Lauderdale, FL 33311",
        "addressStreet": "2851 Somerset Dr APT 316",
        "addressCity": "Fort Lauderdale",
        "addressState": "FL",
        "addressZipcode": "33311",
        "isUndisclosedAddress": false,
        "beds": 2,
        "baths": 2.0,
        "area": 1010,
        "latLong": {
            "latitude": 26.160093,
            "longitude": -80.191605
        },
        "isZillowOwned": false,
        "variableData": {
            "type": "DAYS_ON",
            "text": "132 days on Zillow"
        },
        "hdpData": {
            "homeInfo": {
                "zpid": 43094210,
                "streetAddress": "2851 Somerset Dr APT 316",
                "zipcode": "33311",
                "city": "Fort Lauderdale",
                "state": "FL",
                "latitude": 26.160093,
                "longitude": -80.191605,
                "price": 140000.0,
                "bathrooms": 2.0,
                "bedrooms": 2.0,
                "livingArea": 1010.0,
                "homeType": "CONDO",
                "homeStatus": "FOR_SALE",
                "daysOnZillow": 132,
                "isFeatured": false,
                "shouldHighlight": false,
                "zestimate": 132700,
                "rentZestimate": 1975,
                "listing_sub_type": {
                    "is_FSBA": true
                },
                "isUnmappable": false,
                "isPreforeclosureAuction": false,
                "homeStatusForHDP": "FOR_SALE",
                "priceForHDP": 140000.0,
                "timeOnZillow": 11412800000,
                "isNonOwnerOccupied": true,
                "isPremierBuilder": false,
                "isZillowOwned": false,
                "currency": "USD",
                "country": "USA",
                "taxAssessedValue": 72530.0,
                "unit": "Apt 316",
                "lotAreaValue": 0.0,
                "lotAreaUnit": "sqft",
                "isShowcaseListing": false
            }
        },
        "isSaved": false,
        "isUserClaimingOwner": false,
        "isUserConfirmedClaim": false,
        "pgapt": "ForSale",
        "sgapt": "For Sale (Broker)",
        "zestimate": 132700,
        "shouldShowZestimateAsPrice": false,
        "has3DModel": false,
        "hasVideo": false,
        "isHomeRec": false,
        "hasAdditionalAttributions": true,
        "isFeaturedListing": false,
        "isShowcaseListing": false,
        "list": true,
        "relaxed": false,
        "info3String": "https://photos.zillowstatic.com/fp/a8b02d5ac61ac8b9a11bda64382b4f89-zillow_web_48_23.jpg",
        "brokerName": "The Keyes Company",
        "carouselPhotos": [
            {
                "url": "https://photos.zillowstatic.com/fp/5296bc786bdf0800be459e126eea6fb9-p_e.jpg"
            },
            {
                "url": "https://photos.zillowstatic.com/fp/db3313752110a9c607004c753f3176cb-p_e.jpg"
            },
            {
                "url": "https://photos.zillowstatic.com/fp/40ff596dfb8b0b16c75777563b13cf5c-p_e.jpg"
            },
            {
                "url": "https://photos.zillowstatic.com/fp/5ba1ecfa1ba667a8f7346890c8c7a1c9-p_e.jpg"
            },
            {
                "url": "https://photos.zillowstatic.com/fp/2ab0c1f99a0e913a4ec6e442f220603f-p_e.jpg"
            },
            {
                "url": "https://photos.zillowstatic.com/fp/ae1b14fc4b9f87c8605cd96480339a35-p_e.jpg"
            },
            {
                "url": "https://photos.zillowstatic.com/fp/7801b257862f01a0485b21e89d5f8012-p_e.jpg"
            },
            {
                "url": "https://photos.zillowstatic.com/fp/d1d3eccac373df735b72a6078e17f240-p_e.jpg"
            },
            {
                "url": "https://photos.zillowstatic.com/fp/e4864d7e2b03a9f0acd2f3bd2da0f271-p_e.jpg"
            },
            {
                "url": "https://photos.zillowstatic.com/fp/96d32cfcfa3c3a1111fd1f8317d34c45-p_e.jpg"
            },
            {
                "url": "https://photos.zillowstatic.com/fp/040df7f24587988fd2e8db5acbf0a613-p_e.jpg"
            },
            {
                "url": "https://photos.zillowstatic.com/fp/2498ed1cf73505b30352fc906255944d-p_e.jpg"
            },
            {
                "url": "https://photos.zillowstatic.com/fp/d5dbfe3dabd06154ec1e45ced92056ae-p_e.jpg"
            },
            {
                "url": "https://photos.zillowstatic.com/fp/0ce2ac95a936920c12b74a54137911d3-p_e.jpg"
            },
            {
                "url": "https://photos.zillowstatic.com/fp/03061b58789f7f130654bb0b1d555a85-p_e.jpg"
            },
            {
                "url": "https://photos.zillowstatic.com/fp/0496a714d605efb4996b002a5e9f3bb2-p_e.jpg"
            },
            {
                "url": "https://photos.zillowstatic.com/fp/4893766d8cc1163387ad9c7d05f142c1-p_e.jpg"
            },
            {
                "url": "https://photos.zillowstatic.com/fp/03c4c84722609ca6c81e07a9e5cb6619-p_e.jpg"
            },
            {
                "url": "https://photos.zillowstatic.com/fp/2130bde0892705f7377c12f0ac96b6bf-p_e.jpg"
            },
            {
                "url": "https://photos.zillowstatic.com/fp/fb63f92e2054ae9c72d0201cd1a88acf-p_e.jpg"
            },
            {
                "url": "https://photos.zillowstatic.com/fp/2481a0f0a9a3d1590d347634284a3a61-p_e.jpg"
            },
            {
                "url": "https://photos.zillowstatic.com/fp/fa79e75ea104c88c2eacbaebf9fad882-p_e.jpg"
            },
            {
                "url": "https://photos.zillowstatic.com/fp/d5c5e8731e3aa2027e3c64b7d072156f-p_e.jpg"
            },
            {
                "url": "https://photos.zillowstatic.com/fp/2709ce55503687c70e61d7bda54c7ac8-p_e.jpg"
            },
            {
                "url": "https://photos.zillowstatic.com/fp/71a6e2ebf4f7d0e62f650b45e509f471-p_e.jpg"
            },
            {
                "url": "https://photos.zillowstatic.com/fp/d6c346feae79d1c2d56d4e91861ad2c3-p_e.jpg"
            },
            {
                "url": "https://photos.zillowstatic.com/fp/01a2d92169dc0def29340b54acfd2ef8-p_e.jpg"
            },
            {
                "url": "https://photos.zillowstatic.com/fp/cc0edca7dd05dbc130ea1ee4eec69299-p_e.jpg"
            },
            {
                "url": "https://photos.zillowstatic.com/fp/6e786960050b282f1e2e04c182ec506f-p_e.jpg"
            },
            {
                "url": "https://photos.zillowstatic.com/fp/027dee3de473869a9080b5d525ec42f3-p_e.jpg"
            },
            {
                "url": "https://photos.zillowstatic.com/fp/59b04afd7666a4e05f27750d5536cf3a-p_e.jpg"
            },
            {
                "url": "https://photos.zillowstatic.com/fp/d52e197c8a5d8aa1a8060a536b48be4b-p_e.jpg"
            },
            {
                "url": "https://photos.zillowstatic.com/fp/152bfdbd5e497e2773e098910ba9ee39-p_e.jpg"
            },
            {
                "url": "https://photos.zillowstatic.com/fp/61c979ba648cd01a4cc5053bbabc56db-p_e.jpg"
            },
            {
                "url": "https://photos.zillowstatic.com/fp/f2377d1c9a08a452ff839c7d81092a35-p_e.jpg"
            },
            {
                "url": "https://photos.zillowstatic.com/fp/bf17a57d064724fe18e9752228ace561-p_e.jpg"
            }
        ],
        "rooms": []
    },
    {
        "zpid": "43090723",
        "id": "43090723",
        "rawHomeStatusCd": "ForSale",
        "marketingStatusSimplifiedCd": "For Sale by Agent",
        "imgSrc": "https://photos.zillowstatic.com/fp/851efebbfde80cc6bf35249e44ccd5b7-p_e.jpg",
        "hasImage": true,
        "detailUrl": "https://www.zillow.com/homedetails/1950-N-Andrews-Ave-210D-Fort-Lauderdale-FL-33311/43090723_zpid/",
        "statusType": "FOR_SALE",
        "statusText": "Condo for sale",
        "countryCurrency": "$",
        "price": "$200,000",
        "unformattedPrice": 200000,
        "address": "1950 N Andrews Ave #210D, Fort Lauderdale, FL 33311",
        "addressStreet": "1950 N Andrews Ave #210D",
        "addressCity": "Fort Lauderdale",
        "addressState": "FL",
        "addressZipcode": "33311",
        "isUndisclosedAddress": false,
        "beds": 1,
        "baths": 1.0,
        "area": 750,
        "latLong": {
            "latitude": 26.15259,
            "longitude": -80.14585
        },
        "isZillowOwned": false,
        "variableData": {
            "type": "DAYS_ON",
            "text": "137 days on Zillow"
        },
        "hdpData": {
            "homeInfo": {
                "zpid": 43090723,
                "streetAddress": "1950 N Andrews Ave #210D",
                "zipcode": "33311",
                "city": "Fort Lauderdale",
                "state": "FL",
                "latitude": 26.15259,
                "longitude": -80.14585,
                "price": 200000.0,
                "datePriceChanged": 1702022400000,
                "bathrooms": 1.0,
                "bedrooms": 1.0,
                "livingArea": 750.0,
                "homeType": "CONDO",
                "homeStatus": "FOR_SALE",
                "daysOnZillow": 137,
                "isFeatured": false,
                "shouldHighlight": false,
                "zestimate": 195000,
                "rentZestimate": 1756,
                "listing_sub_type": {
                    "is_FSBA": true
                },
                "isUnmappable": false,
                "isPreforeclosureAuction": false,
                "homeStatusForHDP": "FOR_SALE",
                "priceForHDP": 200000.0,
                "priceChange": 14000,
                "timeOnZillow": 11883382000,
                "isNonOwnerOccupied": true,
                "isPremierBuilder": false,
                "isZillowOwned": false,
                "currency": "USD",
                "country": "USA",
                "taxAssessedValue": 115480.0,
                "unit": "# 210D",
                "isShowcaseListing": false
            }
        },
        "isSaved": false,
        "isUserClaimingOwner": false,
        "isUserConfirmedClaim": false,
        "pgapt": "ForSale",
        "sgapt": "For Sale (Broker)",
        "zestimate": 195000,
        "shouldShowZestimateAsPrice": false,
        "has3DModel": false,
        "hasVideo": false,
        "isHomeRec": false,
        "hasAdditionalAttributions": true,
        "isFeaturedListing": false,
        "isShowcaseListing": false,
        "list": true,
        "relaxed": false,
        "info3String": "https://photos.zillowstatic.com/fp/11470fbfca6bd246a8708da0ff0e5603-zillow_web_48_23.jpg",
        "brokerName": "Century 21 Hansen Realty Inc",
        "carouselPhotos": [
            {
                "url": "https://photos.zillowstatic.com/fp/851efebbfde80cc6bf35249e44ccd5b7-p_e.jpg"
            },
            {
                "url": "https://photos.zillowstatic.com/fp/2f449e1d04d7f3382911f564ef82bfaa-p_e.jpg"
            },
            {
                "url": "https://photos.zillowstatic.com/fp/a69345a1d671f6653f9b5a619819af8a-p_e.jpg"
            },
            {
                "url": "https://photos.zillowstatic.com/fp/61a55d8392d4697becea4c42e6f8ba2a-p_e.jpg"
            },
            {
                "url": "https://photos.zillowstatic.com/fp/e65fcec735312dd08af3a9b482db428f-p_e.jpg"
            },
            {
                "url": "https://photos.zillowstatic.com/fp/0fc2939a63c3bf792292cee1e8026aec-p_e.jpg"
            },
            {
                "url": "https://photos.zillowstatic.com/fp/66adf0f2f55f3a3ab5a3090420f17c96-p_e.jpg"
            },
            {
                "url": "https://photos.zillowstatic.com/fp/6a0d7c802b60c162ebcacb86f2c60e8d-p_e.jpg"
            },
            {
                "url": "https://photos.zillowstatic.com/fp/bb35176dcc23d2df1f4e90661e82b920-p_e.jpg"
            },
            {
                "url": "https://photos.zillowstatic.com/fp/8855d5c6b5af336732643969125db0ba-p_e.jpg"
            },
            {
                "url": "https://photos.zillowstatic.com/fp/f1bc84ceb339b0aa0baed1ae6f5046fd-p_e.jpg"
            },
            {
                "url": "https://photos.zillowstatic.com/fp/dc58030058b367256b32ba38fb609751-p_e.jpg"
            },
            {
                "url": "https://photos.zillowstatic.com/fp/fc0332878ce9266d931683bdbb1e488f-p_e.jpg"
            },
            {
                "url": "https://photos.zillowstatic.com/fp/77d038f51ebaf5214fabb33d56e4f3a9-p_e.jpg"
            },
            {
                "url": "https://photos.zillowstatic.com/fp/0d1868407fe5f6738d0da52e30757f4f-p_e.jpg"
            },
            {
                "url": "https://photos.zillowstatic.com/fp/f9e3a9d93030fdd1c54c91eaeef6f6bf-p_e.jpg"
            },
            {
                "url": "https://photos.zillowstatic.com/fp/29152fe708e0d0607e0b81554434aa91-p_e.jpg"
            },
            {
                "url": "https://photos.zillowstatic.com/fp/a0f9b40f6d245c290cdbda679c16fd02-p_e.jpg"
            },
            {
                "url": "https://photos.zillowstatic.com/fp/f3436b1d021d95a9d52032d867f9855f-p_e.jpg"
            },
            {
                "url": "https://photos.zillowstatic.com/fp/72891106c341cb25d930c503f4173055-p_e.jpg"
            },
            {
                "url": "https://photos.zillowstatic.com/fp/6b832c3f97ef5ab9bdc419a9690cadaf-p_e.jpg"
            },
            {
                "url": "https://photos.zillowstatic.com/fp/f1bb73c3761a1d834460f3edd1c676fa-p_e.jpg"
            },
            {
                "url": "https://photos.zillowstatic.com/fp/5cf2128037ef8aa21e027de5ccbb1e3c-p_e.jpg"
            },
            {
                "url": "https://photos.zillowstatic.com/fp/0f9d347b2c36bbc3c72fef2e42c379bd-p_e.jpg"
            }
        ],
        "rooms": [
            {
                "roomArea": null,
                "roomAreaUnits": null
            },
            {
                "roomArea": null,
                "roomAreaUnits": null
            },
            {
                "roomArea": null,
                "roomAreaUnits": null
            }
        ]
    },
    {
        "zpid": "2055659473",
        "id": "2055659473",
        "rawHomeStatusCd": "ForSale",
        "marketingStatusSimplifiedCd": "For Sale by Agent",
        "imgSrc": "https://photos.zillowstatic.com/fp/5d080c389fa69237ed2da2cdeae2f7dc-p_e.jpg",
        "hasImage": true,
        "detailUrl": "https://www.zillow.com/homedetails/419-NW-9th-Ave-419-Fort-Lauderdale-FL-33311/2055659473_zpid/",
        "statusType": "FOR_SALE",
        "statusText": "Townhouse for sale",
        "countryCurrency": "$",
        "price": "$689,000",
        "unformattedPrice": 689000,
        "address": "419 NW 9th Ave #419, Fort Lauderdale, FL 33311",
        "addressStreet": "419 NW 9th Ave #419",
        "addressCity": "Fort Lauderdale",
        "addressState": "FL",
        "addressZipcode": "33311",
        "isUndisclosedAddress": false,
        "beds": 3,
        "baths": 3.0,
        "area": 1940,
        "latLong": {
            "latitude": 26.126493,
            "longitude": -80.15384
        },
        "isZillowOwned": false,
        "variableData": {
            "type": "PRICE_REDUCTION",
            "text": "$10,000 (Nov 23)"
        },
        "hdpData": {
            "homeInfo": {
                "zpid": 2055659473,
                "streetAddress": "419 NW 9th Ave #419",
                "zipcode": "33311",
                "city": "Fort Lauderdale",
                "state": "FL",
                "latitude": 26.126493,
                "longitude": -80.15384,
                "price": 689000.0,
                "datePriceChanged": 1700726400000,
                "bathrooms": 3.0,
                "bedrooms": 3.0,
                "livingArea": 1940.0,
                "homeType": "TOWNHOUSE",
                "homeStatus": "FOR_SALE",
                "daysOnZillow": 144,
                "isFeatured": false,
                "shouldHighlight": false,
                "zestimate": 670800,
                "rentZestimate": 3786,
                "listing_sub_type": {
                    "is_FSBA": true
                },
                "priceReduction": "$10,000 (Nov 23)",
                "isUnmappable": false,
                "isPreforeclosureAuction": false,
                "homeStatusForHDP": "FOR_SALE",
                "priceForHDP": 689000.0,
                "priceChange": -10000,
                "timeOnZillow": 12451717000,
                "isNonOwnerOccupied": true,
                "isPremierBuilder": false,
                "isZillowOwned": false,
                "currency": "USD",
                "country": "USA",
                "unit": "# 419",
                "isShowcaseListing": false
            }
        },
        "isSaved": false,
        "isUserClaimingOwner": false,
        "isUserConfirmedClaim": false,
        "pgapt": "ForSale",
        "sgapt": "For Sale (Broker)",
        "zestimate": 670800,
        "shouldShowZestimateAsPrice": false,
        "has3DModel": false,
        "hasVideo": false,
        "isHomeRec": false,
        "hasAdditionalAttributions": true,
        "isFeaturedListing": false,
        "isShowcaseListing": false,
        "list": true,
        "relaxed": false,
        "info3String": "https://photos.zillowstatic.com/fp/11470fbfca6bd246a8708da0ff0e5603-zillow_web_48_23.jpg",
        "brokerName": "The Agency Florida LLC",
        "carouselPhotos": [
            {
                "url": "https://photos.zillowstatic.com/fp/5d080c389fa69237ed2da2cdeae2f7dc-p_e.jpg"
            },
            {
                "url": "https://photos.zillowstatic.com/fp/2b4c19624f0ee6731e67d78f804a8270-p_e.jpg"
            },
            {
                "url": "https://photos.zillowstatic.com/fp/d805a55ffe061215b6f9b58cabb8fd37-p_e.jpg"
            },
            {
                "url": "https://photos.zillowstatic.com/fp/094e95d9b5f8115d9a8f1d7016f34262-p_e.jpg"
            },
            {
                "url": "https://photos.zillowstatic.com/fp/da20c8ac92ba32a3c723b3a3de34feb7-p_e.jpg"
            },
            {
                "url": "https://photos.zillowstatic.com/fp/8bc4166cf5a681cdd4a040dcf83ac7de-p_e.jpg"
            },
            {
                "url": "https://photos.zillowstatic.com/fp/c7037b4601b987c077dec31a3bc29c49-p_e.jpg"
            },
            {
                "url": "https://photos.zillowstatic.com/fp/8f221404bee5506e839e8e4b2ce10ec8-p_e.jpg"
            },
            {
                "url": "https://photos.zillowstatic.com/fp/3e75f67e3175c8303fdcc940361d8278-p_e.jpg"
            },
            {
                "url": "https://photos.zillowstatic.com/fp/fa1cba11d21c96b005e3d0e67abc00ae-p_e.jpg"
            },
            {
                "url": "https://photos.zillowstatic.com/fp/5caecbe76bbf289c82d4c1897b5df9b8-p_e.jpg"
            },
            {
                "url": "https://photos.zillowstatic.com/fp/cc57243a54f654aff04fa3bb82efc305-p_e.jpg"
            },
            {
                "url": "https://photos.zillowstatic.com/fp/75176a28aa22150d8e3e0ac4e092e18d-p_e.jpg"
            },
            {
                "url": "https://photos.zillowstatic.com/fp/ed64bc81a268bd27d2246dacb300c5eb-p_e.jpg"
            },
            {
                "url": "https://photos.zillowstatic.com/fp/ed6ac5a34d2d085ac0a71ffb89fe107e-p_e.jpg"
            },
            {
                "url": "https://photos.zillowstatic.com/fp/dce3984b6b46b6167cc055cc2e8d3738-p_e.jpg"
            },
            {
                "url": "https://photos.zillowstatic.com/fp/b033ce9b163ca6d42ba688f043bef802-p_e.jpg"
            },
            {
                "url": "https://photos.zillowstatic.com/fp/9485d8775244cea081c3102886a580e6-p_e.jpg"
            },
            {
                "url": "https://photos.zillowstatic.com/fp/a66da8da2b26481d4d9583f522794436-p_e.jpg"
            },
            {
                "url": "https://photos.zillowstatic.com/fp/a32c0cbdc5bd622fc9b01e6949a96517-p_e.jpg"
            },
            {
                "url": "https://photos.zillowstatic.com/fp/d9df86e99e25e52658169671cda184e4-p_e.jpg"
            },
            {
                "url": "https://photos.zillowstatic.com/fp/4f0cc81e8db2c1de9869d9e8bc3501c4-p_e.jpg"
            },
            {
                "url": "https://photos.zillowstatic.com/fp/191c58a182653e14d3baa9e86eaa0690-p_e.jpg"
            },
            {
                "url": "https://photos.zillowstatic.com/fp/2f5a1893ebf441ad9477c5a29af3e5ad-p_e.jpg"
            },
            {
                "url": "https://photos.zillowstatic.com/fp/1c483c5245161ff87864dd201ef4aaae-p_e.jpg"
            },
            {
                "url": "https://photos.zillowstatic.com/fp/4e014653180f4bb829c2e031d92a912c-p_e.jpg"
            },
            {
                "url": "https://photos.zillowstatic.com/fp/f1f728b720d50743fb93b8bee4e1f60b-p_e.jpg"
            },
            {
                "url": "https://photos.zillowstatic.com/fp/8596cab64e19459278292de141149a69-p_e.jpg"
            },
            {
                "url": "https://photos.zillowstatic.com/fp/8596fe25eb57bc45c17c89cfbee4605c-p_e.jpg"
            },
            {
                "url": "https://photos.zillowstatic.com/fp/5a4e588318753cf04eb98530dfc313cf-p_e.jpg"
            },
            {
                "url": "https://photos.zillowstatic.com/fp/263fadee84c3a2520f4bd3ad982c28c7-p_e.jpg"
            },
            {
                "url": "https://photos.zillowstatic.com/fp/a958c5cc63bc0fb7fa4d8af11321fc7c-p_e.jpg"
            },
            {
                "url": "https://photos.zillowstatic.com/fp/edc31b4df3468e2d0f52f6946df1e937-p_e.jpg"
            },
            {
                "url": "https://photos.zillowstatic.com/fp/f1cb5cd31009a4715a5430e756dcd8a0-p_e.jpg"
            },
            {
                "url": "https://photos.zillowstatic.com/fp/2384b1beb36f33dc7e30bf34c7b44bb0-p_e.jpg"
            },
            {
                "url": "https://photos.zillowstatic.com/fp/ccd37d5bff37f3bc0dbd6ac9b3597fb2-p_e.jpg"
            },
            {
                "url": "https://photos.zillowstatic.com/fp/a95850c166b13f5cbcc5d9032e794633-p_e.jpg"
            },
            {
                "url": "https://photos.zillowstatic.com/fp/226ba32c8c3787b79172cb2f8c4405df-p_e.jpg"
            },
            {
                "url": "https://photos.zillowstatic.com/fp/f5ee941c320a15c87046f6fbe11bd8f1-p_e.jpg"
            },
            {
                "url": "https://photos.zillowstatic.com/fp/ffe35c2dd52b684d45af50498adc12da-p_e.jpg"
            },
            {
                "url": "https://photos.zillowstatic.com/fp/f2201bade80659bef0f6b9ad6359a04f-p_e.jpg"
            },
            {
                "url": "https://photos.zillowstatic.com/fp/05aa2b59f3e64ea2ac8fdb0a98ee6f7e-p_e.jpg"
            },
            {
                "url": "https://photos.zillowstatic.com/fp/56d4203ff6e5b7ebf922981fd69bb75d-p_e.jpg"
            },
            {
                "url": "https://photos.zillowstatic.com/fp/a405cdee56261e71d6a3af8f4dd8aa7e-p_e.jpg"
            },
            {
                "url": "https://photos.zillowstatic.com/fp/701f4fbc5664c4728091a68a9d933cd7-p_e.jpg"
            },
            {
                "url": "https://photos.zillowstatic.com/fp/09d7fddc264fd154271d38816eb777b3-p_e.jpg"
            },
            {
                "url": "https://photos.zillowstatic.com/fp/b55b8856f37ed3e382675bd84025e9d5-p_e.jpg"
            },
            {
                "url": "https://photos.zillowstatic.com/fp/3785c1ad733dcc2e1c87dd9f3967f8b0-p_e.jpg"
            },
            {
                "url": "https://photos.zillowstatic.com/fp/e37e7a03e1125d7b7dd6b396882d4d6a-p_e.jpg"
            },
            {
                "url": "https://photos.zillowstatic.com/fp/3e6414ce33c5b0692e05298ae7362368-p_e.jpg"
            },
            {
                "url": "https://photos.zillowstatic.com/fp/d89d5a470645389ddc2ed976d3502c18-p_e.jpg"
            },
            {
                "url": "https://photos.zillowstatic.com/fp/0b56468d4b9d7ed10510949617df994c-p_e.jpg"
            },
            {
                "url": "https://photos.zillowstatic.com/fp/78255fa31b4c6fd9a9d532f0b5876999-p_e.jpg"
            }
        ],
        "rooms": [
            {
                "roomArea": null,
                "roomAreaUnits": null
            },
            {
                "roomArea": null,
                "roomAreaUnits": null
            },
            {
                "roomArea": null,
                "roomAreaUnits": null
            },
            {
                "roomArea": null,
                "roomAreaUnits": null
            },
            {
                "roomArea": null,
                "roomAreaUnits": null
            }
        ]
    },
    {
        "zpid": "2055910650",
        "id": "2055910650",
        "rawHomeStatusCd": "ForSale",
        "marketingStatusSimplifiedCd": "For Sale by Agent",
        "imgSrc": "https://photos.zillowstatic.com/fp/9d1aa4f3476201dc921ed4f8ccb5ce66-p_e.jpg",
        "hasImage": true,
        "detailUrl": "https://www.zillow.com/homedetails/3526-NW-29th-Ct-3526-Fort-Lauderdale-FL-33311/2055910650_zpid/",
        "statusType": "FOR_SALE",
        "statusText": "Townhouse for sale",
        "countryCurrency": "$",
        "price": "$364,900",
        "unformattedPrice": 364900,
        "address": "3526 NW 29th Ct #3526, Fort Lauderdale, FL 33311",
        "addressStreet": "3526 NW 29th Ct #3526",
        "addressCity": "Fort Lauderdale",
        "addressState": "FL",
        "addressZipcode": "33311",
        "isUndisclosedAddress": false,
        "beds": 3,
        "baths": 3.0,
        "area": 1514,
        "latLong": {
            "latitude": 26.162228,
            "longitude": -80.195335
        },
        "isZillowOwned": false,
        "variableData": {
            "type": "PRICE_REDUCTION",
            "text": "$5,000 (Dec 3)"
        },
        "hdpData": {
            "homeInfo": {
                "zpid": 2055910650,
                "streetAddress": "3526 NW 29th Ct #3526",
                "zipcode": "33311",
                "city": "Fort Lauderdale",
                "state": "FL",
                "latitude": 26.162228,
                "longitude": -80.195335,
                "price": 364900.0,
                "datePriceChanged": 1701590400000,
                "bathrooms": 3.0,
                "bedrooms": 3.0,
                "livingArea": 1514.0,
                "homeType": "TOWNHOUSE",
                "homeStatus": "FOR_SALE",
                "daysOnZillow": 161,
                "isFeatured": false,
                "shouldHighlight": false,
                "zestimate": 360800,
                "rentZestimate": 2695,
                "listing_sub_type": {
                    "is_FSBA": true
                },
                "priceReduction": "$5,000 (Dec 3)",
                "isUnmappable": false,
                "isPreforeclosureAuction": false,
                "homeStatusForHDP": "FOR_SALE",
                "priceForHDP": 364900.0,
                "priceChange": -5000,
                "timeOnZillow": 13918400000,
                "isNonOwnerOccupied": true,
                "isPremierBuilder": false,
                "isZillowOwned": false,
                "currency": "USD",
                "country": "USA",
                "unit": "# 3526",
                "lotAreaValue": 0.0,
                "lotAreaUnit": "sqft",
                "isShowcaseListing": false
            }
        },
        "isSaved": false,
        "isUserClaimingOwner": false,
        "isUserConfirmedClaim": false,
        "pgapt": "ForSale",
        "sgapt": "For Sale (Broker)",
        "zestimate": 360800,
        "shouldShowZestimateAsPrice": false,
        "has3DModel": false,
        "hasVideo": false,
        "isHomeRec": false,
        "hasAdditionalAttributions": true,
        "isFeaturedListing": false,
        "isShowcaseListing": false,
        "list": true,
        "relaxed": false,
        "info3String": "https://photos.zillowstatic.com/fp/a8b02d5ac61ac8b9a11bda64382b4f89-zillow_web_48_23.jpg",
        "brokerName": "A. Berger Realty, Inc.",
        "carouselPhotos": [
            {
                "url": "https://photos.zillowstatic.com/fp/9d1aa4f3476201dc921ed4f8ccb5ce66-p_e.jpg"
            },
            {
                "url": "https://photos.zillowstatic.com/fp/f3bdccbfc2e0c576ae4ff723fa523636-p_e.jpg"
            },
            {
                "url": "https://photos.zillowstatic.com/fp/81e96e09713f5907c3fca3cee76414f8-p_e.jpg"
            },
            {
                "url": "https://photos.zillowstatic.com/fp/3d83a4c61a31371aa53c948f5d5776f8-p_e.jpg"
            },
            {
                "url": "https://photos.zillowstatic.com/fp/0c6510a00e74778a81b0ef466ae92def-p_e.jpg"
            },
            {
                "url": "https://photos.zillowstatic.com/fp/ccd2e07b28a51913c54a2c8f8c827654-p_e.jpg"
            },
            {
                "url": "https://photos.zillowstatic.com/fp/1e83a8bd8dbcf54f1ed7392562ce1d75-p_e.jpg"
            },
            {
                "url": "https://photos.zillowstatic.com/fp/718723d5ff2b7d2c77e5e27379ce55aa-p_e.jpg"
            },
            {
                "url": "https://photos.zillowstatic.com/fp/efb95b9b31a207adb37277c1458380b7-p_e.jpg"
            },
            {
                "url": "https://photos.zillowstatic.com/fp/aa17a7ab5eeeeb64327658325188b036-p_e.jpg"
            },
            {
                "url": "https://photos.zillowstatic.com/fp/aa7f411bddd9db9e1fde8a4f4987a3d5-p_e.jpg"
            },
            {
                "url": "https://photos.zillowstatic.com/fp/b373748e483f269f0cdcc20ef782a0af-p_e.jpg"
            },
            {
                "url": "https://photos.zillowstatic.com/fp/92e110fcae060d69479306c12aaaaa32-p_e.jpg"
            },
            {
                "url": "https://photos.zillowstatic.com/fp/9895507bcf7780568f2d50912f2601f0-p_e.jpg"
            },
            {
                "url": "https://photos.zillowstatic.com/fp/e7c775eeb4bee124a5b76631c84ae4fe-p_e.jpg"
            },
            {
                "url": "https://photos.zillowstatic.com/fp/e42fd0352e9f2efab98797bc1daedee0-p_e.jpg"
            },
            {
                "url": "https://photos.zillowstatic.com/fp/bc3b2947df3b16f6df50fc1a25030e1c-p_e.jpg"
            },
            {
                "url": "https://photos.zillowstatic.com/fp/464f7b7801fa867f22c1ae6be7b07ee1-p_e.jpg"
            },
            {
                "url": "https://photos.zillowstatic.com/fp/ca05c47a27c301a291c5bf4129984783-p_e.jpg"
            },
            {
                "url": "https://photos.zillowstatic.com/fp/031776a2b6d484f9f91a009bfeceaf5f-p_e.jpg"
            },
            {
                "url": "https://photos.zillowstatic.com/fp/451a6eb98ed0982f94d8b83d49583b92-p_e.jpg"
            },
            {
                "url": "https://photos.zillowstatic.com/fp/008bcecd5c8ae3dafc8f856ddde616a3-p_e.jpg"
            }
        ],
        "rooms": []
    },
    {
        "zpid": "43094048",
        "id": "43094048",
        "rawHomeStatusCd": "ForSale",
        "marketingStatusSimplifiedCd": "For Sale by Agent",
        "imgSrc": "https://photos.zillowstatic.com/fp/6b2ca020598f7970f63a361ceaa555a3-p_e.jpg",
        "hasImage": true,
        "detailUrl": "https://www.zillow.com/homedetails/2841-Somerset-Dr-APT-216-Fort-Lauderdale-FL-33311/43094048_zpid/",
        "statusType": "FOR_SALE",
        "statusText": "Condo for sale",
        "countryCurrency": "$",
        "price": "$142,000",
        "unformattedPrice": 142000,
        "address": "2841 Somerset Dr APT 216, Fort Lauderdale, FL 33311",
        "addressStreet": "2841 Somerset Dr APT 216",
        "addressCity": "Fort Lauderdale",
        "addressState": "FL",
        "addressZipcode": "33311",
        "isUndisclosedAddress": false,
        "beds": 2,
        "baths": 2.0,
        "area": 1010,
        "latLong": {
            "latitude": 26.161167,
            "longitude": -80.19159
        },
        "isZillowOwned": false,
        "variableData": {
            "type": "DAYS_ON",
            "text": "165 days on Zillow"
        },
        "hdpData": {
            "homeInfo": {
                "zpid": 43094048,
                "streetAddress": "2841 Somerset Dr APT 216",
                "zipcode": "33311",
                "city": "Fort Lauderdale",
                "state": "FL",
                "latitude": 26.161167,
                "longitude": -80.19159,
                "price": 142000.0,
                "bathrooms": 2.0,
                "bedrooms": 2.0,
                "livingArea": 1010.0,
                "homeType": "CONDO",
                "homeStatus": "FOR_SALE",
                "daysOnZillow": 165,
                "isFeatured": false,
                "shouldHighlight": false,
                "zestimate": 134600,
                "rentZestimate": 1967,
                "listing_sub_type": {
                    "is_FSBA": true
                },
                "isUnmappable": false,
                "isPreforeclosureAuction": false,
                "homeStatusForHDP": "FOR_SALE",
                "priceForHDP": 142000.0,
                "timeOnZillow": 14264000000,
                "isNonOwnerOccupied": true,
                "isPremierBuilder": false,
                "isZillowOwned": false,
                "currency": "USD",
                "country": "USA",
                "taxAssessedValue": 72530.0,
                "unit": "Apt 216",
                "lotAreaValue": 0.0,
                "lotAreaUnit": "sqft",
                "isShowcaseListing": false
            }
        },
        "isSaved": false,
        "isUserClaimingOwner": false,
        "isUserConfirmedClaim": false,
        "pgapt": "ForSale",
        "sgapt": "For Sale (Broker)",
        "zestimate": 134600,
        "shouldShowZestimateAsPrice": false,
        "has3DModel": false,
        "hasVideo": false,
        "isHomeRec": false,
        "hasAdditionalAttributions": true,
        "isFeaturedListing": false,
        "isShowcaseListing": false,
        "list": true,
        "relaxed": false,
        "info3String": "https://photos.zillowstatic.com/fp/a8b02d5ac61ac8b9a11bda64382b4f89-zillow_web_48_23.jpg",
        "brokerName": "The Keyes Company",
        "carouselPhotos": [
            {
                "url": "https://photos.zillowstatic.com/fp/6b2ca020598f7970f63a361ceaa555a3-p_e.jpg"
            },
            {
                "url": "https://photos.zillowstatic.com/fp/ee541236382b71b38606834463ff780f-p_e.jpg"
            },
            {
                "url": "https://photos.zillowstatic.com/fp/8c62a4e296dbd3111ebdffb3301f35e9-p_e.jpg"
            },
            {
                "url": "https://photos.zillowstatic.com/fp/fed08bf77bebc0c494fed1a52658abc3-p_e.jpg"
            },
            {
                "url": "https://photos.zillowstatic.com/fp/dac051fbc16c239e8db4f23a2433cb2f-p_e.jpg"
            },
            {
                "url": "https://photos.zillowstatic.com/fp/b74189059960931c3942254b16cd472e-p_e.jpg"
            },
            {
                "url": "https://photos.zillowstatic.com/fp/e88e713868b6189624f7d10a3c3ee0a0-p_e.jpg"
            },
            {
                "url": "https://photos.zillowstatic.com/fp/ae4552e95278df433a9cc346b7e276dc-p_e.jpg"
            },
            {
                "url": "https://photos.zillowstatic.com/fp/c43675f879229e4261c710bc39bc5de3-p_e.jpg"
            },
            {
                "url": "https://photos.zillowstatic.com/fp/b6a7169fb65ab25ab70011b4b3d2c282-p_e.jpg"
            },
            {
                "url": "https://photos.zillowstatic.com/fp/d171c5f4f791e721dc46d4f40bdb5725-p_e.jpg"
            },
            {
                "url": "https://photos.zillowstatic.com/fp/429731d4ff224b1bc191e9a75e2bb970-p_e.jpg"
            },
            {
                "url": "https://photos.zillowstatic.com/fp/3298316314d154017e5b750f7d1c7148-p_e.jpg"
            },
            {
                "url": "https://photos.zillowstatic.com/fp/a0459c3d2338e1e1be80de53a4961e97-p_e.jpg"
            },
            {
                "url": "https://photos.zillowstatic.com/fp/4dfa090bfce64d9a46fb40136a972d31-p_e.jpg"
            },
            {
                "url": "https://photos.zillowstatic.com/fp/b112ad8aaea77b0deafc344f0890599f-p_e.jpg"
            },
            {
                "url": "https://photos.zillowstatic.com/fp/cd3d0573a49891eebbe1bd8317c28203-p_e.jpg"
            },
            {
                "url": "https://photos.zillowstatic.com/fp/33bd1c0e041200d74642642402e15fa3-p_e.jpg"
            },
            {
                "url": "https://photos.zillowstatic.com/fp/b3f3841ba8fda8496bac2ab22db5aa5d-p_e.jpg"
            },
            {
                "url": "https://photos.zillowstatic.com/fp/9258463197bcb92fdd533e2196856526-p_e.jpg"
            },
            {
                "url": "https://photos.zillowstatic.com/fp/e5f87193ec905450180f82af7d499bd4-p_e.jpg"
            },
            {
                "url": "https://photos.zillowstatic.com/fp/d594beb9993d988ded096b2b7abfb505-p_e.jpg"
            },
            {
                "url": "https://photos.zillowstatic.com/fp/e8c2750288f7e5f3df705983d8ff1df9-p_e.jpg"
            },
            {
                "url": "https://photos.zillowstatic.com/fp/134254e47e7375f0277d0f25ada34ccf-p_e.jpg"
            },
            {
                "url": "https://photos.zillowstatic.com/fp/7a967fae7be7b317fd169b4fbcb3e0b6-p_e.jpg"
            },
            {
                "url": "https://photos.zillowstatic.com/fp/4b0b16992599a37c6b82116b2620a80d-p_e.jpg"
            },
            {
                "url": "https://photos.zillowstatic.com/fp/606feea698c2775873aa7f37801cf0ad-p_e.jpg"
            },
            {
                "url": "https://photos.zillowstatic.com/fp/dae46d5c7d753aa739c26b4d0d3288b5-p_e.jpg"
            },
            {
                "url": "https://photos.zillowstatic.com/fp/4d0e9592a298f3e153d430d9164e6a6b-p_e.jpg"
            },
            {
                "url": "https://photos.zillowstatic.com/fp/3a30cbb5f1d69ef8e9d8e4e242368f8d-p_e.jpg"
            },
            {
                "url": "https://photos.zillowstatic.com/fp/3e21eb106c814b537ed1a1d7f084d520-p_e.jpg"
            },
            {
                "url": "https://photos.zillowstatic.com/fp/54a1e5b461fb61f36138eb52c3f451c5-p_e.jpg"
            },
            {
                "url": "https://photos.zillowstatic.com/fp/efdfdd7554b019f4f29b2999c1d3d7c0-p_e.jpg"
            },
            {
                "url": "https://photos.zillowstatic.com/fp/99b0c370c5d2a8a078407601d9ad1bf5-p_e.jpg"
            },
            {
                "url": "https://photos.zillowstatic.com/fp/c7cfb56d66a3f41e1ebc7cf588febdeb-p_e.jpg"
            }
        ],
        "rooms": []
    },
    {
        "zpid": "2071309221",
        "id": "2071309221",
        "rawHomeStatusCd": "ForSale",
        "marketingStatusSimplifiedCd": "For Sale by Agent",
        "imgSrc": "https://photos.zillowstatic.com/fp/3af8556b6f40f3e6a6f64bbb291f69d2-p_e.jpg",
        "hasImage": true,
        "detailUrl": "https://www.zillow.com/homedetails/1432-NW-34th-Way-1432-Fort-Lauderdale-FL-33311/2071309221_zpid/",
        "statusType": "FOR_SALE",
        "statusText": "Townhouse for sale",
        "countryCurrency": "$",
        "price": "$300,000",
        "unformattedPrice": 300000,
        "address": "1432 NW 34th Way #1432, Fort Lauderdale, FL 33311",
        "addressStreet": "1432 NW 34th Way #1432",
        "addressCity": "Fort Lauderdale",
        "addressState": "FL",
        "addressZipcode": "33311",
        "isUndisclosedAddress": false,
        "beds": 2,
        "baths": 2.0,
        "area": 1096,
        "latLong": {
            "latitude": 26.143383,
            "longitude": -80.19302
        },
        "isZillowOwned": false,
        "variableData": {
            "type": "DAYS_ON",
            "text": "176 days on Zillow"
        },
        "hdpData": {
            "homeInfo": {
                "zpid": 2071309221,
                "streetAddress": "1432 NW 34th Way #1432",
                "zipcode": "33311",
                "city": "Fort Lauderdale",
                "state": "FL",
                "latitude": 26.143383,
                "longitude": -80.19302,
                "price": 300000.0,
                "bathrooms": 2.0,
                "bedrooms": 2.0,
                "livingArea": 1096.0,
                "homeType": "TOWNHOUSE",
                "homeStatus": "FOR_SALE",
                "daysOnZillow": 176,
                "isFeatured": false,
                "shouldHighlight": false,
                "zestimate": 293300,
                "rentZestimate": 2334,
                "listing_sub_type": {
                    "is_FSBA": true
                },
                "isUnmappable": false,
                "isPreforeclosureAuction": false,
                "homeStatusForHDP": "FOR_SALE",
                "priceForHDP": 300000.0,
                "timeOnZillow": 15214400000,
                "isNonOwnerOccupied": true,
                "isPremierBuilder": false,
                "isZillowOwned": false,
                "currency": "USD",
                "country": "USA",
                "unit": "# 1432",
                "lotAreaValue": 0.0,
                "lotAreaUnit": "sqft",
                "isShowcaseListing": false
            }
        },
        "isSaved": false,
        "isUserClaimingOwner": false,
        "isUserConfirmedClaim": false,
        "pgapt": "ForSale",
        "sgapt": "For Sale (Broker)",
        "zestimate": 293300,
        "shouldShowZestimateAsPrice": false,
        "has3DModel": false,
        "hasVideo": false,
        "isHomeRec": false,
        "hasAdditionalAttributions": true,
        "isFeaturedListing": false,
        "isShowcaseListing": false,
        "list": true,
        "relaxed": false,
        "info3String": "https://photos.zillowstatic.com/fp/a8b02d5ac61ac8b9a11bda64382b4f89-zillow_web_48_23.jpg",
        "brokerName": "My Realty Group, LLC.",
        "carouselPhotos": [
            {
                "url": "https://photos.zillowstatic.com/fp/3af8556b6f40f3e6a6f64bbb291f69d2-p_e.jpg"
            },
            {
                "url": "https://photos.zillowstatic.com/fp/b8d8740b478e03ae5751352fe5a39530-p_e.jpg"
            },
            {
                "url": "https://photos.zillowstatic.com/fp/7c85286ea6d33a1c878f5677f663a13d-p_e.jpg"
            },
            {
                "url": "https://photos.zillowstatic.com/fp/dfd194f5430d207a5fa60811a99e0c42-p_e.jpg"
            },
            {
                "url": "https://photos.zillowstatic.com/fp/17c5f8877d8d51fe4300072c7a1aa8c3-p_e.jpg"
            }
        ],
        "rooms": []
    },
    {
        "zpid": "43089913",
        "id": "43089913",
        "rawHomeStatusCd": "ForSale",
        "marketingStatusSimplifiedCd": "For Sale by Agent",
        "imgSrc": "https://photos.zillowstatic.com/fp/adf8faf3b9bfe834ce7a81ede2b61039-p_e.jpg",
        "hasImage": true,
        "detailUrl": "https://www.zillow.com/homedetails/316-NW-28th-Ct-Fort-Lauderdale-FL-33311/43089913_zpid/",
        "statusType": "FOR_SALE",
        "statusText": "House for sale",
        "countryCurrency": "$",
        "price": "$575,000",
        "unformattedPrice": 575000,
        "address": "316 NW 28th Ct, Fort Lauderdale, FL 33311",
        "addressStreet": "316 NW 28th Ct",
        "addressCity": "Fort Lauderdale",
        "addressState": "FL",
        "addressZipcode": "33311",
        "isUndisclosedAddress": false,
        "beds": 2,
        "baths": 2.0,
        "area": 1111,
        "latLong": {
            "latitude": 26.161795,
            "longitude": -80.14928
        },
        "isZillowOwned": false,
        "variableData": {
            "type": "PRICE_REDUCTION",
            "text": "$20,000 (Nov 15)"
        },
        "hdpData": {
            "homeInfo": {
                "zpid": 43089913,
                "streetAddress": "316 NW 28th Ct",
                "zipcode": "33311",
                "city": "Fort Lauderdale",
                "state": "FL",
                "latitude": 26.161795,
                "longitude": -80.14928,
                "price": 575000.0,
                "datePriceChanged": 1700035200000,
                "bathrooms": 2.0,
                "bedrooms": 2.0,
                "livingArea": 1111.0,
                "homeType": "SINGLE_FAMILY",
                "homeStatus": "FOR_SALE",
                "daysOnZillow": 401,
                "isFeatured": false,
                "shouldHighlight": false,
                "rentZestimate": 2829,
                "listing_sub_type": {
                    "is_FSBA": true
                },
                "priceReduction": "$20,000 (Nov 15)",
                "isUnmappable": false,
                "isPreforeclosureAuction": false,
                "homeStatusForHDP": "FOR_SALE",
                "priceForHDP": 575000.0,
                "priceChange": -20000,
                "timeOnZillow": 34657062000,
                "isNonOwnerOccupied": true,
                "isPremierBuilder": false,
                "isZillowOwned": false,
                "currency": "USD",
                "country": "USA",
                "taxAssessedValue": 449110.0,
                "lotAreaValue": 7283.0,
                "lotAreaUnit": "sqft",
                "isShowcaseListing": false
            }
        },
        "isSaved": false,
        "isUserClaimingOwner": false,
        "isUserConfirmedClaim": false,
        "pgapt": "ForSale",
        "sgapt": "For Sale (Broker)",
        "shouldShowZestimateAsPrice": false,
        "has3DModel": false,
        "hasVideo": false,
        "isHomeRec": false,
        "hasAdditionalAttributions": true,
        "isFeaturedListing": false,
        "isShowcaseListing": false,
        "list": true,
        "relaxed": false,
        "info2String": "Listing provided by BeachesMLS",
        "info3String": "https://photos.zillowstatic.com/fp/11470fbfca6bd246a8708da0ff0e5603-zillow_web_48_23.jpg",
        "brokerName": "Compass Florida LLC",
        "carouselPhotos": [
            {
                "url": "https://photos.zillowstatic.com/fp/adf8faf3b9bfe834ce7a81ede2b61039-p_e.jpg"
            },
            {
                "url": "https://photos.zillowstatic.com/fp/ec0fdfd6777db8dfdc84600a32b1744a-p_e.jpg"
            },
            {
                "url": "https://photos.zillowstatic.com/fp/58f701bb03d7b2d299a90415f22241d4-p_e.jpg"
            },
            {
                "url": "https://photos.zillowstatic.com/fp/1d0b81f50d54f0e59298af6f31e7adf7-p_e.jpg"
            },
            {
                "url": "https://photos.zillowstatic.com/fp/71421b04ff68d1203cf5b0ecbefc6069-p_e.jpg"
            },
            {
                "url": "https://photos.zillowstatic.com/fp/537b4ad612ed625d8144bd2da0d9679f-p_e.jpg"
            },
            {
                "url": "https://photos.zillowstatic.com/fp/f952edd62c0c3528efa55994ddcda6c7-p_e.jpg"
            },
            {
                "url": "https://photos.zillowstatic.com/fp/285423f6c2e929dc46ea8d1d202fb143-p_e.jpg"
            },
            {
                "url": "https://photos.zillowstatic.com/fp/0cfbbc197645b4f35beca06abb118b7d-p_e.jpg"
            },
            {
                "url": "https://photos.zillowstatic.com/fp/80e2350830c5b2c06189aa283532b775-p_e.jpg"
            },
            {
                "url": "https://photos.zillowstatic.com/fp/989d7df7d630874a797450e246ba70b0-p_e.jpg"
            },
            {
                "url": "https://photos.zillowstatic.com/fp/77142fcfb3c9c3f2bd68f232fac6729d-p_e.jpg"
            },
            {
                "url": "https://photos.zillowstatic.com/fp/1ee6e89d3634e9d7468dd0655560e103-p_e.jpg"
            },
            {
                "url": "https://photos.zillowstatic.com/fp/c502bdb67e8997a54f9ee45011f32bac-p_e.jpg"
            },
            {
                "url": "https://photos.zillowstatic.com/fp/503591e60cc695c3f1807de12091daff-p_e.jpg"
            },
            {
                "url": "https://photos.zillowstatic.com/fp/215e84c6963ed6a363a7e9c547967463-p_e.jpg"
            },
            {
                "url": "https://photos.zillowstatic.com/fp/4ac6456220c859893b174de74df6665b-p_e.jpg"
            },
            {
                "url": "https://photos.zillowstatic.com/fp/251e967ae5dd8c9b1bb6c2f8a5300b4f-p_e.jpg"
            },
            {
                "url": "https://photos.zillowstatic.com/fp/f68d07929484104eeca9e6e5cc3513b4-p_e.jpg"
            },
            {
                "url": "https://photos.zillowstatic.com/fp/26582b611e089852afe98054809e5be9-p_e.jpg"
            },
            {
                "url": "https://photos.zillowstatic.com/fp/9e943edc89d044e50c4d12da62eb7f6f-p_e.jpg"
            },
            {
                "url": "https://photos.zillowstatic.com/fp/1739b068346d7a1232bff80ae911063b-p_e.jpg"
            },
            {
                "url": "https://photos.zillowstatic.com/fp/8c723eb60470c46ac41cf2f5f1a59bdc-p_e.jpg"
            },
            {
                "url": "https://photos.zillowstatic.com/fp/d02bef866930e39f1b57449aa9d58a3f-p_e.jpg"
            },
            {
                "url": "https://photos.zillowstatic.com/fp/685dd433246a7c3637b55995f4ed2cbb-p_e.jpg"
            },
            {
                "url": "https://photos.zillowstatic.com/fp/413a89706d54f9ad1590c3f29282e9b7-p_e.jpg"
            },
            {
                "url": "https://photos.zillowstatic.com/fp/81a60bf17e7bcb134e2eb306d11c378d-p_e.jpg"
            },
            {
                "url": "https://photos.zillowstatic.com/fp/ba46f23715c3ae9942a6f3dc1ed655d1-p_e.jpg"
            },
            {
                "url": "https://photos.zillowstatic.com/fp/f0ec62cc351d3bd8cd5988d4e19a124d-p_e.jpg"
            },
            {
                "url": "https://photos.zillowstatic.com/fp/684f14d064b13cb51ae25c4ac64d9785-p_e.jpg"
            },
            {
                "url": "https://photos.zillowstatic.com/fp/3e5885fd29c734485aa173c5bd607683-p_e.jpg"
            },
            {
                "url": "https://photos.zillowstatic.com/fp/00f370659dbf0273a29f134466045925-p_e.jpg"
            },
            {
                "url": "https://photos.zillowstatic.com/fp/0338d378ce6e1aac396d3e7a7d7214a6-p_e.jpg"
            },
            {
                "url": "https://photos.zillowstatic.com/fp/ac56b227e8faf0792f681beb84709c6e-p_e.jpg"
            },
            {
                "url": "https://photos.zillowstatic.com/fp/af20862cfeba43dab392c2426b985371-p_e.jpg"
            },
            {
                "url": "https://photos.zillowstatic.com/fp/5cb0b62cce2989d7ba3904645569c3f2-p_e.jpg"
            },
            {
                "url": "https://photos.zillowstatic.com/fp/69545c982ea16ffc55a4067f1f26703d-p_e.jpg"
            },
            {
                "url": "https://photos.zillowstatic.com/fp/114ad1236f627f85824d8e0501d7ec97-p_e.jpg"
            },
            {
                "url": "https://photos.zillowstatic.com/fp/01739cf4e5bf1455b39ef8a4028567be-p_e.jpg"
            }
        ],
        "rooms": [
            {
                "roomArea": 0.0,
                "roomAreaUnits": null
            },
            {
                "roomArea": 0.0,
                "roomAreaUnits": null
            },
            {
                "roomArea": 0.0,
                "roomAreaUnits": null
            }
        ]
    }
]