{
    "user_info": {
        "isLoggedIn": false,
        "hasHousingConnectorPermission": false,
        "savedHomesCount": 0,
        "personalizedSearchTraceID": "1b1fdf1dd831a9e92327fedc8934877f",
        "guid": "6a7a3dbc-96cf-4650-8e26-19120953b130",
        "zuid": "",
        "isBot": false,
        "email": "",
        "displayName": ""
    },
    "map_state": {
        "customRegionPolygonWkt": null,
        "schoolPolygonWkt": null,
        "isCurrentLocationSearch": false,
        "userPosition": {
            "lat": null,
            "lon": null
        }
    },
    "region_state": {
        "regionInfo": [
            {
                "regionId": 72530,
                "regionType": 7,
                "regionName": "33311",
                "displayName": "Fort Lauderdale FL 33311",
                "isPointRegion": false
            }
        ],
        "regionBounds": {
            "north": 26.168317,
            "south": 26.120993,
            "east": -80.140832,
            "west": -80.203172
        }
    },
    "search_page_seo": {
        "baseUrl": "/fort-lauderdale-fl-33311/",
        "windowTitle": "33311 Real Estate - 33311 Homes For Sale | Zillow",
        "metaDescription": "Zillow has 50 homes for sale in 33311. View listing photos, review sales history, and use our detailed real estate filters to find the perfect place."
    },
    "request_id": 4
}