[
    {
        "zpid": "43829656",
        "id": "43829656",
        "rawHomeStatusCd": "ForSale",
        "marketingStatusSimplifiedCd": "For Sale by Agent",
        "imgSrc": "https://photos.zillowstatic.com/fp/ddc8f491701b0357d1cd5ae9b6d69f32-p_e.jpg",
        "hasImage": true,
        "detailUrl": "https://www.zillow.com/homedetails/780-NE-69th-St-APT-1703-Miami-FL-33138/43829656_zpid/",
        "statusType": "FOR_SALE",
        "statusText": "Condo for sale",
        "countryCurrency": "$",
        "price": "$325,000",
        "unformattedPrice": 325000,
        "address": "780 NE 69th St APT 1703, Miami, FL 33138",
        "addressStreet": "780 NE 69th St APT 1703",
        "addressCity": "Miami",
        "addressState": "FL",
        "addressZipcode": "33138",
        "isUndisclosedAddress": false,
        "beds": 2,
        "baths": 2.0,
        "area": 1235,
        "latLong": {
            "latitude": 25.83898,
            "longitude": -80.17989
        },
        "isZillowOwned": false,
        "variableData": {
            "type": "DAYS_ON",
            "text": "28 days on Zillow"
        },
        "hdpData": {
            "homeInfo": {
                "zpid": 43829656,
                "streetAddress": "780 NE 69th St APT 1703",
                "zipcode": "33138",
                "city": "Miami",
                "state": "FL",
                "latitude": 25.83898,
                "longitude": -80.17989,
                "price": 325000.0,
                "bathrooms": 2.0,
                "bedrooms": 2.0,
                "livingArea": 1235.0,
                "homeType": "CONDO",
                "homeStatus": "FOR_SALE",
                "daysOnZillow": 28,
                "isFeatured": false,
                "shouldHighlight": false,
                "zestimate": 307800,
                "rentZestimate": 3851,
                "listing_sub_type": {
                    "is_FSBA": true
                },
                "isUnmappable": false,
                "isPreforeclosureAuction": false,
                "homeStatusForHDP": "FOR_SALE",
                "priceForHDP": 325000.0,
                "timeOnZillow": 2425801000,
                "isNonOwnerOccupied": true,
                "isPremierBuilder": false,
                "isZillowOwned": false,
                "currency": "USD",
                "country": "USA",
                "taxAssessedValue": 241701.0,
                "unit": "Apt 1703",
                "lotAreaValue": 0.0,
                "lotAreaUnit": "sqft",
                "isShowcaseListing": false
            }
        },
        "isSaved": false,
        "isUserClaimingOwner": false,
        "isUserConfirmedClaim": false,
        "pgapt": "ForSale",
        "sgapt": "For Sale (Broker)",
        "zestimate": 307800,
        "shouldShowZestimateAsPrice": false,
        "has3DModel": false,
        "hasVideo": false,
        "isHomeRec": false,
        "hasAdditionalAttributions": true,
        "isFeaturedListing": false,
        "isShowcaseListing": false,
        "list": true,
        "relaxed": false,
        "info3String": "https://photos.zillowstatic.com/fp/a8b02d5ac61ac8b9a11bda64382b4f89-zillow_web_48_23.jpg",
        "brokerName": "London Foster Realty",
        "carouselPhotos": [
            {
                "url": "https://photos.zillowstatic.com/fp/ddc8f491701b0357d1cd5ae9b6d69f32-p_e.jpg"
            },
            {
                "url": "https://photos.zillowstatic.com/fp/736bc9036a07882aa9de54ab03b6a4b9-p_e.jpg"
            },
            {
                "url": "https://photos.zillowstatic.com/fp/cab025922e8b3fff6ee801d9250dc74d-p_e.jpg"
            },
            {
                "url": "https://photos.zillowstatic.com/fp/09c6cd834ee69764e0484c3d53d8d1fc-p_e.jpg"
            },
            {
                "url": "https://photos.zillowstatic.com/fp/8093cee56fce564b1669c0f8b027ecf2-p_e.jpg"
            },
            {
                "url": "https://photos.zillowstatic.com/fp/055b4e77c6028f434ef7f9a37e6f4075-p_e.jpg"
            },
            {
                "url": "https://photos.zillowstatic.com/fp/2bf44fb867097333bb01c8df9d3557ba-p_e.jpg"
            },
            {
                "url": "https://photos.zillowstatic.com/fp/d3f2a4ec9cc16c317dbc74dd910600d6-p_e.jpg"
            },
            {
                "url": "https://photos.zillowstatic.com/fp/9da70d97ae818661209e794d435262af-p_e.jpg"
            },
            {
                "url": "https://photos.zillowstatic.com/fp/d19205cceab822f84285094c3e59af29-p_e.jpg"
            },
            {
                "url": "https://photos.zillowstatic.com/fp/3cd4bdca2e58fb957fec2a700199bb4d-p_e.jpg"
            },
            {
                "url": "https://photos.zillowstatic.com/fp/4fbd9aabe6c62a7152918073c5fdc8a6-p_e.jpg"
            },
            {
                "url": "https://photos.zillowstatic.com/fp/4d206c9e6d27b8e5c89ff3a0ac78082d-p_e.jpg"
            },
            {
                "url": "https://photos.zillowstatic.com/fp/8677d37ac3424fa97bd1d332361459c6-p_e.jpg"
            },
            {
                "url": "https://photos.zillowstatic.com/fp/c3302ff8951f58e0143c8b1858169808-p_e.jpg"
            }
        ],
        "rooms": []
    },
    {
        "zpid": "337200300",
        "id": "337200300",
        "rawHomeStatusCd": "ForSale",
        "marketingStatusSimplifiedCd": "New Construction",
        "imgSrc": "https://photos.zillowstatic.com/fp/3b98529dbb46f6f849722d5c7af5e63c-p_e.jpg",
        "hasImage": true,
        "detailUrl": "https://www.zillow.com/homedetails/723-NE-77th-St-Miami-FL-33138/337200300_zpid/",
        "statusType": "FOR_SALE",
        "statusText": "New construction",
        "countryCurrency": "$",
        "price": "$16,000,000",
        "unformattedPrice": 16000000,
        "address": "723 NE 77th St, Miami, FL 33138",
        "addressStreet": "723 NE 77th St",
        "addressCity": "Miami",
        "addressState": "FL",
        "addressZipcode": "33138",
        "isUndisclosedAddress": false,
        "beds": 6,
        "baths": 9.0,
        "area": 8050,
        "latLong": {
            "latitude": 25.84641,
            "longitude": -80.18173
        },
        "isZillowOwned": false,
        "variableData": {
            "type": "DAYS_ON",
            "text": "73 days on Zillow"
        },
        "hdpData": {
            "homeInfo": {
                "zpid": 337200300,
                "streetAddress": "723 NE 77th St",
                "zipcode": "33138",
                "city": "Miami",
                "state": "FL",
                "latitude": 25.84641,
                "longitude": -80.18173,
                "price": 16000000.0,
                "bathrooms": 9.0,
                "bedrooms": 6.0,
                "livingArea": 8050.0,
                "homeType": "SINGLE_FAMILY",
                "homeStatus": "FOR_SALE",
                "daysOnZillow": 73,
                "isFeatured": false,
                "shouldHighlight": false,
                "listing_sub_type": {
                    "is_newHome": true
                },
                "isUnmappable": false,
                "isPreforeclosureAuction": false,
                "homeStatusForHDP": "FOR_SALE",
                "priceForHDP": 16000000.0,
                "timeOnZillow": 6313801000,
                "newConstructionType": "BUILDER_SPEC",
                "isNonOwnerOccupied": true,
                "isPremierBuilder": false,
                "isZillowOwned": false,
                "currency": "USD",
                "country": "USA",
                "taxAssessedValue": 1108209.0,
                "lotAreaValue": 0.36870982552800735,
                "lotAreaUnit": "acres",
                "isShowcaseListing": false
            }
        },
        "isSaved": false,
        "isUserClaimingOwner": false,
        "isUserConfirmedClaim": false,
        "pgapt": "ForSale",
        "sgapt": "New Construction",
        "shouldShowZestimateAsPrice": false,
        "has3DModel": false,
        "hasVideo": false,
        "isHomeRec": false,
        "hasAdditionalAttributions": true,
        "isFeaturedListing": false,
        "isShowcaseListing": false,
        "list": true,
        "relaxed": false,
        "info3String": "https://photos.zillowstatic.com/fp/a8b02d5ac61ac8b9a11bda64382b4f89-zillow_web_48_23.jpg",
        "brokerName": "One Sotheby's International Re",
        "carouselPhotos": [
            {
                "url": "https://photos.zillowstatic.com/fp/3b98529dbb46f6f849722d5c7af5e63c-p_e.jpg"
            },
            {
                "url": "https://photos.zillowstatic.com/fp/848df1b1371121f4b36c4bb579beab37-p_e.jpg"
            },
            {
                "url": "https://photos.zillowstatic.com/fp/afe5f6c1ef73aab2920c6f592b34ea77-p_e.jpg"
            },
            {
                "url": "https://photos.zillowstatic.com/fp/eb72c9ea29e2d10580a371a1458d778a-p_e.jpg"
            },
            {
                "url": "https://photos.zillowstatic.com/fp/7bdfa6d898d2b9cab40dff4bc0a42702-p_e.jpg"
            }
        ],
        "rooms": []
    },
    {
        "zpid": "43828269",
        "id": "43828269",
        "rawHomeStatusCd": "ForSale",
        "marketingStatusSimplifiedCd": "For Sale by Agent",
        "imgSrc": "https://photos.zillowstatic.com/fp/c1486e2aedab36c421caec5d886468a3-p_e.jpg",
        "hasImage": true,
        "detailUrl": "https://www.zillow.com/homedetails/860-NE-78th-St-APT-407-Miami-FL-33138/43828269_zpid/",
        "statusType": "FOR_SALE",
        "statusText": "Condo for sale",
        "countryCurrency": "$",
        "price": "$419,900",
        "unformattedPrice": 419900,
        "address": "860 NE 78th St APT 407, Miami, FL 33138",
        "addressStreet": "860 NE 78th St APT 407",
        "addressCity": "Miami",
        "addressState": "FL",
        "addressZipcode": "33138",
        "isUndisclosedAddress": false,
        "beds": 2,
        "baths": 2.0,
        "area": 949,
        "latLong": {
            "latitude": 25.847265,
            "longitude": -80.17888
        },
        "isZillowOwned": false,
        "variableData": {
            "type": "PRICE_REDUCTION",
            "text": "$100 (Jan 12)"
        },
        "hdpData": {
            "homeInfo": {
                "zpid": 43828269,
                "streetAddress": "860 NE 78th St APT 407",
                "zipcode": "33138",
                "city": "Miami",
                "state": "FL",
                "latitude": 25.847265,
                "longitude": -80.17888,
                "price": 419900.0,
                "datePriceChanged": 1705046400000,
                "bathrooms": 2.0,
                "bedrooms": 2.0,
                "livingArea": 949.0,
                "homeType": "CONDO",
                "homeStatus": "FOR_SALE",
                "daysOnZillow": 89,
                "isFeatured": false,
                "shouldHighlight": false,
                "zestimate": 393000,
                "rentZestimate": 2814,
                "listing_sub_type": {
                    "is_FSBA": true
                },
                "priceReduction": "$100 (Jan 12)",
                "isUnmappable": false,
                "isPreforeclosureAuction": false,
                "homeStatusForHDP": "FOR_SALE",
                "priceForHDP": 419900.0,
                "priceChange": -100,
                "timeOnZillow": 7696201000,
                "isNonOwnerOccupied": true,
                "isPremierBuilder": false,
                "isZillowOwned": false,
                "currency": "USD",
                "country": "USA",
                "taxAssessedValue": 160129.0,
                "unit": "Apt 407",
                "lotAreaValue": 0.0,
                "lotAreaUnit": "sqft",
                "isShowcaseListing": false
            }
        },
        "isSaved": false,
        "isUserClaimingOwner": false,
        "isUserConfirmedClaim": false,
        "pgapt": "ForSale",
        "sgapt": "For Sale (Broker)",
        "zestimate": 393000,
        "shouldShowZestimateAsPrice": false,
        "has3DModel": false,
        "hasVideo": false,
        "isHomeRec": false,
        "hasAdditionalAttributions": true,
        "isFeaturedListing": false,
        "isShowcaseListing": false,
        "list": true,
        "relaxed": false,
        "info3String": "https://photos.zillowstatic.com/fp/a8b02d5ac61ac8b9a11bda64382b4f89-zillow_web_48_23.jpg",
        "brokerName": "Atlas Realty Company, Inc.",
        "carouselPhotos": [
            {
                "url": "https://photos.zillowstatic.com/fp/c1486e2aedab36c421caec5d886468a3-p_e.jpg"
            },
            {
                "url": "https://photos.zillowstatic.com/fp/a2feee27b3cc33b5ec4122daa3a00b87-p_e.jpg"
            },
            {
                "url": "https://photos.zillowstatic.com/fp/9d903653e311c18e6e5d80692896d442-p_e.jpg"
            },
            {
                "url": "https://photos.zillowstatic.com/fp/76e7af6146767f44c5d5cdae7818635c-p_e.jpg"
            },
            {
                "url": "https://photos.zillowstatic.com/fp/ff8031006f3f746da9072952e9a7cad7-p_e.jpg"
            },
            {
                "url": "https://photos.zillowstatic.com/fp/c867c905b4589c1396f3b527cc43133d-p_e.jpg"
            },
            {
                "url": "https://photos.zillowstatic.com/fp/7ca1ae53457891d3697dd5a6fc62d902-p_e.jpg"
            },
            {
                "url": "https://photos.zillowstatic.com/fp/180891f22528ffec092fae509ec214a8-p_e.jpg"
            },
            {
                "url": "https://photos.zillowstatic.com/fp/bf11e613df63bd0d67053a22a3b1d957-p_e.jpg"
            },
            {
                "url": "https://photos.zillowstatic.com/fp/33411828193093f6b33c79f76c9352c3-p_e.jpg"
            },
            {
                "url": "https://photos.zillowstatic.com/fp/f0b46a2fe7117d557368d38a071bac0f-p_e.jpg"
            },
            {
                "url": "https://photos.zillowstatic.com/fp/ea2375b296f18f922b21f20be528aa3d-p_e.jpg"
            },
            {
                "url": "https://photos.zillowstatic.com/fp/263f74eeba196337d7f190b53f57f300-p_e.jpg"
            },
            {
                "url": "https://photos.zillowstatic.com/fp/4668b71322755837cb21b74a509b5ce8-p_e.jpg"
            },
            {
                "url": "https://photos.zillowstatic.com/fp/0ff97988757247b4df57697cfed0a40f-p_e.jpg"
            },
            {
                "url": "https://photos.zillowstatic.com/fp/20b778033c4bec55ed09bee3c7548763-p_e.jpg"
            },
            {
                "url": "https://photos.zillowstatic.com/fp/003e11d1e6dc5ac9a259fd0a537bd2bd-p_e.jpg"
            },
            {
                "url": "https://photos.zillowstatic.com/fp/3343d4561b2f10731a77d9b5f25f208b-p_e.jpg"
            },
            {
                "url": "https://photos.zillowstatic.com/fp/78e9a43dce626c67a27d859d8b692655-p_e.jpg"
            },
            {
                "url": "https://photos.zillowstatic.com/fp/c5ebee4c21abc08e7b96339a1b6b3b36-p_e.jpg"
            },
            {
                "url": "https://photos.zillowstatic.com/fp/127e175ed6a83b92d9667a3d35646540-p_e.jpg"
            },
            {
                "url": "https://photos.zillowstatic.com/fp/9f10b34a9f9c9d0bf9536b3a77a23fa5-p_e.jpg"
            },
            {
                "url": "https://photos.zillowstatic.com/fp/8d6eeadc09f73ccb984fa197d75c092f-p_e.jpg"
            },
            {
                "url": "https://photos.zillowstatic.com/fp/960dc9cea5a9926a66af2d154898a3c5-p_e.jpg"
            },
            {
                "url": "https://photos.zillowstatic.com/fp/d76754c3344364df0a7f76adb0df35fb-p_e.jpg"
            },
            {
                "url": "https://photos.zillowstatic.com/fp/e02b81e739fc98070b02cc9a7a335ae9-p_e.jpg"
            }
        ],
        "rooms": [
            {
                "roomArea": null,
                "roomAreaUnits": "Square Feet"
            }
        ]
    },
    {
        "zpid": "43827660",
        "id": "43827660",
        "rawHomeStatusCd": "ForSale",
        "marketingStatusSimplifiedCd": "For Sale by Agent",
        "imgSrc": "https://photos.zillowstatic.com/fp/2e83f4f3dc12158e82a1378bb3546329-p_e.jpg",
        "hasImage": true,
        "detailUrl": "https://www.zillow.com/homedetails/867-NE-76th-St-Miami-FL-33138/43827660_zpid/",
        "statusType": "FOR_SALE",
        "statusText": "House for sale",
        "countryCurrency": "$",
        "price": "$8,550,000",
        "unformattedPrice": 8550000,
        "address": "867 NE 76th St, Miami, FL 33138",
        "addressStreet": "867 NE 76th St",
        "addressCity": "Miami",
        "addressState": "FL",
        "addressZipcode": "33138",
        "isUndisclosedAddress": false,
        "beds": 5,
        "baths": 5.0,
        "area": 4636,
        "latLong": {
            "latitude": 25.844809,
            "longitude": -80.178665
        },
        "isZillowOwned": false,
        "variableData": {
            "type": "PRICE_REDUCTION",
            "text": "$350,000 (Nov 27)"
        },
        "hdpData": {
            "homeInfo": {
                "zpid": 43827660,
                "streetAddress": "867 NE 76th St",
                "zipcode": "33138",
                "city": "Miami",
                "state": "FL",
                "latitude": 25.844809,
                "longitude": -80.178665,
                "price": 8550000.0,
                "datePriceChanged": 1701072000000,
                "bathrooms": 5.0,
                "bedrooms": 5.0,
                "livingArea": 4636.0,
                "homeType": "SINGLE_FAMILY",
                "homeStatus": "FOR_SALE",
                "daysOnZillow": 109,
                "isFeatured": false,
                "shouldHighlight": false,
                "listing_sub_type": {
                    "is_FSBA": true
                },
                "priceReduction": "$350,000 (Nov 27)",
                "isUnmappable": false,
                "isPreforeclosureAuction": false,
                "homeStatusForHDP": "FOR_SALE",
                "priceForHDP": 8550000.0,
                "priceChange": -350000,
                "timeOnZillow": 9424201000,
                "isNonOwnerOccupied": true,
                "isPremierBuilder": false,
                "isZillowOwned": false,
                "currency": "USD",
                "country": "USA",
                "taxAssessedValue": 2416366.0,
                "lotAreaValue": 8400.0,
                "lotAreaUnit": "sqft",
                "isShowcaseListing": false
            }
        },
        "isSaved": false,
        "isUserClaimingOwner": false,
        "isUserConfirmedClaim": false,
        "pgapt": "ForSale",
        "sgapt": "For Sale (Broker)",
        "shouldShowZestimateAsPrice": false,
        "has3DModel": false,
        "hasVideo": false,
        "isHomeRec": false,
        "hasAdditionalAttributions": true,
        "isFeaturedListing": false,
        "isShowcaseListing": false,
        "list": true,
        "relaxed": false,
        "info3String": "https://photos.zillowstatic.com/fp/a8b02d5ac61ac8b9a11bda64382b4f89-zillow_web_48_23.jpg",
        "brokerName": "One Sotheby's International Re",
        "carouselPhotos": [
            {
                "url": "https://photos.zillowstatic.com/fp/2e83f4f3dc12158e82a1378bb3546329-p_e.jpg"
            },
            {
                "url": "https://photos.zillowstatic.com/fp/024e5f74aeda50b7a1094f0270aa6b88-p_e.jpg"
            },
            {
                "url": "https://photos.zillowstatic.com/fp/ccec58b32b7e20c7d38de8c8e736503e-p_e.jpg"
            },
            {
                "url": "https://photos.zillowstatic.com/fp/9017cc5557e20e463b929223c686598c-p_e.jpg"
            },
            {
                "url": "https://photos.zillowstatic.com/fp/197d513835fca4ba7ad2af174ee68970-p_e.jpg"
            },
            {
                "url": "https://photos.zillowstatic.com/fp/9f34481dfeb24333610b7d51a1ffacbd-p_e.jpg"
            },
            {
                "url": "https://photos.zillowstatic.com/fp/52760e09a5d1a6c4fa1e649ecc0c6b3c-p_e.jpg"
            },
            {
                "url": "https://photos.zillowstatic.com/fp/d0c7e6b1cb7ace4edda8a3c4425713f2-p_e.jpg"
            },
            {
                "url": "https://photos.zillowstatic.com/fp/35b1aa8ed764603be262ead83a6fbfa6-p_e.jpg"
            },
            {
                "url": "https://photos.zillowstatic.com/fp/2bc689ab46f11f92b33d80c4ff3f9810-p_e.jpg"
            },
            {
                "url": "https://photos.zillowstatic.com/fp/0dd0dc218de6f0e63e07bc1a75067d49-p_e.jpg"
            },
            {
                "url": "https://photos.zillowstatic.com/fp/c1e179cd3af57c3e4f79b01abb44b283-p_e.jpg"
            },
            {
                "url": "https://photos.zillowstatic.com/fp/7fa35c28de43ed517ad15272491d315b-p_e.jpg"
            },
            {
                "url": "https://photos.zillowstatic.com/fp/84f0c2135553e81237ed938371cdd212-p_e.jpg"
            },
            {
                "url": "https://photos.zillowstatic.com/fp/ce4a8e2a5385f6600194d7baec28a8ff-p_e.jpg"
            },
            {
                "url": "https://photos.zillowstatic.com/fp/094fd93db8306bf61486e5eca924f798-p_e.jpg"
            },
            {
                "url": "https://photos.zillowstatic.com/fp/1eacc3bc57ab173cce4edddc75b95040-p_e.jpg"
            },
            {
                "url": "https://photos.zillowstatic.com/fp/dd16f2b4d09acb1c3bd4e9378a14b61b-p_e.jpg"
            },
            {
                "url": "https://photos.zillowstatic.com/fp/2889c41e1d51d0d92a381c812da4a18e-p_e.jpg"
            },
            {
                "url": "https://photos.zillowstatic.com/fp/c6151f7335755b75247412701efba7e2-p_e.jpg"
            },
            {
                "url": "https://photos.zillowstatic.com/fp/75c01d4bddd784da54b459421bfc569b-p_e.jpg"
            },
            {
                "url": "https://photos.zillowstatic.com/fp/01414c64f8307fb5aeb2bfd946c1d78d-p_e.jpg"
            },
            {
                "url": "https://photos.zillowstatic.com/fp/f34fe103d810f1146b1b3f96b0a31743-p_e.jpg"
            },
            {
                "url": "https://photos.zillowstatic.com/fp/20001da1ca4030938108026d42285581-p_e.jpg"
            },
            {
                "url": "https://photos.zillowstatic.com/fp/6c54450428c7fbc9aeb1f938ed66e269-p_e.jpg"
            },
            {
                "url": "https://photos.zillowstatic.com/fp/15a955981fe166c4ede1101f4e3cd500-p_e.jpg"
            },
            {
                "url": "https://photos.zillowstatic.com/fp/e87f44bbceaec5fd83d8c9195ce9e406-p_e.jpg"
            },
            {
                "url": "https://photos.zillowstatic.com/fp/ae3b15a1bdf4966fa4a829159b8634d6-p_e.jpg"
            },
            {
                "url": "https://photos.zillowstatic.com/fp/d9c5ba859917f064a05a4fd16435a5b1-p_e.jpg"
            },
            {
                "url": "https://photos.zillowstatic.com/fp/6a4bfa7e9f1a7188833ba2ff41d583e3-p_e.jpg"
            },
            {
                "url": "https://photos.zillowstatic.com/fp/ee7b831044839759d5d9ace341400088-p_e.jpg"
            },
            {
                "url": "https://photos.zillowstatic.com/fp/5ac3e24d72dade7c7ac7b891ae8d926a-p_e.jpg"
            },
            {
                "url": "https://photos.zillowstatic.com/fp/8eb61fa28e8d58399284650e2aa99a31-p_e.jpg"
            },
            {
                "url": "https://photos.zillowstatic.com/fp/7e440ef757c6eb358d195bb3e4ec1d4b-p_e.jpg"
            },
            {
                "url": "https://photos.zillowstatic.com/fp/532cc72b15d095c1430bca5620555720-p_e.jpg"
            },
            {
                "url": "https://photos.zillowstatic.com/fp/1d37ff9014a0a010bc46ef8dd65c0693-p_e.jpg"
            },
            {
                "url": "https://photos.zillowstatic.com/fp/c18629c27a7f156a915f3b6945cff93d-p_e.jpg"
            },
            {
                "url": "https://photos.zillowstatic.com/fp/d5a8ad1e30017812db51d791bfdb1959-p_e.jpg"
            },
            {
                "url": "https://photos.zillowstatic.com/fp/8f9156d6badfa0c1c01d964216e1a448-p_e.jpg"
            },
            {
                "url": "https://photos.zillowstatic.com/fp/10daeeecd231f505f804f9cc30eae4c9-p_e.jpg"
            },
            {
                "url": "https://photos.zillowstatic.com/fp/20efef7d1bb05925d7a7d9351b025938-p_e.jpg"
            },
            {
                "url": "https://photos.zillowstatic.com/fp/2d8d51330189ff86852acb95c261b539-p_e.jpg"
            },
            {
                "url": "https://photos.zillowstatic.com/fp/0690ca849406e901ff47f54e823d4593-p_e.jpg"
            },
            {
                "url": "https://photos.zillowstatic.com/fp/f3ae1653dba3f0e541ba405be4e0b2e3-p_e.jpg"
            },
            {
                "url": "https://photos.zillowstatic.com/fp/5284605090868d9aa1bed0b80d8f16c7-p_e.jpg"
            },
            {
                "url": "https://photos.zillowstatic.com/fp/2f69704ad5c64718ae3b00b6744ce603-p_e.jpg"
            },
            {
                "url": "https://photos.zillowstatic.com/fp/2b0bff84e60c935e2d3bc166133aece4-p_e.jpg"
            },
            {
                "url": "https://photos.zillowstatic.com/fp/910aba8954ddfb72e915c9496b0b40ef-p_e.jpg"
            },
            {
                "url": "https://photos.zillowstatic.com/fp/152574ccecf9a9604b5a84795be26cda-p_e.jpg"
            },
            {
                "url": "https://photos.zillowstatic.com/fp/f3bcd568e6e54197e74623b5d1d66f0f-p_e.jpg"
            },
            {
                "url": "https://photos.zillowstatic.com/fp/f5beb43cff55da9a678bf8860f45cf3e-p_e.jpg"
            },
            {
                "url": "https://photos.zillowstatic.com/fp/fd10ab84fd4a408771bab397b94499a9-p_e.jpg"
            },
            {
                "url": "https://photos.zillowstatic.com/fp/d67e94b22e2306d1d2d677eb430af92a-p_e.jpg"
            },
            {
                "url": "https://photos.zillowstatic.com/fp/689343498b8501463d419cd813a68e45-p_e.jpg"
            },
            {
                "url": "https://photos.zillowstatic.com/fp/146e34db96af53213695feb0b892f60b-p_e.jpg"
            },
            {
                "url": "https://photos.zillowstatic.com/fp/fd34203b2e21dd570acd0a5212f3e2ff-p_e.jpg"
            },
            {
                "url": "https://photos.zillowstatic.com/fp/4b068fb64a3c2df3d0ed36cbe73c7a2c-p_e.jpg"
            },
            {
                "url": "https://photos.zillowstatic.com/fp/d5ff5e4c3306c1186ee3acad320896de-p_e.jpg"
            },
            {
                "url": "https://photos.zillowstatic.com/fp/60f723e6729533c76d17bb1f839bfb01-p_e.jpg"
            },
            {
                "url": "https://photos.zillowstatic.com/fp/fdfb86bcf8f9a3c2ba568f968253d33a-p_e.jpg"
            },
            {
                "url": "https://photos.zillowstatic.com/fp/a0ec685ebb88bf36faa0861c6f9f9377-p_e.jpg"
            },
            {
                "url": "https://photos.zillowstatic.com/fp/1c78b8bdee505c0e77d085bd94e25941-p_e.jpg"
            },
            {
                "url": "https://photos.zillowstatic.com/fp/34bd8cca89759e13523058705b7057bc-p_e.jpg"
            },
            {
                "url": "https://photos.zillowstatic.com/fp/a3a80d1c01bbdc81727267848a2bf684-p_e.jpg"
            },
            {
                "url": "https://photos.zillowstatic.com/fp/2ec9dd0a121a9b3052ff118c71dde2cd-p_e.jpg"
            },
            {
                "url": "https://photos.zillowstatic.com/fp/ab083b0d592c2e02ec615f848f5181c2-p_e.jpg"
            }
        ],
        "rooms": []
    },
    {
        "zpid": "44138552",
        "id": "44138552",
        "rawHomeStatusCd": "ForSale",
        "marketingStatusSimplifiedCd": "For Sale by Agent",
        "imgSrc": "https://photos.zillowstatic.com/fp/4859081bfd93a2dd2952574d703ae38c-p_e.jpg",
        "hasImage": true,
        "detailUrl": "https://www.zillow.com/homedetails/4000-Towerside-Ter-APT-901-Miami-FL-33138/44138552_zpid/",
        "statusType": "FOR_SALE",
        "statusText": "Condo for sale",
        "countryCurrency": "$",
        "price": "$450,000",
        "unformattedPrice": 450000,
        "address": "4000 Towerside Ter APT 901, Miami, FL 33138",
        "addressStreet": "4000 Towerside Ter APT 901",
        "addressCity": "Miami",
        "addressState": "FL",
        "addressZipcode": "33138",
        "isUndisclosedAddress": false,
        "beds": 2,
        "baths": 2.0,
        "area": 1469,
        "latLong": {
            "latitude": 25.873201,
            "longitude": -80.16543
        },
        "isZillowOwned": false,
        "variableData": {
            "type": "PRICE_REDUCTION",
            "text": "$49,000 (Jan 22)"
        },
        "hdpData": {
            "homeInfo": {
                "zpid": 44138552,
                "streetAddress": "4000 Towerside Ter APT 901",
                "zipcode": "33138",
                "city": "Miami",
                "state": "FL",
                "latitude": 25.873201,
                "longitude": -80.16543,
                "price": 450000.0,
                "datePriceChanged": 1705910400000,
                "bathrooms": 2.0,
                "bedrooms": 2.0,
                "livingArea": 1469.0,
                "homeType": "CONDO",
                "homeStatus": "FOR_SALE",
                "daysOnZillow": 134,
                "isFeatured": false,
                "shouldHighlight": false,
                "listing_sub_type": {
                    "is_FSBA": true
                },
                "priceReduction": "$49,000 (Jan 22)",
                "isUnmappable": false,
                "isPreforeclosureAuction": false,
                "homeStatusForHDP": "FOR_SALE",
                "priceForHDP": 450000.0,
                "priceChange": -49000,
                "timeOnZillow": 11584201000,
                "isNonOwnerOccupied": true,
                "isPremierBuilder": false,
                "isZillowOwned": false,
                "currency": "USD",
                "country": "USA",
                "taxAssessedValue": 224730.0,
                "unit": "Apt 901",
                "lotAreaValue": 0.0,
                "lotAreaUnit": "sqft",
                "isShowcaseListing": false
            }
        },
        "isSaved": false,
        "isUserClaimingOwner": false,
        "isUserConfirmedClaim": false,
        "pgapt": "ForSale",
        "sgapt": "For Sale (Broker)",
        "shouldShowZestimateAsPrice": false,
        "has3DModel": false,
        "hasVideo": false,
        "isHomeRec": false,
        "hasAdditionalAttributions": true,
        "isFeaturedListing": false,
        "isShowcaseListing": false,
        "list": true,
        "relaxed": false,
        "info3String": "https://photos.zillowstatic.com/fp/a8b02d5ac61ac8b9a11bda64382b4f89-zillow_web_48_23.jpg",
        "brokerName": "Robert Bourne Real Estate LLC",
        "carouselPhotos": [
            {
                "url": "https://photos.zillowstatic.com/fp/4859081bfd93a2dd2952574d703ae38c-p_e.jpg"
            },
            {
                "url": "https://photos.zillowstatic.com/fp/7426f414a52946b0cc470a3d0f3f2576-p_e.jpg"
            },
            {
                "url": "https://photos.zillowstatic.com/fp/19cb4599aca02425d0b1901c48254f1f-p_e.jpg"
            },
            {
                "url": "https://photos.zillowstatic.com/fp/1af50b7afc9c2bfa0151826c207a260d-p_e.jpg"
            },
            {
                "url": "https://photos.zillowstatic.com/fp/50a26b82bf5fe2cb5f5ef54378c2878a-p_e.jpg"
            },
            {
                "url": "https://photos.zillowstatic.com/fp/2e451b4a9450b542a7bc4ff12ea76938-p_e.jpg"
            },
            {
                "url": "https://photos.zillowstatic.com/fp/1bd96e97b536eaadb5beedf61b193d2c-p_e.jpg"
            },
            {
                "url": "https://photos.zillowstatic.com/fp/9aa66d163137ced08b869565c2c536f7-p_e.jpg"
            },
            {
                "url": "https://photos.zillowstatic.com/fp/c01c8137b9fe891a7c331f1d91c87531-p_e.jpg"
            },
            {
                "url": "https://photos.zillowstatic.com/fp/74a8fe54de0270c9d09de8be0557d8af-p_e.jpg"
            },
            {
                "url": "https://photos.zillowstatic.com/fp/d569b620c417c615e139eb5bf1496dca-p_e.jpg"
            },
            {
                "url": "https://photos.zillowstatic.com/fp/da4b35a7c9b84c5965d718a73c0591fc-p_e.jpg"
            },
            {
                "url": "https://photos.zillowstatic.com/fp/0dbff66de6070a31770a17f2887f96fd-p_e.jpg"
            },
            {
                "url": "https://photos.zillowstatic.com/fp/a0b27b9b496ed565d7a6cd2c1f98b48c-p_e.jpg"
            },
            {
                "url": "https://photos.zillowstatic.com/fp/a5ffe76393b6cb23424b30768ed2557d-p_e.jpg"
            },
            {
                "url": "https://photos.zillowstatic.com/fp/016f31fed8437476255457a222b09a6c-p_e.jpg"
            },
            {
                "url": "https://photos.zillowstatic.com/fp/421235e7df88cad42944636a64fc0b20-p_e.jpg"
            },
            {
                "url": "https://photos.zillowstatic.com/fp/3f98688842cd7a2dd55b92b82888e0fa-p_e.jpg"
            },
            {
                "url": "https://photos.zillowstatic.com/fp/89351ecb20c7f20dafe18a44aee2860f-p_e.jpg"
            },
            {
                "url": "https://photos.zillowstatic.com/fp/0786c68c2e0965cf3e884037ccda5e0c-p_e.jpg"
            },
            {
                "url": "https://photos.zillowstatic.com/fp/5ebea6ffc86f94de608ae003f81b4532-p_e.jpg"
            },
            {
                "url": "https://photos.zillowstatic.com/fp/26e23246eecc57349aef74574f754809-p_e.jpg"
            },
            {
                "url": "https://photos.zillowstatic.com/fp/8fa5f91779f24f64a8b3738b18ad7ba1-p_e.jpg"
            },
            {
                "url": "https://photos.zillowstatic.com/fp/ccbd4eb191efbbde5539b8112f7d8d2f-p_e.jpg"
            }
        ],
        "rooms": []
    },
    {
        "zpid": "44009779",
        "id": "44009779",
        "rawHomeStatusCd": "ForSale",
        "marketingStatusSimplifiedCd": "For Sale by Agent",
        "imgSrc": "https://photos.zillowstatic.com/fp/302db60df7e2603bc7697d49f2fb877a-p_e.jpg",
        "hasImage": true,
        "detailUrl": "https://www.zillow.com/homedetails/9020-NE-8th-Ave-APT-1C-Miami-Shores-FL-33138/44009779_zpid/",
        "statusType": "FOR_SALE",
        "statusText": "Condo for sale",
        "countryCurrency": "$",
        "price": "$210,000",
        "unformattedPrice": 210000,
        "address": "9020 NE 8th Ave APT 1C, Miami Shores, FL 33138",
        "addressStreet": "9020 NE 8th Ave APT 1C",
        "addressCity": "Miami Shores",
        "addressState": "FL",
        "addressZipcode": "33138",
        "isUndisclosedAddress": false,
        "beds": 1,
        "baths": 1.0,
        "area": 728,
        "latLong": {
            "latitude": 25.857971,
            "longitude": -80.1814
        },
        "isZillowOwned": false,
        "variableData": {
            "type": "PRICE_REDUCTION",
            "text": "$10,000 (Dec 31)"
        },
        "hdpData": {
            "homeInfo": {
                "zpid": 44009779,
                "streetAddress": "9020 NE 8th Ave APT 1C",
                "zipcode": "33138",
                "city": "Miami Shores",
                "state": "FL",
                "latitude": 25.857971,
                "longitude": -80.1814,
                "price": 210000.0,
                "datePriceChanged": 1704009600000,
                "bathrooms": 1.0,
                "bedrooms": 1.0,
                "livingArea": 728.0,
                "homeType": "CONDO",
                "homeStatus": "FOR_SALE",
                "daysOnZillow": 151,
                "isFeatured": false,
                "shouldHighlight": false,
                "zestimate": 195600,
                "rentZestimate": 1873,
                "listing_sub_type": {
                    "is_FSBA": true
                },
                "priceReduction": "$10,000 (Dec 31)",
                "isUnmappable": false,
                "isPreforeclosureAuction": false,
                "homeStatusForHDP": "FOR_SALE",
                "priceForHDP": 210000.0,
                "priceChange": -10000,
                "timeOnZillow": 13053001000,
                "isNonOwnerOccupied": true,
                "isPremierBuilder": false,
                "isZillowOwned": false,
                "currency": "USD",
                "country": "USA",
                "taxAssessedValue": 127407.0,
                "unit": "Apt 1C",
                "lotAreaValue": 0.0,
                "lotAreaUnit": "sqft",
                "isShowcaseListing": false
            }
        },
        "isSaved": false,
        "isUserClaimingOwner": false,
        "isUserConfirmedClaim": false,
        "pgapt": "ForSale",
        "sgapt": "For Sale (Broker)",
        "zestimate": 195600,
        "shouldShowZestimateAsPrice": false,
        "has3DModel": false,
        "hasVideo": false,
        "isHomeRec": false,
        "hasAdditionalAttributions": true,
        "isFeaturedListing": false,
        "isShowcaseListing": false,
        "list": true,
        "relaxed": false,
        "info3String": "https://photos.zillowstatic.com/fp/a8b02d5ac61ac8b9a11bda64382b4f89-zillow_web_48_23.jpg",
        "brokerName": "Athens Realty Professionals In",
        "carouselPhotos": [
            {
                "url": "https://photos.zillowstatic.com/fp/302db60df7e2603bc7697d49f2fb877a-p_e.jpg"
            },
            {
                "url": "https://photos.zillowstatic.com/fp/98bf7052f93c9a11e0507242973c1e98-p_e.jpg"
            },
            {
                "url": "https://photos.zillowstatic.com/fp/89ac8655cf29330626a994d91fe49bd7-p_e.jpg"
            },
            {
                "url": "https://photos.zillowstatic.com/fp/76f4b7a2b566e7e0edea341f382055e9-p_e.jpg"
            },
            {
                "url": "https://photos.zillowstatic.com/fp/8ca670c721ebe19f99f22d297771387c-p_e.jpg"
            },
            {
                "url": "https://photos.zillowstatic.com/fp/90e3ccbc550b9e136d8771d29bfd0ffb-p_e.jpg"
            },
            {
                "url": "https://photos.zillowstatic.com/fp/b7d33f136242321513eac44b9e7a3e70-p_e.jpg"
            },
            {
                "url": "https://photos.zillowstatic.com/fp/4becb53cd8323ceaee4d1b4747a393b7-p_e.jpg"
            },
            {
                "url": "https://photos.zillowstatic.com/fp/41963df459209bbb9d73a95e7e1897bc-p_e.jpg"
            },
            {
                "url": "https://photos.zillowstatic.com/fp/ecabbbf35fe5fbde9e56d133d1fa7990-p_e.jpg"
            },
            {
                "url": "https://photos.zillowstatic.com/fp/5e85c307bd738414f97777291119e629-p_e.jpg"
            },
            {
                "url": "https://photos.zillowstatic.com/fp/5f658c7564fb4145f4c07eb3ed02f8f6-p_e.jpg"
            },
            {
                "url": "https://photos.zillowstatic.com/fp/c4f435653e697c5c1c5eefef0d91d891-p_e.jpg"
            },
            {
                "url": "https://photos.zillowstatic.com/fp/3106ed94558350712ad43d988b7cd958-p_e.jpg"
            },
            {
                "url": "https://photos.zillowstatic.com/fp/a575f2f4a30c320343fc8e454384b209-p_e.jpg"
            },
            {
                "url": "https://photos.zillowstatic.com/fp/da6108c17898fab718efd68cca832c16-p_e.jpg"
            },
            {
                "url": "https://photos.zillowstatic.com/fp/8c7e1d090fa6b1c013a529d810a7cc27-p_e.jpg"
            },
            {
                "url": "https://photos.zillowstatic.com/fp/f53d5aee8c1e01123c5e474a6ecda048-p_e.jpg"
            },
            {
                "url": "https://photos.zillowstatic.com/fp/eefbd77c5b3cc15ceb080a8e8f24a4e2-p_e.jpg"
            },
            {
                "url": "https://photos.zillowstatic.com/fp/e47086496576090be21a2ff4206c0a8f-p_e.jpg"
            },
            {
                "url": "https://photos.zillowstatic.com/fp/59f08e8639e24ffedab5bc85a6a8b2d4-p_e.jpg"
            },
            {
                "url": "https://photos.zillowstatic.com/fp/7505d8dd8849a3736dd8d642b0a667ac-p_e.jpg"
            },
            {
                "url": "https://photos.zillowstatic.com/fp/f3bd507593c454cc9e12792147923a69-p_e.jpg"
            },
            {
                "url": "https://photos.zillowstatic.com/fp/6cf201c4548e25038db92faaf2104d8d-p_e.jpg"
            },
            {
                "url": "https://photos.zillowstatic.com/fp/e819816c2aa61467c11db3af30984691-p_e.jpg"
            },
            {
                "url": "https://photos.zillowstatic.com/fp/46d4586ba1d55c9c4a82960f11b20758-p_e.jpg"
            },
            {
                "url": "https://photos.zillowstatic.com/fp/9d480facb8e8a2aaa3dec535082ffc33-p_e.jpg"
            },
            {
                "url": "https://photos.zillowstatic.com/fp/5be3f107121a6af83a92479958a9d884-p_e.jpg"
            },
            {
                "url": "https://photos.zillowstatic.com/fp/6451092d60780cfa74d93de018f7bee4-p_e.jpg"
            },
            {
                "url": "https://photos.zillowstatic.com/fp/3daae382d890e56eb379a13886b0011d-p_e.jpg"
            },
            {
                "url": "https://photos.zillowstatic.com/fp/8f547be4ab5417ce692f33513e329df2-p_e.jpg"
            },
            {
                "url": "https://photos.zillowstatic.com/fp/187fa87f03a1374726e2bd0815093d9c-p_e.jpg"
            },
            {
                "url": "https://photos.zillowstatic.com/fp/3439bd1950c70dfc898ba186f829061b-p_e.jpg"
            },
            {
                "url": "https://photos.zillowstatic.com/fp/4a366c3ff4de060c3fa7bbaab7083a4d-p_e.jpg"
            },
            {
                "url": "https://photos.zillowstatic.com/fp/91fec98f8908258673e087908e676e4a-p_e.jpg"
            },
            {
                "url": "https://photos.zillowstatic.com/fp/7595271895683bd63cf8e0d19638c34a-p_e.jpg"
            }
        ],
        "rooms": []
    },
    {
        "zpid": "43827655",
        "id": "43827655",
        "rawHomeStatusCd": "ForSale",
        "marketingStatusSimplifiedCd": "New Construction",
        "imgSrc": "https://photos.zillowstatic.com/fp/9b56b0766442c9f300d91bac5f656669-p_e.jpg",
        "hasImage": true,
        "detailUrl": "https://www.zillow.com/homedetails/7621-NE-8th-Ave-Miami-FL-33138/43827655_zpid/",
        "statusType": "FOR_SALE",
        "statusText": "New construction",
        "countryCurrency": "$",
        "price": "$8,949,000",
        "unformattedPrice": 8949000,
        "address": "7621 NE 8th Ave, Miami, FL 33138",
        "addressStreet": "7621 NE 8th Ave",
        "addressCity": "Miami",
        "addressState": "FL",
        "addressZipcode": "33138",
        "isUndisclosedAddress": false,
        "beds": 6,
        "baths": 7.0,
        "latLong": {
            "latitude": 25.845379,
            "longitude": -80.179596
        },
        "isZillowOwned": false,
        "variableData": {
            "type": "DAYS_ON",
            "text": "375 days on Zillow"
        },
        "hdpData": {
            "homeInfo": {
                "zpid": 43827655,
                "streetAddress": "7621 NE 8th Ave",
                "zipcode": "33138",
                "city": "Miami",
                "state": "FL",
                "latitude": 25.845379,
                "longitude": -80.179596,
                "price": 8949000.0,
                "bathrooms": 7.0,
                "bedrooms": 6.0,
                "homeType": "SINGLE_FAMILY",
                "homeStatus": "FOR_SALE",
                "daysOnZillow": 375,
                "isFeatured": false,
                "shouldHighlight": false,
                "rentZestimate": 47480,
                "listing_sub_type": {
                    "is_newHome": true
                },
                "isUnmappable": false,
                "isPreforeclosureAuction": false,
                "homeStatusForHDP": "FOR_SALE",
                "priceForHDP": 8949000.0,
                "timeOnZillow": 32406601000,
                "newConstructionType": "BUILDER_SPEC",
                "isNonOwnerOccupied": true,
                "isPremierBuilder": false,
                "isZillowOwned": false,
                "currency": "USD",
                "country": "USA",
                "taxAssessedValue": 1431703.0,
                "lotAreaValue": 0.2590909090909091,
                "lotAreaUnit": "acres",
                "isShowcaseListing": false
            }
        },
        "isSaved": false,
        "isUserClaimingOwner": false,
        "isUserConfirmedClaim": false,
        "pgapt": "ForSale",
        "sgapt": "New Construction",
        "shouldShowZestimateAsPrice": false,
        "has3DModel": false,
        "hasVideo": false,
        "isHomeRec": false,
        "hasAdditionalAttributions": true,
        "isFeaturedListing": false,
        "isShowcaseListing": false,
        "list": true,
        "relaxed": false,
        "info3String": "https://photos.zillowstatic.com/fp/a8b02d5ac61ac8b9a11bda64382b4f89-zillow_web_48_23.jpg",
        "brokerName": "Ojeda Lazar Real Estate Inc",
        "carouselPhotos": [
            {
                "url": "https://photos.zillowstatic.com/fp/9b56b0766442c9f300d91bac5f656669-p_e.jpg"
            },
            {
                "url": "https://photos.zillowstatic.com/fp/60360d178d7d956e62c38197d0d2ee57-p_e.jpg"
            },
            {
                "url": "https://photos.zillowstatic.com/fp/077009dfd9b13cdf1527522753d4c7b7-p_e.jpg"
            },
            {
                "url": "https://photos.zillowstatic.com/fp/bf40a67ec6310297f5e9a4e63b074c7c-p_e.jpg"
            },
            {
                "url": "https://photos.zillowstatic.com/fp/27234f56e7960937d794985e891b9d40-p_e.jpg"
            },
            {
                "url": "https://photos.zillowstatic.com/fp/693e58547ff4605618737984f1705ff1-p_e.jpg"
            },
            {
                "url": "https://photos.zillowstatic.com/fp/b830476f9e52e63f2f3e63aec20c4b7a-p_e.jpg"
            },
            {
                "url": "https://photos.zillowstatic.com/fp/0b6f622c70217d54e057b1ba387d15f5-p_e.jpg"
            },
            {
                "url": "https://photos.zillowstatic.com/fp/ab8f341bd1520504ab2b8029c2c39b2a-p_e.jpg"
            },
            {
                "url": "https://photos.zillowstatic.com/fp/2f1a837d90935196cac88eb4e04c092f-p_e.jpg"
            },
            {
                "url": "https://photos.zillowstatic.com/fp/bb5ef362a9af10dae71db4c41b244891-p_e.jpg"
            },
            {
                "url": "https://photos.zillowstatic.com/fp/7e080799a771c82332653acd8927529f-p_e.jpg"
            },
            {
                "url": "https://photos.zillowstatic.com/fp/d683ad95887482269ae41d88ea14dc26-p_e.jpg"
            },
            {
                "url": "https://photos.zillowstatic.com/fp/5dce41f4524d1a67b01824465ca557c6-p_e.jpg"
            },
            {
                "url": "https://photos.zillowstatic.com/fp/c86fc28e704bf3300b554645e8ed6968-p_e.jpg"
            },
            {
                "url": "https://photos.zillowstatic.com/fp/ffcd1a053cc34c4c64e187612498b6e1-p_e.jpg"
            },
            {
                "url": "https://photos.zillowstatic.com/fp/8a7e72e723277f197634da15fdc386d3-p_e.jpg"
            },
            {
                "url": "https://photos.zillowstatic.com/fp/fc8c703c66bf40f3064792cb63b831f6-p_e.jpg"
            },
            {
                "url": "https://photos.zillowstatic.com/fp/1f0792dc9b5e6b53cf39b5a5b50a6d4b-p_e.jpg"
            },
            {
                "url": "https://photos.zillowstatic.com/fp/026b0ee61c2c187e211b7b957b651967-p_e.jpg"
            },
            {
                "url": "https://photos.zillowstatic.com/fp/6fe88f1d21c79edc36242d06097a4b2c-p_e.jpg"
            },
            {
                "url": "https://photos.zillowstatic.com/fp/452d8c05083d4add4b9841c2150d4e3a-p_e.jpg"
            },
            {
                "url": "https://photos.zillowstatic.com/fp/23b0073846d358c2d222bdbf477d2497-p_e.jpg"
            },
            {
                "url": "https://photos.zillowstatic.com/fp/96ebf9b4a0d3d3bb654ba72767873e84-p_e.jpg"
            },
            {
                "url": "https://photos.zillowstatic.com/fp/05cd6b13d8861067ce67d51d2bd2b92a-p_e.jpg"
            },
            {
                "url": "https://photos.zillowstatic.com/fp/a018ca82d616fc4c754dfef5da3b91cb-p_e.jpg"
            },
            {
                "url": "https://photos.zillowstatic.com/fp/41101a9e8e220b0b4773f710c219ec7e-p_e.jpg"
            },
            {
                "url": "https://photos.zillowstatic.com/fp/a0e7500bc9bb13823357676fc7300206-p_e.jpg"
            },
            {
                "url": "https://photos.zillowstatic.com/fp/76631d661020b822039ec1f72d4ce380-p_e.jpg"
            },
            {
                "url": "https://photos.zillowstatic.com/fp/b352fd4ecdaa4a3ea3a7e3a4beb0fabe-p_e.jpg"
            },
            {
                "url": "https://photos.zillowstatic.com/fp/e6c00538fb49c8b2b28e8554b144e850-p_e.jpg"
            },
            {
                "url": "https://photos.zillowstatic.com/fp/bb7608802c80c2ac591093cad50d831c-p_e.jpg"
            },
            {
                "url": "https://photos.zillowstatic.com/fp/3d21f0f981343e49fc7aa36b7e21f859-p_e.jpg"
            },
            {
                "url": "https://photos.zillowstatic.com/fp/058606ad9f93c7e945fa6ec10759e344-p_e.jpg"
            },
            {
                "url": "https://photos.zillowstatic.com/fp/3b385580b092a32d5eab5f674e7c4426-p_e.jpg"
            },
            {
                "url": "https://photos.zillowstatic.com/fp/974b91019a81d8a09e868b2ab4ccbf6e-p_e.jpg"
            },
            {
                "url": "https://photos.zillowstatic.com/fp/73cc8ac7e6369bb2464e52eb19631458-p_e.jpg"
            },
            {
                "url": "https://photos.zillowstatic.com/fp/2ee68c9c69a0ff68e605d7ea51f98a89-p_e.jpg"
            },
            {
                "url": "https://photos.zillowstatic.com/fp/195fb4916f7224ad8ea5a246431ccd47-p_e.jpg"
            },
            {
                "url": "https://photos.zillowstatic.com/fp/ae2663fff7efaf612dd9ad8436ce9564-p_e.jpg"
            },
            {
                "url": "https://photos.zillowstatic.com/fp/979b8b298072fd1ffd2e296ddeb8c0b2-p_e.jpg"
            },
            {
                "url": "https://photos.zillowstatic.com/fp/413303f675aff44f346ef561b9c89f1b-p_e.jpg"
            },
            {
                "url": "https://photos.zillowstatic.com/fp/ad02a2ea09ec5d532311d69c83f01603-p_e.jpg"
            },
            {
                "url": "https://photos.zillowstatic.com/fp/a2d925ad259af3dfe04083d1d35aefc5-p_e.jpg"
            },
            {
                "url": "https://photos.zillowstatic.com/fp/20fc731ad9c363658ae78623ce4731fd-p_e.jpg"
            },
            {
                "url": "https://photos.zillowstatic.com/fp/16022b1121a021769215afe97be55eda-p_e.jpg"
            },
            {
                "url": "https://photos.zillowstatic.com/fp/61ddf5210d6aeef51468825777a3ff60-p_e.jpg"
            },
            {
                "url": "https://photos.zillowstatic.com/fp/f5a3e0283e6a54f66fc6250913a8f9ed-p_e.jpg"
            },
            {
                "url": "https://photos.zillowstatic.com/fp/f4eedf41cebe5edfa051f817339da26a-p_e.jpg"
            },
            {
                "url": "https://photos.zillowstatic.com/fp/3259f23b93ea1a87be6751ce5cfbbcf6-p_e.jpg"
            },
            {
                "url": "https://photos.zillowstatic.com/fp/a34de1377fd907ff1321ac9c13b8a82e-p_e.jpg"
            },
            {
                "url": "https://photos.zillowstatic.com/fp/654f40b2d040fbf75862e835f4b37ff2-p_e.jpg"
            },
            {
                "url": "https://photos.zillowstatic.com/fp/34ff76cba1b41d2e36a9230e049bc744-p_e.jpg"
            },
            {
                "url": "https://photos.zillowstatic.com/fp/f1d0634246e7e6b29580479a6e5adb25-p_e.jpg"
            },
            {
                "url": "https://photos.zillowstatic.com/fp/64e77cd41eb718e6bdcb26cb14978b42-p_e.jpg"
            },
            {
                "url": "https://photos.zillowstatic.com/fp/f47206545b1d86529088650bb5df89e3-p_e.jpg"
            },
            {
                "url": "https://photos.zillowstatic.com/fp/3a8bab8cc60acb31ce1a6d9e51a1a380-p_e.jpg"
            },
            {
                "url": "https://photos.zillowstatic.com/fp/c46f77c6a251ff15ed1a8979446e4bd1-p_e.jpg"
            },
            {
                "url": "https://photos.zillowstatic.com/fp/add7183883bba3399843b2370379179e-p_e.jpg"
            },
            {
                "url": "https://photos.zillowstatic.com/fp/0d6518d6c64c808f3f0894aa2e5aaef4-p_e.jpg"
            },
            {
                "url": "https://photos.zillowstatic.com/fp/fc751899626aa2cc2335705cc3abb087-p_e.jpg"
            },
            {
                "url": "https://photos.zillowstatic.com/fp/5072b28c7a7261a45b1bbc8a1a8c37a9-p_e.jpg"
            },
            {
                "url": "https://photos.zillowstatic.com/fp/12907ed7c82bda8fb1eb164a1ca9e0b3-p_e.jpg"
            },
            {
                "url": "https://photos.zillowstatic.com/fp/8db252d823d7aed0542de7b990197547-p_e.jpg"
            },
            {
                "url": "https://photos.zillowstatic.com/fp/ba234fecca8562bfd44e3076c7f03ffd-p_e.jpg"
            },
            {
                "url": "https://photos.zillowstatic.com/fp/1b213d973a793b27d194ba9582ee8d7b-p_e.jpg"
            },
            {
                "url": "https://photos.zillowstatic.com/fp/cbf673c33331f1ea1d622cde27248bab-p_e.jpg"
            },
            {
                "url": "https://photos.zillowstatic.com/fp/cb0d3f398129d0d9dc757b2f29b27223-p_e.jpg"
            },
            {
                "url": "https://photos.zillowstatic.com/fp/7c9efa38fe4dacfd45f0ceb7a792f0ac-p_e.jpg"
            },
            {
                "url": "https://photos.zillowstatic.com/fp/b1ee479439ce6622739e99dd56e5bce6-p_e.jpg"
            },
            {
                "url": "https://photos.zillowstatic.com/fp/627c0cecf3598d1437f9049f5784a373-p_e.jpg"
            },
            {
                "url": "https://photos.zillowstatic.com/fp/8b1159bf098bc8ed686d7de899f7280f-p_e.jpg"
            },
            {
                "url": "https://photos.zillowstatic.com/fp/23366368a0cb567ac1372f8e6a2a6357-p_e.jpg"
            },
            {
                "url": "https://photos.zillowstatic.com/fp/5a31db31151e19e8cc6bd04cee581e8a-p_e.jpg"
            },
            {
                "url": "https://photos.zillowstatic.com/fp/6d96be3aabe625ca596bcb4193338abf-p_e.jpg"
            },
            {
                "url": "https://photos.zillowstatic.com/fp/7ce74d94161dcf92c8012806a87fc26f-p_e.jpg"
            },
            {
                "url": "https://photos.zillowstatic.com/fp/7cad3c0b79856add14d32e184263c0fa-p_e.jpg"
            },
            {
                "url": "https://photos.zillowstatic.com/fp/e064f1e3d8d30effb3c7602e2c3ce7a4-p_e.jpg"
            },
            {
                "url": "https://photos.zillowstatic.com/fp/f97a78349502a9765e37b2f924b8d26d-p_e.jpg"
            },
            {
                "url": "https://photos.zillowstatic.com/fp/53c436327c07daaa3cfe6fb744327061-p_e.jpg"
            },
            {
                "url": "https://photos.zillowstatic.com/fp/0da49ab5b54a9d87e3b489f396190c07-p_e.jpg"
            },
            {
                "url": "https://photos.zillowstatic.com/fp/169432878fd5c5d02a12882783c71755-p_e.jpg"
            },
            {
                "url": "https://photos.zillowstatic.com/fp/f30cc2992348b345a72c6e57928078c3-p_e.jpg"
            },
            {
                "url": "https://photos.zillowstatic.com/fp/d8578be57a8835b9b441f1dce8140a7d-p_e.jpg"
            },
            {
                "url": "https://photos.zillowstatic.com/fp/fba5dbf9ecf9d7c87f378938e0ef3d3d-p_e.jpg"
            },
            {
                "url": "https://photos.zillowstatic.com/fp/89de2d67a884609b65c538dd3d143086-p_e.jpg"
            },
            {
                "url": "https://photos.zillowstatic.com/fp/f5a305440997b6c00de38a901b933d3e-p_e.jpg"
            },
            {
                "url": "https://photos.zillowstatic.com/fp/4403448b88064f05fcdd0cea4c901ace-p_e.jpg"
            },
            {
                "url": "https://photos.zillowstatic.com/fp/fd976aa41f0a152e7ec3541c4a52f16e-p_e.jpg"
            },
            {
                "url": "https://photos.zillowstatic.com/fp/4fba4442f60b6a36ddcc4ccfb46ececc-p_e.jpg"
            },
            {
                "url": "https://photos.zillowstatic.com/fp/932cf78b4f75368c460f7f39d1309965-p_e.jpg"
            },
            {
                "url": "https://photos.zillowstatic.com/fp/be2986f51702a32f82a478f35f12b945-p_e.jpg"
            },
            {
                "url": "https://photos.zillowstatic.com/fp/2a6585bc660969c5a5b0e81cb4123478-p_e.jpg"
            },
            {
                "url": "https://photos.zillowstatic.com/fp/eb8feea2c06a349873ebc4361dea5fc1-p_e.jpg"
            },
            {
                "url": "https://photos.zillowstatic.com/fp/0bc7c6fb461beb90b2c44d5655a38cfd-p_e.jpg"
            },
            {
                "url": "https://photos.zillowstatic.com/fp/f5c025ab4e8b3e09de0c3d018d9e52dc-p_e.jpg"
            },
            {
                "url": "https://photos.zillowstatic.com/fp/1f8e6961d9898b621b07fffd7c524e65-p_e.jpg"
            },
            {
                "url": "https://photos.zillowstatic.com/fp/7296da460eac435b3aa01c7ff09eb12e-p_e.jpg"
            }
        ],
        "rooms": []
    },
    {
        "zpid": "43829722",
        "id": "43829722",
        "rawHomeStatusCd": "ForSale",
        "marketingStatusSimplifiedCd": "For Sale by Agent",
        "imgSrc": "https://photos.zillowstatic.com/fp/f08c12b6e553024c3ee2dbe4268e77f9-p_e.jpg",
        "hasImage": true,
        "detailUrl": "https://www.zillow.com/homedetails/780-NE-69th-St-APT-1406-Miami-FL-33138/43829722_zpid/",
        "statusType": "FOR_SALE",
        "statusText": "Condo for sale",
        "countryCurrency": "$",
        "price": "$389,000",
        "unformattedPrice": 389000,
        "address": "780 NE 69th St APT 1406, Miami, FL 33138",
        "addressStreet": "780 NE 69th St APT 1406",
        "addressCity": "Miami",
        "addressState": "FL",
        "addressZipcode": "33138",
        "isUndisclosedAddress": false,
        "beds": 1,
        "baths": 2.0,
        "area": 828,
        "latLong": {
            "latitude": 25.838823,
            "longitude": -80.180145
        },
        "isZillowOwned": false,
        "variableData": {
            "type": "DAYS_ON",
            "text": "565 days on Zillow"
        },
        "hdpData": {
            "homeInfo": {
                "zpid": 43829722,
                "streetAddress": "780 NE 69th St APT 1406",
                "zipcode": "33138",
                "city": "Miami",
                "state": "FL",
                "latitude": 25.838823,
                "longitude": -80.180145,
                "price": 389000.0,
                "datePriceChanged": 1658300400000,
                "bathrooms": 2.0,
                "bedrooms": 1.0,
                "livingArea": 828.0,
                "homeType": "CONDO",
                "homeStatus": "FOR_SALE",
                "daysOnZillow": 565,
                "isFeatured": false,
                "shouldHighlight": false,
                "listing_sub_type": {
                    "is_FSBA": true
                },
                "priceReduction": "",
                "isUnmappable": false,
                "isPreforeclosureAuction": false,
                "homeStatusForHDP": "FOR_SALE",
                "priceForHDP": 389000.0,
                "priceChange": -149000,
                "timeOnZillow": 48822601000,
                "isNonOwnerOccupied": true,
                "isPremierBuilder": false,
                "isZillowOwned": false,
                "currency": "USD",
                "country": "USA",
                "taxAssessedValue": 171552.0,
                "unit": "Apt 1406",
                "lotAreaValue": 0.0,
                "lotAreaUnit": "sqft",
                "isShowcaseListing": false
            }
        },
        "isSaved": false,
        "isUserClaimingOwner": false,
        "isUserConfirmedClaim": false,
        "pgapt": "ForSale",
        "sgapt": "For Sale (Broker)",
        "shouldShowZestimateAsPrice": false,
        "has3DModel": false,
        "hasVideo": false,
        "isHomeRec": false,
        "hasAdditionalAttributions": true,
        "isFeaturedListing": false,
        "isShowcaseListing": false,
        "list": true,
        "relaxed": false,
        "info3String": "https://photos.zillowstatic.com/fp/a8b02d5ac61ac8b9a11bda64382b4f89-zillow_web_48_23.jpg",
        "brokerName": "Florida Capital Realty",
        "carouselPhotos": [
            {
                "url": "https://photos.zillowstatic.com/fp/f08c12b6e553024c3ee2dbe4268e77f9-p_e.jpg"
            },
            {
                "url": "https://photos.zillowstatic.com/fp/f5f1b865a47dfba6a5c8793c4469ac7b-p_e.jpg"
            },
            {
                "url": "https://photos.zillowstatic.com/fp/70d48684b8c30d4fcc9938ae94fd7a1c-p_e.jpg"
            },
            {
                "url": "https://photos.zillowstatic.com/fp/3cff6a8601cff5d4073dc475880bc5f6-p_e.jpg"
            },
            {
                "url": "https://photos.zillowstatic.com/fp/1b6532c0a071acc53d48950cd2432dcb-p_e.jpg"
            },
            {
                "url": "https://photos.zillowstatic.com/fp/3017254484e89d44993f29d1887de5c7-p_e.jpg"
            },
            {
                "url": "https://photos.zillowstatic.com/fp/89e117653ef440b07c2ac9c73606f85d-p_e.jpg"
            },
            {
                "url": "https://photos.zillowstatic.com/fp/c3f971173ed4432aa60eb4d19226ebc2-p_e.jpg"
            },
            {
                "url": "https://photos.zillowstatic.com/fp/6499f11b512547d59e38b7401f84e3e0-p_e.jpg"
            },
            {
                "url": "https://photos.zillowstatic.com/fp/abbcf90423b5cf177725bb1ef9a49193-p_e.jpg"
            },
            {
                "url": "https://photos.zillowstatic.com/fp/0bfe0092dc57877a64ac6760a16df039-p_e.jpg"
            },
            {
                "url": "https://photos.zillowstatic.com/fp/7e1495759dd87faf167eb543fa5e0c50-p_e.jpg"
            },
            {
                "url": "https://photos.zillowstatic.com/fp/1214d347731945859fc2b40ea62da757-p_e.jpg"
            },
            {
                "url": "https://photos.zillowstatic.com/fp/b4aac3df66f768cf11258a09ca04f9a6-p_e.jpg"
            },
            {
                "url": "https://photos.zillowstatic.com/fp/713eeb4b605886fab1da7cb5cde7ae1b-p_e.jpg"
            },
            {
                "url": "https://photos.zillowstatic.com/fp/0d14d4bf537b5277bc5f395b94e97706-p_e.jpg"
            },
            {
                "url": "https://photos.zillowstatic.com/fp/ce85d7831af7229a50d88aceec5a2a24-p_e.jpg"
            },
            {
                "url": "https://photos.zillowstatic.com/fp/9eef8316d3a2813f1d092660b467c7f1-p_e.jpg"
            },
            {
                "url": "https://photos.zillowstatic.com/fp/46aba8506cec4e3bdfe547eebcb6366c-p_e.jpg"
            },
            {
                "url": "https://photos.zillowstatic.com/fp/b2afd11ba3c98535980f1fb251a7022d-p_e.jpg"
            },
            {
                "url": "https://photos.zillowstatic.com/fp/f8c7274c82f88f8bfb764fcf0d5765a2-p_e.jpg"
            },
            {
                "url": "https://photos.zillowstatic.com/fp/869de3a8776334a400c92df8a5fd5273-p_e.jpg"
            },
            {
                "url": "https://photos.zillowstatic.com/fp/c91fe0338366b2d841bf094d4c06f266-p_e.jpg"
            },
            {
                "url": "https://photos.zillowstatic.com/fp/b967ec8274de0fa4e54fa2134bc1d514-p_e.jpg"
            },
            {
                "url": "https://photos.zillowstatic.com/fp/41e23cae06cae457cf62224a009394e4-p_e.jpg"
            },
            {
                "url": "https://photos.zillowstatic.com/fp/4f84a8bda81c947c85155ea5199210e7-p_e.jpg"
            },
            {
                "url": "https://photos.zillowstatic.com/fp/739c0d99dd34e3bb59df12ce6e8bccc1-p_e.jpg"
            },
            {
                "url": "https://photos.zillowstatic.com/fp/66e2a30e775571606b48742e5a3f7654-p_e.jpg"
            },
            {
                "url": "https://photos.zillowstatic.com/fp/34526aa38deb178b45ff8674c13ee514-p_e.jpg"
            },
            {
                "url": "https://photos.zillowstatic.com/fp/33ffda764057fa523c9e11904cee689f-p_e.jpg"
            },
            {
                "url": "https://photos.zillowstatic.com/fp/473a362f93d6cf3e7c4528c30f75a6bb-p_e.jpg"
            },
            {
                "url": "https://photos.zillowstatic.com/fp/caf10b4fd0750cc00ffb8398a57308b5-p_e.jpg"
            },
            {
                "url": "https://photos.zillowstatic.com/fp/da0660a4b70a1add3611d787a188dc75-p_e.jpg"
            }
        ],
        "rooms": []
    }
]