{
    "user_info": {
        "isLoggedIn": false,
        "hasHousingConnectorPermission": false,
        "savedHomesCount": 0,
        "personalizedSearchTraceID": "cff0d2eb692cefbf93316226436169dd",
        "guid": "87a658fe-ba70-4cf6-83f1-50ff61a98a9d",
        "zuid": "",
        "isBot": false,
        "email": "",
        "displayName": ""
    },
    "map_state": {
        "customRegionPolygonWkt": null,
        "schoolPolygonWkt": null,
        "isCurrentLocationSearch": false,
        "userPosition": {
            "lat": null,
            "lon": null
        }
    },
    "region_state": {
        "regionInfo": [
            {
                "regionId": 72441,
                "regionType": 7,
                "regionName": "33138",
                "displayName": "Miami FL 33138",
                "isPointRegion": false
            }
        ],
        "regionBounds": {
            "north": 25.874729,
            "south": 25.832291,
            "east": -80.155805,
            "west": -80.197884
        }
    },
    "search_page_seo": {
        "baseUrl": "/miami-fl-33138/",
        "windowTitle": "33138 Real Estate - 33138 Homes For Sale | Zillow",
        "metaDescription": "Zillow has 8 homes for sale in 33138. View listing photos, review sales history, and use our detailed real estate filters to find the perfect place."
    },
    "request_id": 4
}