{
    "data": {
        "property": {
            "homeValueChartData": [
                {
                    "points": [
                        {
                            "x": 1706688000000,
                            "y": 304000
                        },
                        {
                            "x": 1707379200000,
                            "y": 304200
                        }
                    ],
                    "name": "This home"
                }
            ]
        }
    }
}