{
    "data": {
        "property": {
            "homeValueChartData": [
                {
                    "points": [
                        {
                            "x": 1590908400000,
                            "y": 628595
                        },
                        {
                            "x": 1593500400000,
                            "y": 617340
                        },
                        {
                            "x": 1596178800000,
                            "y": 622062
                        },
                        {
                            "x": 1598857200000,
                            "y": 631316
                        },
                        {
                            "x": 1601449200000,
                            "y": 628304
                        },
                        {
                            "x": 1604127600000,
                            "y": 628243
                        },
                        {
                            "x": 1606723200000,
                            "y": 631151
                        },
                        {
                            "x": 1609401600000,
                            "y": 642350
                        },
                        {
                            "x": 1612080000000,
                            "y": 650709
                        },
                        {
                            "x": 1614499200000,
                            "y": 647511
                        },
                        {
                            "x": 1617174000000,
                            "y": 661401
                        },
                        {
                            "x": 1619766000000,
                            "y": 653309
                        },
                        {
                            "x": 1622444400000,
                            "y": 666934
                        },
                        {
                            "x": 1625036400000,
                            "y": 675900
                        },
                        {
                            "x": 1627714800000,
                            "y": 690900
                        },
                        {
                            "x": 1630393200000,
                            "y": 701800
                        },
                        {
                            "x": 1632985200000,
                            "y": 707900
                        },
                        {
                            "x": 1635663600000,
                            "y": 728300
                        },
                        {
                            "x": 1638259200000,
                            "y": 742900
                        },
                        {
                            "x": 1640937600000,
                            "y": 759100
                        },
                        {
                            "x": 1643616000000,
                            "y": 771100
                        },
                        {
                            "x": 1646035200000,
                            "y": 797100
                        },
                        {
                            "x": 1648710000000,
                            "y": 817800
                        },
                        {
                            "x": 1651302000000,
                            "y": 842800
                        },
                        {
                            "x": 1653980400000,
                            "y": 866300
                        },
                        {
                            "x": 1656572400000,
                            "y": 882300
                        },
                        {
                            "x": 1659250800000,
                            "y": 883700
                        },
                        {
                            "x": 1661929200000,
                            "y": 878600
                        },
                        {
                            "x": 1664521200000,
                            "y": 880600
                        },
                        {
                            "x": 1667199600000,
                            "y": 883300
                        },
                        {
                            "x": 1669795200000,
                            "y": 881800
                        },
                        {
                            "x": 1672473600000,
                            "y": 880900
                        },
                        {
                            "x": 1675152000000,
                            "y": 875500
                        },
                        {
                            "x": 1677571200000,
                            "y": 891400
                        },
                        {
                            "x": 1680246000000,
                            "y": 915400
                        },
                        {
                            "x": 1682838000000,
                            "y": 914800
                        },
                        {
                            "x": 1685516400000,
                            "y": 906200
                        },
                        {
                            "x": 1688108400000,
                            "y": 913800
                        },
                        {
                            "x": 1690786800000,
                            "y": 924500
                        },
                        {
                            "x": 1693465200000,
                            "y": 923600
                        },
                        {
                            "x": 1696057200000,
                            "y": 929600
                        },
                        {
                            "x": 1698735600000,
                            "y": 941200
                        },
                        {
                            "x": 1701331200000,
                            "y": 932400
                        },
                        {
                            "x": 1704009600000,
                            "y": 942300
                        },
                        {
                            "x": 1706688000000,
                            "y": 974300
                        },
                        {
                            "x": 1707379200000,
                            "y": 955800
                        }
                    ],
                    "name": "This home"
                },
                {
                    "points": [
                        {
                            "x": 1557385200000,
                            "y": 610000
                        }
                    ],
                    "name": "Sale"
                }
            ]
        }
    }
}