{
    "data": {
        "property": {
            "homeValueChartData": [
                {
                    "points": [
                        {
                            "x": 1393574400000,
                            "y": 73919
                        },
                        {
                            "x": 1396249200000,
                            "y": 74783
                        },
                        {
                            "x": 1398841200000,
                            "y": 77191
                        },
                        {
                            "x": 1401519600000,
                            "y": 75708
                        },
                        {
                            "x": 1404111600000,
                            "y": 72538
                        },
                        {
                            "x": 1406790000000,
                            "y": 72698
                        },
                        {
                            "x": 1409468400000,
                            "y": 79905
                        },
                        {
                            "x": 1412060400000,
                            "y": 83391
                        },
                        {
                            "x": 1414738800000,
                            "y": 83940
                        },
                        {
                            "x": 1417334400000,
                            "y": 84747
                        },
                        {
                            "x": 1420012800000,
                            "y": 84542
                        },
                        {
                            "x": 1422691200000,
                            "y": 81371
                        },
                        {
                            "x": 1425110400000,
                            "y": 83678
                        },
                        {
                            "x": 1427785200000,
                            "y": 83014
                        },
                        {
                            "x": 1430377200000,
                            "y": 85166
                        },
                        {
                            "x": 1433055600000,
                            "y": 85430
                        },
                        {
                            "x": 1435647600000,
                            "y": 82716
                        },
                        {
                            "x": 1438326000000,
                            "y": 83379
                        },
                        {
                            "x": 1441004400000,
                            "y": 85484
                        },
                        {
                            "x": 1443596400000,
                            "y": 92519
                        },
                        {
                            "x": 1446274800000,
                            "y": 89822
                        },
                        {
                            "x": 1448870400000,
                            "y": 89116
                        },
                        {
                            "x": 1451548800000,
                            "y": 91504
                        },
                        {
                            "x": 1454227200000,
                            "y": 88142
                        },
                        {
                            "x": 1456732800000,
                            "y": 87728
                        },
                        {
                            "x": 1459407600000,
                            "y": 89420
                        },
                        {
                            "x": 1461999600000,
                            "y": 90088
                        },
                        {
                            "x": 1464678000000,
                            "y": 92093
                        },
                        {
                            "x": 1467270000000,
                            "y": 91202
                        },
                        {
                            "x": 1469948400000,
                            "y": 92993
                        },
                        {
                            "x": 1472626800000,
                            "y": 92084
                        },
                        {
                            "x": 1475218800000,
                            "y": 94525
                        },
                        {
                            "x": 1477897200000,
                            "y": 101206
                        },
                        {
                            "x": 1480492800000,
                            "y": 102534
                        },
                        {
                            "x": 1483171200000,
                            "y": 114353
                        },
                        {
                            "x": 1485849600000,
                            "y": 104160
                        },
                        {
                            "x": 1488268800000,
                            "y": 105073
                        },
                        {
                            "x": 1490943600000,
                            "y": 108133
                        },
                        {
                            "x": 1493535600000,
                            "y": 102395
                        },
                        {
                            "x": 1496214000000,
                            "y": 121659
                        },
                        {
                            "x": 1498806000000,
                            "y": 116084
                        },
                        {
                            "x": 1501484400000,
                            "y": 113083
                        },
                        {
                            "x": 1504162800000,
                            "y": 116884
                        },
                        {
                            "x": 1506754800000,
                            "y": 110570
                        },
                        {
                            "x": 1509433200000,
                            "y": 112428
                        },
                        {
                            "x": 1512028800000,
                            "y": 112736
                        },
                        {
                            "x": 1514707200000,
                            "y": 116007
                        },
                        {
                            "x": 1517385600000,
                            "y": 115247
                        },
                        {
                            "x": 1519804800000,
                            "y": 114331
                        },
                        {
                            "x": 1522479600000,
                            "y": 113631
                        },
                        {
                            "x": 1525071600000,
                            "y": 114053
                        },
                        {
                            "x": 1527750000000,
                            "y": 114882
                        },
                        {
                            "x": 1530342000000,
                            "y": 115087
                        },
                        {
                            "x": 1533020400000,
                            "y": 115761
                        },
                        {
                            "x": 1535698800000,
                            "y": 117317
                        },
                        {
                            "x": 1538290800000,
                            "y": 106955
                        },
                        {
                            "x": 1540969200000,
                            "y": 123262
                        },
                        {
                            "x": 1543564800000,
                            "y": 129568
                        },
                        {
                            "x": 1546243200000,
                            "y": 131712
                        },
                        {
                            "x": 1548921600000,
                            "y": 132630
                        },
                        {
                            "x": 1551340800000,
                            "y": 129556
                        },
                        {
                            "x": 1554015600000,
                            "y": 127983
                        },
                        {
                            "x": 1556607600000,
                            "y": 128877
                        },
                        {
                            "x": 1559286000000,
                            "y": 130872
                        },
                        {
                            "x": 1561878000000,
                            "y": 128208
                        },
                        {
                            "x": 1564556400000,
                            "y": 127269
                        },
                        {
                            "x": 1567234800000,
                            "y": 127921
                        },
                        {
                            "x": 1569826800000,
                            "y": 133016
                        },
                        {
                            "x": 1572505200000,
                            "y": 131316
                        },
                        {
                            "x": 1575100800000,
                            "y": 124714
                        },
                        {
                            "x": 1577779200000,
                            "y": 123662
                        },
                        {
                            "x": 1580457600000,
                            "y": 123303
                        },
                        {
                            "x": 1582963200000,
                            "y": 127495
                        },
                        {
                            "x": 1585638000000,
                            "y": 130943
                        },
                        {
                            "x": 1588230000000,
                            "y": 130850
                        },
                        {
                            "x": 1590908400000,
                            "y": 135662
                        },
                        {
                            "x": 1593500400000,
                            "y": 133045
                        },
                        {
                            "x": 1596178800000,
                            "y": 131844
                        },
                        {
                            "x": 1598857200000,
                            "y": 133357
                        },
                        {
                            "x": 1601449200000,
                            "y": 134642
                        },
                        {
                            "x": 1604127600000,
                            "y": 134818
                        },
                        {
                            "x": 1622444400000,
                            "y": 147120
                        },
                        {
                            "x": 1625036400000,
                            "y": 145400
                        },
                        {
                            "x": 1627714800000,
                            "y": 144600
                        },
                        {
                            "x": 1630393200000,
                            "y": 143700
                        },
                        {
                            "x": 1632985200000,
                            "y": 145500
                        },
                        {
                            "x": 1635663600000,
                            "y": 147400
                        },
                        {
                            "x": 1638259200000,
                            "y": 149600
                        },
                        {
                            "x": 1640937600000,
                            "y": 150600
                        },
                        {
                            "x": 1643616000000,
                            "y": 151500
                        },
                        {
                            "x": 1646035200000,
                            "y": 154400
                        },
                        {
                            "x": 1648710000000,
                            "y": 159100
                        },
                        {
                            "x": 1651302000000,
                            "y": 163000
                        },
                        {
                            "x": 1653980400000,
                            "y": 164000
                        },
                        {
                            "x": 1656572400000,
                            "y": 166400
                        },
                        {
                            "x": 1659250800000,
                            "y": 169900
                        },
                        {
                            "x": 1661929200000,
                            "y": 171300
                        },
                        {
                            "x": 1664521200000,
                            "y": 174100
                        },
                        {
                            "x": 1667199600000,
                            "y": 176400
                        },
                        {
                            "x": 1669795200000,
                            "y": 178000
                        },
                        {
                            "x": 1672473600000,
                            "y": 177300
                        },
                        {
                            "x": 1675152000000,
                            "y": 177800
                        },
                        {
                            "x": 1677571200000,
                            "y": 181300
                        },
                        {
                            "x": 1680246000000,
                            "y": 185200
                        },
                        {
                            "x": 1682838000000,
                            "y": 186900
                        },
                        {
                            "x": 1685516400000,
                            "y": 189000
                        },
                        {
                            "x": 1688108400000,
                            "y": 193900
                        },
                        {
                            "x": 1690786800000,
                            "y": 205300
                        },
                        {
                            "x": 1693465200000,
                            "y": 220600
                        },
                        {
                            "x": 1696057200000,
                            "y": 221900
                        },
                        {
                            "x": 1698735600000,
                            "y": 207400
                        },
                        {
                            "x": 1701331200000,
                            "y": 207100
                        },
                        {
                            "x": 1704009600000,
                            "y": 204000
                        },
                        {
                            "x": 1706688000000,
                            "y": 198600
                        },
                        {
                            "x": 1707379200000,
                            "y": 191500
                        }
                    ],
                    "name": "This home"
                }
            ]
        }
    }
}