{
    "data": {
        "property": {
            "homeValueChartData": [
                {
                    "points": [
                        {
                            "x": 1393574400000,
                            "y": 72867
                        },
                        {
                            "x": 1396249200000,
                            "y": 70755
                        },
                        {
                            "x": 1398841200000,
                            "y": 73136
                        },
                        {
                            "x": 1401519600000,
                            "y": 76512
                        },
                        {
                            "x": 1404111600000,
                            "y": 74551
                        },
                        {
                            "x": 1406790000000,
                            "y": 73071
                        },
                        {
                            "x": 1409468400000,
                            "y": 73985
                        },
                        {
                            "x": 1412060400000,
                            "y": 75000
                        },
                        {
                            "x": 1414738800000,
                            "y": 81042
                        },
                        {
                            "x": 1417334400000,
                            "y": 82687
                        },
                        {
                            "x": 1420012800000,
                            "y": 79782
                        },
                        {
                            "x": 1422691200000,
                            "y": 80175
                        },
                        {
                            "x": 1425110400000,
                            "y": 80426
                        },
                        {
                            "x": 1427785200000,
                            "y": 74977
                        },
                        {
                            "x": 1430377200000,
                            "y": 75477
                        },
                        {
                            "x": 1433055600000,
                            "y": 80246
                        },
                        {
                            "x": 1435647600000,
                            "y": 84608
                        },
                        {
                            "x": 1438326000000,
                            "y": 90984
                        },
                        {
                            "x": 1441004400000,
                            "y": 88897
                        },
                        {
                            "x": 1443596400000,
                            "y": 75083
                        },
                        {
                            "x": 1446274800000,
                            "y": 74999
                        },
                        {
                            "x": 1448870400000,
                            "y": 75501
                        },
                        {
                            "x": 1451548800000,
                            "y": 76134
                        },
                        {
                            "x": 1454227200000,
                            "y": 76189
                        },
                        {
                            "x": 1456732800000,
                            "y": 76475
                        },
                        {
                            "x": 1459407600000,
                            "y": 76191
                        },
                        {
                            "x": 1461999600000,
                            "y": 76912
                        },
                        {
                            "x": 1464678000000,
                            "y": 76645
                        },
                        {
                            "x": 1467270000000,
                            "y": 78035
                        },
                        {
                            "x": 1469948400000,
                            "y": 78715
                        },
                        {
                            "x": 1472626800000,
                            "y": 78813
                        },
                        {
                            "x": 1475218800000,
                            "y": 78950
                        },
                        {
                            "x": 1477897200000,
                            "y": 79212
                        },
                        {
                            "x": 1480492800000,
                            "y": 79094
                        },
                        {
                            "x": 1483171200000,
                            "y": 80427
                        },
                        {
                            "x": 1485849600000,
                            "y": 81041
                        },
                        {
                            "x": 1488268800000,
                            "y": 80753
                        },
                        {
                            "x": 1490943600000,
                            "y": 80397
                        },
                        {
                            "x": 1493535600000,
                            "y": 81339
                        },
                        {
                            "x": 1496214000000,
                            "y": 81858
                        },
                        {
                            "x": 1498806000000,
                            "y": 81822
                        },
                        {
                            "x": 1501484400000,
                            "y": 81975
                        },
                        {
                            "x": 1504162800000,
                            "y": 83269
                        },
                        {
                            "x": 1506754800000,
                            "y": 82138
                        },
                        {
                            "x": 1509433200000,
                            "y": 83676
                        },
                        {
                            "x": 1512028800000,
                            "y": 82658
                        },
                        {
                            "x": 1514707200000,
                            "y": 83823
                        },
                        {
                            "x": 1517385600000,
                            "y": 84019
                        },
                        {
                            "x": 1519804800000,
                            "y": 85026
                        },
                        {
                            "x": 1522479600000,
                            "y": 85021
                        },
                        {
                            "x": 1525071600000,
                            "y": 85903
                        },
                        {
                            "x": 1527750000000,
                            "y": 85930
                        },
                        {
                            "x": 1530342000000,
                            "y": 85824
                        },
                        {
                            "x": 1533020400000,
                            "y": 86388
                        },
                        {
                            "x": 1535698800000,
                            "y": 86060
                        },
                        {
                            "x": 1538290800000,
                            "y": 91763
                        },
                        {
                            "x": 1540969200000,
                            "y": 103395
                        },
                        {
                            "x": 1543564800000,
                            "y": 117618
                        },
                        {
                            "x": 1546243200000,
                            "y": 118843
                        },
                        {
                            "x": 1548921600000,
                            "y": 119116
                        },
                        {
                            "x": 1551340800000,
                            "y": 116643
                        },
                        {
                            "x": 1554015600000,
                            "y": 115877
                        },
                        {
                            "x": 1556607600000,
                            "y": 116806
                        },
                        {
                            "x": 1559286000000,
                            "y": 111407
                        },
                        {
                            "x": 1561878000000,
                            "y": 113499
                        },
                        {
                            "x": 1564556400000,
                            "y": 122561
                        },
                        {
                            "x": 1567234800000,
                            "y": 124333
                        },
                        {
                            "x": 1569826800000,
                            "y": 123189
                        },
                        {
                            "x": 1572505200000,
                            "y": 123283
                        },
                        {
                            "x": 1575100800000,
                            "y": 122838
                        },
                        {
                            "x": 1577779200000,
                            "y": 114576
                        },
                        {
                            "x": 1580457600000,
                            "y": 113688
                        },
                        {
                            "x": 1582963200000,
                            "y": 114219
                        },
                        {
                            "x": 1585638000000,
                            "y": 114905
                        },
                        {
                            "x": 1588230000000,
                            "y": 115341
                        },
                        {
                            "x": 1590908400000,
                            "y": 117432
                        },
                        {
                            "x": 1593500400000,
                            "y": 117657
                        },
                        {
                            "x": 1596178800000,
                            "y": 117809
                        },
                        {
                            "x": 1598857200000,
                            "y": 122339
                        },
                        {
                            "x": 1601449200000,
                            "y": 126478
                        },
                        {
                            "x": 1604127600000,
                            "y": 126420
                        },
                        {
                            "x": 1606723200000,
                            "y": 124258
                        },
                        {
                            "x": 1609401600000,
                            "y": 127540
                        },
                        {
                            "x": 1612080000000,
                            "y": 130833
                        },
                        {
                            "x": 1614499200000,
                            "y": 131645
                        },
                        {
                            "x": 1617174000000,
                            "y": 126766
                        },
                        {
                            "x": 1619766000000,
                            "y": 129849
                        },
                        {
                            "x": 1622444400000,
                            "y": 134444
                        },
                        {
                            "x": 1625036400000,
                            "y": 138000
                        },
                        {
                            "x": 1627714800000,
                            "y": 142500
                        },
                        {
                            "x": 1630393200000,
                            "y": 140200
                        },
                        {
                            "x": 1632985200000,
                            "y": 141900
                        },
                        {
                            "x": 1635663600000,
                            "y": 143300
                        },
                        {
                            "x": 1638259200000,
                            "y": 144300
                        },
                        {
                            "x": 1640937600000,
                            "y": 144800
                        },
                        {
                            "x": 1643616000000,
                            "y": 146600
                        },
                        {
                            "x": 1646035200000,
                            "y": 147900
                        },
                        {
                            "x": 1648710000000,
                            "y": 147300
                        },
                        {
                            "x": 1651302000000,
                            "y": 138000
                        },
                        {
                            "x": 1653980400000,
                            "y": 138200
                        },
                        {
                            "x": 1656572400000,
                            "y": 142100
                        },
                        {
                            "x": 1659250800000,
                            "y": 144000
                        },
                        {
                            "x": 1661929200000,
                            "y": 145800
                        },
                        {
                            "x": 1664521200000,
                            "y": 146000
                        },
                        {
                            "x": 1667199600000,
                            "y": 147300
                        },
                        {
                            "x": 1669795200000,
                            "y": 146300
                        },
                        {
                            "x": 1672473600000,
                            "y": 147700
                        },
                        {
                            "x": 1675152000000,
                            "y": 148600
                        },
                        {
                            "x": 1677571200000,
                            "y": 153100
                        },
                        {
                            "x": 1680246000000,
                            "y": 153800
                        },
                        {
                            "x": 1682838000000,
                            "y": 157700
                        },
                        {
                            "x": 1685516400000,
                            "y": 153900
                        },
                        {
                            "x": 1688108400000,
                            "y": 203600
                        },
                        {
                            "x": 1690786800000,
                            "y": 208800
                        },
                        {
                            "x": 1693465200000,
                            "y": 188800
                        },
                        {
                            "x": 1696057200000,
                            "y": 203600
                        },
                        {
                            "x": 1698735600000,
                            "y": 194700
                        },
                        {
                            "x": 1701331200000,
                            "y": 198600
                        },
                        {
                            "x": 1704009600000,
                            "y": 196700
                        },
                        {
                            "x": 1706688000000,
                            "y": 197900
                        },
                        {
                            "x": 1707206400000,
                            "y": 198100
                        }
                    ],
                    "name": "This home"
                },
                {
                    "points": [
                        {
                            "x": 1442386800000,
                            "y": 75000
                        }
                    ],
                    "name": "Sale"
                }
            ]
        }
    }
}