{
    "data": {
        "property": {
            "homeValueChartData": [
                {
                    "points": [
                        {
                            "x": 1393574400000,
                            "y": 118705
                        },
                        {
                            "x": 1396249200000,
                            "y": 137258
                        },
                        {
                            "x": 1398841200000,
                            "y": 136702
                        },
                        {
                            "x": 1401519600000,
                            "y": 137757
                        },
                        {
                            "x": 1404111600000,
                            "y": 135396
                        },
                        {
                            "x": 1406790000000,
                            "y": 135084
                        },
                        {
                            "x": 1409468400000,
                            "y": 141140
                        },
                        {
                            "x": 1412060400000,
                            "y": 149213
                        },
                        {
                            "x": 1414738800000,
                            "y": 149239
                        },
                        {
                            "x": 1417334400000,
                            "y": 152928
                        },
                        {
                            "x": 1420012800000,
                            "y": 154445
                        },
                        {
                            "x": 1422691200000,
                            "y": 146329
                        },
                        {
                            "x": 1425110400000,
                            "y": 145062
                        },
                        {
                            "x": 1427785200000,
                            "y": 139240
                        },
                        {
                            "x": 1430377200000,
                            "y": 150146
                        },
                        {
                            "x": 1433055600000,
                            "y": 150256
                        },
                        {
                            "x": 1435647600000,
                            "y": 151490
                        },
                        {
                            "x": 1438326000000,
                            "y": 155040
                        },
                        {
                            "x": 1441004400000,
                            "y": 155550
                        },
                        {
                            "x": 1443596400000,
                            "y": 157066
                        },
                        {
                            "x": 1446274800000,
                            "y": 160644
                        },
                        {
                            "x": 1448870400000,
                            "y": 162960
                        },
                        {
                            "x": 1451548800000,
                            "y": 165091
                        },
                        {
                            "x": 1454227200000,
                            "y": 166980
                        },
                        {
                            "x": 1456732800000,
                            "y": 168645
                        },
                        {
                            "x": 1459407600000,
                            "y": 172357
                        },
                        {
                            "x": 1461999600000,
                            "y": 174931
                        },
                        {
                            "x": 1464678000000,
                            "y": 174642
                        },
                        {
                            "x": 1467270000000,
                            "y": 171650
                        },
                        {
                            "x": 1469948400000,
                            "y": 179758
                        },
                        {
                            "x": 1472626800000,
                            "y": 182176
                        },
                        {
                            "x": 1475218800000,
                            "y": 184708
                        },
                        {
                            "x": 1477897200000,
                            "y": 187417
                        },
                        {
                            "x": 1480492800000,
                            "y": 187110
                        },
                        {
                            "x": 1483171200000,
                            "y": 189312
                        },
                        {
                            "x": 1485849600000,
                            "y": 185194
                        },
                        {
                            "x": 1488268800000,
                            "y": 191677
                        },
                        {
                            "x": 1490943600000,
                            "y": 186004
                        },
                        {
                            "x": 1493535600000,
                            "y": 180681
                        },
                        {
                            "x": 1496214000000,
                            "y": 180394
                        },
                        {
                            "x": 1498806000000,
                            "y": 180723
                        },
                        {
                            "x": 1501484400000,
                            "y": 176323
                        },
                        {
                            "x": 1504162800000,
                            "y": 181942
                        },
                        {
                            "x": 1506754800000,
                            "y": 181197
                        },
                        {
                            "x": 1509433200000,
                            "y": 185325
                        },
                        {
                            "x": 1512028800000,
                            "y": 180761
                        },
                        {
                            "x": 1514707200000,
                            "y": 180861
                        },
                        {
                            "x": 1517385600000,
                            "y": 190700
                        },
                        {
                            "x": 1519804800000,
                            "y": 183244
                        },
                        {
                            "x": 1522479600000,
                            "y": 191503
                        },
                        {
                            "x": 1525071600000,
                            "y": 196370
                        },
                        {
                            "x": 1527750000000,
                            "y": 191018
                        },
                        {
                            "x": 1530342000000,
                            "y": 187584
                        },
                        {
                            "x": 1533020400000,
                            "y": 188199
                        },
                        {
                            "x": 1535698800000,
                            "y": 187031
                        },
                        {
                            "x": 1538290800000,
                            "y": 192579
                        },
                        {
                            "x": 1540969200000,
                            "y": 188397
                        },
                        {
                            "x": 1543564800000,
                            "y": 201247
                        },
                        {
                            "x": 1546243200000,
                            "y": 192942
                        },
                        {
                            "x": 1548921600000,
                            "y": 192366
                        },
                        {
                            "x": 1551340800000,
                            "y": 201433
                        },
                        {
                            "x": 1554015600000,
                            "y": 200756
                        },
                        {
                            "x": 1556607600000,
                            "y": 202112
                        },
                        {
                            "x": 1559286000000,
                            "y": 198059
                        },
                        {
                            "x": 1561878000000,
                            "y": 209530
                        },
                        {
                            "x": 1564556400000,
                            "y": 210358
                        },
                        {
                            "x": 1567234800000,
                            "y": 205356
                        },
                        {
                            "x": 1569826800000,
                            "y": 207612
                        },
                        {
                            "x": 1572505200000,
                            "y": 207741
                        },
                        {
                            "x": 1575100800000,
                            "y": 219280
                        },
                        {
                            "x": 1577779200000,
                            "y": 214308
                        },
                        {
                            "x": 1580457600000,
                            "y": 213356
                        },
                        {
                            "x": 1582963200000,
                            "y": 217449
                        },
                        {
                            "x": 1585638000000,
                            "y": 218948
                        },
                        {
                            "x": 1588230000000,
                            "y": 215451
                        },
                        {
                            "x": 1590908400000,
                            "y": 216670
                        },
                        {
                            "x": 1593500400000,
                            "y": 219969
                        },
                        {
                            "x": 1596178800000,
                            "y": 219832
                        },
                        {
                            "x": 1598857200000,
                            "y": 219510
                        },
                        {
                            "x": 1601449200000,
                            "y": 219683
                        },
                        {
                            "x": 1604127600000,
                            "y": 218084
                        },
                        {
                            "x": 1606723200000,
                            "y": 218287
                        },
                        {
                            "x": 1609401600000,
                            "y": 218788
                        },
                        {
                            "x": 1612080000000,
                            "y": 221955
                        },
                        {
                            "x": 1614499200000,
                            "y": 223003
                        },
                        {
                            "x": 1617174000000,
                            "y": 223729
                        },
                        {
                            "x": 1619766000000,
                            "y": 228370
                        },
                        {
                            "x": 1622444400000,
                            "y": 228961
                        },
                        {
                            "x": 1625036400000,
                            "y": 226100
                        },
                        {
                            "x": 1627714800000,
                            "y": 225800
                        },
                        {
                            "x": 1630393200000,
                            "y": 225000
                        },
                        {
                            "x": 1632985200000,
                            "y": 227900
                        },
                        {
                            "x": 1635663600000,
                            "y": 230600
                        },
                        {
                            "x": 1638259200000,
                            "y": 233100
                        },
                        {
                            "x": 1640937600000,
                            "y": 236500
                        },
                        {
                            "x": 1643616000000,
                            "y": 237900
                        },
                        {
                            "x": 1646035200000,
                            "y": 241500
                        },
                        {
                            "x": 1648710000000,
                            "y": 240800
                        },
                        {
                            "x": 1651302000000,
                            "y": 244500
                        },
                        {
                            "x": 1653980400000,
                            "y": 250200
                        },
                        {
                            "x": 1656572400000,
                            "y": 253200
                        },
                        {
                            "x": 1659250800000,
                            "y": 260100
                        },
                        {
                            "x": 1661929200000,
                            "y": 264500
                        },
                        {
                            "x": 1664521200000,
                            "y": 266500
                        },
                        {
                            "x": 1667199600000,
                            "y": 268300
                        },
                        {
                            "x": 1669795200000,
                            "y": 269600
                        },
                        {
                            "x": 1672473600000,
                            "y": 268100
                        },
                        {
                            "x": 1675152000000,
                            "y": 264500
                        },
                        {
                            "x": 1677571200000,
                            "y": 269600
                        },
                        {
                            "x": 1680246000000,
                            "y": 275900
                        },
                        {
                            "x": 1682838000000,
                            "y": 279400
                        },
                        {
                            "x": 1685516400000,
                            "y": 288500
                        },
                        {
                            "x": 1688108400000,
                            "y": 292500
                        },
                        {
                            "x": 1690786800000,
                            "y": 306600
                        },
                        {
                            "x": 1693465200000,
                            "y": 301800
                        },
                        {
                            "x": 1696057200000,
                            "y": 309800
                        },
                        {
                            "x": 1698735600000,
                            "y": 310800
                        },
                        {
                            "x": 1701331200000,
                            "y": 310900
                        },
                        {
                            "x": 1704009600000,
                            "y": 309400
                        },
                        {
                            "x": 1706688000000,
                            "y": 349100
                        },
                        {
                            "x": 1707206400000,
                            "y": 349300
                        }
                    ],
                    "name": "This home"
                }
            ]
        }
    }
}