{
    "data": {
        "property": {
            "homeValueChartData": [
                {
                    "points": [
                        {
                            "x": 1393574400000,
                            "y": 163552
                        },
                        {
                            "x": 1396249200000,
                            "y": 160499
                        },
                        {
                            "x": 1398841200000,
                            "y": 162491
                        },
                        {
                            "x": 1401519600000,
                            "y": 159601
                        },
                        {
                            "x": 1404111600000,
                            "y": 162868
                        },
                        {
                            "x": 1406790000000,
                            "y": 164560
                        },
                        {
                            "x": 1409468400000,
                            "y": 168503
                        },
                        {
                            "x": 1412060400000,
                            "y": 171838
                        },
                        {
                            "x": 1414738800000,
                            "y": 171869
                        },
                        {
                            "x": 1417334400000,
                            "y": 171772
                        },
                        {
                            "x": 1420012800000,
                            "y": 173756
                        },
                        {
                            "x": 1422691200000,
                            "y": 174096
                        },
                        {
                            "x": 1425110400000,
                            "y": 176729
                        },
                        {
                            "x": 1427785200000,
                            "y": 174339
                        },
                        {
                            "x": 1430377200000,
                            "y": 170552
                        },
                        {
                            "x": 1433055600000,
                            "y": 173024
                        },
                        {
                            "x": 1435647600000,
                            "y": 170772
                        },
                        {
                            "x": 1438326000000,
                            "y": 168084
                        },
                        {
                            "x": 1441004400000,
                            "y": 165408
                        },
                        {
                            "x": 1443596400000,
                            "y": 163316
                        },
                        {
                            "x": 1446274800000,
                            "y": 159985
                        },
                        {
                            "x": 1448870400000,
                            "y": 162367
                        },
                        {
                            "x": 1451548800000,
                            "y": 163614
                        },
                        {
                            "x": 1454227200000,
                            "y": 160033
                        },
                        {
                            "x": 1456732800000,
                            "y": 160435
                        },
                        {
                            "x": 1459407600000,
                            "y": 162290
                        },
                        {
                            "x": 1461999600000,
                            "y": 162837
                        },
                        {
                            "x": 1464678000000,
                            "y": 164699
                        },
                        {
                            "x": 1467270000000,
                            "y": 168432
                        },
                        {
                            "x": 1469948400000,
                            "y": 173443
                        },
                        {
                            "x": 1472626800000,
                            "y": 172508
                        },
                        {
                            "x": 1475218800000,
                            "y": 173393
                        },
                        {
                            "x": 1477897200000,
                            "y": 178233
                        },
                        {
                            "x": 1480492800000,
                            "y": 184882
                        },
                        {
                            "x": 1483171200000,
                            "y": 188052
                        },
                        {
                            "x": 1485849600000,
                            "y": 191295
                        },
                        {
                            "x": 1488268800000,
                            "y": 188598
                        },
                        {
                            "x": 1490943600000,
                            "y": 190010
                        },
                        {
                            "x": 1493535600000,
                            "y": 191128
                        },
                        {
                            "x": 1496214000000,
                            "y": 196890
                        },
                        {
                            "x": 1498806000000,
                            "y": 200179
                        },
                        {
                            "x": 1501484400000,
                            "y": 200320
                        },
                        {
                            "x": 1504162800000,
                            "y": 201906
                        },
                        {
                            "x": 1506754800000,
                            "y": 197841
                        },
                        {
                            "x": 1509433200000,
                            "y": 200663
                        },
                        {
                            "x": 1512028800000,
                            "y": 202004
                        },
                        {
                            "x": 1514707200000,
                            "y": 200612
                        },
                        {
                            "x": 1517385600000,
                            "y": 199939
                        },
                        {
                            "x": 1519804800000,
                            "y": 200201
                        },
                        {
                            "x": 1522479600000,
                            "y": 200350
                        },
                        {
                            "x": 1525071600000,
                            "y": 209908
                        },
                        {
                            "x": 1527750000000,
                            "y": 209463
                        },
                        {
                            "x": 1530342000000,
                            "y": 212551
                        },
                        {
                            "x": 1533020400000,
                            "y": 212278
                        },
                        {
                            "x": 1535698800000,
                            "y": 213574
                        },
                        {
                            "x": 1538290800000,
                            "y": 213140
                        },
                        {
                            "x": 1540969200000,
                            "y": 217412
                        },
                        {
                            "x": 1543564800000,
                            "y": 220119
                        },
                        {
                            "x": 1546243200000,
                            "y": 219371
                        },
                        {
                            "x": 1548921600000,
                            "y": 222070
                        },
                        {
                            "x": 1551340800000,
                            "y": 222408
                        },
                        {
                            "x": 1554015600000,
                            "y": 224845
                        },
                        {
                            "x": 1556607600000,
                            "y": 226025
                        },
                        {
                            "x": 1559286000000,
                            "y": 221179
                        },
                        {
                            "x": 1561878000000,
                            "y": 222924
                        },
                        {
                            "x": 1564556400000,
                            "y": 224478
                        },
                        {
                            "x": 1567234800000,
                            "y": 222983
                        },
                        {
                            "x": 1569826800000,
                            "y": 221846
                        },
                        {
                            "x": 1572505200000,
                            "y": 227084
                        },
                        {
                            "x": 1575100800000,
                            "y": 226382
                        },
                        {
                            "x": 1577779200000,
                            "y": 225466
                        },
                        {
                            "x": 1580457600000,
                            "y": 222805
                        },
                        {
                            "x": 1582963200000,
                            "y": 224073
                        },
                        {
                            "x": 1585638000000,
                            "y": 221928
                        },
                        {
                            "x": 1588230000000,
                            "y": 220889
                        },
                        {
                            "x": 1590908400000,
                            "y": 226345
                        },
                        {
                            "x": 1593500400000,
                            "y": 227875
                        },
                        {
                            "x": 1596178800000,
                            "y": 231416
                        },
                        {
                            "x": 1598857200000,
                            "y": 236360
                        },
                        {
                            "x": 1601449200000,
                            "y": 232009
                        },
                        {
                            "x": 1604127600000,
                            "y": 233240
                        },
                        {
                            "x": 1606723200000,
                            "y": 230352
                        },
                        {
                            "x": 1609401600000,
                            "y": 232992
                        },
                        {
                            "x": 1612080000000,
                            "y": 236391
                        },
                        {
                            "x": 1614499200000,
                            "y": 236738
                        },
                        {
                            "x": 1617174000000,
                            "y": 241057
                        },
                        {
                            "x": 1619766000000,
                            "y": 250242
                        },
                        {
                            "x": 1622444400000,
                            "y": 250563
                        },
                        {
                            "x": 1625036400000,
                            "y": 244700
                        },
                        {
                            "x": 1627714800000,
                            "y": 242400
                        },
                        {
                            "x": 1630393200000,
                            "y": 240300
                        },
                        {
                            "x": 1632985200000,
                            "y": 243400
                        },
                        {
                            "x": 1635663600000,
                            "y": 246200
                        },
                        {
                            "x": 1638259200000,
                            "y": 249400
                        },
                        {
                            "x": 1640937600000,
                            "y": 251700
                        },
                        {
                            "x": 1643616000000,
                            "y": 253700
                        },
                        {
                            "x": 1646035200000,
                            "y": 254600
                        },
                        {
                            "x": 1648710000000,
                            "y": 265800
                        },
                        {
                            "x": 1651302000000,
                            "y": 269000
                        },
                        {
                            "x": 1653980400000,
                            "y": 275700
                        },
                        {
                            "x": 1656572400000,
                            "y": 279400
                        },
                        {
                            "x": 1659250800000,
                            "y": 286600
                        },
                        {
                            "x": 1661929200000,
                            "y": 288900
                        },
                        {
                            "x": 1664521200000,
                            "y": 290900
                        },
                        {
                            "x": 1667199600000,
                            "y": 293200
                        },
                        {
                            "x": 1669795200000,
                            "y": 294000
                        },
                        {
                            "x": 1672473600000,
                            "y": 293900
                        },
                        {
                            "x": 1675152000000,
                            "y": 293100
                        },
                        {
                            "x": 1677571200000,
                            "y": 297200
                        },
                        {
                            "x": 1680246000000,
                            "y": 304200
                        },
                        {
                            "x": 1682838000000,
                            "y": 307200
                        },
                        {
                            "x": 1685516400000,
                            "y": 315200
                        },
                        {
                            "x": 1688108400000,
                            "y": 317200
                        },
                        {
                            "x": 1690786800000,
                            "y": 316600
                        },
                        {
                            "x": 1693465200000,
                            "y": 317100
                        },
                        {
                            "x": 1696057200000,
                            "y": 325200
                        },
                        {
                            "x": 1698735600000,
                            "y": 326500
                        },
                        {
                            "x": 1701331200000,
                            "y": 328900
                        },
                        {
                            "x": 1704009600000,
                            "y": 344500
                        },
                        {
                            "x": 1706688000000,
                            "y": 328800
                        },
                        {
                            "x": 1707206400000,
                            "y": 328500
                        }
                    ],
                    "name": "This home"
                }
            ]
        }
    }
}