{
    "data": {
        "property": {
            "homeValueChartData": [
                {
                    "points": [
                        {
                            "x": 1393574400000,
                            "y": 111573
                        },
                        {
                            "x": 1396249200000,
                            "y": 115859
                        },
                        {
                            "x": 1398841200000,
                            "y": 118735
                        },
                        {
                            "x": 1401519600000,
                            "y": 114772
                        },
                        {
                            "x": 1404111600000,
                            "y": 118928
                        },
                        {
                            "x": 1406790000000,
                            "y": 125246
                        },
                        {
                            "x": 1409468400000,
                            "y": 127641
                        },
                        {
                            "x": 1412060400000,
                            "y": 124985
                        },
                        {
                            "x": 1414738800000,
                            "y": 130282
                        },
                        {
                            "x": 1417334400000,
                            "y": 127167
                        },
                        {
                            "x": 1420012800000,
                            "y": 136588
                        },
                        {
                            "x": 1422691200000,
                            "y": 140822
                        },
                        {
                            "x": 1425110400000,
                            "y": 140188
                        },
                        {
                            "x": 1427785200000,
                            "y": 142459
                        },
                        {
                            "x": 1430377200000,
                            "y": 141936
                        },
                        {
                            "x": 1433055600000,
                            "y": 143689
                        },
                        {
                            "x": 1435647600000,
                            "y": 143525
                        },
                        {
                            "x": 1438326000000,
                            "y": 144758
                        },
                        {
                            "x": 1441004400000,
                            "y": 148872
                        },
                        {
                            "x": 1443596400000,
                            "y": 147473
                        },
                        {
                            "x": 1446274800000,
                            "y": 145996
                        },
                        {
                            "x": 1448870400000,
                            "y": 136079
                        },
                        {
                            "x": 1451548800000,
                            "y": 136561
                        },
                        {
                            "x": 1454227200000,
                            "y": 143021
                        },
                        {
                            "x": 1456732800000,
                            "y": 139250
                        },
                        {
                            "x": 1459407600000,
                            "y": 139290
                        },
                        {
                            "x": 1461999600000,
                            "y": 135480
                        },
                        {
                            "x": 1464678000000,
                            "y": 138890
                        },
                        {
                            "x": 1467270000000,
                            "y": 145394
                        },
                        {
                            "x": 1469948400000,
                            "y": 145591
                        },
                        {
                            "x": 1472626800000,
                            "y": 143368
                        },
                        {
                            "x": 1475218800000,
                            "y": 145887
                        },
                        {
                            "x": 1477897200000,
                            "y": 143775
                        },
                        {
                            "x": 1480492800000,
                            "y": 146833
                        },
                        {
                            "x": 1483171200000,
                            "y": 150951
                        },
                        {
                            "x": 1485849600000,
                            "y": 153402
                        },
                        {
                            "x": 1488268800000,
                            "y": 153605
                        },
                        {
                            "x": 1490943600000,
                            "y": 150648
                        },
                        {
                            "x": 1493535600000,
                            "y": 145716
                        },
                        {
                            "x": 1496214000000,
                            "y": 145217
                        },
                        {
                            "x": 1498806000000,
                            "y": 145245
                        },
                        {
                            "x": 1501484400000,
                            "y": 147320
                        },
                        {
                            "x": 1504162800000,
                            "y": 151563
                        },
                        {
                            "x": 1506754800000,
                            "y": 146469
                        },
                        {
                            "x": 1509433200000,
                            "y": 153388
                        },
                        {
                            "x": 1512028800000,
                            "y": 152806
                        },
                        {
                            "x": 1514707200000,
                            "y": 150471
                        },
                        {
                            "x": 1517385600000,
                            "y": 153043
                        },
                        {
                            "x": 1519804800000,
                            "y": 156772
                        },
                        {
                            "x": 1522479600000,
                            "y": 158105
                        },
                        {
                            "x": 1525071600000,
                            "y": 161711
                        },
                        {
                            "x": 1527750000000,
                            "y": 167790
                        },
                        {
                            "x": 1530342000000,
                            "y": 168270
                        },
                        {
                            "x": 1533020400000,
                            "y": 165830
                        },
                        {
                            "x": 1535698800000,
                            "y": 160819
                        },
                        {
                            "x": 1538290800000,
                            "y": 169941
                        },
                        {
                            "x": 1540969200000,
                            "y": 164469
                        },
                        {
                            "x": 1543564800000,
                            "y": 163897
                        },
                        {
                            "x": 1546243200000,
                            "y": 165728
                        },
                        {
                            "x": 1548921600000,
                            "y": 164687
                        },
                        {
                            "x": 1551340800000,
                            "y": 166119
                        },
                        {
                            "x": 1554015600000,
                            "y": 167147
                        },
                        {
                            "x": 1556607600000,
                            "y": 167302
                        },
                        {
                            "x": 1559286000000,
                            "y": 169012
                        },
                        {
                            "x": 1561878000000,
                            "y": 170177
                        },
                        {
                            "x": 1564556400000,
                            "y": 170577
                        },
                        {
                            "x": 1567234800000,
                            "y": 160882
                        },
                        {
                            "x": 1569826800000,
                            "y": 163576
                        },
                        {
                            "x": 1572505200000,
                            "y": 162914
                        },
                        {
                            "x": 1575100800000,
                            "y": 165401
                        },
                        {
                            "x": 1577779200000,
                            "y": 170540
                        },
                        {
                            "x": 1580457600000,
                            "y": 170901
                        },
                        {
                            "x": 1582963200000,
                            "y": 172968
                        },
                        {
                            "x": 1585638000000,
                            "y": 175757
                        },
                        {
                            "x": 1588230000000,
                            "y": 175512
                        },
                        {
                            "x": 1590908400000,
                            "y": 177690
                        },
                        {
                            "x": 1593500400000,
                            "y": 175753
                        },
                        {
                            "x": 1596178800000,
                            "y": 177704
                        },
                        {
                            "x": 1598857200000,
                            "y": 178104
                        },
                        {
                            "x": 1601449200000,
                            "y": 182907
                        },
                        {
                            "x": 1604127600000,
                            "y": 184285
                        },
                        {
                            "x": 1606723200000,
                            "y": 183268
                        },
                        {
                            "x": 1609401600000,
                            "y": 184879
                        },
                        {
                            "x": 1612080000000,
                            "y": 186509
                        },
                        {
                            "x": 1614499200000,
                            "y": 187360
                        },
                        {
                            "x": 1617174000000,
                            "y": 187602
                        },
                        {
                            "x": 1619766000000,
                            "y": 191098
                        },
                        {
                            "x": 1622444400000,
                            "y": 192889
                        },
                        {
                            "x": 1625036400000,
                            "y": 190900
                        },
                        {
                            "x": 1627714800000,
                            "y": 190200
                        },
                        {
                            "x": 1630393200000,
                            "y": 187300
                        },
                        {
                            "x": 1632985200000,
                            "y": 188400
                        },
                        {
                            "x": 1635663600000,
                            "y": 190800
                        },
                        {
                            "x": 1638259200000,
                            "y": 192500
                        },
                        {
                            "x": 1640937600000,
                            "y": 194100
                        },
                        {
                            "x": 1643616000000,
                            "y": 195800
                        },
                        {
                            "x": 1646035200000,
                            "y": 198600
                        },
                        {
                            "x": 1648710000000,
                            "y": 214000
                        },
                        {
                            "x": 1651302000000,
                            "y": 224000
                        },
                        {
                            "x": 1653980400000,
                            "y": 230200
                        },
                        {
                            "x": 1656572400000,
                            "y": 234200
                        },
                        {
                            "x": 1659250800000,
                            "y": 240100
                        },
                        {
                            "x": 1661929200000,
                            "y": 242100
                        },
                        {
                            "x": 1664521200000,
                            "y": 244000
                        },
                        {
                            "x": 1667199600000,
                            "y": 245900
                        },
                        {
                            "x": 1669795200000,
                            "y": 247400
                        },
                        {
                            "x": 1672473600000,
                            "y": 287700
                        },
                        {
                            "x": 1675152000000,
                            "y": 291000
                        },
                        {
                            "x": 1677571200000,
                            "y": 295700
                        },
                        {
                            "x": 1680246000000,
                            "y": 299600
                        },
                        {
                            "x": 1682838000000,
                            "y": 298900
                        },
                        {
                            "x": 1685516400000,
                            "y": 301600
                        },
                        {
                            "x": 1688108400000,
                            "y": 297400
                        },
                        {
                            "x": 1690786800000,
                            "y": 304800
                        },
                        {
                            "x": 1693465200000,
                            "y": 301600
                        },
                        {
                            "x": 1696057200000,
                            "y": 301600
                        },
                        {
                            "x": 1698735600000,
                            "y": 303200
                        },
                        {
                            "x": 1701331200000,
                            "y": 309400
                        },
                        {
                            "x": 1704009600000,
                            "y": 312500
                        },
                        {
                            "x": 1706688000000,
                            "y": 348600
                        },
                        {
                            "x": 1707379200000,
                            "y": 339500
                        }
                    ],
                    "name": "This home"
                },
                {
                    "points": [
                        {
                            "x": 1671177600000,
                            "y": 285000
                        }
                    ],
                    "name": "Sale"
                }
            ]
        }
    }
}