{
    "data": {
        "property": {
            "homeValueChartData": [
                {
                    "points": [
                        {
                            "x": 1393574400000,
                            "y": 87737
                        },
                        {
                            "x": 1396249200000,
                            "y": 87722
                        },
                        {
                            "x": 1398841200000,
                            "y": 88433
                        },
                        {
                            "x": 1401519600000,
                            "y": 88526
                        },
                        {
                            "x": 1404111600000,
                            "y": 89124
                        },
                        {
                            "x": 1406790000000,
                            "y": 89520
                        },
                        {
                            "x": 1409468400000,
                            "y": 90166
                        },
                        {
                            "x": 1412060400000,
                            "y": 91790
                        },
                        {
                            "x": 1414738800000,
                            "y": 94368
                        },
                        {
                            "x": 1417334400000,
                            "y": 93479
                        },
                        {
                            "x": 1420012800000,
                            "y": 97112
                        },
                        {
                            "x": 1422691200000,
                            "y": 99370
                        },
                        {
                            "x": 1425110400000,
                            "y": 100657
                        },
                        {
                            "x": 1427785200000,
                            "y": 96923
                        },
                        {
                            "x": 1430377200000,
                            "y": 97495
                        },
                        {
                            "x": 1433055600000,
                            "y": 95960
                        },
                        {
                            "x": 1435647600000,
                            "y": 95166
                        },
                        {
                            "x": 1438326000000,
                            "y": 95596
                        },
                        {
                            "x": 1441004400000,
                            "y": 100537
                        },
                        {
                            "x": 1443596400000,
                            "y": 95498
                        },
                        {
                            "x": 1446274800000,
                            "y": 95614
                        },
                        {
                            "x": 1448870400000,
                            "y": 96455
                        },
                        {
                            "x": 1451548800000,
                            "y": 97728
                        },
                        {
                            "x": 1454227200000,
                            "y": 102693
                        },
                        {
                            "x": 1456732800000,
                            "y": 100165
                        },
                        {
                            "x": 1459407600000,
                            "y": 100068
                        },
                        {
                            "x": 1461999600000,
                            "y": 106685
                        },
                        {
                            "x": 1464678000000,
                            "y": 106686
                        },
                        {
                            "x": 1467270000000,
                            "y": 109858
                        },
                        {
                            "x": 1469948400000,
                            "y": 109321
                        },
                        {
                            "x": 1472626800000,
                            "y": 105476
                        },
                        {
                            "x": 1475218800000,
                            "y": 109934
                        },
                        {
                            "x": 1477897200000,
                            "y": 113951
                        },
                        {
                            "x": 1480492800000,
                            "y": 115618
                        },
                        {
                            "x": 1483171200000,
                            "y": 116957
                        },
                        {
                            "x": 1485849600000,
                            "y": 118432
                        },
                        {
                            "x": 1488268800000,
                            "y": 113968
                        },
                        {
                            "x": 1490943600000,
                            "y": 116571
                        },
                        {
                            "x": 1493535600000,
                            "y": 118834
                        },
                        {
                            "x": 1496214000000,
                            "y": 116081
                        },
                        {
                            "x": 1498806000000,
                            "y": 120645
                        },
                        {
                            "x": 1501484400000,
                            "y": 121600
                        },
                        {
                            "x": 1504162800000,
                            "y": 120158
                        },
                        {
                            "x": 1506754800000,
                            "y": 119908
                        },
                        {
                            "x": 1509433200000,
                            "y": 120602
                        },
                        {
                            "x": 1512028800000,
                            "y": 122957
                        },
                        {
                            "x": 1514707200000,
                            "y": 126581
                        },
                        {
                            "x": 1517385600000,
                            "y": 125373
                        },
                        {
                            "x": 1519804800000,
                            "y": 125672
                        },
                        {
                            "x": 1522479600000,
                            "y": 128669
                        },
                        {
                            "x": 1525071600000,
                            "y": 130616
                        },
                        {
                            "x": 1527750000000,
                            "y": 133043
                        },
                        {
                            "x": 1530342000000,
                            "y": 133671
                        },
                        {
                            "x": 1533020400000,
                            "y": 131932
                        },
                        {
                            "x": 1535698800000,
                            "y": 135149
                        },
                        {
                            "x": 1538290800000,
                            "y": 133878
                        },
                        {
                            "x": 1540969200000,
                            "y": 138010
                        },
                        {
                            "x": 1543564800000,
                            "y": 144457
                        },
                        {
                            "x": 1546243200000,
                            "y": 145654
                        },
                        {
                            "x": 1548921600000,
                            "y": 145664
                        },
                        {
                            "x": 1551340800000,
                            "y": 145918
                        },
                        {
                            "x": 1554015600000,
                            "y": 144154
                        },
                        {
                            "x": 1556607600000,
                            "y": 146279
                        },
                        {
                            "x": 1559286000000,
                            "y": 145338
                        },
                        {
                            "x": 1561878000000,
                            "y": 144618
                        },
                        {
                            "x": 1564556400000,
                            "y": 146615
                        },
                        {
                            "x": 1567234800000,
                            "y": 148573
                        },
                        {
                            "x": 1569826800000,
                            "y": 149391
                        },
                        {
                            "x": 1572505200000,
                            "y": 150356
                        },
                        {
                            "x": 1575100800000,
                            "y": 149530
                        },
                        {
                            "x": 1577779200000,
                            "y": 147975
                        },
                        {
                            "x": 1580457600000,
                            "y": 145881
                        },
                        {
                            "x": 1582963200000,
                            "y": 145378
                        },
                        {
                            "x": 1585638000000,
                            "y": 144826
                        },
                        {
                            "x": 1588230000000,
                            "y": 146656
                        },
                        {
                            "x": 1590908400000,
                            "y": 148680
                        },
                        {
                            "x": 1593500400000,
                            "y": 141377
                        },
                        {
                            "x": 1596178800000,
                            "y": 146551
                        },
                        {
                            "x": 1598857200000,
                            "y": 147470
                        },
                        {
                            "x": 1601449200000,
                            "y": 146542
                        },
                        {
                            "x": 1604127600000,
                            "y": 147807
                        },
                        {
                            "x": 1606723200000,
                            "y": 148897
                        },
                        {
                            "x": 1609401600000,
                            "y": 147953
                        },
                        {
                            "x": 1612080000000,
                            "y": 142354
                        },
                        {
                            "x": 1614499200000,
                            "y": 141235
                        },
                        {
                            "x": 1617174000000,
                            "y": 142133
                        },
                        {
                            "x": 1619766000000,
                            "y": 150362
                        },
                        {
                            "x": 1622444400000,
                            "y": 151598
                        },
                        {
                            "x": 1625036400000,
                            "y": 159400
                        },
                        {
                            "x": 1627714800000,
                            "y": 162900
                        },
                        {
                            "x": 1630393200000,
                            "y": 164800
                        },
                        {
                            "x": 1632985200000,
                            "y": 165300
                        },
                        {
                            "x": 1635663600000,
                            "y": 167300
                        },
                        {
                            "x": 1638259200000,
                            "y": 169100
                        },
                        {
                            "x": 1640937600000,
                            "y": 171500
                        },
                        {
                            "x": 1643616000000,
                            "y": 172200
                        },
                        {
                            "x": 1646035200000,
                            "y": 175000
                        },
                        {
                            "x": 1648710000000,
                            "y": 186800
                        },
                        {
                            "x": 1651302000000,
                            "y": 190600
                        },
                        {
                            "x": 1653980400000,
                            "y": 193000
                        },
                        {
                            "x": 1656572400000,
                            "y": 198900
                        },
                        {
                            "x": 1659250800000,
                            "y": 200200
                        },
                        {
                            "x": 1661929200000,
                            "y": 199300
                        },
                        {
                            "x": 1664521200000,
                            "y": 200900
                        },
                        {
                            "x": 1667199600000,
                            "y": 202700
                        },
                        {
                            "x": 1669795200000,
                            "y": 203100
                        },
                        {
                            "x": 1672473600000,
                            "y": 203600
                        },
                        {
                            "x": 1675152000000,
                            "y": 201200
                        },
                        {
                            "x": 1677571200000,
                            "y": 204600
                        },
                        {
                            "x": 1680246000000,
                            "y": 208600
                        },
                        {
                            "x": 1682838000000,
                            "y": 209800
                        },
                        {
                            "x": 1685516400000,
                            "y": 211000
                        },
                        {
                            "x": 1688108400000,
                            "y": 219700
                        },
                        {
                            "x": 1690786800000,
                            "y": 221500
                        },
                        {
                            "x": 1693465200000,
                            "y": 222200
                        },
                        {
                            "x": 1696057200000,
                            "y": 224800
                        },
                        {
                            "x": 1698735600000,
                            "y": 227900
                        },
                        {
                            "x": 1701331200000,
                            "y": 224200
                        },
                        {
                            "x": 1704009600000,
                            "y": 224900
                        },
                        {
                            "x": 1706688000000,
                            "y": 214000
                        },
                        {
                            "x": 1707379200000,
                            "y": 207400
                        }
                    ],
                    "name": "This home"
                }
            ]
        }
    }
}