{
    "data": {
        "property": {
            "homeValueChartData": [
                {
                    "points": [
                        {
                            "x": 1393574400000,
                            "y": 112267
                        },
                        {
                            "x": 1396249200000,
                            "y": 112225
                        },
                        {
                            "x": 1398841200000,
                            "y": 121941
                        },
                        {
                            "x": 1401519600000,
                            "y": 122047
                        },
                        {
                            "x": 1404111600000,
                            "y": 126703
                        },
                        {
                            "x": 1406790000000,
                            "y": 118733
                        },
                        {
                            "x": 1409468400000,
                            "y": 130544
                        },
                        {
                            "x": 1412060400000,
                            "y": 138249
                        },
                        {
                            "x": 1414738800000,
                            "y": 147991
                        },
                        {
                            "x": 1417334400000,
                            "y": 144890
                        },
                        {
                            "x": 1420012800000,
                            "y": 143212
                        },
                        {
                            "x": 1422691200000,
                            "y": 135625
                        },
                        {
                            "x": 1425110400000,
                            "y": 138589
                        },
                        {
                            "x": 1427785200000,
                            "y": 142440
                        },
                        {
                            "x": 1430377200000,
                            "y": 143842
                        },
                        {
                            "x": 1433055600000,
                            "y": 149923
                        },
                        {
                            "x": 1435647600000,
                            "y": 147800
                        },
                        {
                            "x": 1438326000000,
                            "y": 145897
                        },
                        {
                            "x": 1441004400000,
                            "y": 145925
                        },
                        {
                            "x": 1443596400000,
                            "y": 145995
                        },
                        {
                            "x": 1446274800000,
                            "y": 144988
                        },
                        {
                            "x": 1448870400000,
                            "y": 148135
                        },
                        {
                            "x": 1451548800000,
                            "y": 142154
                        },
                        {
                            "x": 1454227200000,
                            "y": 147637
                        },
                        {
                            "x": 1456732800000,
                            "y": 145827
                        },
                        {
                            "x": 1459407600000,
                            "y": 145529
                        },
                        {
                            "x": 1461999600000,
                            "y": 152055
                        },
                        {
                            "x": 1464678000000,
                            "y": 148546
                        },
                        {
                            "x": 1467270000000,
                            "y": 149164
                        },
                        {
                            "x": 1469948400000,
                            "y": 148846
                        },
                        {
                            "x": 1472626800000,
                            "y": 143632
                        },
                        {
                            "x": 1475218800000,
                            "y": 144998
                        },
                        {
                            "x": 1477897200000,
                            "y": 141396
                        },
                        {
                            "x": 1480492800000,
                            "y": 144349
                        },
                        {
                            "x": 1483171200000,
                            "y": 141827
                        },
                        {
                            "x": 1485849600000,
                            "y": 154666
                        },
                        {
                            "x": 1488268800000,
                            "y": 148629
                        },
                        {
                            "x": 1490943600000,
                            "y": 139494
                        },
                        {
                            "x": 1493535600000,
                            "y": 140354
                        },
                        {
                            "x": 1496214000000,
                            "y": 135565
                        },
                        {
                            "x": 1498806000000,
                            "y": 135702
                        },
                        {
                            "x": 1501484400000,
                            "y": 145020
                        },
                        {
                            "x": 1504162800000,
                            "y": 146902
                        },
                        {
                            "x": 1506754800000,
                            "y": 143885
                        },
                        {
                            "x": 1509433200000,
                            "y": 144571
                        },
                        {
                            "x": 1512028800000,
                            "y": 150987
                        },
                        {
                            "x": 1514707200000,
                            "y": 152040
                        },
                        {
                            "x": 1517385600000,
                            "y": 154786
                        },
                        {
                            "x": 1519804800000,
                            "y": 155428
                        },
                        {
                            "x": 1522479600000,
                            "y": 155105
                        },
                        {
                            "x": 1525071600000,
                            "y": 159857
                        },
                        {
                            "x": 1527750000000,
                            "y": 162307
                        },
                        {
                            "x": 1530342000000,
                            "y": 159230
                        },
                        {
                            "x": 1533020400000,
                            "y": 159293
                        },
                        {
                            "x": 1535698800000,
                            "y": 156995
                        },
                        {
                            "x": 1538290800000,
                            "y": 159491
                        },
                        {
                            "x": 1540969200000,
                            "y": 159234
                        },
                        {
                            "x": 1543564800000,
                            "y": 162516
                        },
                        {
                            "x": 1546243200000,
                            "y": 162311
                        },
                        {
                            "x": 1548921600000,
                            "y": 163692
                        },
                        {
                            "x": 1551340800000,
                            "y": 163869
                        },
                        {
                            "x": 1554015600000,
                            "y": 165082
                        },
                        {
                            "x": 1556607600000,
                            "y": 168597
                        },
                        {
                            "x": 1559286000000,
                            "y": 167956
                        },
                        {
                            "x": 1561878000000,
                            "y": 166964
                        },
                        {
                            "x": 1564556400000,
                            "y": 168169
                        },
                        {
                            "x": 1567234800000,
                            "y": 166700
                        },
                        {
                            "x": 1569826800000,
                            "y": 170340
                        },
                        {
                            "x": 1572505200000,
                            "y": 174487
                        },
                        {
                            "x": 1575100800000,
                            "y": 172734
                        },
                        {
                            "x": 1577779200000,
                            "y": 173006
                        },
                        {
                            "x": 1580457600000,
                            "y": 173924
                        },
                        {
                            "x": 1582963200000,
                            "y": 175255
                        },
                        {
                            "x": 1585638000000,
                            "y": 176255
                        },
                        {
                            "x": 1588230000000,
                            "y": 174709
                        },
                        {
                            "x": 1590908400000,
                            "y": 173127
                        },
                        {
                            "x": 1593500400000,
                            "y": 170684
                        },
                        {
                            "x": 1596178800000,
                            "y": 172291
                        },
                        {
                            "x": 1598857200000,
                            "y": 173280
                        },
                        {
                            "x": 1601449200000,
                            "y": 173320
                        },
                        {
                            "x": 1604127600000,
                            "y": 173599
                        },
                        {
                            "x": 1606723200000,
                            "y": 175222
                        },
                        {
                            "x": 1609401600000,
                            "y": 180085
                        },
                        {
                            "x": 1612080000000,
                            "y": 184150
                        },
                        {
                            "x": 1614499200000,
                            "y": 184132
                        },
                        {
                            "x": 1617174000000,
                            "y": 190453
                        },
                        {
                            "x": 1619766000000,
                            "y": 195088
                        },
                        {
                            "x": 1622444400000,
                            "y": 195577
                        },
                        {
                            "x": 1625036400000,
                            "y": 201700
                        },
                        {
                            "x": 1627714800000,
                            "y": 208700
                        },
                        {
                            "x": 1630393200000,
                            "y": 209700
                        },
                        {
                            "x": 1632985200000,
                            "y": 212900
                        },
                        {
                            "x": 1635663600000,
                            "y": 213200
                        },
                        {
                            "x": 1638259200000,
                            "y": 216700
                        },
                        {
                            "x": 1640937600000,
                            "y": 216900
                        },
                        {
                            "x": 1643616000000,
                            "y": 215500
                        },
                        {
                            "x": 1646035200000,
                            "y": 216300
                        },
                        {
                            "x": 1648710000000,
                            "y": 237200
                        },
                        {
                            "x": 1651302000000,
                            "y": 243000
                        },
                        {
                            "x": 1653980400000,
                            "y": 248100
                        },
                        {
                            "x": 1656572400000,
                            "y": 252400
                        },
                        {
                            "x": 1659250800000,
                            "y": 257500
                        },
                        {
                            "x": 1661929200000,
                            "y": 258800
                        },
                        {
                            "x": 1664521200000,
                            "y": 261000
                        },
                        {
                            "x": 1667199600000,
                            "y": 262200
                        },
                        {
                            "x": 1669795200000,
                            "y": 263700
                        },
                        {
                            "x": 1672473600000,
                            "y": 263500
                        },
                        {
                            "x": 1675152000000,
                            "y": 263200
                        },
                        {
                            "x": 1677571200000,
                            "y": 267200
                        },
                        {
                            "x": 1680246000000,
                            "y": 271800
                        },
                        {
                            "x": 1682838000000,
                            "y": 274200
                        },
                        {
                            "x": 1685516400000,
                            "y": 280900
                        },
                        {
                            "x": 1688108400000,
                            "y": 286000
                        },
                        {
                            "x": 1690786800000,
                            "y": 287500
                        },
                        {
                            "x": 1693465200000,
                            "y": 289400
                        },
                        {
                            "x": 1696057200000,
                            "y": 295500
                        },
                        {
                            "x": 1698735600000,
                            "y": 297200
                        },
                        {
                            "x": 1701331200000,
                            "y": 299800
                        },
                        {
                            "x": 1704009600000,
                            "y": 293800
                        },
                        {
                            "x": 1706688000000,
                            "y": 298000
                        },
                        {
                            "x": 1707292800000,
                            "y": 289400
                        }
                    ],
                    "name": "This home"
                }
            ]
        }
    }
}