{
    "data": {
        "property": {
            "homeValueChartData": [
                {
                    "points": [
                        {
                            "x": 1393574400000,
                            "y": 112136
                        },
                        {
                            "x": 1396249200000,
                            "y": 120966
                        },
                        {
                            "x": 1398841200000,
                            "y": 124486
                        },
                        {
                            "x": 1401519600000,
                            "y": 126322
                        },
                        {
                            "x": 1404111600000,
                            "y": 126798
                        },
                        {
                            "x": 1406790000000,
                            "y": 128468
                        },
                        {
                            "x": 1409468400000,
                            "y": 128925
                        },
                        {
                            "x": 1412060400000,
                            "y": 129918
                        },
                        {
                            "x": 1414738800000,
                            "y": 133245
                        },
                        {
                            "x": 1417334400000,
                            "y": 131299
                        },
                        {
                            "x": 1420012800000,
                            "y": 130440
                        },
                        {
                            "x": 1422691200000,
                            "y": 134317
                        },
                        {
                            "x": 1425110400000,
                            "y": 133057
                        },
                        {
                            "x": 1427785200000,
                            "y": 130639
                        },
                        {
                            "x": 1430377200000,
                            "y": 128069
                        },
                        {
                            "x": 1433055600000,
                            "y": 129928
                        },
                        {
                            "x": 1435647600000,
                            "y": 133794
                        },
                        {
                            "x": 1438326000000,
                            "y": 136702
                        },
                        {
                            "x": 1441004400000,
                            "y": 132184
                        },
                        {
                            "x": 1443596400000,
                            "y": 133561
                        },
                        {
                            "x": 1446274800000,
                            "y": 127002
                        },
                        {
                            "x": 1448870400000,
                            "y": 129342
                        },
                        {
                            "x": 1451548800000,
                            "y": 128581
                        },
                        {
                            "x": 1454227200000,
                            "y": 129090
                        },
                        {
                            "x": 1456732800000,
                            "y": 128561
                        },
                        {
                            "x": 1459407600000,
                            "y": 128157
                        },
                        {
                            "x": 1461999600000,
                            "y": 128765
                        },
                        {
                            "x": 1464678000000,
                            "y": 129586
                        },
                        {
                            "x": 1467270000000,
                            "y": 128829
                        },
                        {
                            "x": 1469948400000,
                            "y": 132235
                        },
                        {
                            "x": 1472626800000,
                            "y": 134267
                        },
                        {
                            "x": 1475218800000,
                            "y": 135845
                        },
                        {
                            "x": 1477897200000,
                            "y": 146558
                        },
                        {
                            "x": 1480492800000,
                            "y": 148497
                        },
                        {
                            "x": 1483171200000,
                            "y": 153117
                        },
                        {
                            "x": 1485849600000,
                            "y": 150283
                        },
                        {
                            "x": 1488268800000,
                            "y": 156724
                        },
                        {
                            "x": 1490943600000,
                            "y": 156646
                        },
                        {
                            "x": 1493535600000,
                            "y": 158480
                        },
                        {
                            "x": 1496214000000,
                            "y": 159310
                        },
                        {
                            "x": 1498806000000,
                            "y": 154190
                        },
                        {
                            "x": 1501484400000,
                            "y": 156213
                        },
                        {
                            "x": 1504162800000,
                            "y": 155854
                        },
                        {
                            "x": 1506754800000,
                            "y": 153696
                        },
                        {
                            "x": 1509433200000,
                            "y": 150115
                        },
                        {
                            "x": 1512028800000,
                            "y": 150761
                        },
                        {
                            "x": 1514707200000,
                            "y": 153909
                        },
                        {
                            "x": 1517385600000,
                            "y": 155434
                        },
                        {
                            "x": 1519804800000,
                            "y": 159809
                        },
                        {
                            "x": 1522479600000,
                            "y": 160707
                        },
                        {
                            "x": 1525071600000,
                            "y": 167678
                        },
                        {
                            "x": 1527750000000,
                            "y": 169878
                        },
                        {
                            "x": 1530342000000,
                            "y": 170497
                        },
                        {
                            "x": 1533020400000,
                            "y": 166954
                        },
                        {
                            "x": 1535698800000,
                            "y": 168936
                        },
                        {
                            "x": 1538290800000,
                            "y": 169597
                        },
                        {
                            "x": 1540969200000,
                            "y": 161727
                        },
                        {
                            "x": 1543564800000,
                            "y": 163072
                        },
                        {
                            "x": 1546243200000,
                            "y": 160903
                        },
                        {
                            "x": 1548921600000,
                            "y": 171665
                        },
                        {
                            "x": 1551340800000,
                            "y": 172176
                        },
                        {
                            "x": 1554015600000,
                            "y": 172292
                        },
                        {
                            "x": 1556607600000,
                            "y": 171101
                        },
                        {
                            "x": 1559286000000,
                            "y": 170151
                        },
                        {
                            "x": 1561878000000,
                            "y": 166465
                        },
                        {
                            "x": 1564556400000,
                            "y": 165840
                        },
                        {
                            "x": 1567234800000,
                            "y": 164797
                        },
                        {
                            "x": 1569826800000,
                            "y": 166571
                        },
                        {
                            "x": 1572505200000,
                            "y": 167388
                        },
                        {
                            "x": 1575100800000,
                            "y": 171158
                        },
                        {
                            "x": 1577779200000,
                            "y": 172631
                        },
                        {
                            "x": 1580457600000,
                            "y": 168934
                        },
                        {
                            "x": 1582963200000,
                            "y": 169460
                        },
                        {
                            "x": 1585638000000,
                            "y": 175666
                        },
                        {
                            "x": 1588230000000,
                            "y": 179748
                        },
                        {
                            "x": 1590908400000,
                            "y": 183078
                        },
                        {
                            "x": 1593500400000,
                            "y": 179777
                        },
                        {
                            "x": 1596178800000,
                            "y": 178631
                        },
                        {
                            "x": 1598857200000,
                            "y": 179422
                        },
                        {
                            "x": 1601449200000,
                            "y": 175759
                        },
                        {
                            "x": 1604127600000,
                            "y": 183089
                        },
                        {
                            "x": 1661929200000,
                            "y": 238800
                        },
                        {
                            "x": 1664521200000,
                            "y": 239100
                        },
                        {
                            "x": 1667199600000,
                            "y": 240100
                        },
                        {
                            "x": 1669795200000,
                            "y": 240100
                        },
                        {
                            "x": 1672473600000,
                            "y": 239900
                        },
                        {
                            "x": 1675152000000,
                            "y": 238200
                        },
                        {
                            "x": 1677571200000,
                            "y": 241000
                        },
                        {
                            "x": 1680246000000,
                            "y": 244700
                        },
                        {
                            "x": 1682838000000,
                            "y": 247700
                        },
                        {
                            "x": 1685516400000,
                            "y": 247400
                        },
                        {
                            "x": 1688108400000,
                            "y": 255500
                        },
                        {
                            "x": 1690786800000,
                            "y": 258700
                        },
                        {
                            "x": 1693465200000,
                            "y": 257800
                        },
                        {
                            "x": 1696057200000,
                            "y": 260100
                        },
                        {
                            "x": 1698735600000,
                            "y": 263000
                        },
                        {
                            "x": 1701331200000,
                            "y": 262900
                        },
                        {
                            "x": 1704009600000,
                            "y": 262400
                        },
                        {
                            "x": 1706688000000,
                            "y": 324500
                        },
                        {
                            "x": 1707379200000,
                            "y": 319900
                        }
                    ],
                    "name": "This home"
                }
            ]
        }
    }
}