{
    "data": {
        "property": {
            "homeValueChartData": [
                {
                    "points": [
                        {
                            "x": 1393574400000,
                            "y": 112782
                        },
                        {
                            "x": 1396249200000,
                            "y": 114504
                        },
                        {
                            "x": 1398841200000,
                            "y": 110183
                        },
                        {
                            "x": 1401519600000,
                            "y": 114140
                        },
                        {
                            "x": 1404111600000,
                            "y": 115006
                        },
                        {
                            "x": 1406790000000,
                            "y": 116866
                        },
                        {
                            "x": 1409468400000,
                            "y": 116139
                        },
                        {
                            "x": 1412060400000,
                            "y": 113259
                        },
                        {
                            "x": 1414738800000,
                            "y": 126144
                        },
                        {
                            "x": 1417334400000,
                            "y": 123750
                        },
                        {
                            "x": 1420012800000,
                            "y": 130447
                        },
                        {
                            "x": 1422691200000,
                            "y": 142382
                        },
                        {
                            "x": 1425110400000,
                            "y": 135042
                        },
                        {
                            "x": 1427785200000,
                            "y": 142440
                        },
                        {
                            "x": 1430377200000,
                            "y": 135281
                        },
                        {
                            "x": 1433055600000,
                            "y": 135008
                        },
                        {
                            "x": 1435647600000,
                            "y": 135367
                        },
                        {
                            "x": 1438326000000,
                            "y": 139542
                        },
                        {
                            "x": 1441004400000,
                            "y": 144782
                        },
                        {
                            "x": 1443596400000,
                            "y": 141887
                        },
                        {
                            "x": 1446274800000,
                            "y": 143097
                        },
                        {
                            "x": 1448870400000,
                            "y": 144969
                        },
                        {
                            "x": 1451548800000,
                            "y": 146495
                        },
                        {
                            "x": 1454227200000,
                            "y": 145127
                        },
                        {
                            "x": 1456732800000,
                            "y": 146404
                        },
                        {
                            "x": 1459407600000,
                            "y": 149410
                        },
                        {
                            "x": 1461999600000,
                            "y": 151053
                        },
                        {
                            "x": 1464678000000,
                            "y": 156175
                        },
                        {
                            "x": 1467270000000,
                            "y": 156141
                        },
                        {
                            "x": 1469948400000,
                            "y": 156494
                        },
                        {
                            "x": 1472626800000,
                            "y": 156202
                        },
                        {
                            "x": 1475218800000,
                            "y": 155793
                        },
                        {
                            "x": 1477897200000,
                            "y": 157722
                        },
                        {
                            "x": 1480492800000,
                            "y": 161183
                        },
                        {
                            "x": 1483171200000,
                            "y": 159508
                        },
                        {
                            "x": 1485849600000,
                            "y": 161055
                        },
                        {
                            "x": 1488268800000,
                            "y": 160797
                        },
                        {
                            "x": 1490943600000,
                            "y": 161405
                        },
                        {
                            "x": 1493535600000,
                            "y": 160106
                        },
                        {
                            "x": 1496214000000,
                            "y": 162825
                        },
                        {
                            "x": 1498806000000,
                            "y": 162477
                        },
                        {
                            "x": 1501484400000,
                            "y": 162439
                        },
                        {
                            "x": 1504162800000,
                            "y": 165088
                        },
                        {
                            "x": 1506754800000,
                            "y": 163068
                        },
                        {
                            "x": 1509433200000,
                            "y": 168897
                        },
                        {
                            "x": 1512028800000,
                            "y": 165637
                        },
                        {
                            "x": 1514707200000,
                            "y": 166129
                        },
                        {
                            "x": 1517385600000,
                            "y": 166666
                        },
                        {
                            "x": 1519804800000,
                            "y": 171419
                        },
                        {
                            "x": 1522479600000,
                            "y": 173528
                        },
                        {
                            "x": 1525071600000,
                            "y": 174522
                        },
                        {
                            "x": 1527750000000,
                            "y": 174114
                        },
                        {
                            "x": 1530342000000,
                            "y": 176473
                        },
                        {
                            "x": 1533020400000,
                            "y": 176345
                        },
                        {
                            "x": 1535698800000,
                            "y": 176093
                        },
                        {
                            "x": 1538290800000,
                            "y": 175152
                        },
                        {
                            "x": 1540969200000,
                            "y": 178406
                        },
                        {
                            "x": 1543564800000,
                            "y": 177796
                        },
                        {
                            "x": 1546243200000,
                            "y": 175965
                        },
                        {
                            "x": 1548921600000,
                            "y": 175789
                        },
                        {
                            "x": 1551340800000,
                            "y": 175535
                        },
                        {
                            "x": 1554015600000,
                            "y": 176444
                        },
                        {
                            "x": 1556607600000,
                            "y": 176435
                        },
                        {
                            "x": 1559286000000,
                            "y": 176757
                        },
                        {
                            "x": 1561878000000,
                            "y": 181783
                        },
                        {
                            "x": 1564556400000,
                            "y": 180653
                        },
                        {
                            "x": 1567234800000,
                            "y": 179661
                        },
                        {
                            "x": 1569826800000,
                            "y": 181621
                        },
                        {
                            "x": 1572505200000,
                            "y": 183407
                        },
                        {
                            "x": 1575100800000,
                            "y": 182735
                        },
                        {
                            "x": 1577779200000,
                            "y": 181525
                        },
                        {
                            "x": 1580457600000,
                            "y": 181149
                        },
                        {
                            "x": 1582963200000,
                            "y": 179325
                        },
                        {
                            "x": 1585638000000,
                            "y": 180035
                        },
                        {
                            "x": 1588230000000,
                            "y": 182138
                        },
                        {
                            "x": 1590908400000,
                            "y": 180114
                        },
                        {
                            "x": 1593500400000,
                            "y": 179291
                        },
                        {
                            "x": 1596178800000,
                            "y": 178645
                        },
                        {
                            "x": 1598857200000,
                            "y": 179875
                        },
                        {
                            "x": 1622444400000,
                            "y": 185268
                        },
                        {
                            "x": 1625036400000,
                            "y": 198100
                        },
                        {
                            "x": 1627714800000,
                            "y": 207100
                        },
                        {
                            "x": 1630393200000,
                            "y": 210500
                        },
                        {
                            "x": 1632985200000,
                            "y": 211700
                        },
                        {
                            "x": 1635663600000,
                            "y": 211500
                        },
                        {
                            "x": 1638259200000,
                            "y": 214600
                        },
                        {
                            "x": 1640937600000,
                            "y": 214400
                        },
                        {
                            "x": 1643616000000,
                            "y": 214400
                        },
                        {
                            "x": 1646035200000,
                            "y": 217000
                        },
                        {
                            "x": 1648710000000,
                            "y": 223900
                        },
                        {
                            "x": 1651302000000,
                            "y": 228900
                        },
                        {
                            "x": 1653980400000,
                            "y": 237400
                        },
                        {
                            "x": 1656572400000,
                            "y": 240700
                        },
                        {
                            "x": 1659250800000,
                            "y": 245500
                        },
                        {
                            "x": 1661929200000,
                            "y": 245800
                        },
                        {
                            "x": 1664521200000,
                            "y": 248300
                        },
                        {
                            "x": 1667199600000,
                            "y": 255000
                        },
                        {
                            "x": 1669795200000,
                            "y": 255000
                        },
                        {
                            "x": 1672473600000,
                            "y": 255000
                        },
                        {
                            "x": 1675152000000,
                            "y": 263100
                        },
                        {
                            "x": 1677571200000,
                            "y": 253200
                        },
                        {
                            "x": 1680246000000,
                            "y": 252000
                        },
                        {
                            "x": 1682838000000,
                            "y": 250000
                        },
                        {
                            "x": 1685516400000,
                            "y": 250500
                        },
                        {
                            "x": 1688108400000,
                            "y": 249100
                        },
                        {
                            "x": 1690786800000,
                            "y": 285500
                        },
                        {
                            "x": 1693465200000,
                            "y": 286600
                        },
                        {
                            "x": 1696057200000,
                            "y": 289100
                        },
                        {
                            "x": 1698735600000,
                            "y": 290400
                        },
                        {
                            "x": 1701331200000,
                            "y": 292400
                        },
                        {
                            "x": 1704009600000,
                            "y": 288500
                        },
                        {
                            "x": 1706688000000,
                            "y": 284200
                        },
                        {
                            "x": 1707379200000,
                            "y": 274900
                        }
                    ],
                    "name": "This home"
                },
                {
                    "points": [
                        {
                            "x": 1673337600000,
                            "y": 260000
                        }
                    ],
                    "name": "Sale"
                }
            ]
        }
    }
}