{
    "data": {
        "property": {
            "homeValueChartData": [
                {
                    "points": [
                        {
                            "x": 1393574400000,
                            "y": 125999
                        },
                        {
                            "x": 1396249200000,
                            "y": 126861
                        },
                        {
                            "x": 1398841200000,
                            "y": 127932
                        },
                        {
                            "x": 1401519600000,
                            "y": 131714
                        },
                        {
                            "x": 1404111600000,
                            "y": 131596
                        },
                        {
                            "x": 1406790000000,
                            "y": 132088
                        },
                        {
                            "x": 1409468400000,
                            "y": 132788
                        },
                        {
                            "x": 1412060400000,
                            "y": 134035
                        },
                        {
                            "x": 1414738800000,
                            "y": 134209
                        },
                        {
                            "x": 1417334400000,
                            "y": 133815
                        },
                        {
                            "x": 1420012800000,
                            "y": 140197
                        },
                        {
                            "x": 1422691200000,
                            "y": 142735
                        },
                        {
                            "x": 1425110400000,
                            "y": 142221
                        },
                        {
                            "x": 1427785200000,
                            "y": 147532
                        },
                        {
                            "x": 1430377200000,
                            "y": 150403
                        },
                        {
                            "x": 1433055600000,
                            "y": 150577
                        },
                        {
                            "x": 1435647600000,
                            "y": 151562
                        },
                        {
                            "x": 1438326000000,
                            "y": 156461
                        },
                        {
                            "x": 1441004400000,
                            "y": 159899
                        },
                        {
                            "x": 1443596400000,
                            "y": 159721
                        },
                        {
                            "x": 1446274800000,
                            "y": 157861
                        },
                        {
                            "x": 1448870400000,
                            "y": 161147
                        },
                        {
                            "x": 1451548800000,
                            "y": 162635
                        },
                        {
                            "x": 1454227200000,
                            "y": 162168
                        },
                        {
                            "x": 1456732800000,
                            "y": 161826
                        },
                        {
                            "x": 1459407600000,
                            "y": 162585
                        },
                        {
                            "x": 1461999600000,
                            "y": 164262
                        },
                        {
                            "x": 1464678000000,
                            "y": 156295
                        },
                        {
                            "x": 1467270000000,
                            "y": 159320
                        },
                        {
                            "x": 1469948400000,
                            "y": 158904
                        },
                        {
                            "x": 1472626800000,
                            "y": 154715
                        },
                        {
                            "x": 1475218800000,
                            "y": 152429
                        },
                        {
                            "x": 1477897200000,
                            "y": 156086
                        },
                        {
                            "x": 1480492800000,
                            "y": 154381
                        },
                        {
                            "x": 1483171200000,
                            "y": 162762
                        },
                        {
                            "x": 1485849600000,
                            "y": 163333
                        },
                        {
                            "x": 1488268800000,
                            "y": 170739
                        },
                        {
                            "x": 1490943600000,
                            "y": 160903
                        },
                        {
                            "x": 1493535600000,
                            "y": 169498
                        },
                        {
                            "x": 1496214000000,
                            "y": 170733
                        },
                        {
                            "x": 1498806000000,
                            "y": 176097
                        },
                        {
                            "x": 1501484400000,
                            "y": 172958
                        },
                        {
                            "x": 1504162800000,
                            "y": 179101
                        },
                        {
                            "x": 1506754800000,
                            "y": 174596
                        },
                        {
                            "x": 1509433200000,
                            "y": 173663
                        },
                        {
                            "x": 1512028800000,
                            "y": 176467
                        },
                        {
                            "x": 1514707200000,
                            "y": 176725
                        },
                        {
                            "x": 1517385600000,
                            "y": 174970
                        },
                        {
                            "x": 1519804800000,
                            "y": 185223
                        },
                        {
                            "x": 1522479600000,
                            "y": 179929
                        },
                        {
                            "x": 1525071600000,
                            "y": 176829
                        },
                        {
                            "x": 1527750000000,
                            "y": 174004
                        },
                        {
                            "x": 1530342000000,
                            "y": 185633
                        },
                        {
                            "x": 1533020400000,
                            "y": 184600
                        },
                        {
                            "x": 1535698800000,
                            "y": 183135
                        },
                        {
                            "x": 1538290800000,
                            "y": 185904
                        },
                        {
                            "x": 1540969200000,
                            "y": 182955
                        },
                        {
                            "x": 1543564800000,
                            "y": 191465
                        },
                        {
                            "x": 1546243200000,
                            "y": 190660
                        },
                        {
                            "x": 1548921600000,
                            "y": 191534
                        },
                        {
                            "x": 1551340800000,
                            "y": 192481
                        },
                        {
                            "x": 1554015600000,
                            "y": 187172
                        },
                        {
                            "x": 1556607600000,
                            "y": 186333
                        },
                        {
                            "x": 1559286000000,
                            "y": 185802
                        },
                        {
                            "x": 1561878000000,
                            "y": 181401
                        },
                        {
                            "x": 1564556400000,
                            "y": 180952
                        },
                        {
                            "x": 1567234800000,
                            "y": 182095
                        },
                        {
                            "x": 1569826800000,
                            "y": 181555
                        },
                        {
                            "x": 1572505200000,
                            "y": 182849
                        },
                        {
                            "x": 1575100800000,
                            "y": 186718
                        },
                        {
                            "x": 1577779200000,
                            "y": 186198
                        },
                        {
                            "x": 1580457600000,
                            "y": 186219
                        },
                        {
                            "x": 1582963200000,
                            "y": 188450
                        },
                        {
                            "x": 1585638000000,
                            "y": 186997
                        },
                        {
                            "x": 1588230000000,
                            "y": 187757
                        },
                        {
                            "x": 1590908400000,
                            "y": 190118
                        },
                        {
                            "x": 1593500400000,
                            "y": 187571
                        },
                        {
                            "x": 1596178800000,
                            "y": 188853
                        },
                        {
                            "x": 1598857200000,
                            "y": 191445
                        },
                        {
                            "x": 1601449200000,
                            "y": 190397
                        },
                        {
                            "x": 1604127600000,
                            "y": 189841
                        },
                        {
                            "x": 1606723200000,
                            "y": 190846
                        },
                        {
                            "x": 1609401600000,
                            "y": 194311
                        },
                        {
                            "x": 1612080000000,
                            "y": 196906
                        },
                        {
                            "x": 1614499200000,
                            "y": 195764
                        },
                        {
                            "x": 1617174000000,
                            "y": 200123
                        },
                        {
                            "x": 1619766000000,
                            "y": 197425
                        },
                        {
                            "x": 1622444400000,
                            "y": 201840
                        },
                        {
                            "x": 1625036400000,
                            "y": 206900
                        },
                        {
                            "x": 1627714800000,
                            "y": 216200
                        },
                        {
                            "x": 1630393200000,
                            "y": 215100
                        },
                        {
                            "x": 1632985200000,
                            "y": 217400
                        },
                        {
                            "x": 1635663600000,
                            "y": 220300
                        },
                        {
                            "x": 1638259200000,
                            "y": 222700
                        },
                        {
                            "x": 1640937600000,
                            "y": 225800
                        },
                        {
                            "x": 1643616000000,
                            "y": 229100
                        },
                        {
                            "x": 1646035200000,
                            "y": 234700
                        },
                        {
                            "x": 1648710000000,
                            "y": 244500
                        },
                        {
                            "x": 1651302000000,
                            "y": 251900
                        },
                        {
                            "x": 1653980400000,
                            "y": 256600
                        },
                        {
                            "x": 1656572400000,
                            "y": 226300
                        },
                        {
                            "x": 1659250800000,
                            "y": 232000
                        },
                        {
                            "x": 1661929200000,
                            "y": 236000
                        },
                        {
                            "x": 1664521200000,
                            "y": 238000
                        },
                        {
                            "x": 1667199600000,
                            "y": 240000
                        },
                        {
                            "x": 1669795200000,
                            "y": 242900
                        },
                        {
                            "x": 1672473600000,
                            "y": 241500
                        },
                        {
                            "x": 1675152000000,
                            "y": 246900
                        },
                        {
                            "x": 1677571200000,
                            "y": 249000
                        },
                        {
                            "x": 1680246000000,
                            "y": 252900
                        },
                        {
                            "x": 1682838000000,
                            "y": 250700
                        },
                        {
                            "x": 1685516400000,
                            "y": 251000
                        },
                        {
                            "x": 1688108400000,
                            "y": 245800
                        },
                        {
                            "x": 1690786800000,
                            "y": 251400
                        },
                        {
                            "x": 1693465200000,
                            "y": 250800
                        },
                        {
                            "x": 1696057200000,
                            "y": 250200
                        },
                        {
                            "x": 1698735600000,
                            "y": 252000
                        },
                        {
                            "x": 1701331200000,
                            "y": 257600
                        },
                        {
                            "x": 1704009600000,
                            "y": 279900
                        },
                        {
                            "x": 1706688000000,
                            "y": 328700
                        },
                        {
                            "x": 1707292800000,
                            "y": 318100
                        }
                    ],
                    "name": "This home"
                },
                {
                    "points": [
                        {
                            "x": 1573200000000,
                            "y": 187000
                        },
                        {
                            "x": 1653375600000,
                            "y": 220000
                        }
                    ],
                    "name": "Sale"
                }
            ]
        }
    }
}