{
    "data": {
        "property": {
            "homeValueChartData": [
                {
                    "points": [
                        {
                            "x": 1393574400000,
                            "y": 129678
                        },
                        {
                            "x": 1396249200000,
                            "y": 129524
                        },
                        {
                            "x": 1398841200000,
                            "y": 128526
                        },
                        {
                            "x": 1401519600000,
                            "y": 140959
                        },
                        {
                            "x": 1404111600000,
                            "y": 144223
                        },
                        {
                            "x": 1406790000000,
                            "y": 144577
                        },
                        {
                            "x": 1409468400000,
                            "y": 135279
                        },
                        {
                            "x": 1412060400000,
                            "y": 134143
                        },
                        {
                            "x": 1414738800000,
                            "y": 137860
                        },
                        {
                            "x": 1417334400000,
                            "y": 138900
                        },
                        {
                            "x": 1420012800000,
                            "y": 139136
                        },
                        {
                            "x": 1422691200000,
                            "y": 142136
                        },
                        {
                            "x": 1425110400000,
                            "y": 142038
                        },
                        {
                            "x": 1427785200000,
                            "y": 142100
                        },
                        {
                            "x": 1430377200000,
                            "y": 141953
                        },
                        {
                            "x": 1433055600000,
                            "y": 140161
                        },
                        {
                            "x": 1435647600000,
                            "y": 134534
                        },
                        {
                            "x": 1438326000000,
                            "y": 138884
                        },
                        {
                            "x": 1441004400000,
                            "y": 144252
                        },
                        {
                            "x": 1443596400000,
                            "y": 141078
                        },
                        {
                            "x": 1446274800000,
                            "y": 143015
                        },
                        {
                            "x": 1448870400000,
                            "y": 141202
                        },
                        {
                            "x": 1451548800000,
                            "y": 146644
                        },
                        {
                            "x": 1454227200000,
                            "y": 143727
                        },
                        {
                            "x": 1456732800000,
                            "y": 147103
                        },
                        {
                            "x": 1459407600000,
                            "y": 144219
                        },
                        {
                            "x": 1461999600000,
                            "y": 146887
                        },
                        {
                            "x": 1464678000000,
                            "y": 146947
                        },
                        {
                            "x": 1467270000000,
                            "y": 150742
                        },
                        {
                            "x": 1469948400000,
                            "y": 151282
                        },
                        {
                            "x": 1472626800000,
                            "y": 150633
                        },
                        {
                            "x": 1475218800000,
                            "y": 152530
                        },
                        {
                            "x": 1477897200000,
                            "y": 150537
                        },
                        {
                            "x": 1480492800000,
                            "y": 157480
                        },
                        {
                            "x": 1483171200000,
                            "y": 157354
                        },
                        {
                            "x": 1485849600000,
                            "y": 153363
                        },
                        {
                            "x": 1488268800000,
                            "y": 150626
                        },
                        {
                            "x": 1490943600000,
                            "y": 146554
                        },
                        {
                            "x": 1493535600000,
                            "y": 143614
                        },
                        {
                            "x": 1496214000000,
                            "y": 141013
                        },
                        {
                            "x": 1498806000000,
                            "y": 142161
                        },
                        {
                            "x": 1501484400000,
                            "y": 146603
                        },
                        {
                            "x": 1504162800000,
                            "y": 146689
                        },
                        {
                            "x": 1506754800000,
                            "y": 150947
                        },
                        {
                            "x": 1509433200000,
                            "y": 155947
                        },
                        {
                            "x": 1512028800000,
                            "y": 155239
                        },
                        {
                            "x": 1514707200000,
                            "y": 151882
                        },
                        {
                            "x": 1517385600000,
                            "y": 154686
                        },
                        {
                            "x": 1519804800000,
                            "y": 154667
                        },
                        {
                            "x": 1522479600000,
                            "y": 155955
                        },
                        {
                            "x": 1525071600000,
                            "y": 157610
                        },
                        {
                            "x": 1527750000000,
                            "y": 154550
                        },
                        {
                            "x": 1530342000000,
                            "y": 156343
                        },
                        {
                            "x": 1533020400000,
                            "y": 157509
                        },
                        {
                            "x": 1535698800000,
                            "y": 156447
                        },
                        {
                            "x": 1538290800000,
                            "y": 156828
                        },
                        {
                            "x": 1540969200000,
                            "y": 157260
                        },
                        {
                            "x": 1543564800000,
                            "y": 160440
                        },
                        {
                            "x": 1546243200000,
                            "y": 160502
                        },
                        {
                            "x": 1548921600000,
                            "y": 160924
                        },
                        {
                            "x": 1551340800000,
                            "y": 163575
                        },
                        {
                            "x": 1554015600000,
                            "y": 164789
                        },
                        {
                            "x": 1556607600000,
                            "y": 164163
                        },
                        {
                            "x": 1559286000000,
                            "y": 168008
                        },
                        {
                            "x": 1561878000000,
                            "y": 170873
                        },
                        {
                            "x": 1564556400000,
                            "y": 171671
                        },
                        {
                            "x": 1567234800000,
                            "y": 174135
                        },
                        {
                            "x": 1569826800000,
                            "y": 174596
                        },
                        {
                            "x": 1572505200000,
                            "y": 171940
                        },
                        {
                            "x": 1575100800000,
                            "y": 171822
                        },
                        {
                            "x": 1577779200000,
                            "y": 170681
                        },
                        {
                            "x": 1580457600000,
                            "y": 169259
                        },
                        {
                            "x": 1582963200000,
                            "y": 171016
                        },
                        {
                            "x": 1585638000000,
                            "y": 170016
                        },
                        {
                            "x": 1588230000000,
                            "y": 168548
                        },
                        {
                            "x": 1590908400000,
                            "y": 173513
                        },
                        {
                            "x": 1593500400000,
                            "y": 170564
                        },
                        {
                            "x": 1596178800000,
                            "y": 169445
                        },
                        {
                            "x": 1598857200000,
                            "y": 169889
                        },
                        {
                            "x": 1601449200000,
                            "y": 172167
                        },
                        {
                            "x": 1604127600000,
                            "y": 171434
                        },
                        {
                            "x": 1606723200000,
                            "y": 168959
                        },
                        {
                            "x": 1609401600000,
                            "y": 168673
                        },
                        {
                            "x": 1612080000000,
                            "y": 171163
                        },
                        {
                            "x": 1614499200000,
                            "y": 170438
                        },
                        {
                            "x": 1617174000000,
                            "y": 172522
                        },
                        {
                            "x": 1619766000000,
                            "y": 177460
                        },
                        {
                            "x": 1622444400000,
                            "y": 183889
                        },
                        {
                            "x": 1625036400000,
                            "y": 180100
                        },
                        {
                            "x": 1627714800000,
                            "y": 181200
                        },
                        {
                            "x": 1630393200000,
                            "y": 180800
                        },
                        {
                            "x": 1632985200000,
                            "y": 182000
                        },
                        {
                            "x": 1635663600000,
                            "y": 184400
                        },
                        {
                            "x": 1638259200000,
                            "y": 186000
                        },
                        {
                            "x": 1640937600000,
                            "y": 188600
                        },
                        {
                            "x": 1643616000000,
                            "y": 190200
                        },
                        {
                            "x": 1646035200000,
                            "y": 192000
                        },
                        {
                            "x": 1648710000000,
                            "y": 214800
                        },
                        {
                            "x": 1651302000000,
                            "y": 216700
                        },
                        {
                            "x": 1653980400000,
                            "y": 219900
                        },
                        {
                            "x": 1656572400000,
                            "y": 224300
                        },
                        {
                            "x": 1659250800000,
                            "y": 229100
                        },
                        {
                            "x": 1661929200000,
                            "y": 232700
                        },
                        {
                            "x": 1664521200000,
                            "y": 237000
                        },
                        {
                            "x": 1667199600000,
                            "y": 240800
                        },
                        {
                            "x": 1669795200000,
                            "y": 242100
                        },
                        {
                            "x": 1672473600000,
                            "y": 241700
                        },
                        {
                            "x": 1675152000000,
                            "y": 240800
                        },
                        {
                            "x": 1677571200000,
                            "y": 244300
                        },
                        {
                            "x": 1680246000000,
                            "y": 249200
                        },
                        {
                            "x": 1682838000000,
                            "y": 249000
                        },
                        {
                            "x": 1685516400000,
                            "y": 252200
                        },
                        {
                            "x": 1688108400000,
                            "y": 257700
                        },
                        {
                            "x": 1690786800000,
                            "y": 256400
                        },
                        {
                            "x": 1693465200000,
                            "y": 261000
                        },
                        {
                            "x": 1696057200000,
                            "y": 266300
                        },
                        {
                            "x": 1698735600000,
                            "y": 266500
                        },
                        {
                            "x": 1701331200000,
                            "y": 266200
                        },
                        {
                            "x": 1704009600000,
                            "y": 262300
                        },
                        {
                            "x": 1706688000000,
                            "y": 273800
                        },
                        {
                            "x": 1707465600000,
                            "y": 264300
                        }
                    ],
                    "name": "This home"
                }
            ]
        }
    }
}